Title,Rounds of Discussion,Average Rating,Average Confidence
SaiT: Sparse Vision Transformers through Adaptive Token Pruning,1,4.0,4.0
Cooperation or Competition: Avoiding Player Domination for Multi-target Robustness by Adaptive Budgets,1,4.25,3.25
Image Classification by Throwing Quantum Kitchen Sinks at Tensor Networks,1,4.0,4.0
Cross-Domain Few-Shot Relation Extraction via Representation Learning and Domain Adaptation,1,4.5,3.0
Query by Self,1,3.6666666666666665,3.3333333333333335
Provable Re-Identification Privacy,0,0,0
Differentiable Channel Selection for Self-Attention,1,4.25,3.75
Membership Inference Attacks Against Text-to-image Generation Models,1,4.25,3.0
A Retrieve-and-Read Framework for Knowledge Graph Reasoning,1,3.5,4.0
DeepReShape: Redesigning  Neural Networks for Private Inference,1,3.75,3.25
Semi-Supervised Single Domain Generalization with Label-Free Adversarial Data Augmentation,1,5.0,4.5
Fairness via Adversarial Attribute Neighbourhood Robust Learning,1,4.4,4.0
Efficient Proxy for NAS is Extensible Now,1,4.333333333333333,4.0
TKIL: Tangent Kernel Optimization for Class Balanced Incremental Learning,1,3.0,4.25
Balance is Essence: Accelerating Sparse Training via Adaptive Gradient Correction,5,5.0,3.5
A Framework for Comprehensive Evaluations of Graph Neural Network based Community Detection using Node Clustering,0,3.0,4.666666666666667
TEXTCRAFT: ZERO-SHOT GENERATION OF HIGH FIDELITY AND DIVERSE SHAPES FROM TEXT,1,4.75,3.75
Test-Time Training on Video Streams,1,3.5,3.75
Domain Transfer with Large Dynamics Shift in Offline Reinforcement Learning,1,3.0,3.6666666666666665
Less is More: Task-aware Layer-wise Distillation for Language Model Compression,1,4.333333333333333,3.6666666666666665
Real Data Distributions Prefer Simplicity and So Do Our Models: Why Machine Learning and Model Selection Are Possible,1,3.0,3.25
Backdoor Attacks in the Supply Chain of Masked Image Modeling,1,4.0,3.75
Improving Accuracy and Explainability of Online Handwriting Recognition,2,2.0,4.25
Pessimistic Model-Based Actor-Critic for Offline Reinforcement Learning: Theory and Algorithms,1,3.0,4.25
Improving Adversarial Robustness of Deep Neural Networks via Self-adaptive Margin Defense,1,3.0,4.0
Knowledge Cascade: Reverse Knowledge Distillation,1,3.0,2.6666666666666665
Towards A Unified View of Sparse Feed-Forward Network in Transformer,4,5.25,3.75
Understanding ReLU Network Robustness Through Test Set Certification Performance,2,3.25,4.0
DSI++: Updating Transformer Memory with New Documents,1,5.0,3.5
Motif-based Graph Representation Learning with Application to Chemical Molecules,1,4.5,3.5
In-Time Refining Optimization Trajectories Toward Improved Robust Generalization,1,5.0,3.6666666666666665
Learning parsimonious dynamics for generalization in reinforcement learning,1,3.6666666666666665,4.0
DECODING LAYER SALIENCY IN TRANSFORMERS,1,4.666666666666667,3.3333333333333335
How to Do a Vocab Swap?  A Study of Embedding Replacement for Pre-trained Transformers,1,3.75,4.0
Attribution Scores are Redundant: Explaining Feature Contribution By Trajectories,1,4.0,3.2
ESEAD: An Enhanced Simple Ensemble and Distillation Framework for Natural Language Processing,1,2.0,4.0
Global View For GCN: Why Go Deep When You Can Be Shallow?,1,2.5,4.5
Generative Adversarial Federated Model,1,4.666666666666667,3.0
Unsupervised Pretraining for Neural Value Approximation,1,4.0,3.5
EENet: Learning to Early Exit for Adaptive Inference,1,4.666666666666667,2.6666666666666665
Re-calibrated Wasserstein GAN for large-scale imputation with informative missing,1,3.5,3.0
Injecting knowledge into language generation: a case study in auto-charting after-visit care instructions from medical dialogue,1,4.666666666666667,4.0
ESC: A Benchmark For Multi-Domain End-to-End Speech Recognition,1,4.0,3.75
EiX-GNN : Concept-level eigencentrality explainer for graph neural networks,1,3.0,3.75
Towards Dynamic Sparsification by Iterative Prune-Grow LookAheads,1,4.0,4.0
Learning Useful Representations for Shifting Tasks and Distributions ,3,4.0,4.0
Architectural Backdoors in Neural Networks,1,3.6666666666666665,4.666666666666667
Zero-shot Human-Object Interaction Recognition by Bridging Generative and Contrastive Image-Language Models,1,4.666666666666667,4.0
The Minimal Feature Removal Problem in Neural Networks,2,3.0,3.3333333333333335
Can we achieve robustness from data alone?,1,3.6666666666666665,3.6666666666666665
Perceptual Grouping in Vision-Language Models,1,3.6666666666666665,3.6666666666666665
Synthetic Pre-Training Tasks for Neural Machine Translation,1,4.0,3.75
BIG-Graph: Brain Imaging Genetics by Graph Neural Network,1,2.5,4.0
Optimizing the Performance of Text Classification Models by Improving the Isotropy of the Embeddings using a Joint Loss Function,1,4.0,3.75
Combining pretrained speech and text encoders for spoken language processing,0,2.5,4.0
Contrastive introspection (ConSpec) to rapidly identify invariant steps for success,1,5.0,3.75
UniS-MMC: Learning Unimodality-supervised Multimodal Contrastive Representations,1,4.0,3.75
Panoptically guided Image Inpainting with Image-level and Object-level Semantic Discriminators,1,5.0,3.5
UnDiMix: Hard Negative Sampling Strategies for Contrastive Representation Learning,4,4.25,3.5
Learning Robust Representations via Nuisance-extended Information Bottleneck,1,5.0,4.333333333333333
A simple Training-Free Method for Rejection Option,1,3.6666666666666665,4.0
Self-Programming Artificial Intelligence Using Code-Generating Language Models,1,2.6,3.6
Unscented Autoencoder,1,4.0,3.25
Hierarchical Neural Program Synthesis,1,3.5,3.75
Robustifying Language Models via Adversarial Training with Masked Gradient,1,4.5,3.5
PromptCAL: Contrastive Affinity Learning via Auxiliary Prompts for Generalized Category Discovery,1,5.25,4.25
Reducing the Capacity Gap via Spherical Knowledge Distillation,1,3.6666666666666665,4.0
 Debiasing the Pre-trained Language Model  Through Fine-tuning the Downstream Tasks,0,0,0
ResFed: Communication Efficient Federated Learning by Transmitting Deep Compressed Residuals,2,3.75,3.75
Image Emotion Recognition using Cognitive Contextual Summarization Framework,0,2.5,4.25
PES: Probabilistic Exponential Smoothing for Time Series Forecasting,1,2.3333333333333335,4.333333333333333
Distinguishing Feature Model for Ranking From Pairwise Comparisons,1,3.5,3.0
Forget to Learn (F2L): Rethinking Replay Loss in Unsupervised Continuous Domain Adaptation,2,2.3333333333333335,4.666666666666667
A Scalable Training Strategy for Blind Multi-Distribution Noise Removal,1,4.0,2.75
$\ell$Gym: Natural Language Visual Reasoning with Reinforcement Learning,1,4.666666666666667,3.6666666666666665
Triplet learning of task representations in latent space for continual learning,1,4.0,4.25
Improving Generalization of Motor-Imagery Brainwave Decoding via Dynamic Convolutions,1,3.6666666666666665,4.0
The Robustness Limits of SoTA Vision Models to Natural Variation,1,4.0,3.5
PMI-guided Masking Strategy to Enable Few-shot Learning for Genomic Applications,3,5.25,3.75
SYNC: Efficient Neural Code Search Through Structurally Guided Hard Negative Curricula,1,3.6666666666666665,4.333333333333333
Optimal Scalarizations for Provable Multiobjective Optimization,1,4.666666666666667,3.3333333333333335
Fast Bayesian Updates for Deep Learning with a Use Case in Active Learning,1,4.75,3.5
A Subspace Correction Method for ReLU Neural Networks for Solving PDEs,1,4.333333333333333,3.6666666666666665
Direct-Effect Risk Minimization,1,4.25,3.5
Semantic Transformation-based Data Augmentation for Few-Shot Learning,1,4.0,4.333333333333333
TimeSeAD: Benchmarking Deep Time-Series Anomaly Detection,1,4.5,3.75
Learning to Unlearn: Instance-wise Unlearning for Pre-trained Classifiers,2,4.333333333333333,3.3333333333333335
Predicting Out-of-Domain Generalization with Local Manifold Smoothness,0,4.25,3.5
CLUSTERBERT: MULTI-STAGE FINE-TUNING OF TRANSFORMERS FOR DEEP TEXT CLUSTERING,1,3.75,3.75
Burstormer: Burst Image Restoration and Enhancement Transformer,1,4.25,4.0
FUN: Filter-based Unlearnable Datasets,1,3.5,4.0
Towards Multi-spatiotemporal-scale Generalized PDE Modeling,1,4.5,3.5
Exploring Methods for Parsing Movie Scripts - Feature Extraction for Further Social Injustice Analysis,1,3.6666666666666665,4.666666666666667
MultiQuan RDP: Rate-Distortion-Perception Coding via Offset Quantizers,1,4.25,3.25
REST: REtrieve & Self-Train for generative action recognition,1,4.5,3.75
Conceptual Behavior and Human-Likeness in Vision-and-Language Models,1,3.6666666666666665,3.3333333333333335
Highly Parallel Deep Ensemble Learning,1,4.333333333333333,2.6666666666666665
On the Forward Invariance of Neural ODEs,1,4.0,3.25
Distilling Pre-trained Knowledge in Chemical Reactions for Molecular Property Prediction,1,3.75,3.75
Learning Debiased Representations via Conditional Attribute Interpolation,1,4.0,2.6666666666666665
Active Learning at the ImageNet Scale,1,3.6666666666666665,3.6666666666666665
Trimsformer: Trimming Transformer via Searching for Low-Rank Structure,0,5.333333333333333,4.333333333333333
 Continual Zero-shot Learning through Semantically Guided Generative Random Walks,1,5.25,4.5
Weighted Regularization for Efficient Neural Network Compression,1,4.666666666666667,3.0
Self-Guided Diffusion Models,1,4.8,3.8
Removing Backdoors in Pre-trained Models by Regularized Continual Pre-training,2,4.25,3.75
Multi-stationary point losses for robust model,1,4.0,3.6666666666666665
Learning Stackelberg Equilibria and Applications to Economic Design Games,1,4.0,3.5
Attention Based Models for Cell Type Classification on Single-Cell RNA-Seq Data,1,4.0,3.0
HiT-DVAE: Human Motion Generation via Hierarchical Transformer Dynamical VAE,1,4.666666666666667,4.666666666666667
Marginal Probability Explanation: A Saliency Map with Closed-loop Validation,1,3.25,4.0
A GENERAL SCENARIO-AGNOSTIC REINFORCEMENT LEARNING FOR TRAFFIC SIGNAL CONTROL,3,6.0,3.0
Enhanced Spatio-Temporal Image Encoding for Online Human Activity Recognition,1,3.0,4.25
BiasPAD: A Bias-Progressive Auto-Debiasing Framework,1,3.3333333333333335,4.0
On the Importance of Diversity in Data-free Model Stealing,1,3.5,4.25
Continuously Parameterized Mixture Models,1,3.5,3.0
MANSA: LEARNING FAST AND SLOW IN MULTI-AGENT SYSTEMS WITH A GLOBAL SWITCHING AGENT,0,0,0
Using Planning to Improve Semantic Parsing of Instructional Texts,1,3.0,3.75
CLAS: Central Latent Action Spaces for Coordinated Multi-Robot Manipulation,2,4.75,3.25
Few-shot Lifelong Reinforcement Learning with Generalization Guarantees: An Empirical PAC-Bayes Approach,1,3.6666666666666665,3.0
Wasserstein Generalization Bound for Few-Shot Learning,1,2.5,3.5
Task-Agnostic Unsupervised Robust Representation Learning,1,4.0,3.75
DP-InstaHide: Data Augmentations Provably Enhance Guarantees Against Dataset Manipulations,1,3.5,3.5
Affinity-VAE for clustering and classification of objects in multidimensional image data,1,3.5,4.0
Model Stealing Attacks Against Vision-Language Models,1,3.0,4.0
A Simple Nadaraya-Watson Head for Explainable and Calibrated Classification,2,4.25,4.0
Learning Privacy-Preserving Graph Embeddings Against Sensitive Attributes Inference,1,4.666666666666667,4.333333333333333
InteriorSim: A Photorealistic Simulator for Embodied AI,1,4.75,4.5
Prompt-Based Metric Learning for Few-Shot NER,1,4.75,4.0
Analyzing Transformers in Embedding Space,2,5.5,3.5
Finding Generalization Measures by Contrasting Signal and Noise,2,4.666666666666667,3.0
Counterfactual Explanation via Search in Gaussian Mixture Distributed Latent Space,1,3.5,4.25
Spatial Entropy as an Inductive Bias for Vision Transformers,1,4.0,4.25
MILAN: Masked Image Pretraining on Language Assisted Representation,1,5.75,4.25
Reducing Communication Entropy in Multi-Agent Reinforcement Learning,1,3.0,3.75
Vector Quantization and Shifting: Exploiting Latent Properties to Optimize Neural Codecs,5,5.0,4.0
A Simple Framework for Low-Resolution Detection with High-resolution Knowledge,1,4.75,4.5
AGREE: A Simple Aggregator of Detectors’ Decisions,2,3.5,3.5
Multivariate Gaussian Representation of Previous Tasks for Continual Learning,1,2.5,4.25
NGswin: N-Gram Swin Transformer for Efficient Single Image Super-Resolution,0,0,0
Improving Translation Capabilities of Pre-Trained Multilingual Sequence-to-Sequence Models for Low-Resource Languages,0,0,0
SPC-Net: A New Scalable Point Cloud Compression Framework for Both Machine and Human Vision Tasks,1,3.6,3.8
Optimizing Connectivity through Network Gradients for the Restricted Machine,1,3.0,3.6666666666666665
FedMEKT: Split Multimodal Embedding Knowledge Transfer in Federated Learning,0,3.0,4.0
End-to-End Speech Synthesis Based on Deep Conditional Schrödinger Bridges,0,3.0,2.75
Delve into the Layer Choice of BP-based Attribution Explanations,1,4.5,4.25
Heterogeneous Loss Function with Aggressive Rejection for Contaminated data in anomaly detection,1,5.666666666666667,4.333333333333333
Prompt Injection: Parameterization of Fixed Inputs,1,3.5,4.0
Hybrid-Regressive Neural Machine Translation,1,4.75,4.25
Automatic Dictionary Generation: Could Brothers Grimm Create a Dictionary with BERT?,1,2.5,4.25
Test-Time Adaptation for Real-World Denoising Networks via Noise-Aware Image Generation,1,4.25,3.75
Learning 3D Point Cloud Embeddings using Optimal Transport,1,3.5,4.0
DeNF: Unsupervised Scene-Decompositional Normalizing Flows,1,3.8,3.8
A Decomposition Based Dual Projection Model for Multivariate Time Series Forecasting and Anomaly Detection,0,3.6666666666666665,3.0
LEXA: Language-agnostic Cross-consistency Training for Question Answering Tasks,1,3.5,3.5
Memory Learning of Multivariate Asynchronous Time Series,1,4.25,3.75
PET-NeuS: Positional Encoding Triplanes for Neural Surfaces,1,4.75,5.0
Learning Task Agnostic Temporal Consistency Correction,1,4.0,3.75
Does Structural Information have been Fully Exploited in Graph Data?,1,4.333333333333333,3.3333333333333335
Prescribed Safety Performance Imitation Learning from A Single Expert Dataset,1,5.0,3.25
Comparing Auxiliary Tasks for Learning Representations for Reinforcement Learning,1,3.0,4.0
Dynamic-Aware GANs: Time-Series Generation with Handy Self-Supervision,1,3.6666666666666665,3.0
Learning Gradient-based Mixup towards Flatter Minima for Domain Generalization,1,3.5,4.25
UnifySpeech: A Unified Framework for Zero-shot Text-to-Speech and  Voice Conversion,1,3.0,5.0
On the Shortcut Learning in Multilingual Neural Machine Translation,1,3.5,3.75
CLIP model is an Efficient Continual Learner,1,3.75,4.5
Reinforcement Learning using a Molecular Fragment Based Approach for Reaction Discovery,1,4.0,4.2
Calibration for Decision Making via Empirical Risk Minimization,1,4.25,4.0
"I Speak, You Verify: Toward Trustworthy Neural Program Synthesis",3,3.6666666666666665,4.0
Server Aggregation as Linear Regression: Reformulation for Federated Learning,1,3.0,3.75
Invariance Makes a Difference: Disentangling the Role of Invariance and Equivariance in Representations,1,4.0,3.6666666666666665
Improving the generalization ability of the chaotic time-series classification models by residual component extraction,1,3.5,3.75
Learning DAGs from Fourier-Sparse Data,1,4.0,3.25
Generative Spoken Language Model based on continuous word-sized audio tokens,2,5.0,4.0
GAML: geometry-aware meta-learning via a fully adaptive preconditioner,1,3.75,4.25
Learning to solve the Hidden Clique Problem with Graph Neural Networks,1,3.0,3.6666666666666665
Out-of-Domain Intent Detection Considering Multi-turn Dialogue Contexts,1,4.75,3.75
Pseudo-Edge: Semi-Supervised Link Prediction with Graph Neural Networks,1,3.5,3.5
Efficient Controllable Generation with Guarantee,1,3.6666666666666665,4.0
Pessimistic Policy Iteration for Offline Reinforcement Learning,0,4.0,2.8
Self-Supervised Extreme Compression of Gigapixel Images,1,4.8,3.4
Combating noisy labels with stochastic noise-tolerated supervised contrastive learning,1,5.0,4.4
Graphics Capsule: Learning hierarchical 3D representations from 2D images and its application on human faces,1,5.0,3.8333333333333335
Weak Supervision Variational Auto-Encoder,1,3.6666666666666665,4.333333333333333
Object Detection with OOD Generalizable Neural Architecture Search,1,4.333333333333333,3.6666666666666665
Revisiting Dense Retrieval with Unaswerable Counterfactuals,1,6.25,4.0
Conditional Policy Similarity: An Overlooked Factor in Zero-Shot Coordination,2,4.75,3.5
From Distance to Dependency: A Paradigm Shift of Full-reference Image Quality Assessment,1,4.666666666666667,4.0
Siamese-NAS: Using Trained Samples Efficiently to Find Lightweight Neural Architecture by Prior Knowledge,1,3.0,3.3333333333333335
Prototypical Context-aware Dynamics Generalization for High-dimensional Model-based Reinforcement Learning,1,4.0,4.0
Self-Supervised SVDE from Videos with Depth Variance to Shifted Positional Information,1,3.6666666666666665,3.6666666666666665
MATA*: Combining Learnable Node Matching with A* Algorithm for Approximate Graph Edit Distance Computation,1,4.2,4.4
Quantum Vision Transformers,1,3.5,3.0
Uncertainty-oriented Order Learning for Facial Beauty Prediction,2,5.0,3.5
TransLog: A Unified Transformer-based Framework for Log Anomaly Detection,1,3.6666666666666665,4.0
Meta-learning with Auto-generated Tasks for Predicting Human Behaviour in Normal Form Games,1,3.0,2.75
Are Graph Attention Networks Attentive Enough? Rethinking Graph Attention by Capturing Homophily and Heterophily,0,3.3333333333333335,4.0
Learning Rotation-Equivariant Features for Visual Correspondence,1,4.0,4.5
Multi-Source Transfer Learning for Deep Model-Based Reinforcement Learning,1,3.6666666666666665,4.333333333333333
Balancing MSE against Abrupt Changes for Time-Series Forecasting,1,4.0,3.8
Skill Graph for Real-world Quadrupedal Robot Reinforcement Learning,1,2.5,3.25
Test-Time AutoEval with Supporting Self-supervision,1,4.0,4.25
ECLAD: Extracting Concepts with Local Aggregated Descriptors,1,4.75,3.25
Learning Asymmetric Visual Semantic Embedding for Image-Text Retrieval,1,4.75,4.5
On Threshold Functions in Learning to Generate Feasible Solutions of Mixed Integer Programs,1,4.666666666666667,3.3333333333333335
Class-wise Visual Explanations for Deep Neural Networks,1,4.25,4.25
A HIERARCHICAL FRAGMENT-BASED MODEL FOR 3D DRUG-LIKE MOLECULE GENERATION,1,5.25,3.5
Preventing Mode Collapse When Imitating Latent Policies from Observations,1,3.5,4.0
DETRDistill: A Simple Knowledge Distillation Framework for DETR-Families,1,5.0,3.75
Compositional Image Generation and Manipulation with Latent Diffusion Models,1,3.5,4.0
Prompt Tuning for Graph Neural Networks,2,4.75,4.25
DualMatch: Promoting Semi-Supervised Learning with Hierarchical Label and Contrastive Learning,1,4.25,3.75
Partial Differential Equation-Regularized Neural Networks: An Application to Image Classification,1,4.0,3.25
Continuous Monte Carlo Graph Search,1,3.6666666666666665,3.6666666666666665
Rank-1 Matrix Completion with Gradient Descent and Small Random Initialization,1,3.25,3.5
Robust Quantity-Aware Aggregation for Federated Learning,1,4.333333333333333,4.0
Efficient debiasing with contrastive weight pruning,1,5.0,3.6666666666666665
Linear Convergence of Decentralized FedAvg for Non-Convex Objectives: The Interpolation Regime,0,4.75,4.0
Global Nash Equilibrium in a Class of Nonconvex N-player Games,1,5.0,3.25
Neural Semi-Counterfactual Risk Minimization,1,4.5,3.5
Pose Transfer using a Single Spatial Transformation,1,3.6666666666666665,2.3333333333333335
Concealing Sensitive Samples for Enhanced Privacy in Federated Learning,1,5.25,3.75
Understanding Graph Contrastive Learning From A Statistical Perspective,1,5.25,3.5
Rethinking Knowledge Distillation with Raw Features for Semantic Segmentation,1,4.4,4.4
MDPose: Real-Time Multi-Person Pose Estimation via Mixture Density Model,1,5.25,3.75
PADDLES: Phase-Amplitude Spectrum Disentangled Early Stopping for Learning with Noisy Labels,1,4.333333333333333,3.6666666666666665
Textless Phrase Structure Induction from Visually-Grounded Speech,1,4.333333333333333,3.3333333333333335
GRAPHSENSOR: A Graph Attention Network for Time-Series Sensor Data,1,4.666666666666667,3.6666666666666665
Mitigating Out-of-Distribution Data Density Overestimation in Energy-Based Models,1,4.0,4.5
Optical Flow Regularization of Implicit Neural Representations for Video Frame Interpolation,1,3.0,3.5
Inverse Optimal Transport with Application to Contrastive Learning,1,3.5,3.75
Learning Multi-Object Positional Relationships via Emergent Communication,4,6.0,3.75
Language model with Plug-in Knowldge Memory,2,5.666666666666667,3.6666666666666665
Learning from student's mistakes: Improving mean teacher for end-to-end semi-supervised video action detection,1,4.25,3.75
Analysis of Radio Localiser Networks under Distribution Shift,1,3.75,3.75
Tensor Decompositions For Temporal Knowledge Graph Completion with Time Perspective,1,5.0,4.0
StepGCN: Step-oriented Graph Convolutional Networks in Representation Learning,1,3.0,4.333333333333333
Hierarchical Multi-Resolution Graph Generation Networks,1,2.5,3.0
Stochastic Optimization under Strongly Convexity and Lipschitz Hessian: Minimax Sample Complexity,1,4.0,3.0
Gradient-based Algorithms for Pessimistic Bilevel Optimization,1,3.0,3.3333333333333335
A Multi-objective Perspective towards Improving Meta-Generalization,1,3.0,4.0
Network Controllability Perspectives on Graph Representation,1,4.666666666666667,3.6666666666666665
ENHANCING THE PRIVACY OF FEDERATED LEARNING THROUGH DATA SYNTHESIS,1,3.0,3.5
DYNAMIC ENSEMBLE FOR PROBABILISTIC TIME- SERIES FORECASTING VIA DEEP REINFORCEMENT LEARNING,1,4.0,3.75
Recommendation with User Active Disclosing Willingness,1,3.0,3.3333333333333335
The Emergence of Prototypicality: Unsupervised Feature Learning in Hyperbolic Space,1,3.0,3.5
Coordinated Strategy Identification Multi-Agent Reinforcement Learning,1,3.0,3.0
One-Vs-All AUC Maximization: an effective solution to the low-resource named entity recognition problem,1,5.333333333333333,3.3333333333333335
Towards Robust Dataset Learning,1,4.25,3.5
Generalization Mechanics in Deep Learning,1,1.5,3.5
COMBAT: Alternated Training for Near-Perfect Clean-Label Backdoor Attacks,2,4.666666666666667,4.0
Intrinsic Computational Complexity of Equivariant Neural Networks,1,4.333333333333333,3.3333333333333335
Evaluating Robustness of Generative Models with Adversarial Networks,1,3.0,4.0
Precautionary Unfairness in Self-Supervised Contrastive Pre-training,1,5.0,3.5
Certified Robustness on Structural Graph Matching,4,5.75,3.0
Deep Contrastive Learning Approximates Ensembles of One-Class SVMs with Neural Tangent Kernels,1,4.25,2.25
VEHICLE-INFRASTRUCTURE COOPERATIVE 3D DETECTION VIA FEATURE FLOW PREDICTION,1,5.0,3.75
Hypothetical Training for Robust Machine Reading Comprehension of Tabular Context,3,5.0,3.75
Multi-Reward Fusion:  Learning from Other Policies by Distilling ,1,2.3333333333333335,3.0
MaskNeRF: Masked Neural Radiance Fields for Sparse View Synthesis,1,3.5,4.5
Self-supervised Learning for Cell Segmentation and Quantification in Digital Pathology Images,1,3.6666666666666665,3.6666666666666665
Mitigating Demographic Bias of Federated Learning Models via Global Domain Smoothing,1,4.0,3.0
Imbalanced Lifelong Learning with AUC Maximization,1,4.666666666666667,3.3333333333333335
Text and Patterns: For Effective Chain of Thought It Takes Two to Tango,2,4.333333333333333,3.6666666666666665
Fairness-Aware Model-Based Multi-Agent Reinforcement Learning for Traffic Signal Control,1,4.5,3.25
Pathfinding Neural Cellular Automata,1,3.75,2.75
Semi-Offline Reinforcement Learning for Portfolio Optimization,1,3.0,4.0
A Note on Quantifying the Influence of Energy Regularization for Imbalanced Classification,1,3.5,3.5
Unlearning with Fisher Masking,1,4.333333333333333,3.3333333333333335
A Semantic Hierarchical Graph Neural Network for Text Classification,1,4.25,4.25
Injecting Image Details into CLIP's Feature Space,1,3.0,3.75
When do Convolutional Neural Networks Stop Learning?,1,2.8,4.4
Turning a Curse Into a Blessing: Enabling Data-Free Backdoor Unlearning via Stabilized Model Inversion,1,4.5,3.5
Adaptive Kernel Selection for Convolutional Neural Network,1,4.333333333333333,3.0
NAPG: Non-Autoregressive Program Generation for Hybrid Tabular-Textual Question Answering,1,3.6666666666666665,3.6666666666666665
Improving Inductive Link Prediction through Learning Generalizable Node Representations,1,3.0,4.25
"Online Min-max Optimization: Nonconvexity, Nonstationarity, and Dynamic Regret",1,4.333333333333333,3.0
Enforcing zero-Hessian in meta-learning,1,4.0,4.4
Annealed Training for Combinatorial Optimization on Graphs,1,4.666666666666667,3.3333333333333335
Semi-Supervised Segmentation-Guided Tumor-Aware Generative Adversarial Network for Multi-Modality Brain Tumor Translation,1,4.25,4.25
Brainformers: Trading Simplicity for Efficiency,1,4.75,3.25
Learning to Generate Pseudo Anomalies,1,3.6666666666666665,4.666666666666667
SpaceEvo: Searching Hardware-Friendly Search Space for Efficient Int8 Inference,1,5.0,3.75
HSVC: Transformer-based Hierarchical Distillation for Software Vulnerability Classification,1,4.25,4.0
Counterfactual Contrastive Learning for Robust Text Classification,0,4.0,4.25
Efficient Shapley Values Estimation by Amortization for Text Classification,2,4.75,4.0
SplitMixer: Fat Trimmed From MLP-like Models,1,3.5,4.0
Multimedia Generative Script Learning for Task Planning,1,5.333333333333333,4.0
On Assimilating Learned Views in Contrastive Learning,1,3.0,3.75
Upcycled-FL: Improving Accuracy and Privacy with Less Computation in Federated Learning,1,4.333333333333333,4.0
Dataset Projection: Finding Target-aligned Subsets of Auxiliary Data,0,3.6666666666666665,4.333333333333333
Unsupervised Manifold Linearizing and Clustering,1,4.333333333333333,3.0
Graph Contrastive Learning with Reinforced Augmentation,1,4.0,3.75
Block-Diagonal Structure Learning for Subspace Clustering,0,3.0,3.0
Decentralized Federated Learning via Overlapping Data Augmentation,1,3.6666666666666665,3.6666666666666665
An interpretable contrastive logical knowledge learning method for sentiment analysis,1,3.6666666666666665,3.0
The Impact of Neighborhood Distribution in Graph Convolutional Networks,0,3.5,3.5
Towards Class-Balanced Transductive Few-Shot Learning,1,4.333333333333333,3.3333333333333335
Unleashing the Potential of Data Sharing in Ensemble Deep Reinforcement Learning,2,3.75,4.25
Seq2Seq Pre-training with Dual-channel Recombination for Translation,1,3.0,3.75
BiViT: Exploring Binary Vision Transformers,1,4.0,3.6666666666666665
Magnum: Tackling High-Dimensional Structures with Self-Organization,1,3.6666666666666665,3.3333333333333335
Deep Bayesian Active Learning for Accelerating Stochastic Simulation,2,4.5,3.5
Generating Features with Increased Crop-Related Diversity for Few-shot Object Detection,1,5.0,4.75
A New Path: Scaling Vision-and-Language Navigation with Synthetic Instructions and Imitation Learning,1,5.75,4.0
Collecting The Puzzle Pieces: Disentangled Self-Driven Human Pose Transfer by Permuting Textures,1,4.75,3.5
Live in the Moment: Learning Dynamics Model Adapted to Evolving Policy,1,5.25,3.5
TrajGRU-Attention-ODE: Novel Spatiotemporal Predictive Models,3,5.75,3.0
Learning-Based Radiomic Prediction of Type 2 Diabetes Mellitus Using Image-Derived Phenotypes,1,3.5,4.0
Assessing Neural Network Robustness via Adversarial Pivotal Tuning of Real Images,1,5.0,3.3333333333333335
REV: Information-Theoretic Evaluation of Free-Text Rationales,4,5.5,3.0
Examining the Difference Among Transformers and CNNs with Explanation Methods,1,3.5,4.0
Towards Large Scale Transfer Learning for Differentially Private Image Classification,1,4.25,3.5
FedCUAU: Clustered Federated Learning using weight divergence,1,3.0,4.0
CoMoE: Contrastive Mixture-of-Experts are Efficient Representation Learners,1,3.75,3.75
Toward Discovering Options that Achieve Faster Planning,1,4.25,3.5
Contrastive Graph Representation Learning with Cross-view Reconstruction,1,3.6666666666666665,4.333333333333333
SPIDR: SDF-based Neural Point Fields for Illumination and Deformation,1,3.5,3.75
A Simple Unsupervised Data Depth-based Method to Detect Adversarial Images,1,3.75,4.25
Open-Vocabulary Semantic Segmentation with Mask-adapted CLIP,1,5.75,4.25
Building compact representations for image-language learning,1,4.75,3.5
Dynamic Pretraining of Vision-Language Models,1,4.75,4.5
HEAV: Hierarchical Ensembling of Augmented Views for Image Captioning,1,4.75,4.0
Capsa: A Unified Framework for Quantifying Risk in Deep Neural Networks,1,3.5,3.25
BYPASSING THE STABILITY-PLASTICITY TRADEOFF TO REDUCE PREDICTIVE CHURN,2,5.2,3.4
Break the Wall Between Homophily and Heterophily for Graph Representation Learning,1,2.3333333333333335,4.666666666666667
Learning Object-Centric Dynamic Modes from Video and Emerging Properties,1,4.0,3.75
Code Means More Than Plain Language: Bringing Syntax Structure Awareness To Algorithmic Problem Solution Generation,1,3.0,4.333333333333333
A Deep Reinforcement Learning Approach for Finding Non-Exploitable Strategies in Two-Player Atari Games,1,3.5,3.5
Deep Invertible Approximation of Topologically Rich Maps between Manifolds,1,3.0,3.25
Explaining  Image Classification through Knowledge-aware Neuron Interpretation,2,4.333333333333333,3.6666666666666665
An alternative approach to train neural networks using monotone variational inequality,5,5.0,3.2
Towards Causal Concepts for Explaining Language Models,1,4.0,3.5
"TRIDE: A Temporal, Robust, and Informative Data Augmentation Framework for Disease Progression Modeling",1,3.5,4.5
Counterfactual Memorization in Neural Language Models,1,3.75,3.75
TT-Rules: Extracting & Optimizing Exact Rules of a CNN-Based Model - Application to Fairness,1,2.5,3.75
PointConvFormer: Revenge of the Point-Based Convolution,1,3.6666666666666665,4.0
Leveraging Human Features at Test-Time,1,4.0,3.6666666666666665
On the Activation Function Dependence of the Spectral Bias of Neural Networks,1,4.25,3.75
SemSup-XC: Semantic Supervision for Extreme Classification,1,5.0,3.75
Communication-Optimal Distributed Graph Clustering under Duplication Models,1,3.0,3.6666666666666665
Graph in Graph Neural Network,1,4.333333333333333,4.0
Prefix Conditioning Unifies Language and Label Supervision,1,5.0,3.5
Towards Representative Subset Selection for Self-Supervised Speech Recognition,1,3.5,4.0
Generative Adversarial Training for Neural Combinatorial Optimization Models,1,4.333333333333333,3.3333333333333335
Representation Learning via Consistent Assignment of Views over Random Partitions,1,3.5,4.25
Memory-efficient Trajectory Matching for Scalable Dataset Distillation,1,4.25,3.5
Enhancing Cross-Category Learning in Recommendation Systems with Multi-Layer Embedding Training,1,3.75,4.0
StructViT: Learning Correlation Structures for Vision Transformers,1,3.6666666666666665,3.3333333333333335
Taming Policy Constrained Offline Reinforcement Learning for Non-expert Demonstrations,2,4.0,3.75
Attentional Context Alignment for Multimodal Sequential Learning,1,4.25,3.25
REAP: A Large-Scale Realistic Adversarial Patch Benchmark,1,4.25,3.75
PRANC: Pseudo RAndom Networks for Compacting deep models,1,3.5,4.0
Biological connectomes as a representation for the architecture of artificial neural networks,1,3.5,4.0
MSQ-BioBERT: Ambiguity Resolution to Enhance BioBERT Medical Question-Answering,1,4.333333333333333,4.333333333333333
Asymmetric Certified Robustness via Feature-Convex Neural Networks,1,5.0,4.25
O-ViT: Orthogonal Vision Transformer,1,3.5,3.5
Disentangled (Un)Controllable Features,2,3.0,3.5
G-CEALS: Gaussian Cluster Embedding in Autoencoder Latent Space for Tabular Data Representation,5,4.666666666666667,4.0
QUANTIZATION AWARE FACTORIZATION FOR DEEP NEURAL NETWORK COMPRESSION,1,3.0,3.5
Fairness of Federated Learning with Dynamic Participants,1,3.0,2.6666666666666665
PromptSum: Planning with Mixed Prompts for Parameter-Efficient Controllable Abstractive Summarization,1,4.0,3.75
Multimodal Open-Vocabulary Video Classification via Vision and Language Models,1,4.5,3.25
SDMuse: Stochastic Differential Music Editing and Generation via Hybrid Representation,1,3.0,4.333333333333333
Masked Autoencoders Enable Efficient Knowledge Distillers,1,3.0,4.5
Language-Aware Soft Prompting for Vision & Language Foundation Models,2,4.75,4.5
On Structural Expressive Power of Graph Transformers,1,5.666666666666667,3.6666666666666665
Projected Latent Distillation for Data-Agnostic Consolidation in Multi-Agent Continual Learning,1,3.75,3.0
Black-Box Adversarial Attack Guided by Model Behavior for Programming Pre-trained Language Models,1,4.666666666666667,4.0
Learning Critically in Federated Learning with Noisy and Heterogeneous Clients,4,4.25,3.5
Input Perturbation Reduces Exposure Bias in Diffusion Models,0,4.25,3.75
Pruning Parameterization with Bi-level Optimization for Efficient Semantic Segmentation on the Edge,1,4.333333333333333,3.3333333333333335
gGN: learning to represent nodes in directed graphs as low-rank Gaussian distributions,1,4.0,3.5
Domain-Unified Prompt Representations for Source-Free Domain Generalization,2,4.75,4.0
Impulse Control Arbitration for A Dual System of Exploitation and Exploration,0,0,0
Deep Patch Visual Odometry,1,3.5,4.5
Bidirectional global to local attention for deep metric learning.,1,3.0,4.0
Siamese DETR,1,5.0,3.0
Contrastive Graph Few-Shot Learning,1,4.4,3.4
Domain Generalization in Regression,1,3.75,4.0
EFFECTIVE FREQUENCY-BASED BACKDOOR ATTACKS WITH LOW POISONING RATIOS,1,3.6666666666666665,3.6666666666666665
Lightweight CNNs Under A Unifying Tensor View,1,2.3333333333333335,4.333333333333333
Sample Relationships through the Lens of Learning Dynamics with Label Information,2,5.8,3.4
GT-CausIn: a novel causal-based insight for traffic prediction,1,3.5,3.75
KerDEQ: Optimization induced Deep Equilibrium models via Gaussian Kernel,1,3.6666666666666665,3.3333333333333335
TCNL: Transparent and Controllable Network Learning Via Embedding Human-Guided Concepts,1,3.6666666666666665,3.3333333333333335
Uplift Modelling based on Graph Neural Network Combined with Causal Knowledge,1,3.0,3.3333333333333335
From ChebNet to ChebGibbsNet,1,3.5,4.25
SPI-GAN: Denoising Diffusion GANs with Straight-Path Interpolations,2,4.5,3.5
Generated Distributions Are All You Need for Membership Inference Attacks Against Generative Models,1,3.6666666666666665,4.0
SynMotor: A Benchmark Suite for Object Attribute Regression and Multi-task Learning,1,3.0,4.0
Training via Confidence Ranking,1,4.0,4.0
SC2EGSet: StarCraft II Esport Replay and Game-state Dataset,1,2.3333333333333335,4.0
Latent-space disentanglement with untrained generator networks allows to isolate different motion types in video data,2,3.75,3.5
FV-MgNet: Fully Connected V-cycle MgNet for Interpretable Time Series Forecasting,1,3.6666666666666665,3.6666666666666665
Prosody-TTS: Self-Supervised Prosody Pretraining with Latent Diffusion For Text-to-Speech,2,4.75,3.5
Adversarial Attack Detection Under Realistic Constraints,1,4.333333333333333,3.6666666666666665
Incremental Unified Parameter Additional Tuning with Basic Memory Replaying,1,3.0,4.25
FastDiff 2: Dually Incorporating GANs into Diffusion Models for High-Quality Speech Synthesis,1,4.25,3.5
When Neural ODEs meet Neural Operators,1,3.5,3.5
FFCV: Accelerating Training by Removing Data Bottlenecks,1,3.6666666666666665,4.0
Noether Embeddings: Fast Temporal Association Mining,2,5.0,3.25
Searching optimal adjustment features for treatment effect estimation,1,2.0,4.0
Universal Graph Neural Networks without Message Passing,6,2.8,4.2
CLIPPING: Distilling CLIP-based Models for Video-Language Understanding,1,4.0,4.5
To be private and robust: Differentially Private Optimizers Can Learn Adversarially Robust Models,1,3.0,4.0
Polite Teacher: Semi-Supervised Instance Segmentation with Mutual Learning and Pseudo-Label Thresholding,1,3.6666666666666665,5.0
Reducing Forgetting In Federated Learning with Truncated Cross-Entropy,1,3.5,4.25
On the Convergence and Calibration of Deep Learning with Differential Privacy,2,4.0,3.2
TAPPFL: TASK-AGNOSTIC PRIVACY-PRESERVING REPRESENTATION LEARNING FOR FEDERATED LEARNING AGAINST ATTRIBUTE INFERENCE ATTACKS,1,3.6666666666666665,3.6666666666666665
Fine-Grained Source Code Vulnerability Detection via Graph Neural Networks,1,3.0,4.75
Randomized Adversarial Style Perturbations for Domain Generalization,1,4.75,3.5
FedMAE: Federated Self-Supervised Learning with One-Block Masked Auto-Encoder,2,3.75,4.0
APLA: Class-imbalanced Semi-supervised Learning with Adapative Pseudo-labeling and Loss Adjustment,1,3.0,4.0
Label-Efficient Online Continual Object Detection in Streaming Video,1,4.75,3.25
Hypernetwork approach to Bayesian MAML,1,3.0,4.0
Token-level Fitting Issues of Seq2seq Models,1,3.6666666666666665,3.6666666666666665
Learning Sampling Policy to Achieve Fewer  Queries for  Zeroth-Order Optimization,1,3.75,3.5
Practical Real Video Denoising with Realistic Degradation Model,1,3.5,4.25
Variational Counterfactual Prediction under Runtime Domain Corruption,1,4.666666666666667,3.0
RealSinger: Ultra-Realistic Singing Voice Generation via Stochastic Differential Equations,0,4.75,3.5
Homeomorphism Alignment in Two Spaces for Unsupervised Domain Adaptation,2,5.25,4.5
Leveraging Online Semantic Point Fusion for 3D-Aware Object Goal Navigation,1,3.6666666666666665,4.0
Source-Target Coordinated Training with Multi-head Hybrid-Attention for Domain Adaptive Semantic Segmentation,1,4.0,4.0
On the Role of Self-supervision in Deep Multi-view Clustering,1,4.75,4.0
"A Simple, Yet Effective Approach to Finding Biases in Code Generation",2,3.5,4.0
What Does Vision Supervision Bring to Language Models? A Case Study of CLIP,2,4.0,4.5
ML-ViG: Multi-Label Image Recognition with Vision Graph Convolutional Network,1,3.5,4.25
Warped Convolutional Networks: Bridge Homography to $\mathfrak{sl}(3)$ algebra by Group Convolution,1,5.333333333333333,2.3333333333333335
Disentangling Writer and Character Styles for Handwriting Generation,1,4.75,4.25
Deep Leakage from Model in Federated Learning,1,3.0,4.666666666666667
learning hierarchical multi-agent cooperation with long short-term intention,1,4.25,3.5
FEAT: A general framework for Feature-aware Multivariate Time-series Representation Learning ,3,5.333333333333333,3.6666666666666665
Existence of a bad local minimum of neural networks with general smooth activation functions,1,3.0,4.25
On Incremental Learning with Long Short Term Strategy,1,4.5,3.75
Efficient Point Cloud Geometry Compression Through Neighborhood Point Transformer,1,4.333333333333333,3.6666666666666665
RotoGBML: Towards Out-of-Distribution Generalization for Gradient-Based Meta-Learning,0,0,0
How and Why We Detect Distribution Shift: Critical Analysis of Methods and Benchmarks,1,4.0,3.3333333333333335
Distill Vision Transformers to CNNs via Low-Rank Representation Approximation,1,3.0,3.5
$\textrm{D}^3\textrm{Former}$: Debiased Dual Distilled Transformer for Incremental Learning,1,4.0,3.75
SDT: Specific Domain Training in Domain Generalization,0,3.6666666666666665,3.3333333333333335
Score-Based Graph Generative Modeling with Self-Guided Latent Diffusion,0,4.0,4.25
Pixel-Level Task Helps Pruned Network Transfer to Downstream Tasks,1,4.25,3.75
Is Class Incremental Learning Truly Learning Representations Continually?,1,3.6666666666666665,4.333333333333333
Optimising Event-Driven Spiking Neural Network with Regularisation and Cutoff,4,5.2,3.8
MATS: Memory Attention for Time-Series forecasting,1,6.333333333333333,3.0
Exploring Generalization of Non-Contrastive self-supervised Learning,2,2.6,4.0
Detecting Backdoor Attacks via Layer-wise Feature Analysis,1,3.0,4.666666666666667
DropAut: Automatic Dropout Approaches to learn and adapt Drop Rates,1,4.4,3.6
RankCSE: Unsupervised Sentence Representations Learning via Learning to Rank,2,5.333333333333333,4.0
Multiple Invertible and Equivariant Transformation for Disentanglement in VAEs,1,4.5,2.5
On the Expressive Equivalence Between Graph Convolution and Attention Models,1,5.0,2.75
Neural Layered Min-sum Decoders for Algebraic Codes,1,3.0,3.6666666666666665
The Importance of Suppressing Complete Reconstruction in Autoencoders for Unsupervised Outlier Detection,1,3.0,4.25
FrAug: Frequency Domain Augmentation for Time Series Forecasting,1,4.6,4.6
Continual Learning via Adaptive Neuron Selection,2,4.25,4.25
Revisiting Fast Adversarial Training,1,4.5,4.0
Deep High-Frequency Extrapolation for Neuronal Spike Restoration,1,4.5,3.75
Improving Model Consistency of Decentralized Federated Learning via Sharpness Aware Minimization and Multiple Gossip Approaches,2,4.25,4.0
ExtraMix: Extrapolatable Data Augmentation for Regression using Generative Models,1,4.0,3.75
Lightweight Uncertainty for Offline Reinforcement Learning via Bayesian Posterior,1,4.333333333333333,3.6666666666666665
Volumetric Disentanglement  for 3D Scene Manipulation,1,4.666666666666667,4.333333333333333
Supplementing Domain Knowledge to BERT with Semi-structured Information of Documents,1,4.25,3.75
Window Projection Features are All You Need for Time Series Anomaly Detection,1,4.25,2.75
Inapplicable Actions Learning for Knowledge Transfer in Reinforcement Learning,2,3.75,3.5
CENTROID-BASED JOINT REPRESENTATION FOR HUMAN POSE ESTIMATION AND INSTANCE SEGMENTATION,0,3.0,3.6666666666666665
Addressing Variable Dependency in GNN-based SAT Solving,1,4.0,4.0
Adversarial Examples Guided Pseudo-label Refinement for Decentralized Domain Adaptation,1,4.0,3.75
Black-box Knowledge Distillation,1,4.5,4.0
Open Set Recognition by Mitigating Prompt Bias,1,5.0,4.0
Molecule Generation for Target Receptor Binding via Continuous Normalizing Flows,1,4.0,3.25
GPR-Net: Multi-view Layout Estimation via a Geometry-aware Panorama Registration Network,1,4.333333333333333,4.0
Relative Contribution Mechanism: A Unified Paradigm for Disassembling Convolutional Neural Networks,0,0,0
Leveraging Hard Negative Priors for Automatic Medical Report Generation,1,3.0,4.0
Style Balancing and Test-Time Style Shifting for Domain Generalization,1,4.75,3.75
Least Disagree Metric-based Active Learning,3,4.75,3.5
NSCL: Noise-Resistant Soft Contrastive Learning for Universal Domain Adaptation,1,4.5,3.0
Global-Local Bayesian Transformer for Semantic Correspondence,1,4.666666666666667,3.6666666666666665
Semantic Category Discovery with Vision-language Representations,1,4.333333333333333,3.6666666666666665
Deep Causal Generative Modeling for Tabular Data Imputation and Intervention,1,4.333333333333333,4.0
Unified Probabilistic Modeling of Image Aesthetic Rating Distributions towards Measuring Subjectivity,1,3.6666666666666665,3.6666666666666665
Analyzing adversarial robustness of vision transformers against spatial and spectral attacks,1,3.6666666666666665,4.0
MULTI-VIEW DEEP EVIDENTIAL FUSION NEURAL NETWORK FOR ASSESSMENT OF SCREENING MAMMOGRAMS,1,3.0,4.0
Data-Free Continual Graph Learning ,1,4.5,3.75
Joint Generator-Ranker Learning for Natural Language Generation,2,6.0,3.75
The Progressive Alignment-aware Multimodal Fusion with Easy2hard Strategy for Multimodal Neural Machine Translation,1,3.6666666666666665,4.333333333333333
Can you Trust your Disentanglement?,1,4.5,3.5
Measuring Image Complexity as a Discrete Hierarchy using MDL Clustering,1,5.333333333333333,4.0
Adversarial IV Regression for Demystifying Causal Features on Adversarial Examples,1,3.0,4.666666666666667
Impact of the Last Fully Connected Layer on Out-of-distribution Detection,1,3.75,4.0
Multi-Level Contrastive Learning for Dense Prediction Task,1,4.75,5.0
Unleashing Vanilla Vision Transformer with Masked Image Modeling for Object Detection,1,4.0,4.0
Group-oriented Cooperation in Multi-Agent Reinforcement Learning,1,5.0,3.6666666666666665
CacheGNN: Enhancing Graph Neural Networks with Global Information Caching,1,3.6666666666666665,3.6666666666666665
Towards Information-Theoretic Pattern Mining in Time Series,1,3.5,3.75
On the Power-Law Hessian Spectra in Deep Learning,1,3.0,4.0
SuperMarioDomains: Generalizing to Domains with Evolving Graphics,1,3.5,3.0
Multi-agent Linear Contextual Bandits with Bounded O(1) Regret,0,0,0
Visual Reinforcement Learning with Self-Supervised 3D Representations,1,4.5,4.0
Group-Equivariant Transformers Without Positional Encoding,1,3.75,3.75
CUSTOMIZING PRE-TRAINED DIFFUSION MODELS FOR YOUR OWN DATA,1,4.5,4.0
Deep Learning-based Source Code Complexity Prediction,1,5.0,4.5
SpeechLM: Enhanced Speech Pre-Training with Unpaired Textual Data,1,4.75,4.75
Uncertainty Guided Depth Fusion for Spike Camera,1,2.3333333333333335,4.666666666666667
Personalized Semantics Excitation for Federated Image Classification,1,5.25,3.75
Theoretical generalization bounds for improving the efficiency of deep online training,1,3.0,3.75
FedDM: Iterative Distribution Matching for Communication-Efficient Federated Learning,1,4.333333333333333,3.6666666666666665
A Representation Bottleneck of Bayesian Neural Networks,1,3.0,3.0
Bias Mimicking: A Simple Sampling Approach for Bias Mitigation,1,4.25,3.5
From Coarse to Fine-grained Concept based Discrimination for Phrase Detection,1,4.25,3.25
3D Molecular Generation by Virtual Dynamics,3,5.666666666666667,3.0
Better handling unlabeled entity problem using PU-learning and negative sampling,0,3.0,3.5
Class Prototype-based Cleaner for Label Noise Learning,2,5.5,4.25
Improving Vision Attention with Random Walk Graph Kernel,1,4.2,3.8
Multiscale Multimodal Transformer for Multimodal Action Recognition,1,5.0,3.6666666666666665
Partition Matters in Learning and Learning-to-Learn Implicit Neural Representations,1,3.0,4.0
Hybrid and Collaborative Passage Reranking,1,4.333333333333333,3.6666666666666665
AVT: Audio-Video Transformer for Multimodal Action Recognition,1,3.5,4.25
Important Channel Tuning,1,5.0,4.0
SimForest:  An Efficient Plug-in to Boost Few-Shot Learning Performance,1,3.0,4.0
Domain-Specific Risk Minimization for Out-of-Distribution Generalization,0,4.5,3.25
SpeedAug: A Simple Co-Augmentation Method for Unsupervised Audio-Visual Pre-training,1,5.25,4.0
RegCLR: A Self-Supervised Framework for Tabular Representation Learning in the Wild,1,3.0,3.6666666666666665
Randomized Smoothing with Masked Inference for Adversarially Robust NLP Systems,1,4.25,3.0
Representing Multi-view Time-series Graph Structures for Multivariate Long-term Time-series Forecasting,0,2.5,4.0
Can Language Models Make Fun? A Case Study in Chinese Comical Crosstalk,1,4.0,4.0
Chasing Better Deep Image Priors Between Over- and Under-parameterization,1,5.0,4.0
Clustering-Assisted Foreground and Background Separation for Weakly-supervised Temporal Action Localization,1,5.0,3.75
Concentric Ring Loss for Face Forgery Detection,1,4.666666666666667,4.333333333333333
MaskConver: A Universal Panoptic and Semantic Segmentation Model with Pure Convolutions,1,4.0,4.25
Causal Knowledge Transfer from Task Affinity,1,4.333333333333333,3.6666666666666665
GENERATIVE OF ORIGIN MODEL DISTRIBUTION MASKED WITH EMOTIONS AND TOPICS DISTRIBUTION IN HYBRID METHOD,1,2.0,3.75
Unsupervised Visual Anomaly Detection with Score-Based Generative Model,1,4.5,3.25
A Data-Based Perspective on Transfer Learning,1,4.25,4.0
Cluster and Landmark Attributes Infused Graph Neural Networks for Link prediction,1,5.5,3.75
Representational Task Bias in Zero-shot Recognition at Scale,1,5.333333333333333,3.6666666666666665
AxBERT: An Explainable Chinese Spelling Correction Method Driven by Associative Knowledge Network,1,4.0,3.75
PATCH-MIX TRANSFORMER FOR UNSUPERVISED DOMAIN ADAPTATION: A GAME PERSPECTIVE,1,5.0,3.75
GeONet: a neural operator for learning the Wasserstein geodesic,1,4.25,4.0
Accelerating Adaptive Federated Optimization with Local Gossip Communications,1,3.5,3.5
On the Complexity of Bayesian Generalization,1,3.5,2.25
SimA: Simple Softmax-free Attention For Vision Transformers,0,4.5,4.0
Bridging the Gap Between Cascade and End-to-End Cross-modal Translation Models: A Zero-Shot Approach,1,4.75,3.5
Compound Tokens: Channel Fusion for Vision-Language Representation Learning,1,3.5,3.5
Are vision transformers more robust than CNNs for Backdoor attacks?,1,3.5,4.25
RelationCLIP: Training-free Fine-grained Visual and Language Concept Matching,1,4.333333333333333,3.3333333333333335
Inverse Kernel Decomposition,1,3.0,3.0
Towards Efficient Posterior Sampling in Deep Neural Networks via Symmetry Removal,1,4.0,3.2
Local Stochastic Bilevel Optimization with Momentum-Based Variance Reduction,1,3.75,4.0
FixEval: Execution-based Evaluation of Program Fixes for Competitive Programming Problems,1,3.75,4.25
ON COMPLEX-DOMAIN CNN REPRESENTATIONS FOR CLASSIFYING REAL/COMPLEX-VALUED DATA,1,3.3333333333333335,3.6666666666666665
FAME: Fast Adaptive Moment Estimation based on Triple Exponential Moving Average,1,4.75,4.0
Progressive Transformation Learning For Leveraging Virtual Images in Training,1,4.333333333333333,3.0
Hyperbolic Contrastive Learning for Visual Representations beyond Objects,1,4.5,3.5
Contrastive Prompt Tuning Improves Generalization in Vision-Language Models,1,4.0,4.25
Decentralized Robust V-learning for Solving Markov Games with Model Uncertainty,2,4.75,3.25
ADVERSARIALLY BALANCED REPRESENTATION FOR CONTINUOUS TREATMENT EFFECT ESTIMATION,2,4.666666666666667,3.3333333333333335
Semantic Video Synthesis from Video Scene Graphs,1,5.0,4.0
"Towards Identification of Microaggressions in real-life and Scripted conversations, using Context-Aware Machine Learning Techniques.",0,3.6666666666666665,4.0
KL-Entropy-Regularized RL with a Generative Model is Minimax Optimal,1,4.75,3.25
ProGen2: Exploring the Boundaries of Protein Language Models,1,3.0,4.0
CEPD: Co-Exploring Pruning and Decomposition for Compact DNN Models,1,5.0,3.6
To be robust and to be fair: aligning fairness with robustness,1,4.25,3.25
Fair Clustering via Equalized Confidence,1,4.25,3.75
MAE are Secretly Efficient Learners,1,3.5,4.25
When does Bias Transfer in Transfer Learning?,1,3.6666666666666665,3.6666666666666665
Transferability Between Regression Tasks,1,3.8,4.0
Parameter-varying neural ordinary differential equations with partition-of-unity networks,1,4.333333333333333,3.3333333333333335
Shape Analysis by Shadow Synthesis,1,4.666666666666667,3.6666666666666665
Reward-free Policy Learning through Active Human Involvement,2,4.75,3.75
Automaton Distillation: A Neuro-Symbolic Transfer Learning Approach for Deep RL,1,2.5,4.0
Certification of Attribution Robustness for Euclidean Distance and Cosine Similarity Measure,1,3.25,4.5
Learning with MISELBO: The Mixture Cookbook,1,4.666666666666667,3.3333333333333335
Point-based Molecular Representation Learning from Conformers,1,2.5,3.75
Causal Inference via Nonlinear Variable Decorrelation in Healthcare,1,3.5,3.25
Towards Realtime Distributed Virtual Flow Meter via Compressed Continual Learning,1,3.6666666666666665,3.0
"""Why did the Model Fail?"": Attributing Model Performance Changes to Distribution Shifts",1,4.0,3.5
Points2NeRF: Generating Neural Radiance Fields from 3D point cloud,1,4.0,3.5
Imitation Improvement Learning for  Large-scale Capacitated Vehicle Routing Problems,1,4.0,4.0
Inferring Causal Relations between Temporal Events,1,2.5,4.25
AdaptFSP: Adaptive Fictitious Self Play,1,3.0,3.0
A Robust Stacking Framework for Training Deep Graph Models with Multifaceted Node Features,1,3.6666666666666665,3.0
VLG: General Video Recognition with Web Textual Knowledge,1,4.333333333333333,3.3333333333333335
Uncertainty-based Multi-Task Data Sharing for Offline Reinforcement Learning,2,4.25,3.75
HyperMAML: Few-Shot Adaptation of Deep Models with Hypernetworks,1,4.0,3.75
Differentiable Meta-Logical Programming,1,4.25,3.25
FaceMAE: Privacy-Preserving Face Recognition via Masked Autoencoders,1,5.0,4.0
EIT: Enhanced Interactive Transformer for Sequence Generation,0,4.0,3.25
Logit Clipping for Robust Learning against Label Noise,4,5.0,4.0
Enhancing Robustness of Deep Networks Based on a Two-phase Model of Their Training with Noisy Labels,1,3.3333333333333335,4.666666666666667
Distraction is All You Need For Fairness,1,3.75,4.0
Learning Diverse and Effective Policies with Non-Markovian Rewards,1,3.6666666666666665,4.0
M$^3$Video: Masked Motion Modeling for Self-Supervised Video Representation Learning,1,4.333333333333333,4.333333333333333
CorruptEncoder: Data Poisoning Based Backdoor Attacks to Contrastive Learning,1,4.666666666666667,4.0
Learning Transferable Spatiotemporal Representations from Natural Script Knowledge,1,4.25,3.5
Heterogeneous Continual Learning,1,4.5,3.5
BAMBI: Vertical Federated Bilevel Optimization with Privacy-Preserving and Computation Efficiency,0,3.6666666666666665,3.6666666666666665
Local Attention Layers for Vision Transformers,0,4.0,3.0
Koopman neural operator for learning non-linear partial differential equations,1,6.0,3.0
Regularizing hard examples improves robustness,1,4.25,4.25
Efficient Evaluation of Adversarial Robustness for Deep Hashing based Retrieval,1,4.333333333333333,3.3333333333333335
miCSE: Mutual Information Contrastive Learning for Low-shot Sentence Embeddings,1,3.6666666666666665,3.6666666666666665
An Intrinsic Dimension Perspective of Transformers for Sequential Modeling,1,3.0,3.75
ErGOT: entropy-regularized graph optimal transport,1,3.0,3.5
Gradient Inversion via Over-parameterized Convolutional Network in Federated Learning,0,0,0
Memory-Augmented Variational Adaptation for Online Few-Shot Segmentation,1,4.0,3.5
BPFL: Towards Efficient Byzantine-Robust and Provably Privacy-Preserving Federated Learning,1,3.25,4.0
Understanding Masked Image Modeling via Learning Occlusion Invariant Feature,1,3.75,3.75
From Images to Textual Prompts: Zero-shot VQA with Frozen Large Language Models,1,4.25,4.25
High probability error bounds of SGD in unbounded domain,1,4.25,4.25
Learning Inductive Object-Centric Slot Initialization via Clustering,1,4.5,4.0
Mutual Information-guided Knowledge Transfer for Open-World Semi-Supervised Learning,1,5.0,3.75
RegQ: Convergent Q-Learning with Linear Function Approximation using Regularization,1,3.75,4.0
Revisiting Feature Acquisition Bias for Few-Shot Fine-Grained Image Classification,1,5.25,3.75
On the Nonconvex Convergence of SGD,1,2.5,4.25
Dynamic Loss for Learning with Label Noise,1,3.25,4.5
Deep Reinforcement Learning for Cryptocurrency Trading: Practical Approach to Address Backtest Overfitting,1,3.0,3.6666666666666665
NÜWA-LIP: Language-guided Image Inpainting with Defect-free VQGAN,1,4.75,4.25
Contrastive Adversarial Loss for Point Cloud Reconstruction,1,4.75,3.75
Low-complexity Deep Video Compression with A Distributed Coding Architecture,1,4.666666666666667,4.0
When Few-shot Meets Cross-domain Object Detection: Learning Instance-level Class Prototypes for Knowledge Transfer,1,3.6666666666666665,4.0
TGP: Explainable Temporal Graph Neural Networks for Personalized Recommendation,1,3.0,3.75
Efficient Policy Space Response Oracles,1,3.0,3.6666666666666665
MAXENT LOSS: CONSTRAINED MAXIMUM ENTROPY FOR CALIBRATING DEEP NEURAL NETWORKS,0,4.25,3.75
"Unsupervised Threshold Learning with ""$L$""-trend Prior For Visual Anomaly Detection",1,3.6666666666666665,4.333333333333333
SimST: A GNN-Free Spatio-Temporal Learning Framework for Traffic Forecasting,2,4.75,4.25
Physically Plausible and Conservative Solutions to Navier-Stokes Equations Using Physics-Informed CNNs,1,4.0,2.3333333333333335
On the Connection between Fisher's Criterion and Shannon's Capacity: Theoretical Concepts and Implementation,1,3.5,3.0
Pixel-Aligned Non-parametric Hand Mesh Reconstruction,1,4.5,3.75
Is the Deep Model Representation Sparse and Symbolic with Causal Patterns?,1,4.5,2.75
TransformMix: Learning Transformation and Mixing Strategies for Sample-mixing Data Augmentation,2,4.5,4.0
HEAT: Hardware-Efficient Automatic Tensor Decomposition for Transformer Compression,0,0,0
Disentangled Knowledge Transfer: A New Perspective for Personalized Federated Learning,1,4.75,3.75
Fully Continuous Gated Recurrent Units For processing Time Series,1,3.6,3.8
Prompt Generation Networks for Efficient Adaptation of Frozen Vision Transformers,1,5.0,4.75
Saliency-guided Vision Transformer for Few-shot Keypoint Detection,1,4.333333333333333,3.6666666666666665
Towards Learning Imperceptible Adversarial Distribution for Black-Box Attacks,1,4.333333333333333,4.0
Active Learning with Partial Labels,1,5.25,3.75
Fine-Grained Image Retrieval with Neighbor-Attention Label Correction,1,4.333333333333333,3.6666666666666665
Closing the Performance Gap between Cumbersome and Lightweight Contrastive Models,1,4.0,3.8
DCAPS: Dual Cross-Attention Coupled with Stabilizer for Few-Shot Common Action Localization,0,5.0,3.0
MUTUAL EXCLUSIVE MODULATOR FOR LONG-TAILED RECOGNITION,1,4.4,4.4
RetinexUTV: ROBUST RETINEX MODEL WITH UNFOLDING TOTAL VARIATION,0,3.0,4.25
Adapting Pre-trained Language Models for Quantum Natural Language Processing,1,5.0,4.0
Fed-CBS: Heterogeneity-Aware Client Sampling Mechanism for Federated Learning via Class-Imbalance Reduction,1,4.8,3.4
Delving into Discrete Normalizing Flows on SO(3) Manifold for Probabilistic Rotation Modeling,2,5.25,3.75
Enabling Probabilistic Inference on Large-Scale Spiking Neural Networks,4,5.25,4.0
Less is More: Identifying the Cherry on the Cake for Dynamic Networks,1,5.0,3.25
Self Check-in: Tight Privacy Amplification for Practical Distributed Learning,1,3.5,3.5
Boosting Discriminative Visual Representation Learning with Scenario-Agnostic Mixup,1,4.333333333333333,3.0
Node-Level Membership Inference Attacks Against Graph Neural Networks,1,4.25,4.25
MAGA: Modeling a Group Action,1,4.0,2.5
Learning in Compressed Domain via Knowledge Transfer,1,3.0,4.25
Holding Monotonic Improvement and Generality for Multi-Agent Proximal Policy Optimization,2,3.0,3.25
Environment Partitioning For Invariant Learning By Decorrelation,1,4.75,3.5
Towards the gradient adjustment by loss status for Neural Network Optimization,0,4.25,4.25
Grouped self-attention mechanism for a memory-efficient Transformer,1,3.6666666666666665,3.3333333333333335
AutoDisc: Automatic Distillation Schedule for Large Language Model Compression,1,4.333333333333333,4.0
Lifting the Curse of Capacity Gap in Distilling Large Language Models,2,4.2,3.4
Geo-NN: An End-to-End Framework for Geodesic Mean Estimation on the Manifold of Symmetric Positive Definite Matrices,1,4.0,3.6666666666666665
Progressive Image Synthesis from Semantics to Details with Denoising Diffusion GAN,1,4.0,4.25
Ranking-Enhanced Unsupervised Sentence Representation Learning,1,5.25,4.0
Improving Adversarial Transferability with Worst-case Aware Attacks,1,5.0,3.75
TCFimt: Temporal Counterfactual Forecasting from Individual Multiple Treatment Perspective,1,3.5,3.25
Curved Representation Space of Vision Transformers,1,5.0,3.75
CooPredict : Cooperative Differential Games For Time Series Prediction,2,6.0,3.3333333333333335
Self-Architectural Knowledge Distillation for Spiking Neural Networks,1,5.0,4.5
E$^2$: Entropy Discrimination and Energy Optimization for Source-free Universal Domain Adaptation,1,4.333333333333333,4.333333333333333
Protective Label Enhancement for Label Privacy,1,3.0,4.0
On Fairness Measurement for Generative Models,1,5.25,3.25
Robust Learning with Decoupled Meta Label Purifier,2,5.5,3.5
Exploring interactions between modalities for deepfake detection,1,4.666666666666667,3.8333333333333335
MAT: Mixed-Strategy Game of  Adversarial Training in Fine-tuning,1,4.0,4.0
MAFormer: A Transformer Network with Multi-scale Attention Fusion for Visual Recognition,0,4.0,4.25
HagSeg: Hardness-adaptive Guidance for Semi-supervised Semantic Segmentation,1,3.6666666666666665,5.0
Why pseudo-label based algorithm is effective? --from the perspective of  pseudo-labeled data,1,4.25,3.0
Distributionally Robust Model-Based Offline Reinforcement Learning with Near-Optimal Sample Complexity,1,4.6,3.2
Fast 6D Object Pose Refinement via Implicit Surface Representation Driven Optimization,1,3.75,3.0
Benchmarking Encoder-Decoder Architectures for Biplanar X-ray to 3D Bone Shape Reconstruction,1,4.333333333333333,3.3333333333333335
Exploring the Generalizability of CNNs via Activated Representational Substitution,1,4.666666666666667,3.6666666666666665
FedFA: Federated Learning with Feature Alignment for Heterogeneous Data,2,4.666666666666667,4.0
Bridging attack and prompting: An Enhanced Visual Prompting at the pixel level,1,4.5,3.75
MABA-Net: Masked Additive Binary Activation Network,0,4.666666666666667,4.333333333333333
Decoupled and Patch-based Contrastive Learning for Long-tailed Visual Recognition,1,5.0,4.0
motifNet: Functional motif interactions discovered in mRNA sequences with implicit neural representation learning,1,3.5,2.75
Rethinking Data Augmentation for Improving Transferable Targeted Attacks,1,3.5,3.5
A Deep Dive into the Stability-Plasticity Dilemma in Class-Incremental Learning,1,3.6666666666666665,4.333333333333333
KITE: A Kernel-based Improved Transferability Estimation Method,1,4.8,4.2
Learning Continuous Grasping Function with a Dexterous Hand from Human Demonstrations,1,5.25,3.75
Model-Agnostic Meta-Attack: Towards Reliable  Evaluation of Adversarial Robustness,1,4.666666666666667,4.0
Only For You: Deep Neural Anti-Forwarding Watermark Preserves Image Privacy,1,4.75,4.0
PromptCast: A New Prompt-based Learning Paradigm for Time Series Forecasting,1,4.75,4.0
Robust Self-Supervised Image Denoising with Cyclic Shift and Noise-Intensity-Aware Uncertainty,1,3.0,4.5
MODULAR FEDERATED CONTRASTIVE LEARNING WITH PEER NORMALIZATION,1,3.8,4.0
NetBooster: Empowering Tiny Deep Learning By Standing on the Shoulders of Deep Giants,1,3.6666666666666665,3.6666666666666665
Low-Entropy Features Hurt Out-of-Distribution Performance,1,3.0,3.25
"A Unimodal, Uncertainty-Aware Deep Learning Approach for Ordinal Regression",1,4.6,3.4
Extracting Expert's Goals by What-if Interpretable Modeling,1,4.5,3.5
Improving Molecular Pretraining with Complementary Featurizations,2,4.5,3.75
Flexible Relation Preserving for Adversarial Training,1,3.0,4.333333333333333
Continual Learning with Group-wise Neuron Normalization,3,4.0,4.5
Zemi: Learning Zero-Shot Semi-Parametric Language Models from Multiple Tasks,1,4.75,4.25
PRUDEX-Compass: Towards Systematic Evaluation of Reinforcement Learning in Financial Markets,1,4.5,3.75
Joint Spatiotemporal Attention for Mortality Prediction of Patients with Long COVID,1,3.0,4.0
DIFFUSED INSTANCE CONDITIONED GAN,0,0,0
Sparse Hyperbolic Representation Learning,1,4.0,4.0
Fair Multi-exit Framework for Facial Attribute Classification,1,3.0,4.0
Union Subgraph Neural Networks,2,4.75,3.5
Frame Adaptive Network,1,4.0,4.0
Rethinking Saliency in Data-free Class Incremental Learning,1,4.75,4.0
Rethinking the Training Shot Number in Robust Model-Agnostic Meta-Learning,1,4.333333333333333,3.3333333333333335
Learn Appropriate Precise Distributions for Binary Neural Networks,1,3.0,4.25
"FDNet: Focal Decomposed Network for Efficient, Robust and Practical time series forecasting",1,4.75,3.75
On the Difficulties of Video Summarization: Structure and Subjectivity,1,3.6666666666666665,4.0
CCMLN: Combinatorial Correction for Multi-Label Classification with Noisy Labels,1,4.75,3.25
Consistent Targets Provide Better Supervision in Semi-supervised Object Detection,1,5.0,3.75
Evaluation of Attribution Explanations without Ground Truth,1,4.25,3.25
LAMDA: Latent mapping for domain adaption of image generators,1,4.0,4.25
Cali-NCE: Boosting Cross-modal Video Representation Learning with Calibrated Alignment,1,3.5,4.25
Reconciling Adversarial Robustness with Accuracy via Randomized Weights,1,3.5,3.5
MINI: Mining Implicit Novel Instances for Few-Shot Object Detection,1,4.5,4.25
D3C2-Net: Dual-Domain Deep Convolutional Coding Network for Compressive Sensing,1,4.333333333333333,4.0
Exploring Parameter-Efficient Fine-tuning for Improving Communication Efficiency in Federated Learning,1,4.25,4.0
Going Deeper with Spiking Neurons: Towards Binary Outputs of Deep Logic Spiking Neural Network,1,4.25,4.5
Correcting Three Existing Beliefs on Mutual Information in Contrastive Learning,1,4.0,3.6
Batch Normalization Is Blind to the First and Second Derivatives of the Loss w.r.t. Features,1,4.25,3.75
Dual Ensembled Multiagent Q-Learning with Hypernet Regularizer,0,3.6666666666666665,3.6666666666666665
Divide and conquer policy for efficient GAN training,1,3.0,4.25
Dataset Condensation with Latent Space Knowledge Factorization and Sharing,1,4.75,4.0
Causal RL Agents for Out-of-distribution Generalization,1,5.0,4.0
DELVING INTO THE HIERARCHICAL STRUCTURE FOR EFFICIENT LARGE-SCALE BI-LEVEL LEARNING,0,4.333333333333333,2.6666666666666665
Controllable Evaluation and Generation of Physical Adversarial Patch on Face Recognition,1,5.75,4.0
Why Adversarial Training of ReLU Networks Is Difficult?,1,3.6,3.2
Continual Pre-trainer is an Incremental Model Generalizer,1,3.5,4.0
FS-DETR: Few-Shot DEtection TRansformer with prompting and without re-training,1,4.8,4.2
An Improved Baseline for Masked Contrastive Learning,1,3.5,4.5
WaveMix-Lite: A Resource-efficient Neural Network for Image Analysis,1,4.25,4.25
"Learning to acquire novel cognitive tasks with evolution, plasticity and meta-meta-learning",4,4.5,3.75
BinaryVQA: A Versatile Dataset to Push the Limits of VQA Models,1,2.5,4.25
"Diverse, Difficult, and Odd Instances (D2O): A New Test Set for Object Classification",1,4.0,4.0
Variation-based Cause Effect Identification,1,3.75,3.75
TimelyFL: Heterogeneity-aware Asynchronous Federated Learning with Adaptive Partial Training ,4,5.25,3.5
Coupling Semi-supervised Learning with Reinforcement Learning for Better Decision Making -- An application to Cryo-EM Data Collection,1,3.0,3.3333333333333335
Training Recipe for N:M Structured Sparsity with Decaying Pruning Mask,1,4.25,4.25
Human Pose Estimation in the Dark,1,4.75,3.5
Tackling the Retrieval Trilemma with Cross-Modal Indexing,1,4.5,3.75
Language Models Can See: Plugging Visual Controls in Text Generation,1,4.2,4.0
Dynamics-inspired Neuromorphic Representation Learning,4,6.0,2.6666666666666665
ETAD: A Sampling-Based Approach for Efficient Temporal Action Detection,1,4.75,4.0
Rememory-Based SimSiam for Unsupervised Continual Learning,1,5.5,4.25
OPERA: Omni-Supervised Representation Learning with Hierarchical Supervisions,1,4.0,4.25
i-MAE: Are Latent Representations in Masked Autoencoders Linearly Separable?,1,3.0,4.0
Logit Margin Matters: Improving Transferable Targeted Adversarial Attack by Logit Calibration,1,5.0,3.0
GSCA: Global Spatial Correlation Attention,2,5.333333333333333,3.6666666666666665
Accumulative Poisoning Defense with Memorization Discrepancy,1,4.25,4.0
Shot Retrieval and Assembly with Text Script for Video Montage Generation,4,5.0,3.5
Towards Generalized Combinatorial Solvers via Reward Adjustment Policy Optimization,2,3.5,4.0
Margin-based Neural Network Watermarking,1,4.5,3.75
Your Denoising Implicit Model is a Sub-optimal Ensemble of Denoising Predictions,1,5.25,3.75
Revisiting Global Pooling through the Lens of Optimal Transport,1,4.5,3.75
On the Importance of Pretrained Knowledge Distillation for 3D Object Detection,1,3.6666666666666665,3.6666666666666665
Bidirectional Propagation for Cross-Modal 3D Object Detection,1,6.25,4.0
Controllable Adaptive Learning,1,3.5,4.0
How you start matters for generalization,1,4.0,2.6666666666666665
Bias Mitigation Framework for Intersectional Subgroups in Neural Networks,1,4.75,3.75
NOAH: A New Head Structure To Improve Deep Neural Networks For Image Classification,1,5.25,4.5
S^2-Transformer for Mask-Aware Hyperspectral Image Reconstruction,1,4.25,3.75
A deep top-down approach to hierarchically coherent probabilistic forecasting ,1,4.25,4.25
PVT++: A Simple End-to-End Latency-Aware Visual Tracking Framework,1,4.0,3.25
EMO: Episodic Memory Optimization for  Few-Shot Meta-Learning,1,3.5,3.5
High Dimensional Bayesian Optimization with Reinforced Transformer Deep Kernels,0,3.5,4.25
MixMask: Revisiting Masked Siamese Self-supervised Learning in Asymmetric Distance,1,4.4,3.4
Tiny Adapters for Vision Transformers,1,4.75,3.5
Proximal Curriculum for Reinforcement Learning Agents,5,4.25,3.5
Triangle Inequality for Inverse Optimal Control,1,4.333333333333333,2.3333333333333335
Fusion of Deep Transfer Learning with Mixed convolution network,1,1.5,4.0
CONTINUAL MODEL EVOLVEMENT WITH INNER-PRODUCT RESTRICTION,1,4.666666666666667,3.3333333333333335
PREF: Phasorial Embedding Fields for Compact Neural Representations,1,4.666666666666667,3.6666666666666665
Causal Information Bottleneck Boosts Adversarial Robustness of Deep Neural Network,1,2.5,4.0
Dimensionality-Varying Diffusion Process,1,4.0,4.0
Leveraging variational autoencoders for multiple data imputation,1,3.5,4.0
Imitate Your Own Refinement: Knowledge Distillation Sheds Light on Efficient Image-to-Image Translation,1,5.25,4.0
Gated Class-Attention with Cascaded Feature Drift Compensation for Exemplar-free Continual Learning of Vision Transformers,1,5.0,3.75
BIL: Bandit Inference Learning for Online Representational Similarity Test,1,4.333333333333333,2.0
On Storage Neural Network Augmented Approximate Nearest Neighbor Search,1,4.0,4.0
Imitation Learning via Differentiable Physics,1,3.75,3.75
Rethinking Learning Dynamics in RL using Adversarial Networks,1,3.5,3.5
Physics-Regularized Stereo Matching for Depth Estimation,1,3.75,4.25
Learning Robust Goal Space with Hypothetical Analogy-Making,1,5.0,3.5
SAE: Estimation for Transition Matrix in Annotation Algorithms,1,2.3333333333333335,3.6666666666666665
Learning Symbolic Rules for Reasoning in Quasi-Natural Language,1,4.5,3.75
Parallel Federated Learning over Heterogeneous Devices,2,6.0,3.6666666666666665
Deep Duplex Learning for Weak Supervision,1,3.0,3.75
Focusing on what to decode and what to train: Efficient Training with HOI Split Decoders and Split Target Guided DeNoising,1,5.25,3.75
Mugs: A Multi-Granular Self-Supervised  Learning Framework,1,4.666666666666667,4.333333333333333
Critical Learning Periods Augmented Model Poisoning Attacks to Byzantine-Robust Federated Learning,1,4.0,3.75
Semi-supervised Node Classification with Imbalanced Receptive Field,1,4.0,3.75
Fast Test-Time Adaptation Using Hints,1,3.0,4.0
Multi-Dataset Multi-Task Framework for Learning Molecules and  Protein-target Interactions Properties,1,4.25,3.75
MonoDETR: Depth-guided Transformer for Monocular 3D Object Detection,1,4.75,3.25
CLR-GAM: Contrastive Point Cloud Learning with Guided Augmentation and Feature Mapping,1,4.0,4.0
Accelerating Federated Learning Convergence via Opportunistic Mobile Relaying,2,4.0,3.6666666666666665
What Knowledge gets Distilled in Knowledge Distillation? ,1,5.5,4.25
Spatially constrained Adversarial Attack Detection and Localization in the Representation Space of Optical Flow Networks,1,4.333333333333333,3.3333333333333335
$\mathrm{R}^2$-VOS: Robust Referring Video Object Segmentation via Relational Cycle Consistency,1,5.0,4.0
STMT: A Spatial-Temporal Mesh Transformer for MoCap-Based Action Recognition ,0,0,0
Lossless Filter Pruning via Adaptive Clustering for Convolutional Neural Networks,0,5.0,4.0
On Trace of PGD-Like Adversarial Attacks,1,3.5,3.75
Learning Control Lyapunov Functions For High-dimensional Unknown Systems using Guided Iterative State Space Exploration,1,4.0,4.25
Learn the Time to Learn: Replay Scheduling in Continual Learning,1,4.333333333333333,4.333333333333333
Uncertainty-Aware Self-Supervised Learning with Independent Sub-networks,2,5.0,3.5
Offline Model-Based Reinforcement Learning with Causal Structure,1,3.6666666666666665,3.0
Improving Generalization with Domain Convex Game,1,4.75,3.75
Elastic Mean-Teacher Distillation Mitigates the Continual Learning Stability Gap,1,3.5,4.5
Neural Prompt Search,1,5.0,4.0
It Takes Two: Masked Appearance-Motion Modeling for Self-Supervised Video Transformer Pre-Training,1,4.5,4.5
Improving Differentially-Private Deep Learning with Gradients Index Pruning,2,4.0,3.2
Shuffle Gaussian Mechanism for Differential Privacy,0,4.0,3.3333333333333335
In-the-wild Pretrained Models Are Good Feature Extractors for Video Quality Assessment,0,4.5,4.25
Accurate and Efficient Soma Reconstruction in a Full Adult Fly Brain,1,3.0,4.0
On-Device Domain Generalization,1,4.25,4.5
Distortion-Aware Network Pruning and Feature Reuse for Real-time Video Segmentation,1,5.0,2.6666666666666665
An Encryption Framework for Pre-Trained Neural Networks,1,3.0,4.333333333333333
Mitigating Forgetting in Online Continual Learning via Contrasting Semantically Distinct Augmentations,1,4.5,4.0
Low-Rank Winograd Transformation for 3D Convolutional Neural Networks,1,3.0,3.5
Video-based 3D Object Detection with Learnable Object-Centric Global Optimization,1,4.333333333333333,4.333333333333333
Edge Wasserstein Distance Loss for Oriented Object Detection,1,4.75,4.5
StyleGenes: Discrete and Efficient Latent Distributions for GANs,1,4.75,3.75
Scratching Visual Transformer's Back with Uniform Attention,1,4.4,4.0
A Unified Pretraining Framework for Human Motion Analysis,1,4.6,3.6
Self-Organizing Pathway Expansion for Non-Exemplar Incremental Learning,1,5.25,4.25
Corruption Depth: Analysis of DNN depth for Misclassification,1,3.6666666666666665,3.6666666666666665
MixMIM: Mixed and Masked Image Modeling for Efficient Visual Representation Learning,1,4.0,4.5
ZERO: A Large-scale Chinese Cross-modal Benchmark with a New Vision-Language Framework,1,4.75,4.25
Mine yOur owN Anatomy: Revisiting Medical Image Segmentation with Extremely Limited Labels,1,3.6666666666666665,3.6666666666666665
Zipper: Decoupling the tradeoff Between Robustness and Accuracy,1,4.666666666666667,3.3333333333333335
Coordinate and Generalize: A Unified Framework for Audio-Visual Zero-Shot Learning,1,3.6666666666666665,3.3333333333333335
Do We Really Achieve Fairness with Explicit Sensitive Attributes? ,1,2.3333333333333335,4.0
SinGRAV: Learning a Generative Radiance Volume from a Single Natural Scene,1,4.75,4.0
DCE: Offline Reinforcement Learning With Double Conservative Estimates,2,3.75,4.25
Generalized structure-aware missing view completion network for incomplete multi-view clustering,1,7.5,4.5
EXACT: Compositional Augmentation for Image-level Weakly-Supervised Instance Segmentation,1,3.0,4.333333333333333
Global Hardest Example Mining with Prototype-based Triplet Loss,1,3.5,4.5
Extreme Masking for Learning Instance and Distributed Visual Representations,1,4.25,4.25
Quality Matters: Embracing Quality Clues for Robust 3D Multi-Object Tracking,1,3.6666666666666665,4.666666666666667
MGMA: Mesh Graph Masked Autoencoders for Self-supervised Learning on 3D Shape,1,3.5,3.75
MLM with Global Co-occurrence,2,4.0,3.5
Leveraging Hierarchical Structure for Multi-Domain Active Learning with Theoretical Guarantees,1,4.25,3.75
Elastic Aggregation for Federated Optimization,1,4.75,3.75
Decouple Graph Neural Networks: Train Multiple Simple GNNs Simultaneously Instead of One,1,4.5,3.25
Reinforced Sample Reweighting Policy for Semi-supervised Learning,1,4.75,4.25
Exploring The Capacity Mismatch Problem in Knowledge Distillation from the View of Soft Labels,1,4.6,3.6
FeatER: An Efficient Network for Human Reconstruction Feature map-based TransformER,1,4.666666666666667,4.333333333333333
Pareto Automatic Multi-Task Graph Representation Learning,2,4.5,3.75
Promoting Semantic Connectivity: Dual Nearest Neighbors Contrastive Learning for Unsupervised Domain Generalization,1,5.0,3.75
MixPath: A Unified Approach for One-shot Neural Architecture Search ,1,4.5,4.5
Improving the Latent Space of Image Style Transfer,1,3.5,4.25
GOAT: A Global Transformer on Large-scale Graphs,0,3.6666666666666665,4.333333333333333
An Empirical Study on Anomaly detection Using Density Based and Representative Based Clustering algorithms,0,2.0,4.25
Outlier Robust Adversarial Training,1,5.25,3.5
Multiple Instance Learning via Iterative Self-Paced Supervised Contrastive Learning,1,4.75,4.25
A prototype-oriented clustering for domain shift with source privacy,1,4.666666666666667,3.3333333333333335
On the Effectiveness of Adapting Pre-trained Transformer Models via Adversarial Noise,1,4.5,3.5
Sparse Tokens for Dense Prediction - The Medical Image Segmentation Case,1,5.25,4.25
One Ring to Bring Them All: Model Adaptation under Domain and Category Shift,2,4.666666666666667,4.333333333333333
Configuring Mixed-Integer Linear Programming Solvers with Deep Metric Learning,2,4.25,3.75
Language-Guided Artistic Style Transfer Using the Latent Space of DALL-E,1,3.5,3.5
HNeRV: A Hybrid Neural Representation  for Videos,1,5.333333333333333,4.0
Federated Learning in Non-IID Settings Aided by Differentially Private Synthetic Data,1,4.5,3.5
HeatDETR: Hardware-Efficient DETR with Device-Adaptive Thinning,1,3.6666666666666665,3.3333333333333335
ChemSpacE: Interpretable and Interactive Chemical Space Exploration,1,4.0,2.75
The Effects of Nonlinearity on Approximation Capacity of Recurrent Neural Networks,1,5.0,2.25
Friends to Help: Saving Federated Learning from Client Dropout,1,4.75,3.5
Understanding and Bridging the Modality Gap for Speech Translation,2,5.25,4.0
Revisiting Residual Networks for Adversarial Robustness,1,4.6,4.6
A Quasi-Bayesian Nonparametric Density Estimator via Autoregressive Predictive Updates,0,5.0,3.3333333333333335
Towards Understanding Convergence and Generalization of AdamW,1,4.666666666666667,3.6666666666666665
Prompt-Matched Semantic Segmentation,1,4.25,4.25
Learning from Interval-valued Data,2,4.666666666666667,3.6666666666666665
Feature Synchronization in Backdoor Attacks,1,4.25,3.75
An Incremental Learning Approach for Sustainable Regional Isolation and Integration,0,3.6666666666666665,4.0
Improve the Adaptation Process by Reasoning From Failed and Successful Cases,1,4.5,2.25
FEW-SHOT NODE PROMPT TUNING,1,4.333333333333333,3.6666666666666665
Deep Physics-based Deformable Models for Efficient Shape Abstractions,1,5.333333333333333,3.6666666666666665
Benchmarking and Improving Robustness of 3D Point Cloud Recognition against Common Corruptions,1,4.833333333333333,4.166666666666667
Categorial Grammar Induction as a Compositionality Measure for Emergent Languages in Signaling Games,1,4.666666666666667,4.0
Lifelong Learning the Task-Parameter Relationships for Knowledge Transfer,0,0,0
Exploring Over-smoothing in Graph Attention Networks from the Markov Chain Perspective,1,2.5,4.25
NASiam: Efficient Representation Learning using Neural Architecture Search for Siamese Networks,1,3.0,4.25
A Massively Parallel Benchmark for Safe Dexterous Manipulation,1,4.25,3.75
Representation Mutual Learning for End-to-End Weakly-Supervised Semantic Segmentation,1,3.6666666666666665,4.333333333333333
SepRep-Net: Multi-source Free Domain Adaptation via Model Separation and Reparameterization,1,4.0,4.5
QFuture: Learning Future Expectations in Multi-Agent Reinforcement Learning,1,4.6,3.8
MMCAP: LEARNING TO BROAD-SIGHT NEURAL NETWORKS BY CLASS ATTENTION POOLING,1,4.0,4.333333333333333
Meta-Evolve: Continuous Robot Evolution for One-to-many Policy Transfer,2,5.5,4.0
Hard Regularization to Prevent Collapse in Online Deep Clustering without Data Augmentation,1,3.5,3.75
Prompt-driven efficient Open-set Semi-supervised Learning,1,3.75,3.5
Generalizability of Adversarial Robustness Under Distribution Shifts,1,4.0,3.25
Uncertainty-Driven Active Vision for Implicit Scene Reconstruction,1,4.0,3.25
A Class-Aware Representation Refinement Framework for Graph Classification,1,5.0,3.75
Semi-Supervised Semantic Segmentation via Boosting Uncertainty on Unlabeled Data,1,4.5,3.75
Clustering Structure Identification With Ordering Graph,3,6.25,2.75
Graph Contrastive Learning with Personalized Augmentation,2,4.0,4.0
Tree Structure LSTM for Chinese Named Entity Recognition,1,2.0,4.5
Unfixed Bias Iterator: A New Iterative Format,1,4.333333333333333,3.3333333333333335
A Fairness Analysis on Differentially Private Aggregation of Teacher Ensembles,2,3.5,3.75
"LSAP: Rethinking Inversion Fidelity, Perception and Editability in GAN Latent Space",1,4.0,4.0
Neural Sorting Networks with Error-Free Differentiable Swap Functions,1,4.0,3.3333333333333335
Formulating and Proving the Trend of DNNs Learning Simple Concepts,1,3.6666666666666665,3.6666666666666665
Selective Classification Via Neural Network Training Dynamics,1,3.6666666666666665,4.0
Hyperbolic Binary Neural Network,1,3.75,4.0
Time Series are Images: Vision Transformer for Irregularly Sampled Time Series,0,5.333333333333333,4.0
Token-Label Alignment for Vision Transformers,1,4.75,4.5
3D-Scene-Entities: Using Phrase-to-3D-Object Correspondences for Richer Visio-Linguistic Models in 3D Scenes,1,3.0,4.25
SWORD: Demystify the Secrets of Open-world Instance Recognition,1,4.25,3.75
Structure-Sensitive Graph Dictionary Embedding for Graph Classification,1,3.6666666666666665,3.0
FlexPose: Pose Distribution Adaptation with Few-shot Guidance,1,3.6666666666666665,4.0
Guide Detectors in Pixel Space with Global Positioning and Abductive Matching,1,5.0,3.5
Contrastive Continuity on Augmentation Stability Rehearsal for Continual Self-Supervised Learning,1,4.5,3.75
Uncertainty Calibration via Knowledge Flow under Long-tailed Distribution,1,4.5,3.25
$1\times1$ Convolution is All You Need for Image Super-Resolution,1,4.5,4.5
Voting from Nearest Tasks: Meta-Vote Pruning of Pretrained Models for Downstream Tasks,3,4.25,3.75
AdPE: Adversarial Positional Embeddings for Pretraining Vision Transformers via MAE+,1,4.666666666666667,3.3333333333333335
A Close Look at Token Mixer: From Attention to Convolution,0,5.0,4.666666666666667
Momentum in Momentum for Adaptive Optimization,1,4.25,3.75
MiSAL: Active Learning for Every Budget,1,5.0,3.25
Lossless Dataset Compression Via Dataset Quantization,1,3.0,4.0
NICO++: Towards Better Benchmarking for Domain Generalization,1,4.25,2.75
Gradient Norm Regularizer Seeks Flat Minima and Improves Generalization,0,4.25,4.25
TiDAL: Learning Training Dynamics for Active Learning,1,4.0,4.0
CompletionFormer: Depth Completion with Convolutions and Vision Transformers,1,4.0,4.0
MS3: A Multimodal Supervised Pretrained Model for Semantic Segmentation,1,4.333333333333333,4.666666666666667
An Analysis of Information Bottlenecks,3,5.0,2.5
Multiplane NeRF-Supervised Disentanglement of Depth and Camera Pose from Videos,1,4.5,4.0
Shared Knowledge Lifelong Learning,1,3.0,4.0
WeightRelay: Efficient Heterogenous Federated Learning on Time Series,1,3.0,3.75
ImageNet-E: Benchmarking Neural Network Robustness via Attribute Editing,5,5.25,4.0
Cross-Domain Autonomous Driving Perception using Contrastive Appearance Adaptation,1,4.75,3.75
Re-balancing Adversarial Training Over Unbalanced Datasets,1,5.0,3.5
Unified Vision and Language Prompt Learning,1,4.333333333333333,3.6666666666666665
Calibrating Multimodal Learning,1,4.25,3.75
Smooth-Reduce: Leveraging Patches for Improved Certified Robustness,1,4.5,3.75
Self-supervised Video Representation Learning with Motion-Aware Masked Autoencoders,1,3.0,4.333333333333333
OhMG: Zero-shot Open-vocabulary Human Motion Generation,0,0,0
Token Turing Machines,1,4.25,4.0
DeepSAT: An EDA-Driven Learning Framework for SAT,1,3.75,3.75
Domain Specific Denoising Diffusion Probabilistic Models for Brain Dynamics,1,3.5,4.25
BoxTeacher: Exploring High-Quality Pseudo Labels for Weakly Supervised Instance Segmentation,1,5.25,4.25
A Simple and Provable Method to Adapt Pre-trained Model across Domains with Few Samples,1,3.5,4.0
CD-Depth: Unsupervised Domain Adaptation for Depth Estimation via Cross Domain Integration,1,4.0,4.5
HRDFuse: Monocular 360$^\circ$ Depth Estimation by Collaboratively Learning Holistic-with-Regional Depth Distributions,1,4.333333333333333,4.666666666666667
SpQAT: A Sparse Quantization-Aware Training Method,1,4.0,4.0
Bayesian Robust Graph Contrastive Learning,1,5.0,4.0
FreeSeg: Free Mask from Interpretable Contrastive Language-Image Pretraining for Semantic Segmentation,1,3.6666666666666665,4.0
ViTKD: Practical Guidelines for ViT Feature Knowledge Distillation,1,3.5,4.25
"Faster Neural Architecture ""Search"" for Deep Image Prior",1,4.5,4.25
Object Localization helps Action Recognition Models Adapt to New Environments,1,4.5,3.75
QCRS: Improve Randomized Smoothing using Quasi-Concave Optimization,1,4.8,3.4
Module-wise Training of Residual Networks via the Minimizing Movement Scheme,1,4.333333333333333,3.0
Steering Prototypes with Prompt Tuning for Rehearsal-free Continual Learning,1,6.0,3.0
Normalized Activation Function: Toward Better Convergence,1,3.0,3.75
Correcting the Sub-optimal Bit Allocation,2,4.5,3.5
Examining the Value of Neural Filter Pruning -- Retrospect and Prospect,1,4.75,4.0
Sparse Misinformation Detector,1,5.0,4.0
Rotation Invariant Quantization for Model Compression,2,1.0,3.6666666666666665
On the Dynamics under the Averaged Sample Margin Loss and Beyond,3,5.0,3.6666666666666665
ClusTR: Exploring Efficient Self-attention via Clustering for Vision Transformers,1,3.5,4.25
Semantic Grouping Network for Audio Source Separation,1,3.75,4.25
"Neural Shape Compiler: A Unified Framework for Transforming between Text, Point Cloud, and Program",3,4.75,3.75
Improving Corruption Robustness with Adversarial Feature Alignment Transformers,1,4.0,3.6666666666666665
Sharpness-aware Quantization for Deep Neural Networks,1,3.5,4.25
Robust Generalization against Corruptions via Worst-Case Sharpness Minimization,1,4.0,3.25
Optimizing Server-side Aggregation For Robust Federated Learning via Subspace Training,1,3.5,4.25
Measuring Asymmetric Gradient Discrepancy in Parallel Continual Learning,5,4.75,3.75
DOTIN: Dropping Out Task-Irrelevant Nodes for GNNs,1,3.5,4.0
STViT: Semantic Tokens for Efficient Global and Local Vision Transformers,1,5.0,4.25
Learning a 3D-Aware Encoder for Style-based Generative Radiance Field,1,4.333333333333333,5.0
CLIP2Point: Transfer CLIP to Point Cloud Classification with Image-Depth Pre-training,1,4.0,3.75
Universal Unlearnable Examples: Cluster-wise Perturbations without Label-consistency,1,4.666666666666667,3.6666666666666665
On the Calibration Set Difficulty and Out-of-distribution Calibration,1,3.5,4.0
Defactorization Transformer: Modeling Long Range Dependency with Local Window Cost,5,4.75,4.0
MaPLe: Multi-modal Prompt Learning,1,5.5,4.0
HyperFeel: An Efficient Federated Learning Framework Using Hyperdimensional Computing,1,4.333333333333333,3.0
TEAS: Exploiting Spiking Activity for Temporal-wise Adaptive Spiking Neural Networks,1,4.0,4.5
Quasi-Conservative Score-based Generative Models,2,4.5,3.75
Multi-Modal Few-Shot Temporal Action Detection,1,4.75,4.0
Mimic before Reconstruct: Enhance Masked Autoencoders with Feature Mimicking,1,4.5,4.5
Exploring Visual Interpretability for Contrastive Language-Image Pretraining,1,4.0,4.0
Trust-consistent Visual Semantic Embedding for Image-Text Matching,1,5.75,3.75
Rethinking Knowledge Distillation via Cross-Entropy,1,3.5,4.0
Backpropagation Path Search On Adversarial Transferability,1,4.5,4.0
Masked Surfel Prediction for Self-Supervised Point Cloud Learning,1,3.5,4.25
Do Spiking Neural Networks Learn Similar Representation with Artificial Neural Networks? A Pilot Study on SNN Representation,1,3.75,4.0
Generalized Category Discovery via Adaptive GMMs without Knowing the Class Number,1,4.666666666666667,4.333333333333333
Observation-Centric SORT: Rethinking SORT for Robust Multi-Object Tracking,1,5.333333333333333,4.666666666666667
scFormer: a universal representation learning approach for single-cell data using transformers,1,3.25,4.0
Winograd Structured Pruning for Fast Winograd Convolution ,1,4.0,4.25
Efficient Multi-Task Reinforcement Learning via Selective Behavior Sharing,1,3.6666666666666665,4.333333333333333
Quantum reinforcement learning ,1,1.0,5.0
Dual-Domain Diffusion Based Progressive Style Rendering towards Semantic Structure Preservation,2,4.666666666666667,3.6666666666666665
UPop: Unified and Progressive Pruning for Compressing Vision-Language Transformers,2,6.0,3.0
NeuralStagger: accelerating physics constrained neural PDE solver with spatial-temporal decomposition,2,4.75,3.5
Towards Robust Online Dialogue Response Generation,1,4.0,4.0
Learning to Perturb for Contrastive Learning of Unsupervised Sentence Representations,1,3.6666666666666665,4.0
Cultivation of Digital Diagnosis from Medical Images: Radiomics,0,0,0
PPAT: Progressive Graph Pairwise Attention Network for Event Causality Identification,1,5.0,3.6666666666666665
Towards a Complete Theory of Neural Networks with Few Neurons,1,4.25,3.5
Emergent Modularity in Pre-trained Transformers,0,0,0
Joint Representations of Text and Knowledge Graphs for Retrieval and Evaluation,1,3.0,4.0
Partial Output Norm: Mitigating the Model Output Blow-up Effect of Cross Entropy Loss ,2,1.5,4.25
$$FLAMES2Graph: An Interpretable Federated Multivariate Time Series Classification Framework$$,0,0,0
FLOP: Tasks for Fitness Landscapes Of Protein families using sequence- and structure-based representations,1,4.25,4.0
A Hybrid Framework for Generating A Country-scale Synthetic Population,1,3.6666666666666665,3.3333333333333335
Learning with Non-Uniform Label Noise: A Cluster-Dependent Semi-Supervised Approach,2,4.75,2.75
Free Bits: Platform-Aware Latency Optimization of Mixed-Precision Neural Networks for Edge Deployment,1,4.5,4.0
Loss Adapted Plasticity: Learning From Data With Unreliable Sources,1,3.0,4.333333333333333
MolBART: Generative Masked Language Models for Molecular Representations,1,4.0,3.75
Cross-utterance Conditioned Coherent Speech Editing via Biased Training and Entire Inference,2,5.5,3.5
SWRM: Similarity Window Reweighting and Margins for Long-Tailed Recognition,1,4.75,4.75
Supervised Q-Learning can be a Strong Baseline for Continuous Control,1,4.75,4.25
Probing for Correlations of Causal Facts: Large Language Models and Causality,1,2.25,4.0
Geometry Problem Solving based on Counterfactual Evolutionary Reasoning,0,2.3333333333333335,3.3333333333333335
Rethinking Metric Based Contrastive Learning Method’s Generalization Capability,1,3.75,3.0
RISC-V MICROARCHITECTURE EXPLORATION VIA REINFORCEMENT LEARNING,1,3.5,3.5
Kinship Representation Learning with Face Componential Relation,1,5.0,3.0
Pseudo-Differential Integral Operator for Learning Solution Operators of Partial Differential Equations,1,4.0,4.0
Improved Training of Physics-Informed Neural Networks with Model Ensembles,3,5.0,4.0
Enabling Equation Learning with the Bayesian Model Evidence via systematic $R^2$-elimination,1,4.333333333333333,2.6666666666666665
Curvature Informed Furthest Point Sampling,1,1.0,5.0
Grounded Contrastive Learning for Open-world Semantic Segmentation,1,4.5,4.25
RephraseTTS: Dynamic Length Text based Speech Insertion with Speaker Style Transfer,1,5.0,3.5
Light and Accurate: Neural Architecture Search via Two Constant Shared Weights Initialisations,1,5.0,4.0
Smooth image-to-image translations with latent space interpolations,1,4.25,3.5
UiTTa: Online Test-Time Adaptation by User Interaction,1,5.0,4.0
xTrimoDock: Cross-Modal Transformer for Multi-Chain Protein Docking,1,6.0,4.0
What's in a name? The Influence of Personal Names on Spatial Reasoning in BLOOM Large Language Models,1,3.5,4.0
Contrastive Representation Learning for Multi-scale Spatial Scenes,1,4.75,2.25
Versatile Energy-Based Models for High Energy Physics,1,3.0,3.25
Model-based Unknown Input Estimation via Partially Observable Markov Decision Processes,1,3.75,3.75
Breaking Large Language Model-based Code Generation,1,4.0,3.3333333333333335
Farsighter: Efficient Multi-step Exploration for Deep Reinforcement Learning,1,2.5,4.25
Exploiting Personalized Invariance for Better Out-of-distribution Generalization in Federated Learning,1,4.75,3.0
Mixture of Basis for Interpretable Continual Learning with Distribution Shifts,1,3.0,3.75
Denoising Differential Privacy in Split Learning,1,4.25,3.75
On Representation Learning in the First Layer of Deep CNNs and the Dynamics of Gradient Descent,1,4.0,3.25
Learning Layered Implicit Model for 3D Avatar Clothing Representation,1,4.0,3.75
Generalizable Multi-Relational Graph Representation Learning:  A Message Intervention Approach,1,2.2,3.6
Text2Model: Model Induction for Zero-shot Generalization Using Task Descriptions,1,3.5,4.0
Deconfounded Noisy Labels Learning,1,4.0,3.5
Opportunistic Actor-Critic (OPAC) with Clipped Triple Q-learning,1,3.5,4.25
Deep Equilibrium Non-Autoregressive Sequence Learning,1,4.5,3.5
PTUnifier: Pseudo Tokens as Paradigm Unifiers in Medical Vision-and-Language Pre-training,1,4.333333333333333,3.6666666666666665
Offline imitation learning by controlling the effective planning horizon,2,5.0,3.5
SELCOR: Self-Correction for Weakly Supervised Learning,1,4.333333333333333,3.6666666666666665
Efficiently Meta-Learning for Robust Deep Networks without Prior Unbiased Set,1,5.25,3.5
Label Similarity Aware Contrastive Learning,1,4.0,3.25
Theoretical Study of Provably Efficient Offline Reinforcement Learning with Trajectory-Wise Reward,1,5.25,3.0
Offline Reinforcement Learning via Weighted $f$-divergence,2,5.0,3.25
Therbligs in Action: Video Understanding through Motion Primitives,1,4.0,3.5
On the Adversarial Robustness against Natural Weather Perturbations,1,4.5,4.0
Don’t Bet on Sparsity: Designing Brain-inspired Distance-preserving Encoder,1,3.5,3.75
Revisiting and Improving FGSM Adversarial Training,3,5.0,4.0
SlothBomb: Efficiency Poisoning Attack against Dynamic Neural Networks,1,3.75,3.75
Towards Automatic Generation of Advanced Shift Networks,1,3.6666666666666665,3.6666666666666665
Learned Nearest-Class-Mean for Biased Representations in Long-Tailed Recognition,1,3.5,4.25
Intra-Instance VICReg: Bag of Self-Supervised Image Patch Embedding Explains the Performance,1,4.333333333333333,3.6666666666666665
"Efficient, probabilistic analysis of combinatorial neural codes",1,4.0,2.0
Simple and Deep Graph Attention Networks,1,4.0,3.5
Rényi Supervised Contrastive Learning for Transferable Representation,1,4.5,3.75
Meta-Learning for Bootstrapping Medical Image Segmentation from Imperfect Supervision ,1,3.75,4.0
Infringing Video Retrieval via Decoupled Representations and Mutual Information Maximization,0,0,0
Speech denoising by listening to noise,1,3.8,4.4
How Should I Plan? A Performance Comparison of Decision-Time vs. Background Planning,1,3.0,4.0
AMA: Asymptotic Midpoint Augmentation for Margin Balancing and Moderate Broadening,1,3.6666666666666665,4.0
MEDIC: Model Backdoor Removal by Importance Driven Cloning,1,5.333333333333333,3.0
CLASSIFICATION OF INCOMPLETE DATA USING AUGMENTED MLP,1,2.5,4.75
On the Convergence of Federated Deep AUC Maximization,1,3.25,4.0
Towards A Unified Neural Architecture for Visual Recognition and Reasoning,1,3.6666666666666665,4.0
BLOOM Large Language Models and the Chomsky Hierarchy,1,3.0,4.25
Towards Diverse Perspective Learning with Switch over Multiple Temporal Pooling,3,3.0,3.6666666666666665
Beyond the injective assumption in causal representation learning,1,4.5,3.5
Teacher Intervention: Improving Convergence of Quantization Aware Training for Ultra-Low Precision Transformers,0,0,0
ADELT: Unsupervised Transpilation Between Deep Learning Frameworks,2,6.0,3.25
"On Making Graph Continual Learning Easy, Fool-Proof, and Extensive: a Benchmark Framework and Scenarios",2,3.4,3.4
GNN Domain Adaptation using Optimal Transport,1,4.0,3.5
MixBin: Towards Budgeted Binarization,1,3.5,4.0
Do We Really Need Graph Models for Skeleton-Based Action Recognition? A Topology-Agnostic Approach with Fully-Connected Networks,1,5.0,4.75
An Integrated Multi-Label Multi-Modal Framework in Deep Metric Learning,1,4.0,3.3333333333333335
Conservative Exploration in Linear MDPs under Episode-wise Constraints,1,5.5,3.0
Corruption-free Single-view Self-supervised Learning on Graphs,1,3.5,4.25
Who are playing the games?,1,3.25,3.0
Text-Conditioned Graph Generation Using Discrete Graph Variational Autoencoders,1,3.5,3.75
Layer-wise Balanced Activation Mechanism,1,4.0,4.5
"KALM: Knowledge-Aware Integration of Local, Document, and Global Contexts for Long Document Understanding",1,5.6,4.4
State Decomposition for Model-free Partially observable Markov Decision Process,1,1.5,3.5
Neural Integral Equations,16,3.6666666666666665,4.333333333333333
FoveaTer: Foveated Transformer for Image Classification,2,4.25,3.75
Persistence-based Contrastive Learning with Graph Neural Recurrent Networks for Time-series Forecasting,1,3.6666666666666665,3.3333333333333335
ACE-EM: Boosted ab initio Cryo-EM 3D Reconstruction with Asymmetric Complementary Autoencoder,2,4.75,3.5
Diffusion-based point cloud generation with smoothness constraints,1,3.5,4.0
Neural Autoregressive Refinement for Self-Supervised Outlier Detection beyond Images,1,4.166666666666667,4.0
Robust Generative Flows on Reliable Image Reconstruction without Training Data,1,4.25,4.0
TG-Gen: A Deep Generative Model Framework for Temporal Graphs,1,3.75,4.0
Towards Out-of-Distribution Adversarial Robustness,2,3.5,4.25
Boosting Drug-Target Affinity Prediction from Nearest Neighbors,1,3.6666666666666665,4.0
Pretraining One Language Model for All With the Text-To-Text Framework Using Model-Generated Signals,1,4.75,3.75
MILE: Memory-Interactive Learning Engine for Solving Mathematical Problems,1,4.333333333333333,3.3333333333333335
UNICO: Efficient Unified Hardware-Software Co-Optimization For Deep Neural Networks,3,5.0,3.25
Towards Unsupervised Time Series Representation Learning: A Decomposition Perspective,1,4.5,3.0
Learning Frequency-aware Network for Continual Learning,1,3.5,4.25
Federated Learning with Heterogeneous Label Noise: A Dual Structure Approach,1,4.5,3.25
Correspondences between word learning in children and captioning models ,1,2.5,3.25
Why do Models with Conditional Computation Learn Suboptimal Solutions?,1,3.5,3.25
Stabilized training of joint energy-based models and its practical applications,1,2.5,4.25
Adaptive Anchor for Robust Keypoint Localization,1,4.25,3.75
Getting away with more network pruning: From sparsity to geometry and linear regions,2,4.25,3.25
Supervised Metric Learning for Retrieval via Contextual Similarity Optimization,1,4.75,4.25
FedTiny: Pruned Federated Learning Towards Specialized Tiny Models,2,5.25,3.25
TI-VAE: A temporally independent VAE with applications to latent factor learning in neuroimaging,1,3.5,3.5
Protecting Bidder Information in Neural Auctions,1,3.0,4.333333333333333
META-LEARNING FOR UNSUPERVISED OUTLIER DETECTION WITH OPTIMAL TRANSPORT,3,3.0,3.25
Domain-Invariant Auxiliary Learning for Robust Few-Shot Predictions from Noisy Data,1,4.5,4.0
Attentive MLP for Non-Autoregressive Generation,1,5.0,3.6666666666666665
Dynamics Model Based Adversarial Training For Competitive Reinforcement Learning,1,4.0,4.0
Finding the smallest tree in the forest: Monte Carlo Forest Search for UNSAT solving,2,3.75,3.5
IAE: Implicit Autoencoder for Point Cloud Self-supervised Representation Learning,1,4.25,4.25
How Can Deep Learning Performs Deep (Hierarchical) Learning,1,4.75,2.5
Cross-Domain Self-Supervised Deep Learning for Robust Alzheimer's Disease Progression Modeling,1,3.0,4.0
Protecting DNN from Evasion Attacks using Ensemble of High Focal Diversity,1,3.6666666666666665,3.0
Efficient Stochastic Optimization for Attacking Randomness Involved Inference,1,3.5,3.25
CORE-PERIPHERY PRINCIPLE GUIDED REDESIGN OF SELF-ATTENTION IN TRANSFORMERS,1,4.75,3.75
Giving Robots a Hand: Broadening Generalization via Hand-Centric Human Video Demonstrations,1,3.6666666666666665,3.6666666666666665
Gradient Preconditioning for Non-Lipschitz smooth Nonconvex Optimization,1,4.333333333333333,3.6666666666666665
What Spurious Features Can Pretrained Language Models Combat?,1,5.25,3.25
Label-Free Synthetic Pretraining of Object Detectors,1,4.0,4.0
Multi-Sample Contrastive Neural Topic Model as Multi-Task Learning,1,5.75,3.75
Less Is More: Training on Low-Fidelity Images Improves Robustness to Adversarial Attacks,1,4.75,3.25
Fast exploration and learning of latent graphs with aliased observations,0,0,0
Optimal control neural networks for data-driven discovery of gradient flows.,1,3.0,3.25
Preserving In-Context Learning Ability in Large Language Model Fine-tuning,1,4.25,3.25
Event-former: A Self-supervised Learning Paradigm for Temporal Point Processes,1,4.0,3.0
Controllable Concept Transfer of Intermediate Representations,1,4.0,3.5
Meta-Learning with Explicit Task Information,2,4.75,3.75
Recursive Neural Programs: Variational Learning of Image Grammars and Part-Whole Hierarchies,1,3.6,4.0
