Title,Submission Date
Online PCA in Converging Self-consistent Field Equations,Not Found
Don’t blame Dataset Shift! Shortcut Learning due to Gradients and Cross Entropy,Not Found
On Slicing Optimality for Mutual Information,Not Found
k-Median Clustering via Metric Embedding: Towards Better Initialization with Differential Privacy,"26 June, 2022"
"AMAG: Additive, Multiplicative and Adaptive Graph Neural Network For Forecasting Neuron Activity",Not Found
Conditional Matrix Flows for Gaussian Graphical Models,"12 June, 2023"
Representational Strengths and Limitations of Transformers,"5 June, 2023"
Cappy: Outperforming and Boosting Large Multi-Task LMs with a Small Scorer,November 2023
Two-Stage Learning to Defer with Multiple Experts,Not Found
Multiply Robust Federated Estimation of Targeted Average Treatment Effects,September 2023
To Stay or Not to Stay in the Pre-train Basin: Insights on Ensembling in Transfer Learning,"6 March, 2023"
Compositional Abilities Emerge Multiplicatively: Exploring Diffusion Models on a Synthetic Task,"13 October, 2023"
"Phase diagram of early training dynamics in deep neural networks: effect of the learning rate, depth, and width","23 February, 2023"
Explaining V1 Properties with a Biologically Constrained Deep Learning Architecture,"18 May, 2023"
Adversarial Examples Might be Avoidable: The Role of Data Concentration in Adversarial Robustness,"27 September, 2023"
Improving *day-ahead* Solar Irradiance Time Series Forecasting by Leveraging Spatio-Temporal Context,Not Found
Red Teaming Deep Neural Networks with Feature Synthesis Tools,"7 February, 2023"
Human-in-the-Loop Optimization for Deep Stimulus Encoding in Visual Prostheses,"16 June, 2023"
Convex-Concave Zero-Sum Markov Stackelberg Games,January 2024
Agnostically Learning Single-Index Models using Omnipredictors,June 2023
Training Chain-of-Thought via Latent-Variable Inference,December 2023
Combining Behaviors with the Successor Features Keyboard,October 2023
Language Models Meet World Models: Embodied Experiences Enhance Language Models,"17 May, 2023"
Smooth Flipping Probability for Differential Private Sign Random Projection Methods,Not Found
Data Market Design through Deep Learning,October 2023
Text Alignment Is An Efficient Unified Model for Massive NLP Tasks,"5 July, 2023"
When Can We Track Significant Preference Shifts in Dueling Bandits?,Not Found
Self-supervised video pretraining yields robust and more human-aligned visual representations,"12 October, 2022"
Language Models Don't Always Say What They Think: Unfaithful Explanations in Chain-of-Thought Prompting,"7 May, 2023"
f-Policy Gradients: A General Framework for Goal-Conditioned RL using f-Divergences,October 2023
Disentangled Wasserstein Autoencoder for T-Cell Receptor Engineering,"14 October, 2022"
A Diffusion-Model of Joint Interactive Navigation,"21 September, 2023"
A Unifying Perspective on Multi-Calibration: Game Dynamics for Multi-Objective Learning,"21 February, 2023"
Data-driven Optimal Filtering for Linear Systems with Unknown Noise Covariances,"28 May, 2023"
Hierarchical VAEs provide a normative account of motion processing in the primate brain,Not Found
Optimal testing using combined test statistics across independent studies,October 2023
Tracking Most Significant Shifts in Nonparametric Contextual Bandits,"11 July, 2023"
SQ Lower Bounds for Non-Gaussian Component Analysis with Weaker Assumptions,March 2024
Fair Adaptive Experiments,October 2023
Diverse Shape Completion via Style Modulated Generative Adversarial Networks,November 2023
UNSSOR: Unsupervised Neural Speech Separation by Leveraging Over-determined Training Mixtures,"31 May, 2023"
Understanding the detrimental class-level effects of data augmentation,January 2024
Versatile Energy-Based Probabilistic Models for High Energy Physics,"1 February, 2023"
Compositional Generalization from First Principles,July 2023
NAS-X: Neural Adaptive Smoothing via Twisting,"28 August, 2023"
SpecTr: Fast Speculative Decoding via Optimal Transport,"23 October, 2023"
"Fair, Polylog-Approximate Low-Cost Hierarchical Clustering",November 2023
Minimax-Optimal Location Estimation,Not Found
Posterior Sampling with Delayed Feedback for Reinforcement Learning with Linear Function Approximation,"29 October, 2023"
Projection-Free Methods for Solving Nonconvex-Concave Saddle Point Problems,"20 June, 2023"
A polar prediction model for learning to represent visual transformations,"6 March, 2023"
Kullback-Leibler Maillard Sampling for Multi-armed Bandits with Bounded Rewards,"28 April, 2023"
No Train No Gain: Revisiting Efficient Training Algorithms For Transformer-based Language Models,"12 July, 2023"
Modelling Cellular Perturbations with the Sparse Additive Mechanism Shift Variational Autoencoder,"5 November, 2023"
ParaFuzz: An Interpretability-Driven Technique for Detecting Poisoned Samples in NLP,"3 August, 2023"
HiNeRV: Video Compression with Hierarchical Encoding-based Neural Representation,"16 June, 2023"
No-Regret Online Prediction with Strategic Experts,May 2023
ELDEN: Exploration via Local Dependencies,October 2023
$H$-Consistency Bounds: Characterization and Extensions,October 2025
Single-Pass Pivot Algorithm for Correlation Clustering. Keep it simple!,May 2023
Model-free Posterior Sampling via Learning Rate Randomization,"27 October, 2023"
"A Unified, Scalable Framework for Neural Population Decoding",October 2023
A Trichotomy for Transductive Online Learning,"10 November, 2023"
Generating Behaviorally Diverse Policies with Latent Diffusion Models,"30 May, 2023"
Distributed Personalized Empirical Risk Minimization,October 2023
Structured Prediction with Stronger Consistency Guarantees,Not Found
"Feature Learning for Interpretable, Performant Decision Trees",Not Found
Advice Querying under Budget Constraint for Online Algorithms,Not Found
Pretraining task diversity and the emergence of non-Bayesian in-context learning for regression,"26 June, 2023"
Experiment Planning with Function Approximation,January 2024
MIMEx: Intrinsic Rewards from Masked Input Modeling,May 2023
Prioritizing Samples in Reinforcement Learning with Reducible Loss,"22 August, 2022"
Spatially Resolved Gene Expression Prediction from Histology Images via Bi-modal Contrastive Learning,"2 June, 2023"
Not All Neuro-Symbolic Concepts Are Created Equal: Analysis and Mitigation of Reasoning Shortcuts,"31 May, 2023"
Group Robust Classification Without Any Group Information,October 2023
Egocentric Planning for Scalable Embodied Task Achievement,June 2023
Lie Point Symmetry and Physics-Informed Networks,November 2023
PAC-Bayes Generalization Certificates for Learned Inductive Conformal Prediction,December 2023
Derandomized novelty detection with FDR control via conformal e-values,"14 February, 2023"
Adversarial Learning for Feature Shift Detection and Correction,December 2023
Grammar Prompting for Domain-Specific Language Generation with  Large Language Models,"30 May, 2023"
Rethinking Gauss-Newton for learning over-parameterized models,"6 February, 2023"
Recovering Simultaneously Structured Data via Non-Convex Iteratively Reweighted Least Squares,"8 June, 2023"
SOL: Sampling-based Optimal Linear bounding of arbitrary scalar functions,Not Found
Compositional Sculpting of Iterative Generative Processes,September 2023
A State Representation for Diminishing Rewards,September 2023
Discriminative Calibration: Check Bayesian Computation from Simulations and Flexible Classifier,"23 May, 2023"
Online POMDP Planning with Anytime Deterministic Guarantees,"3 October, 2023"
Prediction and Control in Continual Reinforcement Learning,December 2023
Residual Q-Learning: Offline and Online Policy Customization without Value,"15 June, 2023"
Near Optimal Reconstruction of Spherical Harmonic Expansions,February 2022
Automated Classification of Model Errors on ImageNet,January 2024
Towards robust and generalizable representations of extracellular data using contrastive learning,Not Found
The Gain from Ordering in Online Learning,Not Found
Intensity Profile Projection: A Framework for Continuous-Time Representation Learning for Dynamic Networks,"9 June, 2023"
The noise level in linear regression with dependent data,"18 May, 2023"
MarioGPT: Open-Ended Text2Level Generation through Large Language Models,"12 February, 2023"
Small batch deep reinforcement learning,October 2023
High Precision Causal Model Evaluation with Conditional Randomization,November 2023
Conditional Adapters: Parameter-efficient Transfer Learning with Fast Inference,"10 April, 2023"
SEEDS: Exponential SDE Solvers for Fast High-Quality Sampling from Diffusion Models,"23 May, 2023"
Gacs-Korner Common Information Variational Autoencoder,"24 May, 2022"
Experimental Designs for Heteroskedastic Variance,October 2023
Estimating Causal Effects Identifiable from a Combination of Observations and Experiments,Not Found
Equal Opportunity of Coverage in Fair Regression,November 2023
Last-Iterate Convergent Policy Gradient Primal-Dual Methods for Constrained MDPs,"20 June, 2023"
Differentiable sorting for censored time-to-event data.,April 2023
Polyhedron Attention Module: Learning Adaptive-order Interactions,Not Found
On the Robustness of Removal-Based Feature Attributions,"12 June, 2023"
Django: Detecting Trojans in Object Detection Models via Gaussian Focus Calibration,Not Found
Equivariant Single View Pose Prediction Via Induced and Restriction Representations,July 2023
Is RLHF More Difficult than Standard RL? A Theoretical Perspective,Not Found
Multimodal Deep Learning Model Unveils Behavioral Dynamics of V1 Activity in Freely Moving Mice,Not Found
Spuriosity Didn’t Kill the Classifier: Using Invariant Predictions to Harness Spurious Features,Not Found
A Regularized Conditional GAN for Posterior Sampling in Image Recovery Problems,"24 October, 2022"
Causal Discovery in Semi-Stationary Time Series,July 2024
Resilient Multiple Choice Learning: A learned scoring scheme with application to audio scene analysis,"2 November, 2023"
P-Flow: A Fast and Data-Efficient Zero-Shot TTS through Speech Prompting,Not Found
Label Poisoning is All You Need,October 2023
Instructing Goal-Conditioned Reinforcement Learning Agents with Temporal Logic Objectives,Not Found
Equivariant Adaptation of Large Pretrained Models,"2 October, 2023"
Are aligned neural networks adversarially aligned?,Not Found
SaVeNet: A Scalable Vector Network for Enhanced Molecular Representation Learning,Not Found
End-to-End Meta-Bayesian Optimisation with Transformer Neural Processes,"25 May, 2023"
Fast Attention Over Long Sequences With Dynamic Sparse Flash Attention,Not Found
HiBug: On Human-Interpretable Model Debug,Not Found
Improvements on Uncertainty Quantification for Node Classification via Distance Based Regularization,November 2023
Normalization Layers Are All That Sharpness-Aware Minimization Needs,"7 June, 2023"
UP-DP: Unsupervised Prompt Learning for Data Pre-Selection with Vision-Language Models,July 2023
$\varepsilon$-fractional core stability in Hedonic Games.,October 2025
"Beyond Invariance: Test-Time Label-Shift Adaptation for Addressing ""Spurious"" Correlations",Not Found
Language Model Alignment with Elastic Reset,December 2023
Diffusion Hyperfeatures: Searching Through Time and Space for Semantic Correspondence,"23 May, 2023"
Understanding Deep Gradient Leakage via Inversion Influence Functions,"22 September, 2023"
Joint Prompt Optimization of Stacked LLMs using Variational Inference,"21 June, 2023"
Fast Scalable and Accurate Discovery of DAGs Using the Best Order Score Search and Grow Shrink Trees,October 2023
PROTES: Probabilistic Optimization with Tensor Sampling,"28 January, 2023"
A unified framework for information-theoretic generalization bounds,"18 May, 2023"
"The Simplicity Bias in Multi-Task RNNs: Shared Attractors, Reuse of Dynamics, and Geometric Representation",Not Found
Variational Gaussian processes for linear inverse problems,November 2023
Enhancing CLIP with CLIP: Exploring Pseudolabeling for Limited-Label Prompt Tuning,"2 June, 2023"
Adaptive SGD with Polyak stepsize and Line-search: Robust Convergence and Variance Reduction,"11 August, 2023"
First Order Stochastic Optimization with Oblivious Noise,August 2024
Affinity-Aware Graph Networks,"4 July, 2025"
Adaptive recurrent vision performs zero-shot computation scaling to unseen difficulty levels,November 2023
Intrinsic Dimension Estimation for Robust Detection of AI-Generated Texts,"7 June, 2023"
Sharp Recovery Thresholds of Tensor PCA Spectral Algorithms,Not Found
Robustifying Generalizable Implicit Shape Networks with a Tunable Non-Parametric Model,November 2023
Reflexion: language agents with verbal reinforcement learning,"20 March, 2023"
Topology-Aware Uncertainty for Image Segmentation,"9 June, 2023"
Fast and Simple Spectral Clustering in Theory and Practice,October 2023
Information Geometry of the Retinal Representation Manifold,Not Found
On Learning Latent Models with Multi-Instance Weak Supervision,"23 June, 2023"
"Smooth, exact rotational symmetrization for deep learning on point clouds","30 May, 2023"
Double and Single Descent in Causal Inference with an Application to High-Dimensional Synthetic Control,"1 May, 2023"
Latent SDEs on Homogeneous Spaces,"28 June, 2023"
Align Your Prompts: Test-Time Prompting with Distribution Alignment for Zero-Shot Generalization,"2 November, 2023"
Bicriteria Approximation Algorithms for the Submodular Cover Problem,September 2023
Neural Sampling in Hierarchical Exponential-family Energy-based Models,"12 October, 2023"
Exponentially Convergent Algorithms for Supervised Matrix Factorization,November 2023
On Separate Normalization in Self-supervised Transformers,"22 September, 2023"
Switching Autoregressive Low-rank Tensor Models,"5 June, 2023"
Energy-based learning algorithms for analog computing: a comparative study,December 2023
Outlier-Robust Wasserstein DRO,November 2023
MoCa: Measuring Human-Language Model Alignment on Causal and Moral Judgment Tasks,"30 October, 2023"
Adversarially Robust Learning with Uncertain Perturbation Sets,Not Found
Conformal Prediction Sets for Ordinal Classification,Not Found
Graph of Circuits with GNN for Exploring the Optimal Design Space,Not Found
Multi-Objective Intrinsic Reward Learning for Conversational Recommender Systems,October 2023
Resilient Constrained Learning,"28 December, 2023"
Online learning of long-range dependencies,"25 May, 2023"
ExPT: Synthetic Pretraining for Few-Shot Experimental Design,October 2023
Incentivized Communication for Federated Bandits,February 2024
Learning Provably Robust Estimators for Inverse Problems via Jittering,July 2023
On the Exploitability of Instruction Tuning,"28 June, 2023"
Ess-InfoGAIL: Semi-supervised Imitation Learning from Imbalanced Demonstrations,Not Found
Finding Counterfactually Optimal Action Sequences in Continuous State Spaces,"6 June, 2023"
Ensemble-based Deep Reinforcement Learning for Vehicle Routing Problems under Distribution Shift,Not Found
Precision-Recall Divergence Optimization for Generative Modeling with GANs and Normalizing Flows,"30 May, 2023"
Human spatiotemporal pattern learning as probabilistic program synthesis,Not Found
Neural Multi-Objective Combinatorial Optimization with Diversity Enhancement,"14 May, 2024"
Quantification of Uncertainty with Adversarial Models,"6 July, 2023"
Are Vision Transformers More Data Hungry Than Newborn Visual Systems?,Not Found
$\textbf{A}^2\textbf{CiD}^2$: Accelerating Asynchronous Communication in Decentralized Deep Learning,"14 June, 2023"
Neural Latent Geometry Search: Product Manifold Inference via Gromov-Hausdorff-Informed Bayesian Optimization,"9 September, 2023"
Correlation Aware Sparsified Mean Estimation Using Random Projection,October 2023
Provably Efficient Offline Reinforcement Learning in Regular Decision Processes,Not Found
"Zeroth-Order Methods for Nondifferentiable, Nonconvex, and Hierarchical Federated Optimization","22 September, 2023"
SHAP-IQ: Unified Approximation of any-order Shapley Interactions,"2 March, 2023"
Statistically Valid Variable Importance Assessment through Conditional Permutations,"14 September, 2023"
Diffusion Model is an Effective Planner and Data Synthesizer for Multi-Task Reinforcement Learning,"29 May, 2023"
Time Series Kernels based on Nonlinear Vector AutoRegressive Delay Embeddings,Not Found
BayesTune: Bayesian Sparse Deep Model Fine-tuning,Not Found
Topological Obstructions and How to Avoid Them,December 2023
On Transfer of Adversarial Robustness from Pretraining to Downstream Tasks,"7 August, 2022"
Generalized test utilities for long-tail performance in extreme multi-label classification,"8 November, 2023"
Private Federated Frequency Estimation: Adapting to the Hardness of the Instance,"15 June, 2023"
Perceptual adjustment queries and an inverted measurement paradigm for low-rank metric learning,September 2023
POP-3D: Open-Vocabulary 3D Occupancy Prediction from Images,January 2024
Generative Modelling of Stochastic Actions with Arbitrary Constraints in Reinforcement Learning,November 2023
Uniform-in-Time Wasserstein Stability Bounds for (Noisy) Stochastic Gradient Descent,"19 May, 2023"
What is the Inductive Bias of Flatness Regularization? A Study of Deep Matrix Factorization Models,Not Found
Tree-Rings Watermarks: Invisible Fingerprints for Diffusion Images,"31 May, 2023"
Optimality of Message-Passing Architectures for Sparse Graphs,"17 May, 2023"
Sketching Algorithms for Sparse Dictionary Learning: PTAS and Turnstile Streaming,October 2023
Alternating Gradient Descent and Mixture-of-Experts for Integrated Multimodal Perception,"10 May, 2023"
Transformers learn through gradual rank increase,"12 June, 2023"
Information Maximizing Curriculum: A Curriculum-Based Approach for Learning Versatile Skills,Not Found
Accelerating Exploration with Unlabeled Prior Data,"8 November, 2023"
Accessing Higher Dimensions for Unsupervised Word Translation,May 2023
D-CIPHER: Discovery of Closed-form Partial Differential Equations,"21 June, 2022"
Hard Prompts Made Easy: Gradient-Based Discrete Optimization for Prompt Tuning and Discovery,"7 February, 2023"
Labeling Neural Representations with Inverse Recognition,"22 November, 2023"
Handling Data Heterogeneity via Architectural Design for Federated Visual Recognition,October 2023
DiffAttack: Evasion Attacks Against Diffusion-Based Adversarial Purification,"27 October, 2023"
Reversible and irreversible bracket-based dynamics for deep graph neural networks,"24 May, 2023"
UP-NeRF: Unconstrained Pose Prior-Free Neural Radiance Field,"7 November, 2023"
Stable Vectorization of Multiparameter Persistent Homology using Signed Barcodes as Measures,"6 June, 2023"
Training on Foveated Images Improves Robustness to Adversarial Attacks,August 2023
Towards Combinatorial Generalization for Catalysts: A Kohn-Sham Charge-Density Approach,October 2023
A Theory of Link Prediction via Relational Weisfeiler-Leman on Knowledge Graphs,"4 February, 2023"
Creating a Public Repository for Joining Private Data,Not Found
Learning Reliable Logical Rules with SATNet,October 2023
A Unified Approach for Maximizing Continuous DR-submodular Functions,"26 May, 2023"
Hardware Resilience Properties of Text-Guided Image Classifiers,"23 November, 2023"
Polynomial-Time Linear-Swap Regret Minimization in Imperfect-Information Sequential Games,"11 July, 2023"
Direct Preference-based Policy Optimization without Reward Modeling,"30 January, 2023"
Faster Query Times for Fully Dynamic $k$-Center Clustering with Outliers,Not Found
Physics-Informed Bayesian Optimization of Variational Quantum Circuits,June 2024
Why Does Sharpness-Aware Minimization Generalize Better Than SGD?,Not Found
Attention as Implicit Structural Inference,Not Found
Provable Advantage of Curriculum Learning on Parity Targets with Mixed Inputs,June 2023
Transportability for Bandits with Data from Different Environments,Not Found
Graph-Structured Gaussian Processes for Transferable Graph Learning,Not Found
FIRAL: An Active Learning Algorithm for Multinomial Logistic Regression,September 2024
A Unified Model and Dimension for Interactive Estimation,June 2023
Should Under-parameterized Student Networks Copy or Average Teacher Weights?,Not Found
Compositional Policy Learning in Stochastic Control Systems with Formal Guarantees,December 2023
Progressive Ensemble Distillation: Building Ensembles for Efficient Inference,"20 February, 2023"
Collaborative Score Distillation for Consistent Visual Editing,Not Found
A Robust Exact Algorithm for the Euclidean Bipartite Matching Problem,Not Found
Quantum speedups for stochastic optimization,"3 August, 2023"
Certified Robustness via Dynamic Margin Maximization and Improved Lipschitz Regularization,"29 September, 2023"
Convergence Analysis of Sequential Federated Learning on Heterogeneous Data,"6 November, 2023"
Optimal Rates for Bandit Nonstochastic Control,"24 May, 2023"
Causal Effect Identification in Uncertain Causal Networks,"9 August, 2022"
Robust Bayesian Satisficing,August 2023
SPA: A Graph Spectral Alignment Perspective for Domain Adaptation,"26 October, 2023"
"Incentives in Federated Learning: Equilibria, Dynamics, and Mechanisms for Welfare Maximization",Not Found
Finding Order in Chaos: A Novel Data Augmentation Method for Time Series in Contrastive Learning,"23 September, 2023"
CoPriv: Network/Protocol Co-Optimization for Communication-Efficient Private Inference,November 2023
SatLM: Satisfiability-Aided Language Models Using Declarative Prompting,"16 May, 2023"
Robust and Actively Secure Serverless Collaborative Learning,October 2023
Efficient Training of Energy-Based Models Using Jarzynski Equality,"30 May, 2023"
Learning to Influence Human Behavior with Offline Reinforcement Learning,"3 March, 2023"
MKOR: Momentum-Enabled Kronecker-Factor-Based Optimizer Using Rank-1 Updates,"2 June, 2023"
Detection Based Part-level Articulated Object Reconstruction from Single RGBD Image,April 2025
Flow-Attention-based Spatio-Temporal Aggregation Network for 3D Mask Detection,October 2023
Federated Linear Bandits with Finite Adversarial Actions,November 2023
Recommender Systems with Generative Retrieval,September 2025
"Interaction Measures, Partition Lattices and Kernel Tests for High-Order Interactions","1 June, 2023"
Learning to Modulate pre-trained Models in RL,"26 June, 2023"
Learning Efficient Coding of Natural Images with Maximum Manifold Capacity Representations,"6 March, 2023"
Efficient Bayesian Learning Curve Extrapolation using Prior-Data Fitted Networks,October 2023
Computing Optimal Equilibria and Mechanisms via Learning in Zero-Sum Extensive-Form Games,"8 June, 2023"
Double Randomized Underdamped Langevin with Dimension-Independent Convergence Guarantee,Not Found
PDP: Parameter-free Differentiable Pruning is All You Need,"18 May, 2023"
StEik: Stabilizing the Optimization of Neural Signed Distance Functions and Finer Shape Representation,"28 May, 2023"
Efficient Beam Tree Recursion,"20 July, 2023"
Projection-Free Online Convex Optimization via Efficient Newton Iterations,June 2023
Addressing the speed-accuracy simulation trade-off for adaptive spiking neurons,November 2023
On the Size and Approximation Error of Distilled Datasets,Not Found
Cascading Bandits: Optimizing Recommendation Frequency in Delayed Feedback Environments,Not Found
Structured Neural Networks for Density Estimation and Causal Inference,November 2023
Reusable Slotwise Mechanisms,"21 February, 2023"
Posterior Sampling for Competitive RL: Function Approximation and Partial Observation,October 2023
A generative model of the hippocampal formation trained with theta driven local learning rules,Not Found
The Bayesian Stability Zoo,"27 October, 2023"
Ignorance is Bliss: Robust Control via Information Gating,"10 March, 2023"
Optimistic Meta-Gradients,January 2023
Recursion in Recursion: Two-Level Nested Recursion for Length Generalization with Scalability,November 2023
Learning Mixtures of Gaussians Using the DDPM Objective,July 2023
Scalable Transformer for PDE Surrogate Modeling,"27 May, 2023"
ProteinNPT: Improving Protein Property Prediction and Design with Non-Parametric Transformers,Not Found
Spatio-Angular Convolutions for Super-resolution in Diffusion MRI,"1 June, 2023"
Marginal Density Ratio for Off-Policy Evaluation in Contextual Bandits,December 2023
Pruning vs Quantization: Which is Better?,Not Found
Scalable Fair Influence Maximization,"11 June, 2023"
Fast and Regret Optimal Best Arm Identification: Fundamental Limits and Low-Complexity Algorithms,"1 September, 2023"
Multiclass Boosting: Simple and Intuitive Weak Learning Criteria,July 2023
MeGraph: Capturing Long-Range Interactions by Alternating Local and Hierarchical Aggregation on Multi-Scaled Graph Hierarchy,Not Found
Robust Data Pruning under Label Noise via Maximizing Re-labeling Accuracy,November 2023
Regret Minimization via Saddle Point Optimization,March 2024
Reverse Engineering Self-Supervised Learning,"24 May, 2023"
Model-Free Reinforcement Learning with the Decision-Estimation Coefficient,"25 November, 2022"
Accelerating Molecular Graph Neural Networks via Knowledge Distillation,"26 June, 2023"
Modality-Agnostic Self-Supervised Learning with Meta-Learned Masked Auto-Encoder,October 2023
Partial Matrix Completion,"25 August, 2022"
Decision-Aware Actor-Critic with Function Approximation and Theoretical Guarantees,"24 May, 2023"
Strategic Distribution Shift of Interacting Agents via Coupled Gradient Flows,"3 July, 2023"
Explainable and Efficient Randomized Voting Rules,Not Found
Frequency Domain-Based Dataset Distillation,November 2023
Similarity-based cooperative equilibrium,"25 November, 2022"
Estimating Koopman operators with sketching to provably learn large scale dynamical systems,"7 June, 2023"
Simplifying Neural Network Training Under Class Imbalance,December 2023
Domain Agnostic Fourier Neural Operators,"30 April, 2023"
On the Role of Entanglement and Statistics in Learning,"5 June, 2023"
A Partially-Supervised Reinforcement Learning Framework for Visual Active Search,"14 October, 2023"
Cold Diffusion: Inverting Arbitrary Image Transforms Without Noise,August 2022
Robust Data Valuation with Weighted Banzhaf Values,Not Found
Nonparametric Boundary Geometry in Physics Informed Deep Learning,Not Found
Exact Verification of ReLU Neural Control Barrier Functions,October 2023
Enhancing Robot Program Synthesis Through Environmental Context,December 2023
Efficient Data Subset Selection to Generalize Training Across Models: Transductive and Inductive Networks,September 2024
BQ-NCO: Bisimulation Quotienting for Efficient Neural Combinatorial Optimization,"9 January, 2023"
Learning Shared Safety Constraints from Multi-task Demonstrations,September 2023
Dis-inhibitory neuronal circuits can control the sign of synaptic plasticity,"30 October, 2023"
Design from Policies: Conservative Test-Time Adaptation for Offline Policy Optimization,"26 June, 2023"
NCDL:  A Framework for Deep Learning on non-Cartesian Lattices,Not Found
A Path to Simpler Models Starts With Noise,October 2023
SafeDICE: Offline Safe Imitation Learning with Non-Preferred Demonstrations,Not Found
Batchnorm Allows Unsupervised Radial Attacks,Not Found
BIRD: Generalizable Backdoor Detection and Removal for Deep Reinforcement Learning,Not Found
Statistical Limits of Adaptive Linear Models: Low-Dimensional Estimation and Inference,"30 September, 2023"
Calibrate and Boost Logical Expressiveness of GNN Over Multi-Relational and Temporal Graphs,November 2023
A Framework for Fast and Stable Representations of Multiparameter Persistent Homology Decompositions,June 2023
Cognitive Model Discovery via Disentangled RNNs,Not Found
Team-PSRO for Learning Approximate TMECor in Large Team Games via Cooperative Reinforcement Learning,Not Found
Flow Matching for Scalable Simulation-Based Inference,"26 May, 2023"
Optimal and Fair Encouragement Policy Evaluation and Learning,"12 September, 2023"
Machine learning detects terminal singularities,October 2023
Universality laws for Gaussian mixtures in generalized linear models,February 2023
CoLLAT: On Adding Fine-grained Audio Understanding to Language Models using Token-Level Locked-Language Tuning,Not Found
Large Language Models Are Zero-Shot Time Series Forecasters,February 2024
Optimal Algorithms for the Inhomogeneous Spiked Wigner Model,February 2023
Robust Mean Estimation Without Moments for Symmetric Distributions,"21 February, 2023"
Multi-task Representation Learning for Pure Exploration in Bilinear Bandits,November 2023
Bottleneck Structure in Learned Features: Low-Dimension vs Regularity Tradeoff,"30 May, 2023"
Causal Effect Regularization: Automated Detection and Removal of Spurious Correlations,Not Found
A Sublinear-Time Spectral Clustering Oracle with Improved Preprocessing Time,"26 October, 2023"
Max-Sliced Mutual Information,September 2023
Probabilistic Inference in Reinforcement Learning Done Right,November 2023
Training biologically plausible recurrent neural networks on cognitive tasks with long-term dependencies,Not Found
Active Negative Loss Functions for Learning with Noisy Labels,Not Found
Transformer-based Planning for Symbolic Regression,"12 March, 2023"
Reference-Based POMDPs,Not Found
Neuro-symbolic Learning Yielding Logical Constraints,October 2024
Efficient Learning of Linear Graph Neural Networks via Node Subsampling,Not Found
Transformers learn to implement preconditioned gradient descent for in-context learning,"31 May, 2023"
Responsible AI (RAI) Games and Ensembles,October 2023
GAN You See Me? Enhanced Data Reconstruction Attacks against Split Inference,Not Found
Tackling Heavy-Tailed Rewards in Reinforcement Learning with Function Approximation: Minimax Optimal and Instance-Dependent Regret Bounds,"11 June, 2023"
Learning to Search Feasible and Infeasible Regions of Routing Problems with Flexible Neural k-Opt,October 2023
Memory-Constrained Algorithms for Convex Optimization,June 2023
Persuading Farsighted Receivers in MDPs: the Power of Honesty,June 2023
An information-theoretic quantification of the content of communication between brain regions,Not Found
Modulated Neural ODEs,"26 February, 2023"
CSLP-AE: A Contrastive Split-Latent Permutation Autoencoder Framework for Zero-Shot Electroencephalography Signal Conversion,November 2023
Focused Transformer: Contrastive Training for Context Scaling,"6 July, 2023"
Mip-Grid: Anti-aliased Grid Representations for Neural Radiance Fields,February 2024
EvoFed: Leveraging Evolutionary Strategies for Communication-Efficient Federated Learning,November 2023
Bicriteria Multidimensional Mechanism Design with Side Information,"27 February, 2023"
Expressivity-Preserving GNN Simulation,Not Found
Secure Out-of-Distribution Task Generalization with Energy-Based Models,Not Found
PERFOGRAPH: A Numerical Aware Program Graph Representation for Performance Optimization and Program Analysis,"31 May, 2023"
TriRE: A Multi-Mechanism Learning Paradigm for Continual Knowledge Retention and Promotion,October 2023
Scalarization for Multi-Task and Multi-Domain Learning at Scale,October 2023
Frequency-Enhanced Data Augmentation for Vision-and-Language Navigation,Not Found
Non-Convex Bilevel Optimization with Time-Varying Objective Functions,"7 August, 2023"
Linear Time Algorithms for k-means with Multi-Swap Local Search,Not Found
Revisiting Visual Model Robustness: A Frequency Long-Tailed Distribution View,Not Found
Distributional Policy Evaluation: a Maximum Entropy approach to Representation Learning,Not Found
Constrained Policy Optimization with Explicit Behavior Density For Offline Reinforcement Learning,"28 January, 2023"
Implicit variance regularization in non-contrastive SSL,"9 December, 2022"
Pseudo-Likelihood Inference,August 2025
Star-Shaped Denoising Diffusion Probabilistic Models,"10 February, 2023"
PromptIR: Prompting for All-in-One Image Restoration,June 2023
Kernel-Based Tests for Likelihood-Free Hypothesis Testing,"17 August, 2023"
Learning DAGs from Data with Few Root Causes,"25 May, 2023"
Causal Component Analysis,October 2024
Randomized and Deterministic Maximin-share Approximations for Fractionally Subadditive Valuations,"28 August, 2023"
Initialization Matters: Privacy-Utility Analysis of Overparameterized Neural Networks,October 2023
A Fast and Accurate Estimator for Large Scale Linear Model via Data Averaging,Not Found
Implicit Regularization in Over-Parameterized Support Vector Machine,October 2023
Auxiliary Losses for Learning Generalizable Concept-based Models,November 2023
EvoPrompting: Language Models for Code-Level Neural Architecture Search,"28 February, 2023"
GAIA: Delving into Gradient-based Attribution Abnormality for Out-of-distribution Detection,"16 November, 2023"
Prompt-augmented Temporal Point Process for Streaming Event Sequence,"7 October, 2023"
Grassmann Manifold Flows for Stable Shape Generation,"5 November, 2022"
Bayesian Optimisation of Functions on Graphs,"8 June, 2023"
Structured State Space Models for In-Context Reinforcement Learning,"7 March, 2023"
On-the-Fly Adapting Code Summarization on Trainable Cost-Effective Language Models,Not Found
Sample based Explanations via Generalized Representers,October 2023
Feature Likelihood Divergence: Evaluating the Generalization of Generative Models Using Samples,"8 February, 2023"
Empowering Convolutional Neural Nets with MetaSin Activation,Not Found
Bounded rationality in structured  density estimation,Not Found
Pairwise Causality Guided Transformers for Event Sequences,Not Found
Riemannian Laplace approximations for Bayesian neural networks,June 2023
Robustness Guarantees for Adversarially Trained Neural Networks,Not Found
Token-Scaled Logit Distillation for Ternary Weight Generative Language Models,"13 August, 2023"
A Bayesian Approach To Analysing Training Data Attribution In Deep Learning,"31 May, 2023"
Human-Guided Complexity-Controlled Abstractions,"26 October, 2023"
Generalized Bayesian Inference for Scientific Simulators via Amortized Cost Estimation,"24 May, 2023"
Perturbation Towards Easy Samples Improves Targeted Adversarial Transferability,June 2024
Variational Annealing on Graphs for Combinatorial Optimization,November 2023
EICIL: Joint Excitatory Inhibitory Cycle Iteration Learning for Deep Spiking Neural Networks,Not Found
Res-Tuning: A Flexible and Efficient Tuning Paradigm via Unbinding Tuner from Backbone,October 2023
Spectral Entry-wise Matrix Estimation for Low-Rank Reinforcement Learning,"10 October, 2023"
An Alternative to Variance: Gini Deviation for Risk-averse Policy Gradient,"17 July, 2023"
Neural Harmonics: Bridging Spectral Embedding and Matrix Completion in Self-Supervised Learning,Not Found
Exploiting hidden structures in non-convex games for convergence to Nash equilibrium,December 2023
UniTSFace: Unified Threshold Integrated Sample-to-Sample Loss for Face Recognition,November 2023
Diffusion Model for Graph Inverse Problems: Towards Effective Source Localization on Complex Networks,Not Found
"$p$-value Adjustment for Monotonous, Unbiased, and Fast Clustering Comparison",October 2025
The Graph Pencil Method: Mapping Subgraph Densities to Stochastic Block Models,February 2024
Dynamic Non-monotone Submodular Maximization,November 2023
CoLA: Exploiting Compositional Structure for Automatic and Efficient Numerical Linear Algebra,"6 September, 2023"
Improving Self-supervised Molecular Representation Learning using Persistent Homology,November 2023
Utilitarian Algorithm Configuration,October 2025
Beta Diffusion,"5 October, 2024"
Simple and Controllable Music Generation,"8 June, 2023"
Mitigating the Effect of Incidental Correlations on Part-based Learning,October 2023
Canonical normalizing flows for manifold learning,"19 October, 2023"
SmoothHess: ReLU Network Feature Interactions via Stein's Lemma,November 2023
Distributional Model Equivalence for Risk-Sensitive Reinforcement Learning,"4 July, 2023"
PLASTIC: Improving Input and Label Plasticity for Sample Efficient Reinforcement Learning,"19 June, 2023"
Effective Bayesian Heteroscedastic Regression with Deep Neural Networks,Not Found
Improving the Knowledge Gradient Algorithm,October 2023
Learning to Discover Skills through Guidance,"31 October, 2023"
Individualized Dosing Dynamics via Neural Eigen Decomposition,June 2023
xTrimoGene: An Efficient and Scalable Representation Learner for Single-Cell RNA-Seq Data,"25 November, 2023"
Action Inference by Maximising Evidence: Zero-Shot Imitation from Observation with World Models,December 2023
Risk-Averse Active Sensing for Timely Outcome Prediction under Cost Pressure,Not Found
Offline Minimax Soft-Q-learning Under Realizability and Partial Coverage,"5 February, 2023"
Sample Complexity Bounds for Score-Matching: Causal Discovery and Generative Modeling,October 2023
Posthoc privacy guarantees for collaborative inference with modified Propose-Test-Release,Not Found
Accurate Interpolation for Scattered Data through Hierarchical Residual Refinement,Not Found
Hybrid Policy Optimization from Imperfect Demonstrations,Not Found
Optimal Preconditioning and Fisher Adaptive Langevin Sampling,"23 May, 2023"
Policy Optimization in a Noisy Neighborhood: On Return Landscapes in Continuous Control,"25 September, 2023"
Nonparametric Identifiability of Causal Representations from Unknown Interventions,"1 June, 2023"
Semantic HELM: A Human-Readable Memory for Reinforcement Learning,"15 June, 2023"
ZipLM: Inference-Aware Structured Pruning of Language Models,"7 February, 2023"
Analyzing the Sample Complexity of Self-Supervised Image Reconstruction Methods,"30 May, 2023"
Efficient Meta Neural Heuristic for Multi-Objective Combinatorial Optimization,October 2023
Consistent Aggregation of Objectives with Diverse Time Preferences Requires Non-Markovian Rewards,October 2023
Human-Aligned Calibration for AI-Assisted Decision Making,"31 May, 2023"
Cross-Domain Policy Adaptation via Value-Guided Data Filtering,"28 May, 2023"
Fast Projected Newton-like Method for Precision Matrix Estimation under Total Positivity,"3 December, 2021"
FAST: a Fused and Accurate Shrinkage Tree for Heterogeneous Treatment Effects Estimation,Not Found
Unleashing the Full Potential of Product Quantization for Large-Scale Image Retrieval,Not Found
Near-optimal learning with average Hölder smoothness,"12 February, 2023"
Advancing Bayesian Optimization via Learning Correlated Latent Space,"31 October, 2023"
Interpreting Unsupervised Anomaly Detection in Security via Rule Extraction,Not Found
LVM-Med: Learning Large-Scale Self-Supervised Vision Models for Medical Imaging via Second-order Graph Matching,"20 June, 2023"
Decentralized Matrix Sensing: Statistical Guarantees and Fast Convergence,Not Found
Hyperbolic Space with Hierarchical Margin Boosts Fine-Grained Learning from Coarse Labels,November 2023
Generalized Information-theoretic Multi-view Clustering,Not Found
A Definition of Continual Reinforcement Learning,"20 July, 2023"
DreamSparse: Escaping from Plato’s Cave with 2D Diffusion Model Given Sparse Views,"6 June, 2023"
Few-shot Generation via Recalling  Brain-Inspired Episodic-Semantic Memory,Not Found
Operator Learning with Neural Fields: Tackling PDEs on General Geometries,"12 June, 2023"
Latent Space Translation via Semantic Alignment,"1 November, 2023"
NAR-Former V2: Rethinking Transformer for Universal Neural Network Representation Learning,"19 June, 2023"
Graph Contrastive Learning with Stable and Scalable Spectral Encoding,Not Found
NuTrea: Neural Tree Search for Context-guided Multi-hop KGQA,October 2023
Object-centric Learning with Cyclic Walks between Parts and Whole,"15 February, 2023"
Circuit as Set of Points,October 2023
Energy Guided Diffusion for Generating Neurally Exciting Images,Not Found
Fast Bellman Updates for Wasserstein Distributionally Robust MDPs,Not Found
IBA: Towards Irreversible Backdoor Attacks in Federated Learning,Not Found
SAME: Uncovering GNN Black Box with Structure-aware Shapley-based Multipiece Explanations,Not Found
Can You Rely on Your Model Evaluation? Improving Model Evaluation with Synthetic Test Data,Not Found
Meta-learning families of plasticity rules in recurrent spiking networks using simulation-based inference,Not Found
Certification of Distributional Individual Fairness,November 2023
Attacks on Online Learners: a Teacher-Student Analysis,"18 May, 2023"
Injecting Multimodal Information into Rigid Protein Docking via Bi-level Optimization,Not Found
Disentangling Cognitive Diagnosis with Limited Exercise Labels,Not Found
An Improved Relaxation for Oracle-Efficient Adversarial Contextual Bandits,"29 October, 2023"
Switching Temporary Teachers for Semi-Supervised Semantic Segmentation,October 2023
Use perturbations when learning from explanations,"11 March, 2023"
"Train Faster, Perform Better: Modular Adaptive Training in Over-Parameterized Models",May 2024
Learning Cuts via Enumeration Oracles,"20 May, 2023"
Fair Canonical Correlation Analysis,September 2023
Towards Test-Time Refusals via Concept Negation,Not Found
On the Convergence of No-Regret Learning Dynamics in Time-Varying Games,"26 January, 2023"
Dynamic Regret of Adversarial Linear Mixture MDPs,November 2024
Neural Sculpting: Uncovering hierarchically modular task structure in neural networks through pruning and network analysis,"28 May, 2023"
Conservative State Value Estimation for Offline Reinforcement Learning,"14 February, 2023"
Extensible Prompts for Language Models on Zero-shot Language Style Customization,"1 December, 2022"
FiGURe: Simple and Efficient Unsupervised Node Representations with Filter Augmentations,"3 October, 2023"
On the Interplay between Social Welfare and Tractability of Equilibria,"25 October, 2023"
ContinuAR: Continuous Autoregression For Infinite-Fidelity Fusion,Not Found
CS-Isolate: Extracting Hard Confident Examples by Content and Style Isolation,Not Found
Beyond Pretrained Features: Noisy Image Modeling Provides Adversarial Defense,"2 February, 2023"
RDumb: A simple approach that questions our progress in continual test-time adaptation,"8 June, 2023"
"Lookaround Optimizer: $k$ steps around, 1 step average","13 June, 2023"
Bringing regularized optimal transport to lightspeed: a splitting method adapted for GPUs,May 2023
Template-free Articulated Neural Point Clouds for Reposable View Synthesis,"30 May, 2023"
Locally Invariant Explanations: Towards Stable and Unidirectional Explanations through Local Invariant Learning,"28 January, 2022"
Fully Dynamic $k$-Clustering in $\tilde O(k)$ Update Time,October 2023
Connecting Certified and Adversarial Training,"8 May, 2023"
Quantizable Transformers: Removing Outliers by Helping Attention Heads Do Nothing,"22 June, 2023"
Toward Understanding Generative Data Augmentation,February 2025
Adapting Neural Link Predictors for Data-Efficient Complex Query Answering,"28 January, 2023"
Decision Tree for Locally Private Estimation with Public Data,Not Found
Equivariant flow matching,September 2025
Implicit Manifold Gaussian Process Regression,"30 October, 2023"
ReHLine: Regularized Composite ReLU-ReHU Loss Minimization with Linear Computation and Linear Convergence,Not Found
Global-correlated 3D-decoupling Transformer for Clothed Avatar Reconstruction,"23 September, 2023"
The Contextual Lasso: Sparse Linear Models via Deep Neural Networks,"2 February, 2023"
Optimal Block-wise Asymmetric Graph Construction for Graph-based Semi-supervised Learning,Not Found
Deep Insights into Noisy Pseudo Labeling on Graph Data,October 2023
Causal Interpretation of Self-Attention in Pre-Trained Transformers,October 2023
Credal Marginal MAP,Not Found
Deep Recurrent Optimal Stopping,Not Found
Stochastic Approximation Algorithms for Systems of Interacting Particles,Not Found
Efficient Batched Algorithm for Contextual Linear Bandits with Large Action Space via Soft Elimination,Not Found
Structured Voronoi Sampling,"5 June, 2023"
LD2: Scalable Heterophilous Graph Neural Network with Decoupled Embeddings,Not Found
Feature learning via mean-field Langevin dynamics: classifying sparse parities and beyond,Not Found
On the Last-iterate Convergence in Time-varying Zero-sum Games: Extra Gradient Succeeds where Optimism Fails,October 2023
DYffusion: A Dynamics-informed Diffusion Model for Spatiotemporal Forecasting,"2 June, 2023"
Unified Segment-to-Segment Framework for Simultaneous Sequence Generation,"27 October, 2023"
Functional-Group-Based Diffusion for Pocket-Specific Molecule Generation and Elaboration,"30 May, 2023"
Energy-Based Cross Attention for Bayesian Context Update in Text-to-Image Diffusion Models,"16 June, 2023"
Hybrid Search for Efficient Planning with Completeness Guarantees,"19 October, 2023"
SLaM: Student-Label Mixing for  Distillation with Unlabeled Examples,"7 February, 2023"
Towards Robust and Expressive Whole-body Human Pose and Shape Estimation,December 2023
Correlative Information Maximization: A Biologically Plausible Approach to Supervised Deep Neural Networks without Weight Symmetry,"7 June, 2023"
AI for Interpretable Chemistry: Predicting Radical Mechanistic Pathways via Contrastive Learning,November 2023
A Unified Framework for U-Net Design and Analysis,"31 May, 2023"
Policy Gradient for Rectangular Robust Markov Decision Processes,"31 January, 2023"
Discovering Hierarchical Achievements in Reinforcement Learning via Contrastive Learning,"7 July, 2023"
D4Explainer: In-distribution Explanations of Graph Neural Network via Discrete Denoising Diffusion,Not Found
An Adaptive Algorithm for Learning with Unknown Distribution Drift,"3 May, 2023"
Truncating Trajectories in Monte Carlo Policy Evaluation: an Adaptive Approach,October 2024
TempME: Towards the Explainability of Temporal Graph Neural Networks via Motif Discovery,October 2023
Knowledge Diffusion for Distillation,September 2025
Towards a Unified Analysis of Kernel-based Methods Under Covariate Shift,"12 October, 2023"
Regression with Cost-based Rejection,November 2023
Predicting Global Label Relationship Matrix for Graph Neural Networks under Heterophily,Not Found
Automatic Integration for Spatiotemporal Neural Point Processes,"9 October, 2023"
Debiasing Scores and Prompts of 2D Diffusion for View-consistent Text-to-3D Generation,"27 March, 2023"
Hierarchical Randomized Smoothing,"13 February, 2024"
Direct Training of SNN using Local Zeroth Order Method,Not Found
Disentangling Voice and Content with Self-Supervision for Speaker Recognition,"2 October, 2023"
Understanding and Improving Ensemble Adversarial Defense,"27 October, 2023"
Is This Loss Informative? Faster Text-to-Image Customization by Tracking Objective Dynamics,Not Found
Contrastive Training of Complex-Valued Autoencoders for Object Discovery,"24 May, 2023"
Estimating the Rate-Distortion Function by Wasserstein Gradient Descent,October 2023
Monitor-Guided Decoding of Code LMs with Static Analysis of Repository Context,Not Found
TRIAGE: Characterizing and auditing training data for improved regression,October 2023
H-nobs: Achieving Certified Fairness and Robustness in Distributed Learning on Heterogeneous Datasets,Not Found
ViCA-NeRF: View-Consistency-Aware 3D Editing of Neural Radiance Fields,February 2024
Efficiently incorporating quintuple interactions into geometric deep learning force fields,Not Found
Causal de Finetti: On the Identification of Invariant Causal Structure in Exchangeable Data,"29 March, 2022"
Adversarial Self-Training Improves Robustness and Generalization for Gradual Domain Adaptation,Not Found
On Masked Pre-training and the Marginal Likelihood,June 2023
Trajectory Alignment: Understanding the Edge of Stability Phenomenon via Bifurcation Theory,"9 July, 2023"
MomentDiff: Generative Video Moment Retrieval from Random to Real,"6 July, 2023"
Temporal Dynamic Quantization for Diffusion Models,"4 June, 2023"
Self-Predictive Universal AI,Not Found
FABind: Fast and Accurate Protein-Ligand Binding,"10 October, 2023"
First- and Second-Order Bounds for Adversarial Linear Contextual Bandits,"1 May, 2023"
Differentiable Neuro-Symbolic Reasoning on Large-Scale Knowledge Graphs,Not Found
Detecting hidden confounding in observational data using multiple environments,"27 May, 2022"
Learning and processing the ordinal information of temporal sequences in recurrent neural circuits,Not Found
Dual Mean-Teacher: An Unbiased Semi-Supervised Framework for Audio-Visual Source Localization,March 2024
V-InFoR: A Robust Graph Neural Networks Explainer for Structurally Corrupted Graphs,Not Found
Prototypical Variational Autoencoder for 3D Few-shot Object Detection,Not Found
Model-Free Active Exploration in Reinforcement Learning,July 2024
Optimal Convergence Rate for Exact Policy Mirror Descent in Discounted Markov Decision Processes,"22 February, 2023"
Train Once and Explain Everywhere: Pre-training Interpretable Graph Neural Networks,Not Found
Self-Supervised Reinforcement Learning that Transfers using Random Features,May 2023
KAKURENBO: Adaptively Hiding Samples in Deep Neural Network Training,October 2023
SA-Solver: Stochastic Adams Solver for Fast Sampling of Diffusion Models,"10 September, 2023"
Towards Unbounded Machine Unlearning,"20 February, 2023"
$p$-Poisson surface reconstruction in curl-free flow from point clouds,October 2025
Sheaf Hypergraph Networks,October 2025
BadTrack: A Poison-Only Backdoor Attack on Visual Object Tracking,Not Found
DrugCLIP: Contrastive Protein-Molecule Representation Learning for Virtual Screening,October 2023
On the Convergence of CART under Sufficient Impurity Decrease Condition,October 2023
FlowPG: Action-constrained Policy Gradient with Normalizing Flows,February 2024
Proportional Response: Contextual Bandits for Simple and Cumulative Regret Minimization,"5 July, 2023"
Variational Monte Carlo on a Budget — Fine-tuning pre-trained Neural Wavefunctions,July 2023
Nearly Optimal Bounds for Cyclic Forgetting,Not Found
SGFormer: Simplifying and Empowering Transformers for Large-Graph Representations,"19 June, 2023"
Entropy-dissipation Informed Neural Network for McKean-Vlasov Type PDEs,"11 February, 2023"
The Shaped Transformer: Attention Models in the Infinite Depth-and-Width Limit,"30 June, 2023"
Doubly Robust Augmented Transfer for Meta-Reinforcement Learning,Not Found
Convergence analysis of ODE models for accelerated first-order methods via positive semidefinite kernels,Not Found
Anytime Model Selection in Linear Bandits,"24 July, 2023"
"Provable Adversarial Robustness for Group Equivariant Tasks: Graphs, Point Clouds, Molecules, and More","5 December, 2023"
HAP: Structure-Aware Masked Image Modeling for Human-Centric Perception,October 2023
Rigorous Runtime Analysis of MOEA/D for Solving Multi-Objective Minimum Weight Base Problems,June 2023
Learning Sample Difficulty from Pre-trained Models for Reliable Prediction,"20 April, 2023"
Revisiting Logistic-softmax Likelihood in Bayesian Meta-Learning for Few-Shot Classification,"16 October, 2023"
Computational Guarantees for Doubly Entropic Wasserstein Barycenters,July 2023
Tailoring Self-Attention for Graph via Rooted Subtrees,October 2023
Make Pre-trained Model Reversible: From Parameter to Memory Efficient Fine-Tuning,"1 June, 2023"
Winner Takes It All: Training Performant RL Populations for Combinatorial Optimization,"7 October, 2022"
Vocabulary-free Image Classification,April 2024
Boosting Verification of Deep Reinforcement Learning via Piece-Wise Linear Decision Neural Networks,Not Found
Training-free Diffusion Model Adaptation for Variable-Sized Text-to-Image Synthesis,"14 June, 2023"
Operation-Level Early Stopping for Robustifying Differentiable NAS,Not Found
Towards Data-Agnostic Pruning At Initialization: What Makes a Good Sparse Mask?,Not Found
Neural Processes with Stability,July 2025
Minimax Risks and Optimal Procedures for Estimation under Functional Local Differential Privacy,Not Found
DeepPCR: Parallelizing Sequential Operations in Neural Networks,"28 September, 2023"
Grounded Decoding: Guiding Text Generation with Grounded Models for Embodied Agents,"1 March, 2023"
CAP:  Correlation-Aware Pruning for Highly-Accurate Sparse Vision Models,"14 October, 2022"
Joint Training of Deep Ensembles Fails Due to Learner Collusion,"26 January, 2023"
Statistical Analysis of Quantum State Learning Process in Quantum Neural Networks,September 2023
Learn to Categorize or Categorize to Learn? Self-Coding for Generalized Category Discovery,Not Found
TMT-VIS: Taxonomy-aware Multi-dataset Joint Training for Video Instance Segmentation,"11 December, 2023"
What functions can Graph Neural Networks compute on random graphs? The role of Positional Encoding,Not Found
A Scale-Invariant Sorting Criterion to Find a Causal Order in Additive Noise Models,"31 March, 2023"
"Comparing Causal Frameworks: Potential Outcomes, Structural Models, Graphs, and Abstractions","25 June, 2023"
Learning Invariant Representations of Graph Neural Networks via Cluster Generalization,March 2024
Computational Complexity of Learning Neural Networks: Smoothness and Degeneracy,"14 February, 2023"
Zero-sum Polymatrix Markov Games: Equilibrium Collapse and Efficient Computation of Nash Equilibria,"23 May, 2023"
SoTTA: Robust Test-Time Adaptation on Noisy Data Streams,October 2023
"Limits, approximation and size transferability for GNNs on sparse graphs via graphops",June 2023
Reducing Shape-Radiance Ambiguity in Radiance Fields with a Closed-Form Color Estimation Method,December 2023
Most Neural Networks Are Almost Learnable,"25 May, 2023"
Learning Interpretable Low-dimensional Representation via Physical Symmetry,"5 February, 2023"
Stabilized Neural Differential Equations for Learning Dynamics with Explicit Constraints,"16 June, 2023"
Learning from Both Structural and Textual Knowledge for Inductive Knowledge Graph Completion,Not Found
3D Indoor Instance Segmentation in an Open-World,September 2023
"Facing Off World Model Backbones: RNNs, Transformers, and S4","5 July, 2023"
Homotopy-based training of NeuralODEs for accurate dynamics discovery,"4 October, 2022"
Combinatorial Optimization with Policy Adaptation using Latent Space Search,"13 November, 2023"
Quantum Bayesian Optimization,October 2025
Assumption violations in causal discovery and the robustness of score matching,"20 October, 2023"
Minimum Description Length and Generalization Guarantees for Representation Learning,February 2024
Graph Convolutional Kernel Machine versus Graph Convolutional Networks,Not Found
Multi-scale Diffusion Denoised Smoothing,"25 October, 2023"
Multi-resolution Spectral Coherence for Graph Generation with Score-based Diffusion,Not Found
Batch Bayesian Optimization For Replicable Experimental Design,November 2023
NEO-KD: Knowledge-Distillation-Based Adversarial Training for Robust Multi-Exit Neural Networks,November 2023
"Revisiting Adversarial Training for ImageNet: Architectures, Training and Generalization across Threat Models","3 March, 2023"
Flexible Attention-Based Multi-Policy Fusion for Efficient Deep Reinforcement Learning,"7 October, 2022"
Diffused Task-Agnostic Milestone Planner,December 2023
PICProp: Physics-Informed Confidence Propagation for Uncertainty Quantification,"10 October, 2023"
Riemannian SAM: Sharpness-Aware Minimization on Riemannian Manifolds,Not Found
ODE-based Recurrent Model-free Reinforcement Learning for POMDPs,"25 September, 2023"
LEACE: Perfect linear concept erasure in closed form,"6 June, 2023"
Intra-Modal Proxy Learning for Zero-Shot Visual Categorization with CLIP,October 2023
Efficient Hyper-parameter Optimization with Cubic Regularization,Not Found
Causes and Effects of Unanticipated Numerical Deviations in Neural Network Inference Frameworks,Not Found
Effective Targeted Attacks for Adversarial Self-Supervised Learning,"19 October, 2022"
May the Force be with You: Unified Force-Centric Pre-Training for 3D Molecular Conformations,August 2023
Debiased and Denoised Entity Recognition from Distant Supervision,Not Found
Improved Bayesian Regret Bounds for Thompson Sampling in Reinforcement Learning,"30 October, 2023"
Offline RL with Discrete Proxy Representations for Generalizability in POMDPs,Not Found
Analysis of Variance of Multiple Causal Networks,Not Found
Suggesting Variable Order for Cylindrical Algebraic Decomposition via Reinforcement Learning,Not Found
Cascading Contextual Assortment Bandits,Not Found
Undirected Probabilistic Model for Tensor Decomposition,Not Found
Differentiable and Stable Long-Range Tracking of Multiple Posterior Modes,April 2024
Towards Optimal Effective Resistance Estimation,June 2023
Geometric Transformer with Interatomic Positional Encoding,Not Found
Scaling MLPs: A Tale of Inductive Bias,"23 June, 2023"
Emergent and Predictable Memorization in Large Language Models,"21 April, 2023"
Strategic Behavior in Two-sided Matching Markets with Prediction-enhanced Preference-formation,Not Found
Bayes beats Cross Validation: Efficient and Accurate Ridge Regression via Expectation Maximization,"28 October, 2023"
Emergent Communication for Rules Reasoning,November 2023
What is Flagged in Uncertainty Quantification?  Latent Density Models for Uncertainty Categorization,Not Found
Hyperbolic Graph Neural Networks at Scale: A Meta Learning Approach,October 2023
The emergence of clusters in self-attention dynamics,"9 May, 2023"
An Inductive Bias for Tabular Deep Learning,Not Found
Fair Streaming Principal Component Analysis: Statistical and Algorithmic Viewpoint,October 2023
CEIL: Generalized Contextual Imitation Learning,"26 June, 2023"
Training Transformers with 4-bit Integers,"20 June, 2023"
Estimating Propensity for Causality-based Recommendation without Exposure Data,"31 October, 2023"
BiSLS/SPS: Auto-tune Step Sizes for Stable Bi-level Optimization,"29 May, 2023"
DiffSketcher: Text Guided Vector Sketch Synthesis through Latent Diffusion Models,"26 June, 2023"
Matrix Compression via Randomized Low Rank and Low Precision Factorization,October 2023
Adapting to Continuous Covariate Shift via Online Density Ratio Estimation,"5 February, 2023"
Large Language Models for Automated Data Science: Introducing CAAFE for Context-Aware Automated Feature Engineering,"5 May, 2023"
SPQR: Controlling Q-ensemble Independence with Spiked Random Model for Reinforcement Learning,January 2024
Facilitating Graph Neural Networks with Random Walk on Simplicial Complexes,October 2023
Towards Self-Interpretable Graph-Level Anomaly Detection,October 2023
Optimal Transport for Treatment Effect Estimation,October 2023
Language Quantized AutoEncoders: Towards Unsupervised Text-Image Alignment,"2 February, 2023"
VOCE: Variational Optimization with Conservative Estimation for Offline Safe Reinforcement Learning,Not Found
Blocked Collaborative Bandits: Online Collaborative Filtering with Per-Item Budget Constraints,November 2023
Function Space Bayesian Pseudocoreset for Bayesian Neural Networks,October 2023
CaMP: Causal Multi-policy Planning for Interactive Navigation in  Multi-room Scenes,Not Found
DesCo: Learning Object Recognition with Rich Language Descriptions,June 2023
Globally solving the Gromov-Wasserstein problem for point clouds in low dimensional Euclidean spaces,July 2023
Unbiased learning of deep generative models with structured discrete representations,"13 June, 2023"
How Re-sampling Helps for Long-Tail Learning?,Not Found
Geometry-Informed Neural Operator for Large-Scale 3D PDEs,September 2023
Uncertainty Estimation for Safety-critical Scene Segmentation via Fine-grained Reward Maximization,November 2023
DPM-Solver-v3: Improved Diffusion ODE Solver with Empirical Model Statistics,"20 October, 2023"
Evolving Connectivity for Recurrent Spiking Neural Networks,May 2023
Counterfactually Fair Representation,November 2023
Emergent Communication in Interactive Sketch Question Answering,October 2023
Accelerated Training via Incrementally Growing Neural Networks using Variance Transfer and Learning Rate Adaptation,June 2023
Identifiable Contrastive Learning with Automatic Feature Importance Discovery,October 2023
Likelihood-Based Diffusion Language Models,May 2023
PriorBand: Practical Hyperparameter Optimization in the Age of Deep Learning,"21 June, 2023"
Brant: Foundation Model for Intracranial Neural Signal,Not Found
Learning Topology-Agnostic EEG Representations with Geometry-Aware Modeling,Not Found
Neural-Logic Human-Object Interaction Detection,November 2023
"Beyond NTK with Vanilla Gradient Descent: A Mean-Field Analysis of Neural Networks with Polynomial Width, Samples, and Time","28 June, 2023"
Residual Alignment: Uncovering the Mechanisms of Residual Networks,January 2024
Look Beneath the Surface: Exploiting Fundamental Symmetry for Sample-Efficient Offline RL,"7 June, 2023"
Landscape Surrogate: Learning Decision Losses for Mathematical Optimization Under Partial Information,"18 July, 2023"
Consistent Diffusion Models: Mitigating Sampling Drift by Learning to be Consistent,February 2023
Structured Neural-PI Control with End-to-End Stability and Output Tracking Guarantees,May 2023
Binary Radiance Fields,"13 June, 2023"
Ambient Diffusion: Learning Clean Distributions from Corrupted Data,May 2023
An Information-Theoretic Evaluation of Generative Models in Learning Multi-modal Distributions,Not Found
Guide Your Agent with Adaptive Multimodal Rewards,"19 September, 2023"
Statistical and Computational Trade-off in Multi-Agent Multi-Armed Bandits,Not Found
Compressed Video Prompt Tuning,Not Found
On Convergence of Polynomial Approximations to the Gaussian Mixture Entropy,Not Found
Diversify Your Vision Datasets with Automatic Diffusion-based Augmentation,"25 May, 2023"
DOSE: Diffusion Dropout with Adaptive Prior for Speech Enhancement,Not Found
Better with Less: A Data-Active Perspective on Pre-Training Graph Neural Networks,"2 November, 2023"
Doubly-Robust Self-Training,"31 May, 2023"
AdaPlanner: Adaptive Planning from Feedback with Language Models,May 2023
Uniform Convergence with Square-Root Lipschitz Loss,June 2023
Concept Distillation: Leveraging Human-Centered Explanations for Model Improvement,November 2023
Towards Optimal Caching and Model Selection for Large Model Inference,Not Found
Scan and Snap: Understanding Training Dynamics and Token Composition in 1-layer Transformer,"25 May, 2023"
RETVec: Resilient and Efficient Text Vectorizer,"17 February, 2023"
Long-Term Fairness with Unknown Dynamics,"18 April, 2023"
A Finite-Sample Analysis of Payoff-Based Independent Learning in Zero-Sum Stochastic Games,March 2023
Scaling Riemannian Diffusion Models,October 2023
Global Convergence Analysis of Local SGD for Two-layer Neural Network without Overparameterization,Not Found
Diffusion Self-Guidance for Controllable Image Generation,"1 June, 2023"
Implicit Bias of Gradient Descent for Two-layer ReLU and Leaky ReLU Networks on Nearly-orthogonal Data,October 2023
Nearly Optimal VC-Dimension and Pseudo-Dimension Bounds for Deep Neural Network Derivatives,May 2023
Stability Guarantees for Feature Attributions with Multiplicative Smoothing,"12 July, 2023"
Arbitrarily Scalable Environment Generators via Neural Cellular Automata,October 2023
TopoSRL: Topology preserving self-supervised Simplicial Representation Learning,Not Found
Chasing Fairness Under Distribution Shift: A Model Weight Perturbation Approach,"6 March, 2023"
Characterizing the Impacts of Semi-supervised Learning for Weak Supervision,Not Found
Maximum Average Randomly Sampled: A Scale Free and Non-parametric Algorithm for Stochastic Bandits,Not Found
Simplicity Bias in 1-Hidden Layer Neural Networks,February 2023
$S^3$: Increasing GPU Utilization during Generative Inference for Higher Throughput,July 2025
Universal Gradient Descent Ascent Method for Nonconvex-Nonconcave Minimax Optimization,"25 December, 2022"
Universality and Limitations of Prompt Tuning,"25 November, 2024"
Class-Conditional Conformal Prediction with Many Classes,"15 June, 2023"
Going Beyond Linear Mode Connectivity: The Layerwise Linear Feature Connectivity,"17 July, 2023"
Optimal Unbiased Randomizers for Regression with Label Differential Privacy,December 2023
Certified Minimax Unlearning with Generalization Rates and Deletion Capacity,"16 December, 2023"
UE4-NeRF:Neural Radiance Field for Real-Time Rendering of Large-Scale Scene,October 2023
On the Generalization Error of Stochastic Mirror Descent for Quadratically-Bounded Losses: an Improved Analysis,Not Found
Leveraging Pre-trained Large Language Models to Construct and Utilize World Models for Model-based Task Planning,"24 May, 2023"
This Looks Like Those: Illuminating Prototypical Concepts Using Multiple Visualizations,October 2023
ALGO: Synthesizing Algorithmic Programs with Generated Oracle Verifiers,"23 May, 2023"
Practical Differentially Private Hyperparameter Tuning with Subsampling,"27 January, 2023"
Is Heterogeneity Notorious? Taming Heterogeneity to Handle Test-Time Shift in Federated Learning,Not Found
Disambiguated Attention Embedding for Multi-Instance Partial-Label Learning,"26 May, 2023"
"High dimensional, tabular deep learning with an auxiliary knowledge graph",Not Found
Towards Foundation Models for Scientific Machine Learning: Characterizing Scaling and Transfer Behavior,June 2023
Not All Out-of-Distribution Data Are Harmful to Open-Set Active Learning,Not Found
Contextual Bandits and Imitation Learning with Preference-Based Active Queries,July 2023
What Distributions are Robust to Indiscriminate Poisoning Attacks for Linear Learners?,Not Found
Non-stationary Experimental Design under Linear Trends,Not Found
Payoff-based Learning with Matrix Multiplicative Weights in Quantum Games,November 2023
POMDP Planning for Object Search in Partially Unknown Environment,Not Found
MEGABYTE: Predicting Million-byte Sequences with Multiscale Transformers,"11 May, 2023"
BasisFormer: Attention-based Time Series Forecasting with Learnable and Interpretable Basis,"31 October, 2023"
A case for reframing automated medical image classification as segmentation,Not Found
Inner Product-based Neural Network Similarity,Not Found
Rethinking Incentives in Recommender Systems: Are Monotone Rewards Always Beneficial?,Not Found
Unified Off-Policy Learning to Rank: a Reinforcement Learning Perspective,"12 June, 2023"
Open Compound Domain Adaptation with Object Style Compensation for Semantic Segmentation,September 2023
Robust Second-Order Nonconvex Optimization and Its Application to Low Rank Matrix Sensing,March 2024
The Impact of Positional Encoding on Length Generalization in Transformers,"30 May, 2023"
Demystifying the Optimal Performance of Multi-Class Classification,Not Found
Self-Chained Image-Language Model for Video Localization and Question Answering,"11 May, 2023"
IMPRESS: Evaluating the Resilience of Imperceptible Perturbations Against Unauthorized Data Usage in Diffusion-Based  Generative AI,October 2023
Natural Actor-Critic for Robust Reinforcement Learning with Function Approximation,"17 July, 2023"
Anonymous Learning via Look-Alike Clustering: A Precise Analysis of Model Generalization,"6 October, 2023"
ReDS: Offline RL With Heteroskedastic Datasets via Support Constraints,Not Found
Finite Population Regression Adjustment and Non-asymptotic Guarantees for Treatment Effect Estimation,Not Found
Laughing Hyena Distillery: Extracting Compact Recurrences From Convolutions,October 2023
"On Sample-Efficient Offline Reinforcement Learning: Data Diversity, Posterior Sampling and Beyond","6 January, 2024"
Neural Ideal Large Eddy Simulation: Modeling Turbulence with Neural Stochastic Differential Equations,June 2023
Non-autoregressive Machine Translation with Probabilistic Context-free Grammar,November 2023
Decision Stacks: Flexible Reinforcement Learning via Modular Generative Models,"9 June, 2023"
Learning Descriptive Image Captioning via Semipermeable Maximum Likelihood Estimation,"23 June, 2023"
A Data-Free Approach to Mitigate Catastrophic Forgetting in Federated Class Incremental Learning for Vision Tasks,"13 November, 2023"
New Bounds for Hyperparameter Tuning of Regression Problems Across Instances,Not Found
A Long $N$-step Surrogate Stage Reward for Deep Reinforcement Learning,October 2022
Language Models are Weak Learners,June 2023
Counterfactually Comparing Abstaining Classifiers,"17 May, 2023"
Navigating Data Heterogeneity in Federated Learning: A Semi-Supervised Federated Object Detection,"25 October, 2023"
MosaicBERT: A Bidirectional Encoder Optimized for Fast Pretraining,"29 December, 2023"
PLANNER: Generating Diversified Paragraph via Latent Language Diffusion Model,"4 June, 2023"
ComSL: A Composite Speech-Language Model for End-to-End Speech-to-Text Translation,"24 May, 2023"
Scissorhands: Exploiting the Persistence of Importance Hypothesis for LLM KV Cache Compression at Test Time,"26 May, 2023"
Guarantees for Self-Play in Multiplayer Games via Polymatrix Decomposability,"17 October, 2023"
ChatGPT-Powered Hierarchical Comparisons for Image Classification,November 2023
Slimmed Asymmetrical Contrastive Learning and Cross Distillation for Lightweight Model Training,Not Found
Enhancing Knowledge Transfer for Task Incremental Learning with Data-free Subnetwork,Not Found
Evolutionary Neural Architecture Search for Transformer in Knowledge Tracing,October 2023
MIM4DD: Mutual Information Maximization for Dataset Distillation,December 2023
Fine-Grained Theoretical Analysis of Federated Zeroth-Order Optimization,Not Found
Searching for Optimal Per-Coordinate Step-sizes with Multidimensional Backtracking,June 2023
A new perspective on building efficient and expressive 3D equivariant graph neural networks,April 2023
CosNet: A Generalized Spectral Kernel Network,Not Found
Concept Algebra for (Score-Based) Text-Controlled Generative Models,"7 February, 2023"
State-Action Similarity-Based Representations for Off-Policy Evaluation,October 2023
Adaptive Linear Estimating Equations,"14 July, 2023"
ShiftAddViT: Mixture of Multiplication Primitives Towards Efficient Vision Transformer,"10 June, 2023"
Bandit Task Assignment with Unknown Processing Time,Not Found
Open Visual Knowledge Extraction via Relation-Oriented Multimodality Model Prompting,October 2023
DAMEX: Dataset-aware Mixture-of-Experts for visual understanding of mixture-of-datasets,November 2023
Game Solving with Online Fine-Tuning,November 2023
Recurrent Temporal Revision Graph Networks,"22 September, 2023"
Decompose a Task into Generalizable Subtasks in Multi-Agent Reinforcement Learning,Not Found
Explain Any Concept: Segment Anything Meets Concept-Based Explanation,May 2023
Depth-discriminative Metric Learning for Monocular 3D Object Detection,January 2024
Connecting Pre-trained Language Model and Downstream Task via Properties of Representation,Not Found
An Exploration-by-Optimization Approach to Best of Both Worlds in Linear Bandits,Not Found
Score-based Source Separation with Applications to Digital Communication Signals,"26 June, 2023"
Generalized Belief Transport,Not Found
Weakly Coupled Deep Q-Networks,October 2023
Exploiting Correlated Auxiliary Feedback in Parameterized Bandits,November 2023
Characterizing Out-of-Distribution Error via Optimal Transport,"24 May, 2023"
Generalized Semi-Supervised Learning via Self-Supervised Feature Adaptation,May 2024
Weitzman's Rule for Pandora's Box with Correlations,January 2023
Learning Mask-aware CLIP Representations for Zero-Shot Segmentation,October 2023
CoDrug: Conformal Drug Property Prediction with Density Estimation under Covariate Shift,Not Found
Pitfall of Optimism: Distributional Reinforcement Learning by Randomizing Risk Criterion,"25 October, 2023"
Learning Rule-Induced Subgraph Representations for Inductive Relation Prediction,"8 August, 2024"
An Iterative Self-Learning Framework for Medical Domain Generalization,Not Found
HQA-Attack: Toward High Quality Black-Box Hard-Label Adversarial Attack on Text,February 2024
Discriminative Feature Attributions: Bridging Post Hoc Explainability and Inherent Interpretability,"27 July, 2023"
EMMA-X: An EM-like Multilingual Pre-training Algorithm for Cross-lingual Representation Learning,October 2023
Large Language Models Are Semi-Parametric Reinforcement Learning Agents,"9 June, 2023"
Molecule Joint Auto-Encoding: Trajectory Pretraining with 2D and 3D Diffusion,December 2023
Joint Learning of Label and Environment Causal Independence for Graph Out-of-Distribution Generalization,"1 June, 2023"
ConDaFormer: Disassembled Transformer with Local Structure Enhancement for 3D Point Cloud Understanding,December 2023
Minimax Optimal Rate for Parameter Estimation in Multivariate Deviated Models,"27 January, 2023"
Robust Multi-Agent Reinforcement Learning via Adversarial Regularization: Theoretical Foundation and Stable Algorithms,October 2023
Mass-Producing Failures of Multimodal Systems with Language Models,"21 June, 2023"
LayoutPrompter: Awaken the Design Ability of Large Language Models,November 2023
"Towards Evaluating Transfer-based Attacks Systematically, Practically, and Fairly",November 2023
Brain-like Flexible Visual Inference by Harnessing Feedback Feedforward Alignment,October 2023
Policy Space Diversity for Non-Transitive Games,"29 June, 2023"
A Randomized Approach to Tight Privacy Accounting,"16 April, 2023"
The Benefits of Being Distributional: Small-Loss Bounds for Reinforcement Learning,"25 May, 2023"
Improving Adversarial Transferability via Intermediate-level Perturbation Decay,"26 April, 2023"
"Simple, Scalable and Effective Clustering via One-Dimensional Projections",October 2023
Sequential Predictive Two-Sample and Independence Testing,"28 April, 2023"
Retaining Beneficial Information from Detrimental Data for Neural Network Repair,Not Found
Self-Supervised Learning of Representations for Space Generates Multi-Modular Grid Cells,November 2023
ResoNet: Noise-Trained Physics-Informed MRI Off-Resonance Correction,Not Found
SQ Lower Bounds for Learning Mixtures of Linear Classifiers,October 2023
Sparse Modular Activation for Efficient Sequence Modeling,"19 June, 2023"
Rank-1 Matrix Completion with Gradient Descent and Small Random Initialization,"19 December, 2022"
Cross-Scale MAE: A Tale of Multiscale Exploitation in Remote Sensing,Not Found
Rethinking the Backward Propagation for Adversarial Transferability,"22 June, 2023"
Approximate Allocation Matching for Structural Causal Bandits with Unobserved Confounders,Not Found
Truncated Affinity Maximization: One-class Homophily Modeling for Graph Anomaly Detection,"29 May, 2023"
Module-wise Adaptive Distillation for Multimodality Foundation Models,October 2023
Can Language Models Teach? Teacher Explanations Improve Student Performance via Personalization,Not Found
Make the U in UDA Matter: Invariant Consistency Learning for Unsupervised Domain Adaptation,"22 September, 2023"
Estimating Noise Correlations Across Continuous Conditions With Wishart Processes,"22 August, 2023"
STREAMER: Streaming Representation Learning and Event Segmentation in a Hierarchical Manner,Not Found
Provably Fast Convergence of Independent Natural Policy Gradient for Markov Potential Games,"15 October, 2023"
Seeing is not Believing: Robust Reinforcement Learning against Spurious Correlation,"15 July, 2023"
Sample Complexity for Quadratic Bandits: Hessian Dependent Bounds and Optimal Algorithms,"21 June, 2023"
Uncertainty-Aware Instance Reweighting for Off-Policy Learning,"11 March, 2023"
Adversarially Robust Distributed Count Tracking via Partial Differential Privacy,November 2023
Online Performative Gradient Descent for Learning Nash Equilibria in Decision-Dependent Games,Not Found
Functional Renyi Differential Privacy for Generative Modeling,Not Found
Simple and Asymmetric Graph Contrastive Learning without Augmentations,"28 October, 2023"
Efficient Equivariant Transfer Learning from Pretrained Models,"16 May, 2023"
Bounding the Invertibility of Privacy-preserving Instance Encoding using Fisher Information,May 2023
Autonomous Capability Assessment of Sequential Decision-Making Systems in Stochastic Settings,"7 June, 2023"
Partial Multi-Label Learning with Probabilistic Graphical Disambiguation,Not Found
Learning to Group Auxiliary Datasets for Molecule,"8 July, 2023"
Scaling Up Differentially Private LASSO Regularized Logistic Regression via Faster Frank-Wolfe Iterations,October 2023
On the Relationship Between Relevance and Conflict in Online Social Link Recommendations,"21 October, 2023"
QuadAttac$K$: A Quadratic Programming Approach to Learning Ordered Top-$K$ Adversarial Attacks,Not Found
UltraRE: Enhancing RecEraser for Recommendation Unlearning via Error Decomposition,Not Found
Towards Generic Semi-Supervised Framework for Volumetric Medical Image Segmentation,October 2023
Temporal Continual Learning with Prior Compensation for Human Motion Prediction,July 2025
TrojLLM: A Black-box Trojan Prompt Attack on Large Language Models,"11 June, 2023"
Offline Reinforcement Learning for Mixture-of-Expert Dialogue Management,"21 February, 2023"
Online Nonstochastic Model-Free Reinforcement Learning,"27 May, 2023"
Online Adaptive Policy Selection in Time-Varying Systems: No-Regret via Contractive Perturbations,"21 October, 2022"
Testing the General Deductive Reasoning Capacity of Large Language Models Using OOD Examples,"24 May, 2023"
Computing Approximate $\ell_p$ Sensitivities,"7 November, 2023"
Loss Decoupling for Task-Agnostic Continual Learning,Not Found
Modeling Dynamics over Meshes with Gauge Equivariant Nonlinear Message Passing,"30 October, 2023"
Quantifying the Cost of Learning in Queueing Systems,Not Found
Self-Supervised Visual Acoustic Matching,"27 July, 2023"
DynGFN: Towards Bayesian Inference of Gene Regulatory Networks with GFlowNets,"8 February, 2023"
Provably Efficient Algorithm for Nonstationary Low-Rank MDPs,August 2023
Practical and Asymptotically Exact Conditional Sampling in Diffusion Models,"30 June, 2023"
OneNet: Enhancing Time Series Forecasting Models under Concept Drift by Online Ensembling,September 2023
Dynamic Sparsity Is Channel-Level Sparsity Learner,"30 May, 2023"
Path following algorithms for $\ell_2$-regularized $M$-estimation with approximation guarantee,Not Found
TOA: Task-oriented Active VQA,Not Found
Keypoint-Augmented Self-Supervised Learning for Medical Image Segmentation with Limited Annotation,"2 October, 2023"
Self-Supervised Motion Magnification by Backpropagating Through Optical Flow,November 2023
Harnessing the power of choices in decision tree learning,"2 October, 2023"
Exploring and Interacting with the Set of Good Sparse Generalized Additive Models,"28 March, 2023"
Trust Region-Based Safe Distributional Reinforcement Learning for Multiple Constraints,"25 January, 2023"
Cross-Episodic Curriculum for Transformer Agents,October 2023
Hypothesis Selection with Memory Constraints,Not Found
Conformal PID Control for Time Series Prediction,July 2023
Energy Transformer,October 2025
State2Explanation: Concept-Based Explanations to Benefit Agent Learning and User Understanding,"21 September, 2023"
Guiding The Last Layer in Federated Learning with Pre-Trained Models,"6 June, 2023"
Stochastic Collapse: How Gradient Noise Attracts SGD Dynamics Towards Simpler Subnetworks,"7 June, 2023"
Statistical Knowledge Assessment for Large Language Models,"17 May, 2023"
Training neural operators to preserve invariant measures of chaotic attractors,"1 June, 2023"
Projection Regret: Reducing Background Bias for Novelty Detection via Diffusion Models,December 2023
When is Agnostic Reinforcement Learning Statistically Tractable?,Not Found
Expressive probabilistic sampling in recurrent neural networks,"22 August, 2023"
Gaussian Process Probes (GPP) for Uncertainty-Aware Probing,"29 May, 2023"
General Munchausen Reinforcement Learning with Tsallis Kullback-Leibler Divergence,Not Found
Cross-links Matter for Link Prediction: Rethinking the Debiased GNN from a Data Perspective,Not Found
Reproducibility in Multiple Instance Learning: A Case For Algorithmic Unit Tests,October 2023
FLSL: Feature-level Self-supervised Learning,"9 June, 2023"
ANTN: Bridging Autoregressive Neural Networks and Tensor Networks for Quantum Many-Body Simulation,"4 April, 2023"
Reward-agnostic Fine-tuning: Provable Statistical Benefits of Hybrid Reinforcement Learning,May 2023
The Grand Illusion: The Myth of Software Portability and Implications for ML Progress.,September 2023
Multi-task learning with summary statistics,"5 July, 2023"
StreamNet: Memory-Efficient Streaming Tiny Deep Learning Inference on the Microcontroller,Not Found
Data Quality in Imitation Learning,June 2023
TD Convergence: An Optimization Perspective,"30 June, 2023"
Probabilistic Invariant Learning with Randomized Linear Classifiers,"8 August, 2023"
Doubly Constrained Fair Clustering,May 2023
GAUCHE: A Library for Gaussian Processes in Chemistry,"6 December, 2022"
Online Ad Procurement in Non-stationary Autobidding Worlds,July 2023
Bayesian Risk-Averse Q-Learning with Streaming Observations,May 2023
Block-State Transformers,September 2024
Localized Symbolic Knowledge Distillation for Visual Commonsense Models,"8 December, 2023"
Collaboratively Learning Linear Models with Structured Missing Data,July 2023
Bi-Level Offline Policy Optimization with Limited Exploration,October 2023
Exploiting Connections between Lipschitz Structures for Certifiably Robust Deep Equilibrium Models,Not Found
Learning Nonparametric Latent Causal Graphs with Unknown Interventions,"5 June, 2023"
Contextual Gaussian Process Bandits with Neural Networks,Not Found
Bayesian Metric Learning for Uncertainty Quantification in Image Retrieval,"2 February, 2023"
Uncovering Meanings of Embeddings via Partial Orthogonality,October 2023
Riemannian Projection-free Online Learning,"30 May, 2023"
VeriX: Towards Verified Explainability of Deep Neural Networks,"2 December, 2022"
Online robust non-stationary estimation,Not Found
Scaling laws for language encoding models in fMRI,"19 May, 2023"
LIMA: Less Is More for Alignment,May 2023
Gradient-Based Feature Learning under Structured Data,September 2023
An Alternating Optimization Method for Bilevel Problems under the Polyak-Łojasiewicz Condition,Not Found
DESSERT: An Efficient Algorithm for Vector Set Search with Vector Set Queries,"27 October, 2022"
Efficient Adversarial Attacks on Online Multi-agent Reinforcement Learning,July 2023
Dissecting Chain-of-Thought: Compositionality through In-Context Filtering and Learning,"30 May, 2023"
PanoGen: Text-Conditioned Panoramic Environment Generation for Vision-and-Language Navigation,May 2023
The s-value: evaluating stability with respect to distributional shifts,"7 May, 2021"
Generating Images with Multimodal Language Models,September 2025
Successor-Predecessor Intrinsic Exploration,"24 May, 2023"
Blurred-Dilated Method for Adversarial Attacks,Not Found
CADet: Fully Self-Supervised Out-Of-Distribution Detection With Contrastive Learning,"4 October, 2022"
Effectively Learning Initiation Sets in Hierarchical Reinforcement Learning,Not Found
Any-to-Any Generation via Composable Diffusion,May 2023
OBJECT 3DIT: Language-guided 3D-aware Image Editing,July 2023
Binarized Neural Machine Translation,February 2023
A Competitive Algorithm for Agnostic Active Learning,"28 October, 2023"
Robust Concept Erasure via Kernelized Rate-Distortion Maximization,December 2023
Double Auctions with Two-sided Bandit Feedback,"12 August, 2022"
Lower Bounds on Adaptive Sensing for Matrix Recovery,"28 November, 2023"
FedNAR: Federated Optimization with Normalized Annealing Regularization,October 2023
End-To-End Latent Variational Diffusion Models for Inverse Problems in High Energy Physics,May 2023
Density of States Prediction of Crystalline Materials via Prompt-guided Multi-Modal Transformer,"24 October, 2023"
GeoCLIP: Clip-Inspired Alignment between Locations and Images for Effective Worldwide Geo-localization,"27 September, 2023"
Learning threshold neurons via edge of stability,"14 December, 2022"
The Emergence of Essential Sparsity in Large Pre-trained Models: The Weights that Matter,"6 June, 2023"
Distributed Inference and Fine-tuning of Large Language Models Over The Internet,December 2023
Mechanic: A Learning Rate Tuner,"31 May, 2023"
StateMask: Explaining Deep Reinforcement Learning through State Mask,Not Found
Adaptive Privacy Composition for Accuracy-first Mechanisms,"23 June, 2023"
Learning to Tokenize for Generative Retrieval,April 2023
Temporally Disentangled Representation Learning under Unknown Nonstationarity,"28 October, 2023"
The Adversarial Consistency of Surrogate Risks for Binary Classification,"17 May, 2023"
Improving the Privacy and Practicality of Objective Perturbation for Differentially Private Linear Learners,January 2024
Isometric Quotient Variational Auto-Encoders for Structure-Preserving Representation Learning,Not Found
Context-lumpable stochastic bandits,"22 June, 2023"
Embracing the chaos: analysis and diagnosis of numerical instability in variational flows,"12 July, 2023"
Diverse Conventions for Human-AI Collaboration,October 2023
Improving Language Plasticity via Pretraining with Active Forgetting,"3 July, 2023"
RECKONING: Reasoning through Dynamic Knowledge Encoding,"10 May, 2023"
Optimistic Rates for Multi-Task Representation Learning,Not Found
Neural Priming for Sample-Efficient Adaptation,"16 June, 2023"
Solving Linear Inverse Problems Provably via Posterior Sampling with Latent Diffusion Models,July 2023
Are GATs Out of Balance?,Not Found
The Quantization Model of Neural Scaling,"23 March, 2023"
Approximation-Generalization Trade-offs under (Approximate) Group Equivariance,"27 May, 2023"
Easy Learning from Label Proportions,"6 February, 2023"
Propagating Knowledge Updates to LMs Through Distillation,"15 June, 2023"
Sub-optimality of the Naive Mean Field approximation for proportional high-dimensional Linear Regression,October 2023
H2O: Heavy-Hitter Oracle for Efficient Generative Inference of Large Language Models,Not Found
Learning Curves for Noisy Heterogeneous Feature-Subsampled Ridge Ensembles,"6 July, 2023"
Distributionally Robust Ensemble of Lottery Tickets Towards Calibrated  Sparse Network Training,Not Found
Scenario Diffusion: Controllable Driving Scenario Generation With Diffusion,"16 May, 2025"
Actively Testing Your Model While It Learns: Realizing Label-Efficient Learning in Practice,Not Found
Fragment-based Pretraining and Finetuning on Molecular Graphs,"4 October, 2023"
AVIS: Autonomous Visual Information Seeking with Large Language Model Agent,"13 June, 2023"
Non-Stationary Bandits with Auto-Regressive Temporal Dependency,"28 October, 2022"
Resetting the Optimizer in Deep RL: An Empirical Study,"30 June, 2023"
When are ensembles really effective?,Not Found
Learning Repeatable Speech Embeddings Using An Intra-class Correlation Regularizer,October 2023
Feature Selection in the Contrastive Analysis Setting,October 2023
GradOrth: A Simple yet Efficient Out-of-Distribution Detection with Orthogonal Projection of Gradients,August 2023
On the Convergence to a Global Solution of Shuffling-Type Gradient Algorithms,"12 June, 2022"
(Amplified) Banded Matrix Factorization: A unified approach to private training,"13 June, 2023"
Reliable learning in challenging environments,"6 April, 2023"
Learning to Reason and Memorize with Self-Notes,"1 May, 2023"
Window-Based Distribution Shift Detection for Deep Neural Networks,"19 October, 2022"
Label-Retrieval-Augmented Diffusion Models for Learning from Noisy Labels,"30 May, 2023"
Intervention Generalization: A View from Factor Graph Models,"6 June, 2023"
DP-Mix: Mixup-based Data Augmentation for Differentially Private Learning,November 2023
DIN-SQL: Decomposed In-Context Learning of Text-to-SQL with Self-Correction,"21 April, 2023"
Mirror Diffusion Models for Constrained and Watermarked Generation,"2 October, 2023"
Exact Representation of Sparse Networks with Symmetric Nonnegative Embeddings,"4 November, 2021"
"Large language models transition from integrating across position-yoked, exponential windows to structure-yoked, power-law windows",Not Found
Marich: A Query-efficient Distributionally Equivalent Model Extraction Attack,"16 February, 2023"
Are Diffusion Models Vision-And-Language Reasoners?,Not Found
FAMO: Fast Adaptive Multitask Optimization,"6 June, 2023"
Diffusion-TTA: Test-time Adaptation of Discriminative Models via Generative Feedback,"27 November, 2023"
Adaptive Contextual Perception: How To Generalize To New Backgrounds and Ambiguous Objects,"9 June, 2023"
What Can We Learn from Unlearnable Datasets?,Not Found
Online Ad Allocation with Predictions,February 2024
Eliciting User Preferences for Personalized Multi-Objective Decision Making through Comparative Feedback,"7 February, 2023"
Label Robust and Differentially Private Linear Regression: Computational and Statistical Efficiency,Not Found
On the Sublinear Regret of GP-UCB,"14 July, 2023"
On Imitation in Mean-field Games,June 2023
Optimistic Exploration in Reinforcement Learning Using Symbolic Model Estimates,Not Found
Strategic Classification under Unknown Personalized Manipulation,"25 May, 2023"
$k$-Means Clustering with Distance-Based Privacy,October 2025
RoboCLIP: One Demonstration is Enough to Learn Robot Policies,October 2023
CORNN: Convex optimization of recurrent neural networks for rapid inference of neural dynamics,November 2023
CWCL: Cross-Modal Transfer with Continuously Weighted Contrastive Loss,September 2023
DPOK: Reinforcement Learning for Fine-tuning Text-to-Image Diffusion Models,"25 May, 2023"
Unconstrained Dynamic Regret via Sparse Coding,"30 January, 2023"
One-Pass Distribution Sketch for Measuring Data Heterogeneity in Federated Learning,Not Found
Feature-Learning Networks Are Consistent Across Widths At Realistic Scales,"28 May, 2023"
Path Regularization: A Convexity and Sparsity Inducing Regularization for Parallel ReLU Networks,"18 October, 2021"
On the Role of Noise in the Sample Complexity of Learning Recurrent Neural Networks: Exponential Gaps for Long Sequences,May 2023
Near-Optimal Bounds for Learning Gaussian Halfspaces with Random Classification Noise,July 2023
Meek Separators and Their Applications in Targeted Causal Discovery,October 2023
The Crucial Role of Normalization in Sharpness-Aware Minimization,"24 May, 2023"
Causal Imitability Under Context-Specific Independence Relations,"1 June, 2023"
Identifiability Guarantees for Causal Disentanglement from Soft Interventions,"12 July, 2023"
Self-Refine: Iterative Refinement with Self-Feedback,"30 March, 2023"
Boosting with Tempered Exponential Measures,June 2023
Achieving $\mathcal{O}(\epsilon^{-1.5})$ Complexity in Hessian/Jacobian-free Stochastic Bilevel Optimization,Not Found
TART: A plug-and-play Transformer module for task-agnostic reasoning,June 2023
Reward-Directed Conditional Diffusion: Provable Distribution Estimation and Reward Improvement,July 2023
Demo2Code: From Summarizing Demonstrations to Synthesizing Code via Extended Chain-of-Thought,"26 May, 2023"
Distribution Learnability and Robustness,June 2025
Performance Bounds for Policy-Based Average Reward Reinforcement Learning Algorithms,"2 February, 2023"
Distilling Out-of-Distribution Robustness from Vision-Language Foundation Models,"2 November, 2023"
An $\varepsilon$-Best-Arm Identification Algorithm for Fixed-Confidence and Beyond,"25 May, 2023"
Time Series as Images: Vision Transformer for Irregularly Sampled Time Series,"1 March, 2023"
CELLE-2: Translating Proteins to Pictures and Back with a Bidirectional Text-to-Image Transformer,Not Found
Explaining Predictive Uncertainty with Information Theoretic Shapley Values,"9 June, 2023"
The Transient Nature of Emergent In-Context Learning in Transformers,"14 November, 2023"
Im-Promptu: In-Context Composition from Image Prompts,"26 May, 2023"
Scalable Membership Inference Attacks via Quantile Regression,July 2023
Augmenting Language Models with Long-Term Memory,June 2025
Fairness Continual Learning Approach to Semantic Scene Understanding in Open-World Environments,"25 May, 2023"
Information-guided Planning: An Online Approach for Partially Observable Problems,Not Found
Lockdown: Backdoor Defense for Federated Learning  with Isolated Subspace Training,Not Found
A Logic for Expressing Log-Precision Transformers,"6 October, 2022"
Energy Discrepancies: A Score-Independent Loss for Energy-Based Models,"12 July, 2023"
Fast Optimal Locally Private Mean Estimation via Random Projections,"7 June, 2023"
On the impact of activation  and normalization in obtaining  isometric embeddings at initialization,"28 May, 2023"
FedGame: A Game-Theoretic Defense against Backdoor Attacks in Federated Learning,Not Found
Zero-One Laws of Graph Neural Networks,"30 January, 2023"
Deep Stochastic Processes via Functional Markov Transition Operators,May 2023
Robust Learning with Progressive Data Expansion Against Spurious Correlation,"8 June, 2023"
Lending Interaction Wings to Recommender Systems with Conversational Agents,October 2023
What can a Single Attention Layer Learn? A Study Through the Random Features Lens,Not Found
Active representation learning for general task space with applications in robotics,June 2023
Analyzing Vision Transformers for Image Classification in Class Embedding Space,October 2023
Regularity as Intrinsic Reward for Free Play,December 2023
Adaptive Algorithms for Relaxed Pareto Set Identification,"1 July, 2023"
Fitting trees to $\ell_1$-hyperbolic distances,September 2024
Formalizing locality for normative synaptic plasticity models,Not Found
Thin and deep Gaussian processes,October 2023
Tempo Adaptation in Non-stationary Reinforcement Learning,"26 September, 2023"
Reconciling Competing Sampling Strategies of Network Embedding,Not Found
Convergence of Actor-Critic with Multi-Layer Neural Networks,Not Found
On the Generalization Properties of Diffusion Models,August 2025
An Efficient Doubly-Robust Test for the Kernel Treatment Effect,"25 April, 2023"
Incentivizing Honesty among Competitors in Collaborative Learning and Optimization,"25 May, 2023"
From Trainable Negative Depth to Edge Heterophily in Graphs,Not Found
PoET: A generative model of protein families as sequences-of-sequences,"9 June, 2023"
Conformal Prediction for Uncertainty-Aware Planning with Diffusion Dynamics Model,Not Found
ConRad: Image Constrained Radiance Fields for 3D Generation from a Single Image,November 2023
A Unified Fast Gradient Clipping Framework for DP-SGD,Not Found
LART: Neural Correspondence Learning with Latent Regularization Transformer for 3D Motion Transfer,Not Found
Neural Data Transformer 2: Multi-context Pretraining for Neural Spiking Activity,Not Found
Penguin: Parallel-Packed Homomorphic Encryption for Fast Graph Convolutional Network Inference,Not Found
Winner-Take-All Column Row Sampling for Memory Efficient Adaptation of Language Model,"24 May, 2023"
SLM: A Smoothed First-Order Lagrangian Method for Structured Constrained Nonconvex Optimization,Not Found
Neural approximation of Wasserstein distance via a universal architecture for symmetric and factorwise group invariant functions,"1 August, 2023"
Hyper-HMM: aligning human brains and semantic features in a common latent event space,Not Found
Learning better with Dale’s Law: A Spectral Perspective,Not Found
Long Sequence Hopfield Memory,July 2025
Minimum norm interpolation by perceptra: Explicit regularization and implicit bias,November 2023
Exposing flaws of generative model evaluation metrics and their unfair treatment of diffusion models,"7 June, 2023"
Unified Lower Bounds for Interactive High-dimensional Estimation under Information Constraints,"13 October, 2020"
On the Robustness of Mechanism Design under Total Variation Distance,October 2023
Complexity of Derivative-Free Policy Optimization for Structured $\mathcal{H}_\infty$ Control,Not Found
Asynchronous Proportional Response Dynamics: Convergence in Markets with Adversarial Scheduling,Not Found
Learning via Wasserstein-Based High Probability Generalisation Bounds,"7 June, 2023"
Reward Finetuning for Faster and More Accurate Unsupervised Object Discovery,"29 October, 2023"
Swarm Reinforcement Learning for Adaptive Mesh Refinement,June 2024
Taking the neural sampling code very seriously: A data-driven approach for evaluating generative models of the visual system,Not Found
Online Pricing for Multi-User Multi-Item Markets,Not Found
Fixing the NTK: From Neural Network Linearizations to Exact Convex Programs,September 2023
Systematic Visual Reasoning through Object-Centric Relational Abstraction,"4 June, 2023"
On the Statistical Consistency of Risk-Sensitive Bayesian Decision-Making,"12 March, 2019"
$\texttt{TACO}$: Temporal Latent Action-Driven Contrastive Loss for Visual Reinforcement Learning,Not Found
Latent Diffusion for Language Generation,"31 May, 2025"
Test-Time Amendment with a Coarse Classifier for Fine-Grained Classification,"1 February, 2023"
Causal Fairness for Outcome Control,June 2023
Privacy Amplification via Compression: Achieving the Optimal Privacy-Accuracy-Communication Trade-off in Distributed Mean Estimation,April 2023
Representation Equivalent Neural Operators: a Framework for Alias-free Operator Learning,"31 May, 2023"
Unsupervised Learning for Solving the Travelling Salesman Problem,"18 March, 2023"
PlanE: Representation Learning over Planar Graphs,"3 July, 2023"
LinGCN: Structural Linearized Graph Convolutional Network for Homomorphically Encrypted Inference,"25 September, 2023"
Collapsed Inference for Bayesian Deep Learning,"16 June, 2023"
RegBN: Batch Normalization of Multimodal Data with Regularization,"1 October, 2023"
Policy Optimization for Continuous Reinforcement Learning,"25 July, 2025"
A Causal Framework for Decomposing Spurious Variations,June 2023
Video-Mined Task Graphs for Keystep Recognition in Instructional Videos,"17 July, 2023"
Algorithm Selection for Deep Active Learning with Imbalanced Datasets,"14 February, 2023"
Goal Driven Discovery of Distributional Differences via Language Descriptions,"27 February, 2023"
Towards Understanding the Dynamics of Gaussian-Stein Variational Gradient Descent,"23 May, 2023"
Loss Dynamics of Temporal Difference Reinforcement Learning,"10 July, 2023"
When Do Graph Neural Networks Help with Node Classification? Investigating the Homophily Principle on Node Distinguishability,Not Found
VLATTACK: Multimodal Adversarial Attacks on Vision-Language Tasks via Pre-trained Models,"6 October, 2023"
Sampling weights of deep neural networks,"29 June, 2023"
Towards Label Position Bias in Graph Neural Networks,May 2023
Active Observing in Continuous-time Control,Not Found
"Neural Image Compression: Generalization, Robustness, and Spectral Biases","17 July, 2023"
"Three-Way Trade-Off in Multi-Objective Learning: Optimization, Generalization and Conflict-Avoidance","31 May, 2023"
How Does Adaptive Optimization Impact Local Neural Network Geometry?,Not Found
Near-Optimal Algorithms for Gaussians with Huber Contamination: Mean Estimation and Linear Regression,December 2023
In Defense of Softmax Parametrization for Calibrated and Consistent Learning to Defer,November 2023
Streaming Algorithms and Lower Bounds for Estimating Correlation Clustering Cost,Not Found
Gaussian Differential Privacy on Riemannian Manifolds,November 2023
Deep Gaussian Markov Random Fields for Graph-Structured Dynamical Systems,"14 June, 2023"
Norm-based Generalization Bounds for Sparse Neural Networks,January 2023
Replicable Reinforcement Learning,"10 September, 2025"
CorresNeRF: Image Correspondence Priors for Neural Radiance Fields,December 2023
Stability of Random Forests and Coverage of Random-Forest Prediction Intervals,October 2023
Maximum Independent Set: Self-Training through Dynamic Programming,October 2023
Curriculum Learning for Graph Neural Networks: Which Edges Should We Learn First,October 2023
On the Importance of Exploration for Generalization in Reinforcement Learning,June 2023
A Unified Approach to Count-Based Weakly Supervised Learning,November 2023
"Patch n’ Pack: NaViT, a Vision Transformer for any Aspect Ratio and Resolution",July 2023
On Single-Index Models beyond Gaussian Data,"28 July, 2023"
Comparing Apples to Oranges: Learning Similarity Functions for Data Produced by Different Distributions,"26 August, 2022"
Accelerating Motion Planning via Optimal Transport,"27 September, 2023"
A General Framework for Robust G-Invariance in G-Equivariant Networks,"27 October, 2023"
Transformers are uninterpretable with myopic methods: a case study with bounded Dyck grammars,December 2023
Towards Personalized Federated Learning via Heterogeneous Model Reassembly,"16 August, 2023"
Every Parameter Matters: Ensuring the Convergence of Federated Learning with Dynamic Heterogeneous Models Reduction,"12 October, 2023"
EgoDistill: Egocentric Head Motion Distillation for Efficient Video Understanding,January 2023
A Neural Collapse Perspective on Feature Evolution in Graph Neural Networks,"4 July, 2023"
FlowCam: Training Generalizable 3D Radiance Fields without Camera Poses via Pixel-Aligned Scene Flow,June 2023
Provably Efficient Offline Goal-Conditioned Reinforcement Learning with General Function Approximation and Single-Policy Concentrability,"7 February, 2023"
Debiasing Conditional Stochastic Optimization,"20 April, 2023"
Fantastic Weights and How to Find Them: Where to Prune in Dynamic Sparse Training,"21 June, 2023"
A Variational Perspective on High-Resolution ODEs,November 2023
Algorithmic Regularization in Tensor Optimization: Towards a Lifted Approach in Matrix Sensing,October 2023
On Computing Pairwise Statistics with Local Differential Privacy,June 2024
Change point detection and inference in multivariate non-parametric models under mixing conditions,Not Found
Brain encoding models based on multimodal transformers can transfer across language and vision,May 2023
On the Identifiability of Sparse ICA without Assuming Non-Gaussianity,August 2024
Risk-Averse Model Uncertainty for Distributionally Robust Safe Reinforcement Learning,"29 January, 2023"
Uni-ControlNet: All-in-One Control to Text-to-Image Diffusion Models,"25 May, 2023"
Unbalanced Low-rank Optimal Transport Solvers,May 2023
Towards Last-layer Retraining for Group Robustness with Fewer Annotations,"15 September, 2023"
Differentiable Sampling of Categorical Distributions Using the CatLog-Derivative Trick,November 2023
Importance Weighted Actor-Critic for Optimal Conservative Offline Reinforcement Learning,"30 January, 2023"
Meet in the Middle: A New Pre-training Paradigm,March 2023
Adversarial Examples Are Not Real Features,March 2024
Debiasing Pretrained Generative Models by Uniformly Sampling Semantic Attributes,Not Found
Combinatorial Group Testing with Selfish Agents,Not Found
A graphon-signal analysis of graph neural networks,August 2025
Generative Neural Fields by Mixtures of Neural Implicit Functions,October 2023
Real-Time Motion Prediction via Heterogeneous Polyline Transformer with Relative Pose Encoding,October 2023
Unleashing the Power of Randomization in Auditing Differentially Private ML,May 2023
SyncTREE: Fast Timing Analysis for Integrated Circuit Design through a Physics-informed Tree-based Graph Neural Network,Not Found
On the Importance of Feature Separability in Predicting Out-Of-Distribution Error,"27 March, 2023"
Monte Carlo Tree Search with Boltzmann Exploration,April 2024
CycleNet: Rethinking Cycle Consistency in Text-Guided Diffusion for Image Manipulation,"19 October, 2023"
Faster approximate subgraph counts with privacy,Not Found
Supply-Side Equilibria in Recommender Systems,"27 June, 2022"
PETAL: Physics Emulation Through Averaged Linearizations for Solving Inverse Problems,May 2023
Robust Contrastive Language-Image Pretraining against Data Poisoning and Backdoor Attacks,Not Found
CBD: A Certified Backdoor Detector Based on Local Dominant Probability,"26 October, 2023"
Amortized Reparametrization: Efficient and Scalable Variational Inference for Latent SDEs,December 2023
Differentiable Clustering with Perturbed Spanning Forests,"25 May, 2023"
Retrieval-Augmented Multiple Instance Learning,Not Found
Improved Bayes Risk Can Yield Reduced Social Welfare Under Competition,"26 June, 2023"
On the Exploration of Local Significant Differences For Two-Sample Test,Not Found
Meta-Learning with Neural Bandit Scheduler,Not Found
Learning Causal Models under Independent Changes,Not Found
Neural Combinatorial Optimization with Heavy Decoder: Toward Large Scale Generalization,"11 October, 2023"
Pengi: An Audio Language Model for Audio Tasks,"19 May, 2023"
Beyond MLE: Convex Learning for Text Generation,October 2023
Cognitive Steering in Deep Neural Networks via Long-Range Modulatory Feedback Connections,Not Found
Moment Matching Denoising Gibbs Sampling,"19 May, 2023"
Optimal Excess Risk Bounds for Empirical Risk Minimization on $p$-Norm Linear Regression,"18 October, 2023"
TIES-Merging: Resolving Interference When Merging Models,"2 June, 2023"
Joint processing of linguistic properties in brains and language models,"15 December, 2022"
Self-Correcting Bayesian Optimization through Bayesian Active Learning,"21 April, 2023"
Sketchy: Memory-efficient Adaptive Regularization with Frequent Directions,"7 February, 2023"
GEQ: Gaussian Kernel Inspired Equilibrium Models,Not Found
Oracle Complexity of Single-Loop Switching Subgradient Methods for Non-Smooth Weakly Convex Functional Constrained Optimization,"30 January, 2023"
Minimax Forward and Backward Learning of Evolving Tasks with Performance Guarantees,October 2023
Creating Multi-Level Skill Hierarchies in Reinforcement Learning,"16 June, 2023"
Asynchrony-Robust Collaborative Perception via Bird's Eye View Flow,"28 September, 2023"
Rethinking Semi-Supervised Imbalanced Node Classification from Bias-Variance Decomposition,"28 October, 2023"
Speculative Decoding with Big Little Decoder,"15 February, 2023"
ImageReward: Learning and Evaluating Human Preferences for Text-to-Image Generation,"12 April, 2023"
De novo Drug Design using Reinforcement Learning with Multiple GPT Agents,January 2024
Single-Call Stochastic Extragradient Methods for Structured Non-monotone Variational Inequalities: Improved Analysis under Weaker Conditions,"27 February, 2023"
CLeAR: Continual Learning on Algorithmic Reasoning for Human-like Intelligence,Not Found
Differentially Private Decoupled Graph Convolutions for Multigranular Topology Protection,"12 July, 2023"
Equivariant Neural Simulators for Stochastic Spatiotemporal Dynamics,"23 May, 2023"
Personalized Dictionary Learning for Heterogeneous Datasets,May 2023
Expert load matters: operating networks at high accuracy and low manual effort,"9 August, 2023"
Implicit Convolutional Kernels for Steerable CNNs,"12 December, 2022"
Multi-Agent Learning with Heterogeneous Linear Contextual Bandits,Not Found
Interpretable Prototype-based Graph Information Bottleneck,September 2024
Probabilistic Exponential Integrators,"24 May, 2023"
Back-Modality: Leveraging Modal Transformation for Data Augmentation,Not Found
To Repeat or Not To Repeat: Insights from Scaling LLM under Token-Crisis,"22 May, 2023"
Multi-Swap k-Means++,"28 September, 2023"
Improved Best-of-Both-Worlds Guarantees for Multi-Armed Bandits: FTRL with General Regularizers and Multiple Optimal Arms,"27 February, 2023"
DFRD: Data-Free Robustness Distillation for Heterogeneous Federated Learning,"24 September, 2023"
Neural Modulation for Flash Memory: An Unsupervised Learning Framework for Improved Reliability,Not Found
ViSt3D: Video Stylization with 3D CNN,Not Found
Iterative Reachability Estimation for Safe Reinforcement Learning,September 2023
Evolving Standardization for Continual Domain Generalization over Temporal Drift,Not Found
Efficient Neural Music Generation,May 2023
Bounding training data reconstruction in DP-SGD,"14 February, 2023"
DeepACO: Neural-enhanced Ant Systems for Combinatorial Optimization,"25 September, 2023"
Sequential Memory with Temporal Predictive Coding,"19 May, 2023"
Robust low-rank training via approximate orthonormal constraints,June 2023
Parts of Speech–Grounded Subspaces in Vision-Language Models,"23 May, 2023"
Counting Distinct Elements in the Turnstile Model with Differential Privacy under Continual Observation,"11 June, 2023"
Color Equivariant Convolutional Networks,October 2023
Learning Efficient Surrogate Dynamic Models with Graph Spline Networks,October 2023
Optimization and Bayes: A Trade-off for Overparameterized Neural Networks,Not Found
A Unified Solution for Privacy and Communication Efficiency in Vertical Federated Learning,Not Found
Imitation Learning from Vague Feedback,Not Found
Complementary Benefits of Contrastive Learning and Self-Training Under Distribution Shift,December 2023
Towards Efficient Image Compression Without Autoregressive Models,Not Found
Mixture Weight Estimation and Model Prediction in Multi-source Multi-target Domain Adaptation,"19 September, 2023"
Sample-Conditioned Hypothesis Stability Sharpens Information-Theoretic Generalization Bounds,October 2023
Robust Matrix Sensing in the Semi-Random Model,Not Found
FourierGNN: Rethinking Multivariate Time Series Forecasting from a Pure Graph Perspective,November 2023
Discovering General Reinforcement Learning Algorithms with Adversarial Environment Design,October 2023
Low Tensor Rank Learning of Neural Dynamics,"22 August, 2023"
Differentiable Random Partition Models,"26 May, 2023"
Leveraging Locality and Robustness to Achieve Massively Scalable Gaussian Process Regression,"26 June, 2023"
Three Iterations of (d − 1)-WL Test Distinguish Non Isometric Clouds of d-dimensional Points,"22 March, 2023"
Frequency-domain MLPs are More Effective Learners in Time Series Forecasting,November 2023
SAMoSSA:  Multivariate Singular Spectrum Analysis with Stochastic Autoregressive Noise,"25 May, 2023"
Diffused Redundancy in Pre-trained Representations,"31 May, 2023"
Stochastic Optimal Control for Collective Variable Free Sampling of Molecular Transition Paths,"27 June, 2022"
Cluster-aware Semi-supervised Learning: Relational Knowledge Distillation Provably Learns Clustering,"20 July, 2023"
On kernel-based statistical learning theory in the mean field limit,Not Found
Adjustable Robust Reinforcement Learning for Online 3D Bin Packing,October 2023
Fair Graph Distillation,"30 November, 2024"
Where are we in the search for an Artificial Visual Cortex for Embodied Intelligence?,Not Found
Moral Responsibility for AI Systems,October 2023
Inverse Dynamics Pretraining Learns Good Representations for Multitask Imitation,"26 May, 2023"
Sorting with Predictions,March 2025
Direct Diffusion Bridge using Data Consistency for Inverse Problems,"31 May, 2023"
Error Discovery By Clustering Influence Embeddings,December 2023
No-Regret Online Reinforcement Learning with Adversarial Losses and Transitions,"27 May, 2023"
Direction-oriented Multi-objective Learning: Simple and Provable Stochastic Algorithms,"28 May, 2023"
Flow-Based Feature Fusion for Vehicle-Infrastructure Cooperative 3D Object Detection,November 2023
Stochastic Approximation Approaches to Group Distributionally Robust Optimization,"18 February, 2023"
ContiFormer: Continuous-Time Transformer for Irregular Time Series Modeling,February 2024
Beyond Average Return in Markov Decision Processes,"6 December, 2023"
Estimating and Controlling for Equalized Odds via Sensitive Attribute Predictors,"25 July, 2022"
Sparse Parameterization for Epitomic Dataset Distillation,Not Found
Understanding Few-Shot Learning: Measuring Task Relatedness and Adaptation Difficulty via Attributes,Not Found
RECESS Vaccine for Federated Learning: Proactive Defense Against Model Poisoning Attacks,October 2023
SALSA VERDE: a machine learning attack on LWE with sparse small secrets,Not Found
Federated Learning with Bilateral Curation for Partially Class-Disjoint Data,May 2024
On the Identifiability and Interpretability of Gaussian Process Models,October 2023
Towards Efficient and Accurate Winograd Convolution via Full Quantization,Not Found
Semantic segmentation of sparse irregular point clouds for leaf/wood discrimination,"26 May, 2023"
AmadeusGPT: a natural language interface for interactive animal behavioral analysis,July 2023
Sampling from Structured Log-Concave Distributions via a Soft-Threshold Dikin Walk,Not Found
Efficient Exploration in Continuous-time Model-based Reinforcement Learning,October 2023
On the Power of SVD in the Stochastic Block Model,September 2023
Learning Visual Prior via Generative Pre-Training,"23 May, 2023"
A Pseudo-Semantic Loss for Autoregressive Models with Logical Constraints,"6 December, 2023"
A Fractional Graph Laplacian Approach to Oversmoothing,"22 May, 2023"
Learning Regularized Monotone Graphon Mean-Field Games,October 2023
Learning From Biased Soft Labels,February 2023
Does Invariant Graph Learning via Environment Augmentation Learn Invariance?,Not Found
Large language models implicitly learn to straighten neural sentence trajectories to construct a predictive representation of natural language.,November 2023
Structure of universal formulas,November 2023
DreamWaltz: Make a Scene with Complex 3D Animatable Avatars,"21 May, 2023"
Understanding Neural Network Binarization with Forward and Backward Proximal Quantizers,February 2024
Noether Embedding: Efficient Learning of Temporal Regularities,Not Found
An Optimization-based Approach To Node Role Discovery in Networks: Approximating Equitable Partitions,May 2023
Understanding and Improving Feature Learning for Out-of-Distribution Generalization,"22 April, 2023"
The Tunnel Effect: Building Data Representations in Deep Neural Networks,"31 May, 2023"
Structure Learning with Adaptive Random Neighborhood Informed MCMC,November 2023
"FaceDNeRF: Semantics-Driven Face Reconstruction, Prompt Editing and Relighting with Diffusion Models","1 June, 2023"
Higher-Order Uncoupled Dynamics Do Not Lead to Nash Equilibrium - Except When They Do,"9 April, 2023"
Model-enhanced Vector Index,"23 September, 2023"
Fast Conditional Mixing of MCMC Algorithms for Non-log-concave Distributions,"18 June, 2023"
Learning Dictionary for Visual Attention,Not Found
Optimistic Active Exploration of Dynamical Systems,"21 June, 2023"
Label Correction of Crowdsourced Noisy Annotations with an Instance-Dependent Noise Transition Model,Not Found
Cookie Consent Has Disparate Impact on Estimation Accuracy,Not Found
Learning Large-scale Neural Fields via Context Pruned Meta-Learning,"1 February, 2023"
Asymptotics of Bayesian Uncertainty Estimation in Random Features Regression,"6 June, 2023"
Wasserstein distributional robustness of neural networks,October 2025
Recurrent Hypernetworks are Surprisingly Strong in Meta-RL,"26 September, 2023"
Getting ViT in Shape: Scaling Laws for Compute-Optimal Model Design,"22 May, 2023"
Transformer as a hippocampal memory consolidation model based on NMDAR-inspired nonlinearity,Not Found
Meta-in-context learning in large language models,April 2024
Multitask Learning with No Regret: from Improved Confidence Bounds to Active Learning,August 2023
Joint Data-Task Generation for Auxiliary Learning,Not Found
FairLISA: Fair User Modeling with Limited Sensitive Attributes Information,Not Found
Reusing Pretrained Models by Multi-linear Operators for Efficient Training,October 2023
Domain Adaptive Imitation Learning with Visual Observation,December 2023
Variational Weighting for Kernel Density Ratios,November 2023
Taming Local Effects in Graph-based Spatiotemporal Forecasting,"8 February, 2023"
On permutation symmetries in Bayesian neural network posteriors: a variational perspective,October 2023
Voicebox: Text-Guided Multilingual Universal Speech Generation at Scale,"23 June, 2023"
A Bayesian Take on Gaussian Process Networks,"20 June, 2023"
Local Convergence of Gradient Methods for Min-Max Games: Partial Curvature Generically Suffices,"26 May, 2023"
Granger Components Analysis: Unsupervised learning of latent temporal dependencies,Not Found
Navigating the Pitfalls of Active Learning Evaluation: A Systematic Framework for Meaningful Performance Assessment,"25 January, 2023"
MADG: Margin-based Adversarial Learning for Domain Generalization,November 2023
Constraint-Conditioned Policy Optimization for Versatile Safe Reinforcement Learning,"5 October, 2023"
ASIF: Coupled Data Turns Unimodal Models to Multimodal without Training,"4 October, 2022"
Towards Stable Backdoor Purification through Feature Shift Tuning,"3 October, 2023"
Nash Regret Guarantees for Linear Bandits,October 2023
"Federated Learning with Client Subsampling, Data Heterogeneity, and Unbounded Smoothness: A New Algorithm and Lower Bounds",Not Found
Multi-Prompt Alignment for Multi-Source Unsupervised Domain Adaptation,July 2025
Characterization of Overfitting in Robust Multiclass Classification,Not Found
"Stability-penalty-adaptive follow-the-regularized-leader: Sparsity, game-dependency, and best-of-both-worlds","26 May, 2023"
Computing Optimal Nash Equilibria in Multiplayer Games,Not Found
Probabilistic inverse optimal control for non-linear partially observable systems disentangles perceptual uncertainty and behavioral costs,"29 March, 2023"
An Optimal Structured Zeroth-order Algorithm for Non-smooth Optimization,"25 May, 2023"
Interpretable Reward Redistribution in Reinforcement Learning: A Causal Approach,"28 May, 2023"
Theoretical Analysis of the Inductive Biases in Deep Convolutional Networks,"15 May, 2023"
Entropy-based Training Methods for Scalable Neural Implicit Samplers,"8 June, 2023"
Learning Adversarial Low-rank Markov Decision Processes with Unknown Transition and Full-information Feedback,November 2023
Implicit Contrastive Representation Learning with Guided Stop-gradient,March 2025
Diffusion-Based Adversarial Sample Generation for Improved Stealthiness and Controllability,"25 May, 2023"
Balancing Risk and Reward: A Batched-Bandit Strategy for Automated Phased Release,Not Found
Knowledge Distillation Performs Partial Variance Reduction,"27 May, 2023"
3D-IntPhys: Towards More Generalized 3D-grounded Visual Intuitive Physics under Challenging Scenes,April 2023
Learning Space-Time Continuous Latent Neural PDEs from Partially Observed States,Not Found
Curve Your Enthusiasm: Concurvity Regularization in Differentiable Generalized Additive Models,"19 May, 2023"
Corruption-Robust Offline Reinforcement Learning with General Function Approximation,"23 October, 2023"
Geometric Neural Diffusion Processes,July 2023
Predicting mutational effects on protein-protein binding via a side-chain diffusion probabilistic model,October 2023
Gaussian Membership Inference Privacy,"12 June, 2023"
An Efficient and Robust Framework for Approximate Nearest Neighbor Search with Attribute Constraint,Not Found
Multi-task Graph Neural Architecture Search with Task-aware Collaboration and Curriculum,Not Found
Addressing Negative Transfer in Diffusion Models,"1 June, 2023"
Polynomially Over-Parameterized Convolutional Neural Networks Contain Structured Strong Winning Lottery Tickets,November 2023
Diff-Instruct: A Universal Approach for Transferring Knowledge From Pre-trained Diffusion Models,"29 May, 2023"
Towards a Unified Framework of Contrastive Learning for Disentangled Representations,November 2023
A Theory of Transfer-Based Black-Box Attacks: Explanation and Implications,Not Found
Convolution Monge Mapping Normalization for learning on sleep data,"30 May, 2023"
VPP: Efficient Conditional 3D Generation via Voxel-Point Progressive Representation,"28 July, 2023"
Triangulation Residual Loss for Data-efficient 3D Pose Estimation,Not Found
Cross-modal Active Complementary Learning with Self-refining Correspondence,"26 October, 2023"
Explore to Generalize in Zero-Shot RL,"5 June, 2023"
Hierarchical Multi-Agent Skill Discovery,"7 December, 2019"
Double Pessimism is Provably Efficient for Distributionally Robust Offline Reinforcement Learning: Generic Algorithm and Robust Partial Coverage,"16 May, 2023"
Adaptive Online Replanning with Diffusion Models,October 2023
Contrastive Modules with Temporal Attention for Multi-Task Reinforcement Learning,November 2023
Failure-Aware Gaussian Process Optimization with Regret Bounds,Not Found
A Theoretical Analysis of Optimistic Proximal Policy Optimization in Linear Markov Decision Processes,"15 May, 2023"
Multi-Agent First Order Constrained Optimization in Policy Space,Not Found
Active Bipartite Ranking,August 2017
Enhancing Adversarial Robustness via Score-Based Optimization,"9 July, 2023"
Accelerated Zeroth-order Method for Non-Smooth Stochastic Convex Optimization Problem with Infinite Variance,October 2023
RayDF: Neural Ray-surface Distance Fields with Multi-view Consistency,"30 October, 2023"
Class-Distribution-Aware Pseudo-Labeling for Semi-Supervised Multi-Label Learning,"4 May, 2023"
Mask Propagation for Efficient Video Semantic Segmentation,October 2023
Fantastic Robustness Measures: The Secrets of Robust Generalization,Not Found
The geometry of hidden representations of large transformer models,"1 February, 2023"
Two Heads are Better Than One: A Simple Exploration Framework for Efficient Multi-Agent Reinforcement Learning,Not Found
Sample-Efficient and Safe Deep Reinforcement Learning via Reset Deep Ensemble Agents,October 2023
Visual Programming for Step-by-Step Text-to-Image Generation and Evaluation,Not Found
Distributional Pareto-Optimal Multi-Objective Reinforcement Learning,Not Found
Reliable Off-Policy Learning for Dosage Combinations,"31 May, 2023"
Bounce: Reliable High-Dimensional Bayesian Optimization for Combinatorial and Mixed Spaces,"2 July, 2023"
Diffusion Representation for Asymmetric Kernels via Magnetic Transform,Not Found
Context Shift Reduction for Offline Meta-Reinforcement Learning,November 2023
Add and Thin: Diffusion for Temporal Point Processes,"2 November, 2023"
Efficient Diffusion Policies For Offline Reinforcement Learning,"31 May, 2023"
The CLIP Model is Secretly an Image-to-Prompt Converter,"22 May, 2023"
Optimal approximation using complex-valued neural networks,"29 March, 2023"
Learning Dense Flow Field for Highly-accurate Cross-view Camera Localization,"27 September, 2023"
MMGP: a Mesh Morphing Gaussian Process-based machine learning method for regression of physical problems under nonparametrized geometrical variability,Not Found
InstanT: Semi-supervised Learning with Instance-dependent Thresholds,October 2023
How to Select Which Active Learning Strategy is Best Suited for Your Specific Problem and Budget,"6 June, 2023"
Efficient Policy Adaptation with Contrastive Prompt Ensemble for Embodied Agents,December 2024
Mode Connectivity in Auction Design,"18 May, 2023"
Few-Shot Class-Incremental Learning via Training-Free Prototype Calibration,December 2023
One Risk to Rule Them All: A Risk-Sensitive Perspective on Model-Based Offline Reinforcement Learning,"30 November, 2022"
PPi: Pretraining Brain Signal Model for Patient-independent Seizure Detection,Not Found
Trial matching: capturing variability with data-constrained spiking neural networks,"6 June, 2023"
Mix-of-Show: Decentralized Low-Rank Adaptation for Multi-Concept Customization of Diffusion Models,"29 May, 2023"
A General Framework for Equivariant Neural Networks on Reductive Lie Groups,June 2023
Nearest Neighbour with Bandit Feedback,"23 June, 2023"
Curvature Filtrations for Graph Generative Model Evaluation,"30 January, 2023"
Adversarial Attacks on Online Learning to Rank with Click Feedback,May 2023
Bayesian nonparametric (non-)renewal processes for analyzing neural spike train variability,Not Found
L-C2ST: Local Diagnostics for Posterior Approximations in Simulation-Based Inference,"6 June, 2023"
MIMONets: Multiple-Input-Multiple-Output Neural Networks Exploiting Computation in Superposition,December 2023
Volume Feature Rendering for Fast Neural Radiance Field Reconstruction,"29 May, 2023"
FedL2P: Federated Learning to Personalize,October 2023
Continuous Parametric Optical Flow,Not Found
Extremal Domain Translation with Neural Optimal Transport,"30 January, 2023"
A Guide Through the Zoo of Biased SGD,May 2023
CamoPatch: An Evolutionary Strategy for Generating Camoflauged Adversarial Patches,Not Found
Boosting Adversarial Transferability by Achieving Flat Local Maxima,"8 June, 2023"
Taylor TD-learning,"27 February, 2023"
Towards Data-Algorithm Dependent Generalization: a Case Study on Overparameterized Linear Regression,"12 February, 2022"
How do Minimum-Norm Shallow Denoisers Look in Function Space?,Not Found
Training Fully Connected Neural Networks is $\exists\mathbb{R}$-Complete,"4 April, 2022"
The Rank-Reduced Kalman Filter: Approximate Dynamical-Low-Rank Filtering In High Dimensions,"13 June, 2023"
Optimal cross-learning for contextual bandits with unknown context distributions,January 2024
GeoTMI: Predicting Quantum Chemical Property with Easy-to-Obtain Geometry via Positional Denoising,Not Found
Greedy Pruning with Group Lasso Provably Generalizes for Matrix Sensing,"20 March, 2023"
Approximate inference of marginals using the IBIA framework,"1 June, 2023"
Unbiased constrained sampling with Self-Concordant Barrier Hamiltonian Monte Carlo,"21 October, 2022"
A Unified Framework for Rank-based Loss Minimization,"26 October, 2023"
On Evaluating Adversarial Robustness of Large Vision-Language Models,"14 March, 2024"
GUST: Combinatorial Generalization by Unsupervised Grouping with Neuronal Coherence,Not Found
Boosting Learning for LDPC Codes to Improve the Error-Floor Performance,"11 October, 2023"
LICO: Explainable Models with Language-Image COnsistency,October 2024
Softmax Output Approximation for Activation Memory-Efficient Training of Attention-based Networks,Not Found
Active Learning-Based Species Range Estimation,November 2023
Generative Modeling through the Semi-dual Formulation of Unbalanced Optimal Transport,"24 May, 2023"
Aging with GRACE: Lifelong Model Editing with Discrete Key-Value Adaptors,"20 November, 2022"
The Utility of “Even if” Semifactual Explanation to Optimise Positive Outcomes,October 2023
Beyond Black-Box Advice: Learning-Augmented Algorithms for MDPs with Q-Value Predictions,"19 July, 2023"
One-Line-of-Code Data Mollification Improves Optimization of Likelihood-based Generative Models,"30 May, 2023"
Dynamics Generalisation in Reinforcement Learning via Adaptive Context-Aware Policies,October 2023
Necessary and Sufficient Conditions for Optimal Decision Trees using Dynamic Programming,"31 May, 2023"
FreeMask: Synthetic Images with Dense Annotations Make Stronger Segmentation Models,October 2023
Mind the spikes: Benign overfitting of kernels and neural networks in fixed dimension,"23 May, 2023"
Removing Hidden Confounding in Recommendation: A Unified Multi-Task Learning Approach,Not Found
A Computationally Efficient Sparsified Online Newton Method,November 2023
Integration-free Training for Spatio-temporal Multimodal Covariate Deep Kernel Point Processes,October 2023
Task-Robust Pre-Training for Worst-Case Downstream Adaptation,"21 June, 2023"
Efficient Subgame Refinement for Extensive-form Games,Not Found
Recaptured Raw Screen Image and Video Demoiréing via Channel and Spatial Modulations,October 2023
Unleashing the Power of Graph Data Augmentation on Covariate Distribution Shift,"5 November, 2022"
Eliminating Catastrophic Overfitting Via Abnormal Adversarial Examples Regularization,"11 April, 2024"
Joint Bayesian Inference of Graphical Structure and Parameters with a Single Generative Flow Network,"30 May, 2023"
"Balance, Imbalance, and Rebalance: Understanding Robust Overfitting from a Minimax Game Perspective",October 2023
The Learnability of In-Context Learning,March 2023
Contextually Affinitive Neighborhood Refinery for Deep Clustering,"12 December, 2023"
Extracting Reward Functions from Diffusion Models,"1 June, 2023"
Riemannian stochastic optimization methods avoid strict saddle points,November 2023
DIFFER:Decomposing Individual Reward for Fair Experience Replay in Multi-Agent Reinforcement Learning,Not Found
Reining Generalization in Offline Reinforcement Learning via Representation Distinction,Not Found
InstructBLIP: Towards General-purpose Vision-Language Models with Instruction Tuning,"10 May, 2023"
Causal Context Connects Counterfactual Fairness to Robust Prediction and Group Fairness,October 2023
Exact recovery and Bregman hard clustering of node-attributed Stochastic Block Model,October 2023
Evaluating Neuron Interpretation Methods of NLP Models,"29 January, 2023"
Composing Parameter-Efficient Modules with Arithmetic Operation,"26 June, 2023"
Conformal Prediction for Time Series with Modern Hopfield Networks,"22 March, 2023"
Generalized equivalences between subsampling and ridge regularization,"29 May, 2023"
Convolutional Neural Operators for robust and accurate learning of PDEs,"2 February, 2023"
LambdaBeam: Neural Program Search with Higher-Order Functions and Lambdas,"3 June, 2023"
Accelerated On-Device Forward Neural Network Training with Module-Wise Descending Asynchronism,Not Found
Efficient Potential-based Exploration in Reinforcement Learning using Inverse Dynamic Bisimulation Metric,Not Found
"Triple Eagle: Simple, Fast and Practical Budget-Feasible Mechanisms",Not Found
Block Low-Rank Preconditioner with Shared Basis for Stochastic Optimization,Not Found
Empowering Collaborative Filtering with Principled Adversarial Contrastive Loss,October 2023
Provably Robust Temporal Difference Learning for Heavy-Tailed Rewards,June 2023
Particle-based Variational Inference with Generalized Wasserstein Gradient Flow,October 2023
Soft-Unification in Deep Probabilistic Logic,Not Found
Robust covariance estimation with missing values and cell-wise contamination,"1 June, 2023"
Investigating how ReLU-networks encode symmetries,"26 May, 2023"
Enhancing Minority Classes by Mixing: An Adaptative Optimal Transport Approach for Long-tailed Classification,Not Found
Activity Grammars for Temporal Action Segmentation,December 2023
GLOBER: Coherent Non-autoregressive Video Generation via GLOBal Guided Video DecodER,September 2023
Generate What You Prefer: Reshaping Sequential Recommendation via Guided Diffusion,October 2023
Learning Adaptive Tensorial Density Fields for Clean Cryo-ET Reconstruction,Not Found
Fine-Grained Cross-View Geo-Localization Using a Correlation-Aware Homography Estimator,August 2023
Adaptive Normalization for Non-stationary Time Series Forecasting: A Temporal Slice Perspective,Not Found
DiffTraj: Generating GPS Trajectory with Diffusion Probabilistic Model,"23 April, 2023"
SegRefiner: Towards Model-Agnostic Segmentation Refinement with Discrete Diffusion Process,December 2023
CSOT: Curriculum and Structure-Aware Optimal Transport for Learning with Noisy Labels,December 2023
Lift Yourself Up: Retrieval-augmented Text Generation with Self-Memory,"3 May, 2023"
Prompt Pre-Training with Twenty-Thousand Classes for Open-Vocabulary Visual Recognition,"10 April, 2023"
On the Consistency of Maximum Likelihood Estimation of Probabilistic Principal Component Analysis,"8 November, 2023"
AUDIT: Audio Editing by Following Instructions with Latent Diffusion Models,"3 April, 2023"
An active learning framework for multi-group mean estimation,May 2025
From ViT Features to Training-free Video Object Segmentation via Streaming-data Mixture Models,Not Found
Energy-Based Models for Anomaly Detection: A Manifold Diffusion Recovery Approach,October 2023
Unsupervised Image Denoising with Score Function,April 2023
Reward Scale Robustness for Proximal Policy Optimization via DreamerV3 Tricks,October 2023
Optimal Transport Model Distributional Robustness,"7 June, 2023"
NeRF-IBVS: Visual Servo Based on NeRF for Visual Localization and Navigation,Not Found
WalkLM: A Uniform Language Model Fine-tuning Framework for Attributed Graph Embedding,Not Found
On the Asymptotic Learning Curves of Kernel Ridge Regression under Power-law Decay,September 2023
Information Theoretic Lower Bounds for Information Theoretic Upper Bounds,"9 February, 2023"
Incomplete Multimodality-Diffused Emotion Recognition,June 2025
Iteratively Learn Diverse Strategies with State Distance Information,October 2023
"Contrast, Attend and Diffuse to Decode High-Resolution Images from Brain Activities","26 May, 2023"
RiskQ: Risk-sensitive Multi-Agent Reinforcement Learning Value Factorization,"3 November, 2023"
Object-Centric Learning for Real-World Videos by Predicting Temporal Feature Similarities,"7 June, 2023"
Sample-efficient Multi-objective Molecular Optimization with GFlowNets,"8 February, 2023"
SwapPrompt: Test-Time Prompt Adaptation for Vision-Language Models,Not Found
Flat Seeking Bayesian Neural Networks,"6 February, 2023"
Towards a fuller understanding of neurons with Clustered Compositional Explanations,October 2023
AR-Diffusion: Auto-Regressive Diffusion Model for Text Generation,"16 May, 2023"
XAGen: 3D Expressive Human Avatars Generation,November 2023
VAST: A Vision-Audio-Subtitle-Text Omni-Modality Foundation Model and Dataset,"29 May, 2023"
Generalized Logit Adjustment: Calibrating Fine-tuned Models by Removing Label Bias in Foundation Models,"12 October, 2023"
Constructing Non-isotropic Gaussian Diffusion Model Using Isotropic Gaussian Diffusion Model for Image Editing,Not Found
Contrastive Retrospection: honing in on critical steps for rapid learning and generalization in RL,"11 October, 2022"
Optimal Parameter and Neuron Pruning for Out-of-Distribution Detection,February 2024
Nonparametric Teaching for Multiple Learners,November 2023
Guiding Large Language Models via Directional Stimulus Prompting,"22 February, 2023"
A Hierarchical Spatial Transformer for Massive Point Samples  in Continuous Space,November 2023
ScaleLong: Towards More Stable Training of Diffusion Model via Scaling Network Long Skip Connection,October 2023
Stability and Generalization of the Decentralized Stochastic Gradient Descent Ascent Algorithm,October 2023
Multi-Modal Inverse Constrained Reinforcement Learning from a Mixture of Demonstrations,Not Found
REFINE: A Fine-Grained Medication Recommendation System Using Deep Learning and Personalized Drug Interaction Modeling,Not Found
MG-ViT: A Multi-Granularity Method for Compact and Efficient Vision Transformers,Not Found
Provably Safe Reinforcement Learning with Step-wise Violation Constraints,"12 February, 2023"
Unsupervised Behavior Extraction via Random Intent Priors,October 2023
Towards Accelerated Model Training via Bayesian Data Selection,"21 August, 2023"
Contrastive Moments: Unsupervised Halfspace Learning in Polynomial Time,November 2023
Accelerating Monte Carlo Tree Search with Probability Tree State Abstraction,October 2023
UniControl: A Unified Diffusion Model for Controllable Visual Generation In the Wild,"18 May, 2023"
Mutual Information Regularized Offline Reinforcement Learning,"13 October, 2022"
Exploiting Contextual Objects and Relations for 3D Visual Grounding,Not Found
Zero-Regret Performative Prediction Under Inequality Constraints,September 2023
ATTA: Anomaly-aware Test-Time Adaptation for Out-of-Distribution Detection in Segmentation,"12 September, 2023"
Mnemosyne: Learning to Train Transformers with Transformers,"2 February, 2023"
Calibration by Distribution Matching: Trainable Kernel Calibration Metrics,October 2023
MoVie: Visual Model-Based Policy Adaptation for View Generalization,"3 July, 2023"
Partial Label Learning with Dissimilarity Propagation guided Candidate Label Shrinkage,Not Found
Foundation Model is Efficient Multimodal Multitask Model Selector,August 2023
Bandit Social Learning under Myopic Behavior,"14 February, 2023"
An Efficient End-to-End Training Approach for Zero-Shot Human-AI Coordination,Not Found
SE(3) Diffusion Model-based Point Cloud Registration for Robust 6D Object Pose Estimation,October 2023
Diversify \& Conquer: Outcome-directed Curriculum RL via Out-of-Distribution Disagreement,October 2025
Projection-Free Methods for Stochastic Simple Bilevel Optimization with Convex Lower-level Problem,August 2023
Compositional Foundation Models for Hierarchical Planning,"15 September, 2023"
NPCL: Neural Processes for Uncertainty-Aware Continual Learning,October 2023
Graph Denoising Diffusion for Inverse Protein Folding,"29 June, 2023"
Langevin Quasi-Monte Carlo,September 2023
Visual Instruction Inversion: Image Editing via Image Prompting,July 2023
DiViNeT: 3D Reconstruction from Disparate Views using Neural Template Regularization,Not Found
Unleash the Potential of Image Branch for Cross-modal 3D Object Detection,"22 January, 2023"
Weakly Supervised 3D Open-vocabulary Segmentation,"23 May, 2023"
Complex Query Answering on Eventuality Knowledge Graph with Implicit Logical Constraints,"30 May, 2023"
Unified Enhancement of Privacy Bounds for Mixture Mechanisms via $f$-Differential Privacy,"30 October, 2023"
Leveraging Early-Stage Robustness in Diffusion Models for Efficient and High-Quality Image Synthesis,Not Found
A Unified Discretization Framework for Differential Equation Approach with Lyapunov Arguments for Convex Optimization,Not Found
Parameterizing Non-Parametric Meta-Reinforcement Learning Tasks via Subtask Decomposition,Not Found
On Differentially Private Sampling from Gaussian and Product Distributions,June 2023
Model and Feature Diversity for Bayesian Neural Networks in Mutual Learning,July 2024
On the Stability-Plasticity Dilemma in Continual Meta-Learning: Theory and Algorithm,Not Found
LightSpeed: Light and Fast Neural Light Fields on Mobile Devices,"25 October, 2023"
Refining Diffusion Planner for Reliable Behavior Synthesis by Automatic Detection of Infeasible Plans,October 2023
Laplacian Canonization: A Minimalist Approach to Sign and Basis Invariant Spectral Embedding,"28 October, 2023"
Recovering from Out-of-sample States via Inverse Dynamics in Offline Reinforcement Learning,Not Found
Neural Oscillators are Universal,May 2023
Online Corrupted User Detection and Regret Minimization,"7 October, 2023"
Dataset Diffusion: Diffusion-based Synthetic Data Generation for Pixel-Level Semantic Segmentation,Not Found
On the Properties of Kullback-Leibler Divergence Between Multivariate Gaussian Distributions,"10 February, 2021"
Exploring the Optimal Choice for Generative Processes in Diffusion Models: Ordinary vs Stochastic Differential Equations,"3 June, 2023"
Adaptive Test-Time Personalization for Federated Learning,October 2023
Errors-in-variables Fr\'echet Regression with Low-rank Covariate Approximation,Not Found
Federated Conditional Stochastic Optimization,October 2023
Offline Multi-Agent Reinforcement Learning with Implicit Global-to-Local Value Regularization,"21 July, 2023"
An Efficient Dataset Condensation Plugin and Its Application to Continual Learning,Not Found
Hierarchical Semi-Implicit Variational Inference with Application to Diffusion Model Acceleration,October 2023
Fine-Grained Visual Prompting,March 2025
Gaussian Mixture Solvers for Diffusion Models,November 2023
Subclass-Dominant Label Noise: A Counterexample for the Success of Early Stopping,Not Found
Hyperbolic VAE via Latent Gaussian Distributions,"30 September, 2022"
Efficient Low-rank Backpropagation for Vision Transformer Adaptation,September 2023
Bilevel Coreset Selection in Continual Learning: A New Formulation and Algorithm,Not Found
Static and Sequential Malicious Attacks in the Context of Selective Forgetting,Not Found
Online Clustering of Bandits with Misspecified User Models,"4 October, 2023"
The probability flow ODE is provably fast,May 2023
Exploring Diverse In-Context Configurations for Image Captioning,"24 May, 2023"
On Calibrating Diffusion Probabilistic Models,"21 February, 2023"
Category-Extensible Out-of-Distribution Detection via Hierarchical Context Descriptions,"23 July, 2024"
Statistical Insights into HSIC in High Dimensions,Not Found
Spiking PointNet: Spiking Neural Networks for Point Clouds,October 2023
Disentangled Counterfactual Learning for Physical Audiovisual Commonsense Reasoning,February 2025
Self-Weighted Contrastive Learning among Multiple Views for Mitigating Representation Degeneration,Not Found
Adversarial Robustness through Random Weight Sampling,Not Found
Restart Sampling for Improving Generative Processes,"26 June, 2023"
Geometry-Aware Adaptation for Pretrained Models,"23 July, 2023"
Incentives in Private Collaborative Machine Learning,April 2024
Bayesian Optimization with Cost-varying Variable Subsets,December 2024
Conditional Score Guidance for Text-Driven Image-to-Image Translation,"29 May, 2023"
Gold-YOLO: Efficient Object Detector via Gather-and-Distribute Mechanism,"20 September, 2023"
What Makes Good Examples for Visual In-Context Learning?,Not Found
Multinomial Logistic Regression: Asymptotic Normality on Null Covariates in High-Dimensions,May 2023
Accelerating Reinforcement Learning with Value-Conditional State Entropy Exploration,"30 May, 2023"
D-Separation for Causal Self-Explanation,"23 September, 2023"
Breadcrumbs to the Goal: Goal-Conditioned Exploration from Human-in-the-Loop Feedback,July 2023
Unbiased Compression Saves Communication in Distributed Optimization: When and How Much?,Not Found
Augmentation-Aware Self-Supervision for Data-Efficient GAN Training,"31 May, 2022"
Perceptual Kalman Filters: Online State Estimation under a Perfect Perceptual-Quality Constraint,June 2023
On the Overlooked Pitfalls of Weight Decay and How to Mitigate Them: A Gradient-Norm Perspective,"22 November, 2020"
DSR: Dynamical Surface Representation as Implicit Neural Networks for Protein,Not Found
Two-Stage Predict+Optimize for MILPs with Unknown Parameters in Constraints,Not Found
Achieving Cross Modal Generalization with Multimodal Unified Representation,Not Found
Generator Identification for Linear SDEs with Additive and Multiplicative Noise,"30 October, 2023"
Waypoint Transformer: Reinforcement Learning via Supervised Learning with Intermediate Targets,"24 June, 2023"
On the Overlooked Structure of Stochastic Gradients,"5 December, 2022"
Hierarchical Gaussian Mixture based Task Generative Model for Robust Meta-Learning,Not Found
Patch Diffusion: Faster and More Data-Efficient Training of Diffusion Models,"24 April, 2023"
Model-Based Reparameterization Policy Gradient Methods: Theory and Practical Algorithms,October 2023
Train 'n Trade: Foundations of Parameter Markets,December 2023
Embroid: Unsupervised Prediction Smoothing Can Improve Few-Shot Classification,July 2023
Nominality Score Conditioned Time Series Anomaly Detection by Point/Sequential Reconstruction,October 2023
A Riemannian Exponential Augmented Lagrangian Method for Computing the Projection Robust Wasserstein Distance,November 2022
Large Language Models as Commonsense Knowledge for Large-Scale Task Planning,"23 May, 2023"
FACE: Evaluating Natural Language Generation with Fourier Analysis of Cross-Entropy,"17 May, 2023"
$L_2$-Uniform Stability of Randomized Learning Algorithms: Sharper Generalization Bounds and Confidence Boosting,October 2025
Federated Spectral Clustering via Secure Similarity Reconstruction,Not Found
Neural Graph Generation from Graph Statistics,Not Found
On the Powerfulness of Textual Outlier Exposure for Visual OoD Detection,October 2023
Model-Based Control with Sparse Neural Dynamics,December 2023
Birder: Communication-Efficient 1-bit Adaptive Optimizer for Practical Distributed DNN Training,Not Found
Fast Rank-1 Lattice Targeted Sampling for Black-box Optimization,Not Found
Mixed-Initiative Multiagent Apprenticeship Learning for Human Training of Robot Teams,Not Found
Tuning Multi-mode Token-level Prompt Alignment across Modalities,"24 September, 2023"
Variance-Reduced Gradient Estimation via Noise-Reuse in Online Evolution Strategies,"21 April, 2023"
Making Scalable Meta Learning Practical,"9 October, 2023"
S-CLIP: Semi-supervised Vision-Language Learning using Few Specialist Captions,"23 May, 2023"
Gradient Informed Proximal Policy Optimization,December 2023
Text Promptable Surgical Instrument Segmentation with Vision-Language Models,"15 June, 2023"
Deep Contract Design via Discontinuous Networks,"5 July, 2023"
Towards A Richer 2D Understanding of Hands at Scale,Not Found
A Finite-Particle Convergence Rate for Stein Variational Gradient Descent,"12 September, 2024"
Towards Semi-Structured Automatic ICD Coding via Tree-based Contrastive Learning,October 2023
A Novel Approach for Effective Multi-View Clustering with Information-Theoretic Perspective,September 2023
Re-Think and Re-Design Graph Neural Networks in Spaces of Continuous Graph Diffusion Functionals,July 2023
Ecosystem-level Analysis of Deployed Machine Learning Reveals Homogeneous Outcomes,"11 July, 2023"
Efficient Adaptation of Large Vision Transformer via Adapter Re-Composing,"9 October, 2023"
Contrast Everything: A Hierarchical Contrastive Framework for Medical Time-Series,"21 October, 2023"
Koopman Kernel Regression,"25 May, 2023"
DoWG Unleashed: An Efficient Universal Parameter-Free Gradient Descent Method,"25 May, 2023"
Efficient Testable Learning of Halfspaces with Adversarial Label Noise,August 2024
Functional Equivalence and Path Connectivity of Reducible Hyperbolic Tangent Networks,"8 May, 2023"
Stable and low-precision training for large-scale vision-language models,"25 April, 2023"
Provable Guarantees for Generative Behavior Cloning: Bridging Low-Level Stability and High-Level Behavior,"27 July, 2023"
Wide Neural Networks as Gaussian Processes: Lessons from Deep Equilibrium Models,October 2023
TabMT: Generating tabular data with masked transformers,December 2023
Fine-grained Late-interaction Multi-modal Retrieval for Retrieval Augmented Visual Question Answering,"29 September, 2023"
Tools for Verifying Neural Models' Training Data,July 2023
AdANNS: A Framework for Adaptive Semantic Search,"30 May, 2023"
Clustering the Sketch: Dynamic Compression for Embedding Tables,Not Found
"Inconsistency, Instability, and Generalization Gap of Deep Neural Network Training","31 May, 2023"
Finite-Time Logarithmic Bayes Regret Upper Bounds,"15 June, 2023"
Adversarial Resilience in Sequential Prediction via Abstention,"22 June, 2023"
Hardness of Low Rank Approximation of Entrywise Transformed Matrix Products,November 2023
Front-door Adjustment Beyond Markov Equivalence with Limited Graph Knowledge,June 2023
Understanding and Mitigating Copying in Diffusion Models,May 2023
On Generalization Bounds for Projective Clustering,October 2023
A Combinatorial Algorithm for Approximating the Optimal Transport in the Parallel and MPC Settings,Not Found
Rethinking the Role of Token Retrieval in Multi-Vector Retrieval,"4 April, 2023"
Deep Equilibrium Based Neural Operators for Steady-State PDEs,December 2023
Percentile Criterion Optimization in Offline Reinforcement Learning,April 2024
Approximately Equivariant Graph Networks,November 2024
Using Imperfect Surrogates for Downstream Inference: Design-based Supervised Learning for Social Science Applications of Large Language Models,"7 June, 2023"
Preference-grounded Token-level Guidance for Language Model Fine-tuning,"1 June, 2023"
GNNEvaluator: Evaluating GNN Performance On Unseen Graphs Without Labels,"23 October, 2023"
Where Did I Come From? Origin Attribution of AI-Generated Images,Not Found
Your representations are in the network: composable and parallel adaptation for large scale models,"7 March, 2023"
Faster Relative Entropy Coding with Greedy Rejection Coding,September 2023
Aiming towards the minimizers: fast convergence of SGD for overparametrized problems,June 2023
Near-Optimal $k$-Clustering in the Sliding Window Model,November 2023
Mobilizing Personalized Federated Learning in Infrastructure-Less and Heterogeneous Environments via Random Walk Stochastic ADMM,"24 April, 2023"
The Curious Price of Distributional Robustness in Reinforcement Learning with a Generative Model,"25 May, 2023"
Fast Asymptotically Optimal Algorithms for Non-Parametric Stochastic Bandits,Not Found
Order Matters in the Presence of Dataset Imbalance for Multilingual Learning,December 2023
Continuous-Time Functional Diffusion Processes,"1 March, 2023"
Invariant Anomaly Detection under Distribution Shifts: A Causal Perspective,December 2023
InfoCD: A Contrastive Chamfer Distance Loss for Point Cloud Completion,Not Found
A Unified Detection Framework for Inference-Stage Backdoor Defenses,Not Found
Finding Local Minima Efficiently in Decentralized Optimization,Not Found
Demystifying Structural Disparity in Graph Neural Networks: Can One Size Fit All?,Not Found
Improving neural network representations using human similarity judgments,"7 June, 2023"
Jigsaw: Learning to Assemble Multiple Fractured Objects,"29 May, 2023"
Sparsity-Preserving Differentially Private Training of Large Embedding Models,November 2023
Passive learning of active causal strategies in agents and language models,"25 May, 2023"
On the choice of Perception Loss Function for Learned Video Compression,"30 May, 2023"
PrObeD: Proactive Object Detection Wrapper,October 2023
Refined Mechanism Design for Approximately Structured Priors via Active Regression,October 2023
CAT-Walk: Inductive Hypergraph Learning via Set Walks,"19 June, 2023"
Non-Smooth Weakly-Convex Finite-sum Coupled Compositional Optimization,"4 October, 2023"
A Tale of Two Features: Stable Diffusion Complements DINO for Zero-Shot Semantic Correspondence,"24 May, 2023"
Block Coordinate Plug-and-Play Methods for Blind Inverse Problems,"21 May, 2023"
Optimal Treatment Allocation for Efficient Policy Evaluation in Sequential Decision Making,November 2023
Self-Consistent Velocity Matching of Probability Flows,"31 January, 2023"
An Inverse Scaling Law for CLIP Training,"11 May, 2023"
Neural Circuits for Fast Poisson Compressed Sensing in the Olfactory Bulb,Not Found
Equivariant Flow Matching with Hybrid Probability Transport for 3D Molecule Generation,Not Found
Revisiting Scalarization in Multi-Task Learning: A Theoretical Perspective,"26 August, 2023"
On Proper Learnability between Average- and Worst-case Robustness,"10 November, 2022"
Global Identifiability of  $\ell_1$-based Dictionary Learning via Matrix Volume Optimization,Not Found
Worst-case Performance of Popular Approximate Nearest Neighbor Search Implementations: Guarantees and Limitations,October 2023
Learning a 1-layer conditional generative model in total variation,Not Found
Beyond Normal: On the Evaluation of Mutual Information Estimators,"19 June, 2023"
TaskMet: Task-driven Metric Learning for Model Learning,"8 December, 2023"
High-dimensional Contextual Bandit Problem without Sparsity,"19 June, 2023"
Bayesian Learning via Q-Exponential Process,"14 October, 2022"
The Double-Edged Sword of Implicit Bias: Generalization vs. Robustness in ReLU Networks,"2 March, 2023"
Learning Energy-based Model via Dual-MCMC Teaching,December 2023
"Predict, Refine, Synthesize: Self-Guiding Diffusion Models for Probabilistic Time Series Forecasting","21 July, 2023"
Uncertainty Quantification via Neural Posterior Principal Components,"27 September, 2023"
FedGCN: Convergence-Communication Tradeoffs in Federated Training of Graph Convolutional Networks,"28 January, 2022"
Contextual Stochastic Bilevel Optimization,"25 March, 2025"
Multi-Head Adapter Routing for Cross-Task Generalization,"7 November, 2022"
Cal-DETR: Calibrated Detection Transformer,November 2023
Two Sides of One Coin: the Limits of Untuned SGD and the Power of Adaptive Methods,May 2023
Cheaply Estimating Inference Efficiency Metrics for Autoregressive Transformer Models,Not Found
PHOTOSWAP: Personalized Subject Swapping in Images,May 2023
Characterization and Learning of Causal Graphs with Small Conditioning Sets,"21 January, 2023"
Active Learning for Semantic Segmentation with Multi-class Label Query,"17 September, 2023"
Does a sparse ReLU network training problem always admit an optimum ?,Not Found
Thinker: Learning to Plan and Act,"27 July, 2023"
Horospherical Decision Boundaries for Large Margin Classification in Hyperbolic Space,"13 February, 2023"
Coordinating Distributed Example Orders for Provably Accelerated Training,"1 February, 2023"
FLuID: Mitigating Stragglers in Federated Learning using Invariant Dropout,"5 July, 2023"
Explainable Brain Age Prediction using coVariance Neural Networks,January 2025
Don’t just prune by magnitude! Your mask topology is a secret weapon,Not Found
Learning with Explanation Constraints,November 2024
Locality-Aware Generalizable Implicit Neural Representation,"9 October, 2023"
Language Semantic Graph Guided Data-Efficient Learning,November 2023
ProtoDiff: Learning to Learn Prototypical Networks by Task-Guided Diffusion,"26 June, 2023"
Learning a Neuron by a Shallow ReLU Network: Dynamics and Implicit Bias for Correlated Inputs,"10 June, 2023"
Joint Feature and Differentiable $ k $-NN Graph Learning using Dirichlet Energy,"21 May, 2023"
Uncoupled and Convergent Learning in Two-Player Zero-Sum Markov Games with Bandit Feedback,"5 March, 2023"
Transfer learning for atomistic simulations using GNNs and kernel mean embeddings,"2 June, 2023"
Task-aware Distributed Source Coding under Dynamic Bandwidth,"24 May, 2023"
Federated Multi-Objective Learning,"7 August, 2025"
Adaptive Principal Component Regression with Applications to Panel Data,"3 July, 2023"
DatasetDM: Synthesizing Data with Perception Annotations Using Diffusion Models,"11 August, 2023"
AV-NeRF: Learning Neural Fields for Real-World Audio-Visual Scene Synthesis,"3 February, 2023"
A Metadata-Driven Approach to Understand Graph Neural Networks,October 2023
Learning Better with Less: Effective Augmentation for Sample-Efficient Visual Reinforcement Learning,"25 May, 2023"
Delayed Algorithms for Distributed Stochastic Weakly Convex Optimization,"30 January, 2023"
SimMMDG: A Simple and Effective Framework for Multi-modal Domain Generalization,October 2023
Bypassing the Simulator: Near-Optimal Adversarial Linear Contextual Bandits,September 2023
VRA: Variational Rectified Activation for Out-of-distribution Detection,"22 February, 2023"
ALIM: Adjusting Label Importance Mechanism for Noisy Partial Label Learning,"27 January, 2023"
Flow: Per-instance Personalized Federated Learning,"28 November, 2022"
CP-SLAM: Collaborative Neural Point-based SLAM System,November 2023
Trading-off price for data quality to achieve fair online allocation,"23 June, 2023"
Optimizing over trained GNNs via symmetry breaking,"16 May, 2023"
Trust Your $\nabla$: Gradient-based Intervention Targeting for Causal Discovery,"24 November, 2022"
Sample Complexity of Goal-Conditioned Hierarchical Reinforcement Learning,Not Found
Assessor360: Multi-sequence Network for Blind Omnidirectional Image Quality Assessment,"18 May, 2023"
Normalization-Equivariant Neural Networks with Application to Image Denoising,"8 June, 2023"
Post-processing Private Synthetic Data for Improving Utility on Selected Measures,"24 May, 2023"
GEX: A flexible method for approximating influence via Geometric Ensemble,Not Found
Reinforcement Learning with Simple Sequence Priors,May 2023
Classification of Heavy-tailed Features in High Dimensions: a Superstatistical Approach,"6 April, 2023"
Composable Coresets for Determinant Maximization: Greedy is Almost Optimal,September 2023
Don't be so Monotone: Relaxing Stochastic Line Search in Over-Parameterized Models,"22 June, 2023"
Breaking the Communication-Privacy-Accuracy Tradeoff with $f$-Differential Privacy,"19 February, 2023"
GIMLET: A Unified Graph-Text Model for Instruction-Based Molecule Zero-Shot Learning,"28 May, 2023"
CAST: Cross-Attention in Space and Time for Video Action Recognition,"30 November, 2023"
Bootstrapped Training of Score-Conditioned Generator for Offline Design of Biological Sequences,"5 June, 2023"
Online Inventory Problems: Beyond the i.i.d. Setting with Online Convex Optimization,July 2023
On the Convergence and Sample Complexity Analysis of Deep Q-Networks with $\epsilon$-Greedy Exploration,Not Found
Evaluating Cognitive Maps and Planning in Large Language Models with CogEval,September 2023
Parameterizing Context: Unleashing the Power of Parameter-Efficient Fine-Tuning and In-Context Tuning for Continual Table Semantic Parsing,October 2023
Aggregating Capacity in FL through Successive Layer Training for Computationally-Constrained Devices,"26 May, 2023"
Learning Multi-agent Behaviors from Distributed and Streaming Demonstrations,Not Found
Can Pre-Trained Text-to-Image Models Generate Visual Goals for Reinforcement Learning?,Not Found
Unsupervised Anomaly Detection with Rejection,"22 May, 2023"
Anchor Data Augmentation,"12 November, 2023"
Meta-AdaM: An Meta-Learned Adaptive Optimizer with Momentum for Few-Shot Learning,Not Found
PreDiff: Precipitation Nowcasting with Latent Diffusion Models,"19 July, 2023"
Self-Evaluation Guided Beam Search for Reasoning,"30 April, 2023"
A Heat Diffusion Perspective on Geodesic Preserving Dimensionality Reduction,May 2023
Global Structure-Aware Diffusion Process for Low-light Image Enhancement,"26 October, 2023"
Improving Graph Matching with Positional Reconstruction Encoder-Decoder Network,Not Found
How a Student becomes a Teacher: learning and forgetting through Spectral methods,"19 October, 2023"
Query-based Temporal Fusion with Explicit Motion for 3D Object Detection,Not Found
Learning Rate Free Sampling in Constrained Domains,"24 May, 2023"
Cocktail: Mixing Multi-Modality Control for Text-Conditional Image Generation,June 2023
Self-Supervised Learning with Lie Symmetries for Partial Differential Equations,"11 July, 2023"
Binary Classification with Confidence Difference,October 2023
A3FL: Adversarially Adaptive Backdoor Attacks to Federated Learning,Not Found
Efficient Model-Free Exploration in Low-Rank MDPs,"8 July, 2023"
GeoPhy: Differentiable Phylogenetic Inference via Geometric Gradients of Tree Topologies,"7 July, 2023"
When Does Confidence-Based Cascade Deferral Suffice?,Not Found
Dynamically Masked Discriminator for GANs,Not Found
A Theoretical Analysis of the Test Error of Finite-Rank Kernel Ridge Regression,"2 October, 2023"
Three Towers: Flexible Contrastive Learning with Pretrained Image Models,"26 May, 2023"
On the explainable properties of 1-Lipschitz Neural Networks: An Optimal Transport Perspective,"14 June, 2022"
Combating Bilateral Edge Noise for Robust Link Prediction,November 2023
SLIBO-Net: Floorplan Reconstruction via Slicing Box Representation with Local Geometry Regularization,Not Found
Globally injective and bijective neural operators,June 2023
Mutual-Information Regularized Multi-Agent Policy Iteration,Not Found
Rewrite Caption Semantics: Bridging Semantic Gaps for Language-Supervised Semantic Segmentation,"23 September, 2023"
Boosting Spectral Clustering on Incomplete Data via Kernel Correction and Affinity Learning,Not Found
Understanding Contrastive Learning via Distributionally Robust Optimization,October 2023
MEMTO: Memory-guided Transformer for Multivariate Time Series Anomaly Detection,December 2023
Learning Large-Scale MTP$_2$ Gaussian Graphical Models via Bridge-Block Decomposition,"23 September, 2023"
Convergent Bregman Plug-and-Play Image Restoration for Poisson Inverse Problems,June 2023
Black-Box Differential Privacy for Interactive ML,Not Found
Connecting Multi-modal Contrastive Representations,"22 May, 2023"
Top-Ambiguity Samples Matter: Understanding Why Deep Ensemble Works in Selective Classification,Not Found
Federated Compositional Deep AUC Maximization,"20 April, 2023"
A Theory of Unsupervised Translation Motivated by Understanding Animal Communication,"20 November, 2022"
Bias in Evaluation Processes: An Optimization-Based Model,October 2023
SNAP: Self-Supervised Neural Maps for Visual Positioning and Semantic Understanding,"8 June, 2023"
Beyond Uniform Sampling: Offline Reinforcement Learning with Imbalanced Datasets,"6 October, 2023"
Discrete-Smoothness in Online Algorithms with Predictions,Not Found
Efficient RL with Impaired Observability: Learning to Act with Delayed and Missing State Observations,Not Found
SwiFT: Swin 4D fMRI Transformer,"12 July, 2023"
Beyond Deep Ensembles: A Large-Scale Evaluation of Bayesian Deep Learning under Distribution Shift,"21 June, 2023"
AD-PT: Autonomous Driving Pre-Training with Large-scale Point Cloud Dataset,"1 June, 2023"
Calibrating Neural Simulation-Based Inference with Differentiable Coverage Probability,October 2023
A-NeSI: A Scalable Approximate Method for Probabilistic Neurosymbolic Inference,"23 December, 2022"
A Unified Framework for Uniform Signal Recovery in Nonlinear Generative Compressed Sensing,"25 September, 2023"
Fused Gromov-Wasserstein Graph Mixup for Graph-level Classifications,"28 June, 2023"
Relative Entropic Optimal Transport: a (Prior-aware) Matching Perspective to (Unbalanced) Classification,Not Found
Implicit Transfer Operator Learning: Multiple Time-Resolution Models for Molecular Dynamics,Not Found
Revisiting Adversarial Robustness Distillation from the Perspective of Robust Fairness,Not Found
Generalised f-Mean Aggregation for Graph Neural Networks,"23 June, 2023"
Self-Adaptive Motion Tracking against On-body Displacement of Flexible Sensors,Not Found
DELTA: Diverse Client Sampling for Fasting Federated Learning,"27 May, 2022"
ANPL: Towards Natural Programming with Interactive Decomposition,"29 May, 2023"
RS-Del: Edit Distance Robustness Certificates for Sequence Classifiers via Randomized Deletion,"30 January, 2023"
Multi-Step Generalized Policy Improvement by Leveraging Approximate Models,Not Found
GraphAdapter: Tuning Vision-Language Models With Dual Knowledge Graph,September 2023
SHOT: Suppressing the Hessian along the Optimization Trajectory for Gradient-Based Meta-Learning,October 2023
Towards Consistent Video Editing with Text-to-Image Diffusion Models,May 2023
Opening the Vocabulary of Egocentric Actions,"22 August, 2023"
Exact Generalization Guarantees for (Regularized) Wasserstein Distributionally Robust Models,"26 May, 2023"
Finite-Time Analysis of Single-Timescale Actor-Critic,"18 October, 2022"
AlberDICE: Addressing Out-Of-Distribution Joint Actions in Offline Multi-Agent RL via Alternating Stationary Distribution Correction Estimation,November 2023
Interpretable Graph Networks Formulate Universal Algebra Conjectures,July 2023
A fast heuristic to optimize time-space tradeoff for large models,Not Found
Likelihood Ratio Confidence Sets for Sequential Decision Making,November 2023
Geometric Algebra Transformer,"5 August, 2024"
STORM: Efficient Stochastic Transformer based World Models for Reinforcement Learning,October 2023
From Discrete Tokens to High-Fidelity Audio Using Multi-Band Diffusion,"2 August, 2023"
VisionLLM: Large Language Model is also an Open-Ended Decoder for Vision-Centric Tasks,"18 May, 2023"
Penalising the biases in norm regularisation enforces sparsity,"2 March, 2023"
Conservative Offline Policy Adaptation in Multi-Agent Games,Not Found
On Certified Generalization in Structured Prediction,"15 June, 2023"
Is Distance Matrix Enough for Geometric Deep Learning?,Not Found
What You See is What You Read? Improving Text-Image Alignment Evaluation,Not Found
Modality-Independent Teachers Meet Weakly-Supervised Audio-Visual Event Parser,"26 May, 2023"
Point Cloud Completion with Pretrained Text-to-Image Diffusion Models,June 2023
CQM: Curriculum Reinforcement Learning with a Quantized World Model,October 2023
Chatting Makes Perfect: Chat-based Image Retrieval,"31 May, 2023"
Idempotent Learned Image Compression with Right-Inverse,Not Found
Neural Fields with Hard Constraints of Arbitrary Differential Order,"15 June, 2023"
"Optimize Planning Heuristics to Rank, not to Estimate Cost-to-Goal",October 2023
LLMScore: Unveiling the Power of Large Language Models in Text-to-Image Synthesis Evaluation,May 2023
Language-driven Scene Synthesis using Multi-conditional Diffusion Model,October 2023
PUCA: Patch-Unshuffle and Channel Attention for Enhanced Self-Supervised Image Denoising,October 2023
VillanDiffusion: A Unified Backdoor Attack Framework for Diffusion Models,"12 June, 2023"
Score-based Data Assimilation,October 2025
SODA: Robust Training of Test-Time Data Adaptors,October 2023
RL-based Stateful Neural Adaptive Sampling and Denoising for Real-Time Path Tracing,October 2023
Macro Placement by Wire-Mask-Guided Black-Box Optimization,"29 June, 2023"
SceneScape: Text-Driven Consistent Scene Generation,"2 February, 2023"
Deep Optimal Transport: A Practical Algorithm for Photo-realistic Image Restoration,"4 June, 2023"
Learning Energy-Based Prior Model with Diffusion-Amortized MCMC,October 2023
Memory-Efficient Fine-Tuning of Compressed Large Language Models via sub-4-bit Integer Quantization,"23 May, 2023"
H-InDex: Visual Reinforcement Learning with Hand-Informed Representations for Dexterous Manipulation,"2 October, 2023"
Inner-Outer Aware Reconstruction Model for Monocular 3D Scene Reconstruction,Not Found
Understanding How Consistency Works in Federated Learning via Stage-wise Relaxed Initialization,June 2023
DeepSimHO: Stable Pose Estimation for Hand-Object Interaction via Physics Simulation,"11 October, 2023"
Transfer Learning with Affine Model Transformation,"30 January, 2025"
Reward Imputation with Sketching for Contextual Batched Bandits,"13 October, 2022"
Rethinking Tokenizer and Decoder in Masked Graph Modeling for Molecules,"23 October, 2023"
Prototype-based Aleatoric Uncertainty Quantification for Cross-modal Retrieval,"29 September, 2023"
PUe: Biased Positive-Unlabeled Learning Enhancement by Causal Inference,Not Found
Topological RANSAC for instance verification and retrieval without fine-tuning,October 2023
Regularizing Neural Networks with Meta-Learning Generative Models,"25 July, 2023"
Lovász Principle for Unsupervised Graph Representation Learning,Not Found
MathNAS: If Blocks Have a Role in Mathematical Architecture Design,"7 November, 2023"
Orthogonal Non-negative Tensor Factorization based Multi-view Clustering,Not Found
Understanding the Limitations of Deep Models for Molecular property prediction: Insights and Solutions,Not Found
Optimized Covariance Design for AB Test on Social Network under Interference,November 2023
Off-Policy Evaluation for Human Feedback,June 2024
Non-adversarial training of Neural SDEs with signature kernel scores,May 2023
3D Copy-Paste: Physically Plausible Object Insertion for Monocular 3D Detection,December 2023
StableFDG: Style and Attention Based Learning for Federated Domain Generalization,November 2023
Synthetic-to-Real Pose Estimation with Geometric Reconstruction,Not Found
Goal-conditioned Offline Planning from Curious Exploration,November 2023
Koopa: Learning Non-stationary Time Series Dynamics with Koopman Predictors,"30 May, 2023"
LogSpecT: Feasible Graph Learning Model from Stationary Signals with Recovery Guarantees,May 2023
Graph Mixture of Experts: Learning on Large-Scale Graphs with Explicit Diversity Modeling,"5 April, 2023"
Cal-QL: Calibrated Offline RL Pre-Training for Efficient Online Fine-Tuning,"9 March, 2023"
Kissing to Find a Match: Efficient Low-Rank Permutation Representation,August 2023
HuggingGPT: Solving AI Tasks with ChatGPT and its Friends in Hugging Face,"30 March, 2023"
Recasting Continual Learning as Sequence Modeling,"18 October, 2023"
Generalization bounds for neural ordinary differential equations and deep residual networks,"11 May, 2023"
Optimal Regret Is Achievable with Bounded Approximate Inference Error: An Enhanced Bayesian Upper Confidence Bound Framework,"30 January, 2022"
CARE: Modeling Interacting Dynamics Under Temporal Environmental Variation,Not Found
Anytime-Competitive Reinforcement Learning with Policy Prior,"2 November, 2023"
Zero-shot Visual Relation Detection via Composite Visual Cues from Large Language Models,"21 May, 2023"
SOC: Semantic-Assisted  Object Cluster for Referring Video Object Segmentation,May 2023
Structured Semidefinite Programming for Recovering Structured Preconditioners,October 2023
NeuroGF: A Neural Representation for Fast Geodesic Distance and Path Queries,"1 June, 2023"
Efficient Algorithms for Generalized Linear Bandits with Heavy-tailed Rewards,October 2023
Revisiting Area Convexity: Faster Box-Simplex Games and Spectrahedral Generalizations,"27 March, 2023"
Exponential Lower Bounds for Fictitious Play in Potential Games,October 2023
Analyzing Generalization of Neural Networks through Loss Path Kernels,Not Found
NICE: NoIse-modulated Consistency rEgularization for Data-Efficient GANs,Not Found
NeRF Revisited: Fixing Quadrature Instability in Volume Rendering,"31 October, 2023"
Directed Cyclic Graph for Causal Discovery from Multivariate Functional Data,October 2023
First Order Methods with Markovian Noise: from Acceleration to Variational Inequalities,"25 May, 2023"
Data-Informed Geometric Space Selection,Not Found
PAC-Bayesian Spectrally-Normalized Bounds for Adversarially Robust Generalization,"9 October, 2023"
Transformed Low-Rank Parameterization Can Help Robust Generalization for Tensor Neural Networks,"28 February, 2023"
Augmentation-Free Dense Contrastive Knowledge Distillation for Efficient Semantic Segmentation,December 2023
Budgeting Counterfactual for Offline RL,"12 July, 2023"
T2T: From Distribution Learning in Training to Gradient Search in Testing for Combinatorial Optimization,Not Found
Towards Free Data Selection with General-Purpose Models,"29 September, 2023"
Hierarchical Vector Quantized Transformer for Multi-class Unsupervised Anomaly Detection,October 2023
Provably (More) Sample-Efficient Offline RL with Options,Not Found
RAPHAEL: Text-to-Image Generation via Large Mixture of Diffusion Paths,"29 May, 2023"
Survival Permanental Processes for Survival Analysis with Time-Varying Covariates,Not Found
Communication-Efficient Federated Bilevel Optimization with Global and Local Lower Level Problems,"13 February, 2023"
Dynamo-Depth: Fixing Unsupervised Depth Estimation for Dynamical Scenes,October 2023
Resolving the Tug-of-War: A Separation of Communication and Learning in Federated Learning,Not Found
Implicit Bias of (Stochastic) Gradient Descent for Rank-1 Linear Neural Network,Not Found
Belief Projection-Based Reinforcement Learning for Environments with Delayed Feedback,Not Found
Maximum State Entropy Exploration using Predecessor and Successor Representations,June 2023
E2PNet: Event to Point Cloud Registration with Spatio-Temporal Representation Learning,"30 November, 2023"
Architecture Matters: Uncovering Implicit Mechanisms in Graph Contrastive Learning,November 2023
GPT-ST: Generative Pre-Training of Spatio-Temporal Graph Neural Networks,November 2023
Convolutional State Space Models for Long-Range Spatiotemporal Modeling,October 2023
A Reduction-based Framework for Sequential Decision Making with Delayed Feedback,"2 February, 2023"
"Look Ma, No Hands! Agent-Environment Factorization of Egocentric Videos",May 2023
Effective Robustness against Natural Distribution Shifts for Models with Different Training Data,"2 February, 2023"
Content-based Unrestricted Adversarial Attack,"17 May, 2023"
Adapting Fairness Interventions to Missing Values,"30 May, 2023"
Keep Various Trajectories: Promoting Exploration of Ensemble Policies in Continuous Control,October 2023
Intriguing Properties of Quantization at Scale,May 2023
ReSync: Riemannian Subgradient-based Robust Rotation Synchronization,"24 May, 2023"
Deep learning with kernels through RKHM and the Perron-Frobenius operator,"22 May, 2023"
GraphMP: Graph Neural Network-based Motion Planning with Efficient Graph Search,Not Found
Beyond Unimodal: Generalising Neural Processes for Multimodal Uncertainty Estimation,"4 April, 2023"
Structure from Duplicates: Neural Inverse Graphics from a Pile of Objects,January 2024
"A General Theory of Correct, Incorrect, and Extrinsic Equivariance","8 March, 2023"
Multi-Fidelity Multi-Armed Bandits Revisited,June 2023
Rethinking Conditional Diffusion Sampling with Progressive Guidance,Not Found
Deep Non-line-of-sight Imaging from Under-scanning Measurements,Not Found
Model Shapley: Equitable Model Valuation with Black-box Access,Not Found
Black-box Backdoor Defense via Zero-shot Image Purification,"21 March, 2023"
Variational Imbalanced Regression: Fair Uncertainty Quantification via Probabilistic Smoothing,"11 June, 2023"
Many-body Approximation for Non-negative Tensors,"30 September, 2022"
InfoPrompt: Information-Theoretic Soft Prompt Tuning for Natural Language Understanding,June 2023
Lossy Image Compression with Conditional Diffusion Models,"14 September, 2022"
Preconditioning Matters: Fast Global Convergence of Non-convex Matrix Factorization via Scaled Gradient Descent,Not Found
Beyond Geometry: Comparing the Temporal Structure of Computation in Neural Circuits with Dynamical Similarity Analysis,"16 June, 2023"
Zero-Shot Anomaly Detection via Batch Normalization,"15 February, 2023"
Efficient Sampling of Stochastic Differential Equations with Positive Semi-Definite Models,"29 March, 2023"
Fractal Landscapes in Policy Optimization,October 2023
Multi-Agent Meta-Reinforcement Learning: Sharper Convergence Rates with Task Similarity,Not Found
Defending Pre-trained Language Models as Few-shot Learners against Backdoor Attacks,September 2023
SnapFusion: Text-to-Image Diffusion Model on Mobile Devices within Two Seconds,"1 June, 2023"
Geometric Analysis of Matrix Sensing over Graphs,Not Found
Defending against Data-Free Model Extraction by  Distributionally Robust Defensive Training,Not Found
On Dynamic Programming Decompositions of Static Risk Measures in Markov Decision Processes,"24 April, 2023"
Sparse Deep Learning for Time Series Data: Theory and Applications,October 2023
Large Language Models of Code Fail at Completing Code with Potential Bugs,"6 June, 2023"
HASSOD: Hierarchical Adaptive Self-Supervised Object Detection,February 2024
Byzantine-Tolerant Methods for Distributed Variational Inequalities,November 2023
Practical Contextual Bandits with Feedback Graphs,"16 February, 2023"
Robust Learning for Smoothed Online Convex Optimization with Feedback Delay,October 2023
Disentanglement via Latent Quantization,"28 May, 2023"
Do SSL Models Have Déjà Vu? A Case of Unintended Memorization in Self-supervised Learning,Not Found
Solving a Class of Non-Convex  Minimax Optimization in Federated Learning,October 2023
DinoSR: Self-Distillation and Online Clustering for Self-supervised Speech Representation Learning,"17 May, 2023"
AdaVAE: Bayesian Structural Adaptation for Variational Autoencoders,Not Found
Causal discovery from observational and interventional data across multiple environments,Not Found
Neural Lyapunov Control for Discrete-Time Systems,"10 May, 2023"
The Distortion of Binomial Voting Defies Expectation,"27 June, 2023"
Dream the Impossible: Outlier Imagination with Diffusion Models,September 2023
Neural Algorithmic Reasoning Without Intermediate Supervision,"23 June, 2023"
Energy-Efficient Scheduling with Predictions,February 2024
Goal-Conditioned Predictive Coding for Offline Reinforcement Learning,"7 July, 2023"
DiffVL: Scaling Up Soft Body Manipulation using Vision-Language Driven Differentiable Physics,December 2023
Fast Attention Requires Bounded Entries,"25 February, 2023"
Does Visual Pretraining Help End-to-End Reasoning?,Not Found
CROMA: Remote Sensing Representations with Contrastive Radar-Optical Masked Autoencoders,November 2023
Learning the Efficient Frontier,April 2024
For SALE: State-Action Representation Learning for Deep Reinforcement Learning,"4 June, 2023"
AutoGO: Automated Computation Graph Optimization for Neural Network Evolution,Not Found
Primal-Attention: Self-attention through Asymmetric Kernel SVD in Primal Representation,"31 May, 2023"
DELIFFAS: Deformable Light Fields for Fast Avatar Synthesis,October 2023
Time-uniform confidence bands for the CDF under nonstationarity,February 2023
On the spectral bias of two-layer linear networks,Not Found
Learning to Configure Separators in Branch-and-Cut,November 2023
"Embedding Space Interpolation Beyond Mini-Batch, Beyond Pairs and Beyond Examples",November 2023
Provable convergence guarantees for black-box variational inference,"4 June, 2023"
"Small Total-Cost Constraints in Contextual Bandits with Knapsacks, with Application to Fairness","25 May, 2023"
Unlimiformer: Long-Range Transformers with Unlimited Length Input,"2 May, 2023"
Inverse Reinforcement Learning with the Average Reward Criterion,May 2023
On the Complexity of Differentially Private Best-Arm Identification with Fixed Confidence,September 2023
Asymmetric Certified Robustness via Feature-Convex Neural Networks,"3 February, 2023"
Learning Exponential Families from Truncated Samples,Not Found
Extending the Design Space of Graph Neural Networks by Rethinking Folklore Weisfeiler-Lehman,"5 June, 2023"
MAG-GNN: Reinforcement Learning Boosted Graph Neural Network,October 2023
The Best of Both Worlds in Network Population Games: Reaching Consensus and Convergence to Equilibrium,Not Found
Geodesic Multi-Modal Mixup for Robust Fine-Tuning,"8 March, 2022"
Meta-Learning Adversarial Bandit Algorithms,"5 July, 2023"
What’s Left? Concept Grounding with Logic-Enhanced Foundation Models,Not Found
Revisiting the Minimalist Approach to Offline Reinforcement Learning,"16 May, 2023"
Simultaneous embedding of multiple attractor manifolds in a recurrent neural network using constrained gradient optimization,October 2023
SANFlow: Semantic-Aware Normalizing Flow for Anomaly Detection,Not Found
Video Dynamics Prior: An Internal Learning Approach for Robust Video Enhancements,December 2023
Coupled Reconstruction of Cortical Surfaces by Diffeomorphic Mesh Deformation,Not Found
Dense-Exponential Random Features: Sharp Positive Estimators of the Gaussian Kernel,Not Found
Differentially Private Statistical Inference through $\beta$-Divergence One Posterior Sampling,Not Found
C-Disentanglement: Discovering Causally-Independent Generative Factors under  an Inductive Bias of Confounder,October 2023
Adversarial Model for Offline Reinforcement Learning,March 2025
"Do Not Marginalize Mechanisms, Rather Consolidate!",October 2023
HotBEV: Hardware-oriented Transformer-based Multi-View 3D Detector for BEV Perception,Not Found
Fair Allocation of Indivisible Chores: Beyond Additive Costs,"21 May, 2022"
Supported Value Regularization for Offline Reinforcement Learning,Not Found
PackQViT: Faster Sub-8-bit Vision Transformers via Full and Packed Quantization on the Mobile,Not Found
Label-Only Model Inversion Attacks via Knowledge Transfer,October 2023
PID-Inspired Inductive Biases for Deep Reinforcement Learning in Partially Observable Control Tasks,"11 July, 2023"
FGPrompt: Fine-grained Goal Prompting for Image-goal Navigation,October 2023
Fine-grained Expressivity of Graph Neural Networks,"6 June, 2023"
Neural Lad: A Neural Latent Dynamics Framework for Times Series Modeling,Not Found
Data Minimization at Inference Time,May 2023
NVFi: Neural Velocity Fields for 3D Physics Learning from Dynamic Videos,December 2023
Distribution-Free Model-Agnostic Regression Calibration via Nonparametric Methods,"20 May, 2023"
Near-Linear Time Algorithm for the Chamfer Distance,July 2023
Language Model Tokenizers Introduce Unfairness Between Languages,"17 May, 2023"
History Filtering in Imperfect Information Games: Algorithms and Complexity,November 2023
"Adversarial Training for Graph Neural Networks: Pitfalls, Solutions, and New Directions","27 June, 2023"
Fast Trainable Projection for Robust Fine-tuning,October 2023
"MultiFusion: Fusing Pre-Trained Models for Multi-Lingual, Multi-Modal Image Generation","24 May, 2023"
Better Correlation and Robustness: A Distribution-Balanced Self-Supervised Learning Framework for Automatic Dialogue Evaluation,Not Found
Representation Learning via Consistent Assignment of Views over Random Partitions,"19 October, 2023"
Drift doesn't Matter: Dynamic Decomposition with Diffusion Reconstruction for Unstable Multivariate Time Series Anomaly Detection,Not Found
Test-time Training for Matching-based Video Object Segmentation,Not Found
Data Augmentations for Improved (Large) Language Model Generalization,"19 October, 2023"
Revisiting Implicit Differentiation for Learning Problems in Optimal Control,"22 October, 2023"
Learning Invariant Molecular Representation in Latent Discrete Space,October 2023
How to Fine-tune the Model: Unified Model Shift and Model Bias Policy Optimization,"22 September, 2023"
Tame a Wild Camera: In-the-Wild Monocular Camera Calibration,"19 June, 2023"
3D molecule generation by denoising voxel grids,"12 June, 2023"
Described Object Detection: Liberating Object Detection with Flexible Expressions,"24 July, 2023"
BCDiff: Bidirectional Consistent Diffusion for Instantaneous Trajectory Prediction,Not Found
Learning Re-sampling Methods with Parameter Attribution for Image Super-resolution,Not Found
Learning from Visual Observation via Offline Pretrained State-to-Go Transformer,June 2023
DiffPack: A Torsional Diffusion Model for Autoregressive Protein Side-Chain Packing,"1 June, 2023"
Inserting Anybody in Diffusion Models via Celeb Basis,June 2023
Trade-off Between Efficiency and Consistency for Removal-based Explanations,"31 October, 2022"
Knowledge-Augmented Reasoning Distillation for Small Language Models in Knowledge-Intensive Tasks,"28 May, 2023"
Fairness Aware Counterfactuals for Subgroups,June 2023
SyncDiffusion: Coherent Montage via Synchronized Joint Diffusions,"8 June, 2023"
"Describe, Explain, Plan and Select: Interactive Planning with LLMs Enables Open-World Multi-Task Agents",Not Found
ReMaX: Relaxing for Better Training on Efficient Panoptic Segmentation,June 2023
CrossGNN: Confronting Noisy Multivariate Time Series Via Cross Interaction Refinement,Not Found
New Complexity-Theoretic Frontiers of Tractability for Neural Network Training,Not Found
Covariance-adaptive best arm identification,"5 June, 2023"
Metis: Understanding and Enhancing In-Network Regular Expressions,Not Found
Interpretable and Explainable Logical Policies via Neurally Guided Symbolic Abstraction,"2 June, 2023"
Diffusion-SS3D: Diffusion Model for Semi-supervised 3D Object Detection,December 2023
Fed-CO$_{2}$: Cooperation of Online and Offline Models for Severe Data Heterogeneity in Federated Learning,Not Found
SOAR: Improved Indexing for Approximate Nearest Neighbor Search,April 2024
"CAMEL: Communicative Agents for ""Mind"" Exploration of Large Language Model Society","30 March, 2023"
Textually Pretrained Speech Language Models,"22 May, 2023"
CommonScenes: Generating Commonsense 3D Indoor Scenes with Scene Graph Diffusion,"25 May, 2023"
Fast Model DeBias with Machine Unlearning,"19 October, 2023"
“Why Not Looking backward?” A Robust Two-Step Method to Automatically Terminate Bayesian Optimization,Not Found
BayesDAG: Gradient-Based Posterior Inference for Causal Discovery,"25 July, 2023"
Hypervolume Maximization: A Geometric View of Pareto Set Learning,Not Found
RH-BrainFS: Regional Heterogeneous Multimodal Brain Networks Fusion Strategy,Not Found
Norm-guided latent space exploration for text-to-image generation,"14 June, 2023"
Uncovering and Quantifying Social Biases in Code Generation,May 2023
On skip connections and normalisation layers in deep optimisation,"10 October, 2022"
Language Is Not All You Need: Aligning Perception with Language Models,"27 February, 2023"
Robust Knowledge Transfer in Tiered Reinforcement Learning,"10 February, 2023"
Cross-modal Prompts: Adapting Large Pre-trained Models for Audio-Visual Downstream Tasks,"9 November, 2023"
On the Pareto Front of Multilingual Neural Machine Translation,"6 April, 2023"
DDF-HO: Hand-Held Object Reconstruction via Conditional Directed Distance Field,"16 August, 2023"
TexQ: Zero-shot Network Quantization with Texture Feature Distribution Calibration,Not Found
MCUFormer: Deploying Vision Tranformers on Microcontrollers with Limited Memory,Not Found
All Points Matter: Entropy-Regularized Distribution Alignment for Weakly-supervised 3D Segmentation,"25 May, 2023"
"Train Hard, Fight Easy: Robust Meta Reinforcement Learning","26 January, 2023"
Greedy Poisson Rejection Sampling,"24 May, 2023"
PanoGRF: Generalizable Spherical Radiance Fields for Wide-baseline Panoramas,"2 June, 2023"
Time-Independent Information-Theoretic Generalization Bounds for SGLD,November 2023
Toward Re-Identifying Any Animal,Not Found
Wasserstein Gradient Flows for Optimizing Gaussian Mixture Policies,May 2023
AGD: an Auto-switchable Optimizer using Stepwise Gradient Difference for Preconditioning Matrix,"4 December, 2023"
FOCAL: Contrastive Learning for Multimodal Time-Series Sensing Signals in Factorized Orthogonal Latent Space,October 2023
A Bounded Ability Estimation for Computerized Adaptive Testing,Not Found
One-for-All: Bridge the Gap Between Heterogeneous Architectures in Knowledge Distillation,October 2023
ATMAN: Understanding Transformer Predictions Through Memory Efficient Attention Manipulation,"19 January, 2023"
FD-Align: Feature Discrimination Alignment for Fine-tuning Pre-Trained Models in Few-Shot Learning,"23 October, 2023"
Task-aware world model learning with meta weighting via bi-level optimization,Not Found
SUBP: Soft Uniform Block Pruning for 1$\times$N Sparse CNNs Multithreading Acceleration,Not Found
Glance and Focus: Memory Prompting for Multi-Event Video Question Answering,January 2024
Dynamic Personalized Federated Learning with Adaptive Differential Privacy,Not Found
Learning-to-Rank Meets Language: Boosting Language-Driven Ordering Alignment for Ordinal Classification,"24 June, 2023"
Optimal privacy guarantees for a relaxed threat model: Addressing sub-optimal adversaries in differentially private machine learning,Not Found
Self-supervised Graph Neural Networks via Low-Rank Decomposition,Not Found
UniPC: A Unified Predictor-Corrector Framework for Fast Sampling of Diffusion Models,"9 February, 2023"
Fed-GraB: Federated Long-tailed Learning with Self-Adjusting Gradient Balancer,"11 October, 2023"
GALOPA: Graph Transport Learning with Optimal Plan Alignment,Not Found
Improving Compositional Generalization using Iterated Learning and Simplicial Embeddings,October 2023
Fairly Recommending with Social Attributes: A Flexible and Controllable Optimization Approach,Not Found
ResMem: Learn what you can and memorize the rest,"3 February, 2023"
PDF: Point Diffusion Implicit Function for Large-scale Scene Neural Representation,November 2023
Punctuation-level Attack: Single-shot and Single Punctuation Can Fool Text Models,Not Found
A Batch-to-Online Transformation under Random-Order Model,"12 June, 2023"
A Recurrent Neural Circuit Mechanism of Temporal-scaling Equivariant Representation,Not Found
Thrust: Adaptively Propels Large Language Models with External Knowledge,"19 July, 2023"
CluB: Cluster Meets BEV for LiDAR-Based 3D Object Detection,Not Found
RRHF: Rank Responses to Align Language Models with Human Feedback,"11 April, 2023"
Learning Modulated Transformation in GANs,August 2023
Uncovering Prototypical Knowledge for Weakly Open-Vocabulary Semantic Segmentation,October 2023
GRAND-SLAMIN’ Interpretable Additive Modeling with Structural Constraints,Not Found
Lightweight Vision Transformer with Bidirectional Interaction,"1 June, 2023"
Safe Exploration in Reinforcement Learning: A Generalized Formulation and Algorithms,October 2023
Language Models can Solve Computer Tasks,"30 March, 2023"
Logarithmic-Regret Quantum Learning Algorithms for Zero-Sum Games,"27 April, 2023"
Single-Stage Visual Query Localization in Egocentric Videos,June 2023
Meta-Adapter: An Online Few-shot Learner for Vision-Language Model,"7 November, 2023"
Revisit Weakly-Supervised Audio-Visual Video Parsing from the Language Perspective,"1 June, 2023"
Efficient Uncertainty Quantification and Reduction for Over-Parameterized Neural Networks,"9 June, 2023"
Bayesian Learning of Optimal Policies in Markov Decision Processes with Countably Infinite State-Space,"4 June, 2023"
A Unified Approach to Domain Incremental Learning with Memory: Theory and Algorithm,October 2023
Balanced Training for Sparse GANs,"28 February, 2023"
BLIP-Diffusion: Pre-trained Subject Representation for Controllable Text-to-Image Generation and Editing,"24 May, 2023"
UniT: A Unified Look at Certified Robust Training against Text Adversarial Perturbation,Not Found
Selective Sampling and Imitation Learning via Online Regression,July 2023
Continuous-time Analysis of Anchor Acceleration,"3 April, 2023"
Act As You Wish: Fine-Grained Control of Motion Diffusion Model with Hierarchical Semantic Graphs,November 2023
ReTR: Modeling Rendering Via Transformer for Generalizable Neural Surface Reconstruction,"30 May, 2023"
Context-guided Embedding Adaptation for Effective Topic Modeling in Low-Resource Regimes,Not Found
Towards Efficient Pre-Trained Language Model via Feature Correlation Distillation,Not Found
Fast Partitioned Learned Bloom Filter,October 2024
Towards Hybrid-grained Feature Interaction Selection for Deep Sparse Network,"23 October, 2023"
Learning to Parameterize Visual Attributes for Open-set Fine-grained Retrieval,Not Found
On Robust Streaming for Learning with Experts: Algorithms and Lower Bounds,Not Found
H3T: Efficient Integration of Memory Optimization and Parallelism for Large-scale Transformer Training,Not Found
Test-Time Distribution Normalization for Contrastively Learned Visual-language Models,Not Found
RanPAC: Random Projections and Pre-trained Models for Continual Learning,"5 July, 2023"
Learning non-Markovian Decision-Making from State-only Sequences,"26 June, 2023"
Noise-Adaptive Thompson Sampling for Linear Contextual Bandits,Not Found
Layer-Neighbor Sampling --- Defusing Neighborhood Explosion in GNNs,"24 October, 2022"
Sensitivity in Translation Averaging,Not Found
Training Private Models That Know What They Don’t Know,Not Found
Improving Diffusion-Based Image Synthesis with Context Prediction,January 2024
HyP-NeRF: Learning Improved NeRF Priors using a HyperNetwork,"9 June, 2023"
Deep Momentum Multi-Marginal Schrödinger Bridge,"3 March, 2023"
An Empirical Study Towards Prompt-Tuning for Graph Contrastive Pre-Training in Recommendations,Not Found
BanditPAM++: Faster $k$-medoids Clustering,October 2023
False Discovery Proportion control for aggregated Knockoffs,October 2023
Block-Coordinate Methods and Restarting for Solving Extensive-Form Games,July 2023
Diffusion Schrödinger Bridge Matching,"27 March, 2025"
Video Prediction Models as Rewards for Reinforcement Learning,"23 May, 2023"
A*Net: A Scalable Path-based Reasoning Approach for Knowledge Graphs,Not Found
Core-sets for Fair and Diverse Data Summarization,October 2023
Spectral Evolution and Invariance in Linear-width Neural Networks,"11 November, 2022"
Agnostic Multi-Group Active Learning,June 2023
DropCompute: simple and more robust  distributed synchronous training via compute variance reduction,"18 June, 2023"
Post Hoc Explanations of Language Models Can Improve Language Models,"19 May, 2023"
Dynamic Pricing and Learning with Bayesian Persuasion,May 2025
Synthetic Combinations: A Causal Inference Framework for Combinatorial Interventions,"24 March, 2023"
Learning Unseen Modality Interaction,"22 June, 2023"
No-Regret Learning with Unbounded Losses: The Case of Logarithmic Pooling,"22 February, 2022"
Synthetic Experience Replay,"12 March, 2023"
Policy Finetuning in Reinforcement Learning via Design of Experiments using Offline Data,July 2023
Symbolic Discovery of Optimization Algorithms,"13 February, 2023"
Predict-then-Calibrate: A New Perspective of Robust Contextual LP,"24 May, 2023"
Face Reconstruction from Facial Templates by Learning Latent Space of a Generator Network,Not Found
Implicit Differentiable Outlier Detection Enable Robust Deep Multimodal Analysis,Not Found
Learning Dynamic Attribute-factored World Models for Efficient Multi-object Reinforcement Learning,July 2023
Tight Bounds for Volumetric Spanners and Applications,October 2023
Online Convex Optimization with Unbounded Memory,"18 October, 2022"
Tanimoto Random Features for Scalable Molecular Machine Learning,"26 June, 2023"
Learning World Models with Identifiable Factorization,"10 June, 2023"
SpatialRank: Urban Event Ranking with NDCG Optimization on Spatiotemporal Data,"30 September, 2023"
Structured Federated Learning through Clustered Additive Modeling,Not Found
Learning and Collusion in Multi-unit Auctions,"27 May, 2023"
IDEA: An Invariant Perspective for Efficient Domain Adaptive Image Retrieval,Not Found
Michelangelo: Conditional 3D Shape Generation based on Shape-Image-Text Aligned Latent Representation,"29 June, 2023"
Beyond probability partitions: Calibrating neural networks with semantic aware grouping,"8 June, 2023"
MixFormerV2: Efficient Fully Transformer Tracking,"25 May, 2023"
Hidden Poison: Machine Unlearning Enables Camouflaged Poisoning Attacks,"20 December, 2022"
Complex-valued Neurons Can Learn More but Slower than Real-valued Neurons via Gradient Descent,Not Found
IPMix: Label-Preserving Data Augmentation Method for Training Robust Classifiers,"7 October, 2023"
HEDNet: A Hierarchical Encoder-Decoder Network for 3D Object Detection in Point Clouds,October 2023
Federated Learning with Manifold Regularization and Normalized Update Reaggregation,November 2023
Eliminating Domain Bias for Federated Learning in Representation Space,"25 November, 2023"
Identification of Nonlinear Latent Hierarchical Models,"13 June, 2023"
"Deconstructing Data Reconstruction: Multiclass, Weight Decay and General Losses","4 July, 2023"
Slot-guided Volumetric Object Radiance Fields,January 2024
Learning from Rich Semantics and Coarse Locations for Long-tailed Object Detection,October 2023
(Almost) Provable Error Bounds Under Distribution Shift via Disagreement Discrepancy,June 2023
Automatic Grouping for Efficient Cooperative Multi-Agent Reinforcement Learning,Not Found
How does GPT-2 compute greater-than?: Interpreting mathematical abilities in a pre-trained language model,Not Found
Pre-training Contextualized World Models with In-the-wild Videos for Reinforcement Learning,"29 May, 2023"
Learning in the Presence of Low-dimensional Structure: A Spiked Random Matrix Perspective,Not Found
ForkMerge: Mitigating Negative Transfer in Auxiliary-Task Learning,"29 January, 2023"
Equivariant Spatio-Temporal Attentive Graph Networks to Simulate Physical Dynamics,May 2024
Crystal Structure Prediction by Joint Equivariant Diffusion,"30 July, 2023"
ReContrast: Domain-Specific Anomaly Detection via Contrastive Reconstruction,"5 June, 2023"
Mitigating Over-smoothing in Transformers via Regularized Nonlocal Functionals,December 2023
Flow Factorized Representation Learning,September 2023
Feature Dropout: Revisiting the Role of Augmentations in Contrastive Learning,December 2022
TensorNet: Cartesian Tensor Representations for Efficient Learning of Molecular Potentials,"10 June, 2023"
Uni3DETR: Unified 3D Detection Transformer,October 2023
Managing Temporal Resolution in Continuous Value Estimation: A Fundamental Trade-off,"17 December, 2022"
From Cloze to Comprehension: Retrofitting Pre-trained Masked Language Models to Pre-trained Machine Reader,"9 December, 2022"
Pick-a-Pic: An Open Dataset of User Preferences for Text-to-Image Generation,"2 May, 2023"
Contrastive Sampling Chains in Diffusion Models,Not Found
DASpeech: Directed Acyclic Transformer for Fast and High-quality Speech-to-Speech Translation,October 2023
Towards Distribution-Agnostic Generalized Category Discovery,"2 October, 2023"
Efficient Test-Time Adaptation for Super-Resolution with Second-Order Degradation and Reconstruction,October 2023
Neural Frailty Machine: Beyond proportional hazard assumption in neural survival regressions,"18 March, 2023"
Is Your Code Generated by ChatGPT Really Correct? Rigorous Evaluation of Large Language Models for Code Generation,Not Found
Spectral Co-Distillation for Personalized Federated Learning,January 2024
Shared Adversarial Unlearning: Backdoor Mitigation by Unlearning Shared Adversarial Examples,July 2023
Where2Explore: Few-shot Affordance Learning for Unseen Novel Categories of Articulated Objects,"14 September, 2023"
PTQD: Accurate Post-Training Quantization for Diffusion Models,"17 May, 2023"
Domain Watermark: Effective and Harmless Dataset Copyright Protection is Closed at Hand,"9 October, 2023"
A Unified Conditional Framework for Diffusion-based Image Restoration,May 2023
Language Models Can Improve Event Prediction by Few-Shot Abductive Reasoning,"26 May, 2023"
Optimal Treatment Regimes for Proximal Causal Learning,"19 December, 2022"
"Swap Agnostic Learning, or Characterizing Omniprediction via Multicalibration","13 February, 2023"
Regret-Optimal Model-Free Reinforcement Learning for Discounted MDPs with Short Burn-In Time,"24 May, 2023"
Neural Lighting Simulation for Urban Scenes,December 2023
Chameleon: Plug-and-Play Compositional Reasoning with Large Language Models,"19 April, 2023"
Designing Robust Transformers using Robust Kernel Density Estimation,"11 October, 2022"
Large Language Models can Implement Policy Iteration,"7 October, 2022"
iSCAN: Identifying Causal Mechanism Shifts among Nonlinear Additive Noise Models,"29 June, 2023"
Global Optimality in Bivariate Gradient-based DAG Learning,June 2023
A Dual-Stream Neural Network Explains the Functional Segregation of Dorsal and Ventral Visual Pathways in Human Brains,"20 October, 2023"
StyleDrop: Text-to-Image Synthesis of Any Style,Not Found
Truly Scale-Equivariant Deep Nets with Fourier Layers,November 2023
Data Selection for Language Models via Importance Resampling,"6 February, 2023"
Inverse Preference Learning: Preference-based RL without a Reward Function,"24 May, 2023"
Neural Functional Transformers,October 2025
Permutation Equivariant Neural Functionals,"27 February, 2023"
Unsupervised Protein-Ligand Binding Energy Prediction via Neural Euler's Rotation Equation,"25 January, 2023"
MAViL: Masked Audio-Video Learners,"15 December, 2022"
Learning Invariant Representations with a Nonparametric Nadaraya-Watson Head,September 2023
Construction of Hierarchical Neural Architecture Search Spaces based on Context-free Grammars,"3 November, 2022"
Adaptive Selective Sampling for Online Prediction with Experts,"16 February, 2023"
Coneheads: Hierarchy Aware Attention,"1 June, 2023"
Censored Sampling of Diffusion Models Using 3 Minutes of Human Feedback,"6 July, 2023"
Structural Pruning for Diffusion Models,October 2025
REx: Data-Free Residual Quantization Error Expansion,"28 March, 2022"
PointGPT: Auto-regressively Generative Pre-training from Point Clouds,"19 May, 2023"
Towards Characterizing the First-order Query Complexity of Learning (Approximate) Nash Equilibria in Zero-sum Matrix Games,"25 April, 2023"
FourierHandFlow: Neural 4D Hand Representation Using Fourier Query Flow,July 2023
GlyphControl: Glyph Conditional Control for Visual Text Generation,"29 May, 2023"
Generalizable Lightweight Proxy for Robust NAS against Diverse Perturbations,"8 June, 2023"
"Understanding, Predicting and Better Resolving Q-Value Divergence in Offline-RL","6 October, 2023"
LLM-Pruner: On the Structural Pruning of Large Language Models,"19 May, 2023"
NeuralGF: Unsupervised Point Normal Estimation by Learning Neural Gradient Function,November 2023
LuminAIRe: Illumination-Aware Conditional Image Repainting for Lighting-Realistic Generation,Not Found
Latent exploration for Reinforcement Learning,December 2024
Discover and Align Taxonomic Context Priors  for Open-world Semi-Supervised Learning,Not Found
Saving 100x Storage: Prototype Replay for Reconstructing Training Sample Distribution in Class-Incremental Semantic Segmentation,Not Found
Generative Category-level Object Pose Estimation via Diffusion Models,"18 June, 2023"
Learning Score-based Grasping Primitive for Human-assisting Dexterous Grasping,"12 September, 2023"
Generalized Weighted Path Consistency for Mastering Atari Games,Not Found
Towards Better Dynamic Graph Learning: New Architecture and Unified Library,"23 March, 2023"
Find What You Want: Learning Demand-conditioned Object Attribute Space for Demand-driven Navigation,"15 September, 2023"
Masked Image Residual Learning for Scaling Deeper Vision Transformers,"25 September, 2023"
No-Regret Learning in Dynamic Competition with Reference Effects Under Logit Demand,May 2023
Neural Polarizer: A Lightweight and Effective Backdoor Defense via Purifying Poisoned Features,June 2023
Repetition In Repetition Out: Towards Understanding Neural Text Degeneration from the Data Perspective,October 2023
HubRouter: Learning Global Routing via Hub Generation and Pin-hub Connection,Not Found
Scalable Primal-Dual Actor-Critic Method for Safe Multi-Agent RL with General Utilities,May 2023
Learning Environment-Aware Affordance for 3D Articulated Object Manipulation under Occlusions,"14 September, 2023"
Knowledge Distillation for High Dimensional Search Index,Not Found
Accelerating Value Iteration with Anchoring,"25 May, 2023"
Public Opinion Field Effect Fusion in Representation Learning for Trending Topics Diffusion,Not Found
One Less Reason for Filter Pruning: Gaining Free Adversarial Robustness with Structured Grouped Kernel Pruning,Not Found
Diffusion Probabilistic Models for Structured Node Classification,"21 February, 2023"
Overcoming Recency Bias of Normalization Statistics in Continual Learning: Balance and Adaptation,October 2023
Decompose Novel into Known: Part Concept Learning For 3D Novel Class Discovery,Not Found
A Single 2D Pose with Context is Worth Hundreds for 3D Human Pose Estimation,"6 November, 2023"
Efficient Robust Bayesian Optimization for Arbitrary Uncertain inputs,"30 October, 2023"
Markovian Sliced Wasserstein Distances: Beyond Independent Projections,"9 January, 2023"
White-Box Transformers via Sparse Rate Reduction,"21 November, 2023"
Controlling Text-to-Image Diffusion by Orthogonal Finetuning,"12 June, 2023"
Interpretability at Scale: Identifying Causal Mechanisms in Alpaca,"15 May, 2023"
Robust Lipschitz Bandits to Adversarial Corruptions,"29 May, 2023"
Connected Superlevel Set in (Deep) Reinforcement Learning and its Application to Minimax Theorems,"22 March, 2023"
Energy-Based Sliced Wasserstein Distance,"26 April, 2023"
Riemannian Residual Neural Networks,October 2023
Estimating Riemannian Metric with Noise-Contaminated Intrinsic Distance,Not Found
DP-HyPO: An Adaptive Private Framework for Hyperparameter Optimization,"9 June, 2023"
One-Step Diffusion Distillation via Deep Equilibrium Models,January 2024
Multi-Player Zero-Sum Markov Games with Networked Separable Interactions,"13 July, 2023"
Time-Reversed Dissipation Induces Duality Between Minimizing Gradient Norm and Function Value,"11 May, 2023"
Certifiably Robust Graph Contrastive Learning,October 2023
Holistic Transfer: Towards Non-Disruptive Fine-Tuning with Partial Target Data,November 2023
Latent Graph Inference with Limited Supervision,"6 October, 2023"
Decorate3D: Text-Driven High-Quality Texture Generation for Mesh Decoration in the Wild,Not Found
Transitivity Recovering Decompositions: Interpretable and Robust Fine-Grained Relationships,October 2023
Latent Field Discovery in Interacting Dynamical Systems with Neural Fields,"31 October, 2023"
Interactive Multi-fidelity Learning for Cost-effective Adaptation of Language Model with Sparse Human Supervision,October 2023
Strategic Data Sharing between Competitors,"25 May, 2023"
Two Sides of The Same Coin: Bridging Deep Equilibrium Models and Neural ODEs via Homotopy Continuation,"14 October, 2023"
Reduced Policy Optimization for Continuous Control with Hard Constraints,"14 October, 2023"
Domain Re-Modulation for Few-Shot Generative Domain Adaptation,"5 February, 2023"
Unifying GANs and Score-Based Diffusion as Generative Particle Models,"25 May, 2023"
State Regularized Policy Optimization on Data with Dynamics Shift,"6 June, 2023"
Rank-DETR for High Quality Object Detection,"13 October, 2023"
Enhancing Adaptive History Reserving by Spiking Convolutional Block Attention Module in Recurrent Neural Networks,January 2024
On Class Distributions Induced by Nearest Neighbor Graphs for Node Classification of Tabular Data,Not Found
Imagine That! Abstract-to-Intricate Text-to-Image Synthesis with Scene Graph Hallucination Diffusion,Not Found
Greatness in Simplicity: Unified Self-Cycle Consistency for Parser-Free Virtual Try-On,Not Found
Exploring Question Decomposition for Zero-Shot VQA,October 2023
PRIOR: Personalized Prior for Reactivating the Information Overlooked in Federated Learning.,"13 October, 2023"
Scale-teaching: Robust Multi-scale Training for Time Series Classification with Noisy Labels,Not Found
SEGA: Instructing Text-to-Image Models using Semantic Guidance,"28 January, 2023"
Offline Reinforcement Learning with Differential Privacy,"1 June, 2022"
FaceComposer: A Unified Model for Versatile Facial Content Creation,Not Found
Neural (Tangent Kernel) Collapse,"25 May, 2023"
Harnessing Hard Mixed Samples with Decoupled Regularizer,"21 March, 2022"
Collaborative Alignment of NLP Models,Not Found
IEBins: Iterative Elastic Bins for Monocular Depth Estimation,September 2023
VanillaNet: the Power of Minimalism in Deep Learning,"22 May, 2023"
ImageBrush: Learning Visual In-Context Instructions for Exemplar-Based Image Manipulation,August 2023
Spectral Invariant Learning for Dynamic Graphs under Distribution Shifts,March 2024
FedFed: Feature Distillation against Data Heterogeneity in Federated Learning,October 2023
Gradient-Free Kernel Stein Discrepancy,"6 July, 2022"
Epidemic Learning: Boosting Decentralized Learning with Randomized Communication,"3 October, 2023"
Fairness-guided Few-shot Prompting for Large Language Models,"23 March, 2023"
Scattering Vision Transformer: Spectral Mixing Matters,"2 November, 2023"
Encoding Human Behavior in Information Design through Deep Learning,Not Found
Recovering Unbalanced Communities in the Stochastic Block Model with Application to Clustering with a Faulty Oracle,"17 February, 2022"
Annotator: A Generic Active Learning Baseline for LiDAR Semantic Segmentation,October 2023
Learning Fine-grained View-Invariant Representations from Unpaired Ego-Exo Videos via Temporal Alignment,"8 June, 2023"
Setting the Trap: Capturing and Defeating Backdoors in Pretrained Language Models through Honeypots,October 2023
Sequential Subset Matching for Dataset Distillation,November 2023
SmooSeg: Smoothness Prior for Unsupervised Semantic Segmentation,October 2023
Performance Scaling via Optimal Transport: Enabling Data Selection from Partially Revealed Sources,July 2023
FlatMatch: Bridging Labeled Data and Unlabeled Data with Cross-Sharpness for Semi-Supervised Learning,October 2023
CoDet: Co-occurrence Guided Region-Word Alignment for Open-Vocabulary Object Detection,October 2023
Distributionally Robust Bayesian Optimization with $\varphi$-divergences,"3 March, 2022"
Fed-FA: Theoretically Modeling Client Data Divergence for Federated Language Backdoor Defense,Not Found
Dual Self-Awareness Value Decomposition Framework without Individual Global Max for Cooperative MARL,Not Found
Diff-Foley: Synchronized Video-to-Audio Synthesis with Latent Diffusion Models,June 2023
Bayesian Active Causal Discovery with Multi-Fidelity Experiments,Not Found
NU-MCC: Multiview Compressive Coding with Neighborhood Decoder and Repulsive UDF,"18 July, 2023"
RADAR: Robust AI-Text Detection via Adversarial Learning,"7 July, 2023"
Optimal Extragradient-Based Algorithms for Stochastic Variational Inequalities with Separable Structure,Not Found
Asymptotically Optimal Quantile Pure Exploration for Infinite-Armed Bandits,Not Found
Exact Optimality of Communication-Privacy-Utility Tradeoffs in Distributed Mean Estimation,"8 June, 2023"
Reducing Blackwell and Average Optimality to Discounted MDPs via the Blackwell Discount Factor,February 2023
Training Neural Networks is NP-Hard in Fixed Dimension,"29 March, 2023"
Fast Exact Leverage Score Sampling from Khatri-Rao Products with Applications to Tensor Decomposition,"29 January, 2023"
PCF-GAN: generating sequential data via the characteristic function of measures on the path space,"21 May, 2023"
Gradient Descent with Linearly Correlated Noise: Theory and Applications to Differential Privacy,"2 February, 2023"
D$^2$CSG: Unsupervised Learning of Compact CSG Trees with Dual Complements and Dropouts,"26 January, 2023"
"Optimality in Mean Estimation: Beyond Worst-Case, Beyond Sub-Gaussian, and Beyond $1+\alpha$ Moments",Not Found
Finding Safe Zones of Markov Decision Processes Policies,"23 February, 2022"
Large Language Models Are Latent Variable Models: Explaining and Finding Good Demonstrations for In-Context Learning,"27 January, 2023"
Augmented Memory Replay-based Continual Learning Approaches for Network Intrusion Detection,Not Found
SNEkhorn: Dimension Reduction with Symmetric Entropic Affinities,"23 May, 2023"
Kernel Stein Discrepancy thinning: a theoretical perspective of pathologies and a practical fix with regularization,"31 January, 2023"
VPGTrans: Transfer Visual Prompt Generator across LLMs,"2 May, 2023"
Sharp Calibrated Gaussian Processes,"23 February, 2023"
AdaptSSR: Pre-training User Model with Augmentation-Adaptive Self-Supervised Ranking,"14 October, 2023"
Initialization-Dependent Sample Complexity of Linear Predictors and Neural Networks,"25 May, 2023"
FineMoGen: Fine-Grained Spatio-Temporal Motion Generation and Editing,December 2023
Solving Inverse Physics Problems with Score Matching,"24 January, 2023"
DDCoT: Duty-Distinct Chain-of-Thought Prompting for Multimodal Reasoning in Language Models,"25 October, 2023"
Diffusion-Based Probabilistic Uncertainty Estimation for Active Domain Adaptation,Not Found
VideoComposer: Compositional Video Synthesis with Motion Controllability,"3 June, 2023"
Uncertainty-Aware Alignment  Network  for Cross-Domain Video-Text Retrieval,Not Found
K-Nearest-Neighbor Local Sampling Based Conditional Independence Testing,Not Found
Collaborative Learning via Prediction Consensus,"29 May, 2023"
Principled Weight Initialisation for Input-Convex Neural Networks,December 2023
Large Language Models are Visual Reasoning Coordinators,October 2023
Spontaneous symmetry breaking in generative diffusion models,"31 May, 2023"
Revisit the Power of Vanilla Knowledge Distillation: from Small Scale to Large Scale,May 2023
GPT4Tools: Teaching Large Language Model to Use Tools via Self-instruction,May 2023
Evaluating Robustness and Uncertainty of Graph Models Under Structural Distributional Shifts,"27 February, 2023"
DäRF: Boosting Radiance Fields from Sparse Input Views with Monocular Depth Adaptation,Not Found
R-divergence for Estimating Model-oriented Distribution Discrepancy,October 2023
Response Length Perception and  Sequence Scheduling: An LLM-Empowered LLM Inference Pipeline,"22 May, 2023"
Kernelized Reinforcement Learning with Order Optimal Regret Bounds,June 2024
DiffKendall: A Novel Approach for Few-Shot Learning with Differentiable Kendall's Rank Correlation,"28 July, 2023"
Segment Anything in 3D with NeRFs,Not Found
DRAUC: An Instance-wise Distributionally Robust AUC Optimization Framework,November 2023
State-space models with layer-wise nonlinearity are universal approximators with exponential decaying memory,"23 September, 2023"
Optimization or Architecture: How to Hack Kalman Filtering,October 2023
ASPEN: Breaking Operator Barriers for Efficient Parallelization of Deep Neural Networks,Not Found
"MultiMoDN—Multimodal, Multi-Task, Interpretable Modular Networks","25 September, 2023"
Improving Adversarial Robustness via Information Bottleneck Distillation,Not Found
Imbalanced Mixed Linear Regression,January 2023
BIOT: Biosignal Transformer for Cross-data Learning in the Wild,Not Found
Formulating Discrete Probability Flow Through Optimal Transport,November 2023
Universal Prompt Tuning for Graph Neural Networks,"30 September, 2022"
Automatic Clipping: Differentially Private Deep Learning Made Easier and Stronger,"14 June, 2022"
On Sparse Modern Hopfield Model,"4 April, 2024"
Discovering Intrinsic Spatial-Temporal Logic Rules to Explain Human Actions,"21 June, 2023"
A Theory of Multimodal Learning,"8 January, 2025"
Cause-Effect Inference in Location-Scale Noise Models: Maximum Likelihood vs. Independence Testing,"26 January, 2023"
Closing the gap between the upper bound and lower bound of Adam's iteration complexity,October 2023
Training Your Image Restoration Network Better with  Random Weight Network as Optimization Function,Not Found
StyleTTS 2: Towards Human-Level Text-to-Speech through Style Diffusion and Adversarial Training with Large Speech Language Models,"13 June, 2023"
Unbounded Differentially Private Quantile and Maximum Estimation,"1 May, 2023"
Conformalized matrix completion,March 2025
A Heavy-Tailed Algebra for Probabilistic Programming,June 2023
What Knowledge Gets Distilled in Knowledge Distillation?,Not Found
Large-Scale Distributed Learning via Private On-Device LSH,Not Found
Bypass Exponential Time Preprocessing: Fast Neural Network Training via Weight-Data Correlation Preprocessing,November 2022
Brain Dissection: fMRI-trained Networks Reveal Spatial Selectivity in the Processing of Natural Images,Not Found
The Target-Charging Technique for Privacy Analysis across Interactive Computations,Not Found
"SutraNets: Sub-series Autoregressive Networks for Long-Sequence, Probabilistic Forecasting",December 2023
On the Implicit Bias of Linear Equivariant Steerable Networks,"7 March, 2023"
A Unified Algorithm Framework for Unsupervised Discovery of Skills based on Determinantal Point Process,"30 November, 2022"
Improving Robustness with Adaptive Weight Decay,"30 September, 2022"
Calibrating “Cheap Signals” in Peer Review without a Prior,December 2023
Adversarial Examples Exist in Two-Layer ReLU Networks for Low Dimensional Linear Subspaces,"1 March, 2023"
Towards Label-free Scene Understanding by Vision Foundation Models,"6 June, 2023"
ESSEN: Improving Evolution State Estimation for Temporal Networks using Von Neumann Entropy,Not Found
Learning Robust Statistics for Simulation-based Inference under Model Misspecification,"25 May, 2023"
Momentum Provably Improves Error Feedback!,"24 May, 2023"
Strategic Apple Tasting,"9 June, 2023"
Sharp Bounds for Generalized Causal Sensitivity Analysis,"26 May, 2023"
Better Private Linear Regression Through Better Private Feature Selection,June 2023
Multiplication-Free Transformer Training via Piecewise Affine Operations,"26 May, 2023"
Random-Access Infinite Context Length for Transformers,"25 May, 2023"
Aligning Gradient and Hessian for Neural Signed Distance Function,Not Found
Strategyproof Voting under Correlated Beliefs,Not Found
FouriDown: Factoring Down-Sampling into Shuffling and Superposing,Not Found
A Closer Look at the Robustness of Contrastive Language-Image Pre-Training (CLIP),February 2024
Distributional Learning of Variational AutoEncoder: Application to Synthetic Data Generation,"22 February, 2023"
FeCAM: Exploiting the Heterogeneity of Class Distributions in Exemplar-Free Continual Learning,"25 September, 2023"
Mixed Samples as Probes for Unsupervised Model Selection in Domain Adaptation,Not Found
Beyond Exponential Graph: Communication-Efficient Topologies for Decentralized Learning via Finite-time Convergence,"19 May, 2023"
Data-Dependent Bounds for Online Portfolio Selection Without Lipschitzness and Smoothness,"23 May, 2023"
Provable Guarantees for Neural Networks via Gradient Feature Learning,October 2023
GNeSF: Generalizable Neural Semantic Fields,"24 October, 2023"
LMC: Large Model Collaboration with Cross-assessment for Training-Free Open-Set Object Recognition,"22 September, 2023"
CL-NeRF: Continual Learning of Neural Radiance Fields for Evolving Scene Representation,Not Found
Understanding and Addressing the Pitfalls of Bisimulation-based Representations in Offline Reinforcement Learning,October 2023
Adaptive Topological Feature via Persistent Homology: Filtration Learning for Point Clouds,"18 July, 2023"
Parameter and Computation Efficient Transfer Learning for Vision-Language Pre-trained Models,"4 September, 2023"
Q-DM: An Efficient Low-bit Quantized Diffusion Model,Not Found
Temporal Conditioning Spiking Latent Variable Models of the Neural Response to Natural Visual Scenes,"21 June, 2023"
Leave No Stone Unturned: Mine Extra Knowledge for Imbalanced Facial Expression Recognition,October 2023
Type-to-Track: Retrieve Any Object via Prompt-based Tracking,"22 May, 2023"
On the Adversarial Robustness of Out-of-distribution Generalization Models,Not Found
Replicability in Reinforcement Learning,"10 September, 2025"
Deductive Verification of Chain-of-Thought Reasoning,"6 June, 2023"
A normative theory of social conflict,"7 March, 2023"
Selectively Sharing Experiences Improves Multi-Agent Reinforcement Learning,"1 November, 2023"
Rethinking Semi-Supervised Medical Image Segmentation: A Variance-Reduction Perspective,"3 February, 2023"
Training Transitive and Commutative Multimodal Transformers with LoReTTa,"23 May, 2023"
DISCOVER: Making Vision Networks Interpretable via Competition and Dissection,October 2023
Efficient Activation Function Optimization through Surrogate Modeling,"13 January, 2023"
Replicable Clustering,"2 December, 2024"
Scale-Space Hypernetworks for Efficient Biomedical Image Analysis,Not Found
EDGI: Equivariant Diffusion for Planning with Embodied Agents,"22 March, 2023"
One-2-3-45: Any Single Image to 3D Mesh in 45 Seconds without Per-Shape Optimization,June 2023
OpenShape: Scaling Up 3D Shape Representation Towards Open-World Understanding,"18 May, 2023"
Optimization of Inter-group criteria for clustering with minimum size constraints,January 2024
On the Constrained Time-Series Generation Problem,"4 July, 2023"
SparseProp: Efficient Event-Based Simulation and Training of Sparse Recurrent Spiking Neural Networks,December 2023
Gradient Flossing: Improving Gradient Descent through Dynamic Control of Jacobians,December 2023
TransHP: Image Classification with Hierarchical Prompting,"13 April, 2023"
Subject-driven Text-to-Image Generation via Apprenticeship Learning,"31 March, 2023"
GlucoSynth: Generating Differentially-Private Synthetic Glucose Traces,"2 March, 2023"
Finite-Time Analysis of Whittle Index based Q-Learning for Restless Multi-Armed Bandits with Neural Network Function Approximation,October 2023
Weighted ROC Curve in Cost Space: Extending AUC to Cost-Sensitive Learning,Not Found
Pointwise uncertainty quantification for sparse variational Gaussian process regression with a Brownian motion prior,"29 September, 2023"
Deciphering Spatio-Temporal Graph Forecasting: A Causal Lens and Treatment,September 2023
Directional diffusion models for graph representation learning,June 2023
Theoretically Guaranteed Bidirectional Data Rectification for Robust Sequential Recommendation,Not Found
CLadder: Assessing Causal Reasoning in Language Models,"7 December, 2023"
What Truly Matters in Trajectory Prediction for Autonomous Driving?,Not Found
InsActor: Instruction-driven Physics-based Characters,December 2023
Differentiable Blocks World: Qualitative 3D Decomposition by Rendering Primitives,"11 July, 2023"
Semi-Supervised Contrastive Learning for Deep Regression with Ordinal Rankings from Spectral Seriation,Not Found
Adaptive Uncertainty Estimation via High-Dimensional Testing on Latent Representations,October 2023
Parameter-efficient Tuning of Large-scale Multimodal Foundation Model,"15 May, 2023"
PrimDiffusion: Volumetric Primitives Diffusion for 3D Human Generation,December 2023
Optimal Time Complexities of Parallel Stochastic Optimization Methods Under a Fixed Computation Model,"21 May, 2023"
2Direction: Theoretically Faster Distributed Training with Bidirectional Communication Compression,"21 May, 2023"
Weakly-Supervised Audio-Visual Segmentation,June 2024
On student-teacher deviations in distillation: does it pay to disobey?,Not Found
SPACE: Single-round Participant Amalgamation for Contribution Evaluation in Federated Learning,Not Found
PaintSeg: Painting Pixels for Training-free Segmentation,Not Found
Unsupervised Semantic Correspondence Using Stable Diffusion,"24 May, 2023"
Improved Communication Efficiency in Federated Natural Policy Gradient via ADMM-based Gradient Updates,October 2023
DaTaSeg: Taming a Universal Multi-Dataset Multi-Task Segmentation Model,June 2023
Inferring Hybrid Neural Fluid Fields from Videos,December 2023
On the Trade-off of Intra-/Inter-class Diversity for Supervised Pre-training,"20 May, 2023"
Improving Few-Shot Generalization by Exploring and Exploiting Auxiliary Data,"1 February, 2023"
Autodecoding Latent 3D Diffusion Models,July 2023
GraphPatcher: Mitigating Degree Bias for Graph Neural Networks via Test-time Augmentation,October 2023
Emergent Correspondence from Image Diffusion,"6 June, 2023"
Convolutional Visual Prompt for Robust Visual Perception,"28 February, 2023"
Free-Bloom: Zero-Shot Text-to-Video Generator with LLM Director and LDM Animator,September 2023
Counterfactual Generation with Identifiability Guarantees,February 2024
CLIP4HOI: Towards Adapting CLIP for Practical Zero-Shot HOI Detection,Not Found
Transformers over Directed Acyclic Graphs,"24 October, 2022"
Unlocking Feature Visualization for Deep Network with MAgnitude Constrained Optimization,Not Found
Does Graph Distillation See Like Vision Dataset Counterpart?,Not Found
Environment-Aware Dynamic Graph Learning for Out-of-Distribution Generalization,November 2023
Modeling Human Visual Motion Processing with Trainable Motion Energy Sensing and a Self-attention Network,"16 May, 2023"
MuSe-GNN: Learning Unified Gene Representation From Multimodal Biological Graph Data,October 2023
Transferable Adversarial Robustness for Categorical Data via Universal Robust Embeddings,"6 June, 2023"
Diversifying Spatial-Temporal Perception for Video Domain Generalization,October 2023
VCC: Scaling Transformers to 128K Tokens or More by Prioritizing Important Tokens,"7 May, 2023"
How many samples are needed to leverage smoothness?,Not Found
OpenMask3D: Open-Vocabulary 3D Instance Segmentation,"23 June, 2023"
Evaluating the Robustness of Interpretability Methods through Explanation Invariance and Equivariance,"13 April, 2023"
Reading Relevant Feature from Global Representation Memory for Visual Object Tracking,"22 February, 2024"
GMSF: Global Matching Scene Flow,"27 May, 2023"
Probabilistic Weight Fixing: Large-scale training of neural network weight uncertainties for quantisation.,Not Found
Neural Relation Graph: A Unified Framework for Identifying Label Noise and Outlier Data,"28 January, 2023"
Causal Discovery from Subsampled Time Series with Proxy Variables,"9 May, 2023"
Federated Learning via Meta-Variational Dropout,October 2025
A Simple Solution for Offline Imitation from Observations and Examples with Possibly Incomplete Trajectories,November 2023
Learning to Compress Prompts with Gist Tokens,"17 April, 2023"
Demographic Parity Constrained Minimax Optimal Regression under Linear Model,"23 June, 2022"
Learning Neural Implicit through Volume Rendering with Attentive Depth Fusion Priors,"17 October, 2023"
ClusterFomer: Clustering As A Universal Visual Learner,Not Found
Data-Centric Learning from Unlabeled Graphs with Diffusion Model,"17 March, 2023"
Streaming Factor Trajectory Learning for Temporal Tensor Decomposition,"25 October, 2023"
Offline Imitation Learning with Variational Counterfactual Reasoning,"7 October, 2023"
BERT Lost Patience Won't Be Robust to Adversarial Slowdown,"29 October, 2023"
Label-efficient Segmentation via Affinity Propagation,"16 October, 2023"
Unsupervised Video Domain Adaptation for Action Recognition: A Disentanglement Perspective,"15 August, 2022"
No-regret Algorithms for Fair Resource Allocation,March 2023
DiffUTE: Universal Text Editing Diffusion Model,"18 May, 2023"
Unified 3D Segmenter As Prototypical Classifiers,Not Found
Learning Motion Refinement for Unsupervised Face Animation,October 2023
A Hierarchical Training Paradigm for Antibody Structure-sequence Co-design,November 2023
Learning Large Graph Property Prediction via Graph Segment Training,"20 May, 2023"
Unsupervised Optical Flow Estimation with Dynamic Timing Representation for Spike Camera,July 2023
Variational Inference with Gaussian Score Matching,July 2023
Block Broyden's Methods for Solving Nonlinear Equations,Not Found
Joint Attribute and Model Generalization Learning for Privacy-Preserving Action Recognition,Not Found
Deep Patch Visual Odometry,"8 August, 2022"
You Only Condense Once: Two Rules for Pruning Condensed Datasets,October 2023
Online Map Vectorization for Autonomous Driving: A Rasterization Perspective,"18 June, 2023"
Cheap and Quick: Efficient Vision-Language Instruction Tuning for Large Language Models,"24 May, 2023"
"GPEX, A Framework For Interpreting Artificial Neural Networks","17 December, 2021"
Efficient Symbolic Policy Learning with Differentiable Symbolic Expression,November 2023
Convolutions Die Hard: Open-Vocabulary Segmentation with Single Frozen Convolutional CLIP,"4 August, 2023"
Why Did This Model Forecast This Future? Information-Theoretic Saliency for Counterfactual Explanations of Probabilistic Regression Models,Not Found
Self-supervised Object-Centric Learning for Videos,October 2023
Online Learning under Adversarial Nonlinear Constraints,"6 June, 2023"
A Simple Yet Effective Strategy to Robustify the Meta Learning Paradigm,October 2023
Temporal Causal Mediation through a Point Process: Direct and Indirect Effects of Healthcare Interventions,June 2023
Jaccard Metric Losses: Optimizing the Jaccard Index with Soft Labels,"11 February, 2023"
Counterfactual Conservative Q Learning for Offline Multi-agent Reinforcement Learning,September 2023
A Computation and Communication Efficient Method for Distributed Nonconvex Problems in the Partial Participation Setting,"31 May, 2022"
Practical Equivariances via Relational Conditional Neural Processes,"19 June, 2023"
"Paraphrasing evades detectors of AI-generated text, but retrieval is an effective defense","23 March, 2023"
On the Convergence of Encoder-only Shallow Transformers,November 2023
TopP&R: Robust Support Estimation Approach for Evaluating Fidelity and Diversity in Generative Models,May 2024
AND: Adversarial Neural Degradation for Learning Blind Image Super-Resolution,Not Found
Towards the Difficulty for a Deep Neural Network to Learn Concepts of Different Complexities,Not Found
On Measuring Fairness in Generative Models,October 2023
Semi-Implicit Denoising Diffusion Models (SIDDMs),"21 June, 2023"
Characterizing Graph Datasets for Node Classification: Homophily-Heterophily Dichotomy and Beyond,"13 September, 2022"
The Memory-Perturbation Equation: Understanding Model's Sensitivity to Data,"30 October, 2023"
Aligning Language Models with Human Preferences via a Bayesian Approach,"9 October, 2023"
Enhancing Sharpness-Aware Optimization Through Variance Suppression,"27 September, 2023"
"CRoSS: Diffusion Model Makes Controllable, Robust and Secure Image Steganography",May 2023
GenS: Generalizable Neural Surface Reconstruction from Multi-View Images,June 2024
DiffComplete: Diffusion-based Generative 3D Shape Completion,June 2023
Data Pruning via Moving-one-Sample-out,"23 October, 2023"
Rehearsal Learning for Avoiding Undesired Future,Not Found
AiluRus: A Scalable ViT Framework for Dense Prediction,November 2023
Generator Born from Classifier,December 2023
Rewarded soups: towards Pareto-optimal alignment by interpolating weights fine-tuned on diverse rewards,"7 June, 2023"
RangePerception: Taming LiDAR Range View for Efficient and Accurate 3D Object Detection,Not Found
DisDiff: Unsupervised Disentanglement of Diffusion Probabilistic Models,"31 January, 2023"
Performance-optimized deep neural networks are evolving into worse models of inferotemporal visual cortex,June 2023
SEENN: Towards Temporal Spiking Early Exit Neural Networks,"2 April, 2023"
NAP: Neural 3D Articulated Object Prior,Not Found
Segment Everything Everywhere All at Once,"13 April, 2023"
Module-wise Training of Neural Networks via the Minimizing Movement Scheme,"29 September, 2023"
Multi-body SE(3) Equivariance for Unsupervised Rigid Segmentation and Motion Estimation,"8 June, 2023"
The expressive power of pooling in Graph Neural Networks,"4 April, 2023"
"(S)GD over Diagonal Linear Networks: Implicit bias, Large Stepsizes and Edge of Stability",Not Found
Rubik's Cube: High-Order Channel Interactions with a Hierarchical Receptive Field,Not Found
Networks are Slacking Off: Understanding Generalization Problem in Image Deraining,"24 May, 2023"
Semantic Image Synthesis with Unconditional Generator,February 2024
When Visual Prompt Tuning Meets Source-Free Domain Adaptive Semantic Segmentation,Not Found
Diversified Outlier Exposure for Out-of-Distribution Detection via Informative Extrapolation,"21 October, 2023"
Non-Rigid Shape Registration via Deep Functional Maps Prior,November 2023
Spike-driven Transformer,October 2025
Toward Better PAC-Bayes Bounds for Uniformly Stable Algorithms,Not Found
Mitigating Source Bias for Fairer Weak Supervision,"30 March, 2023"
On the Convergence of Black-Box Variational Inference,"27 May, 2025"
On Private and Robust Bandits,April 2023
Learning to Augment Distributions for Out-of-distribution Detection,"3 November, 2023"
Closing the Computational-Statistical Gap in Best Arm Identification for Combinatorial Semi-bandits,Not Found
Weakly-Supervised Concealed Object Segmentation with SAM-based Pseudo Labeling and Multi-scale Feature Grouping,May 2023
CoDA: Collaborative Novel Box Discovery and Cross-modal Alignment for Open-vocabulary 3D Object Detection,October 2023
DynPoint: Dynamic Neural Point For View Synthesis,"29 October, 2023"
Real-World Image Super-Resolution as Multi-Task Learning,June 2025
Enhancing Motion Deblurring in High-Speed Scenes with Spike Streams,Not Found
On the Ability of Graph Neural Networks to Model Interactions Between Vertices,"29 November, 2022"
Strong and Precise Modulation of Human Percepts via Robustified ANNs,Not Found
Scaling Laws for Hyperparameter Optimization,"6 March, 2025"
A Smooth Binary Mechanism for Efficient Private Continual Observation,"16 June, 2023"
MotionGPT: Human Motion as a Foreign Language,"26 June, 2023"
Unsupervised Graph Neural Architecture Search with Disentangled Self-Supervision,March 2024
Chanakya: Learning Runtime Decisions for Adaptive Real-Time Perception,"10 June, 2021"
Customizable Image Synthesis with Multiple Subjects,May 2023
Expanding Small-Scale Datasets with Guided Imagination,"25 November, 2022"
Mitigating Test-Time Bias for Fair Image Retrieval,May 2023
PyNeRF: Pyramidal Neural Radiance Fields,December 2023
SPRING: Studying Papers and Reasoning to play Games,"24 May, 2023"
Read and Reap the Rewards: Learning to Play Atari with the Help of Instruction Manuals,"9 February, 2023"
Boundary Guided Learning-Free Semantic Control with Diffusion Models,"16 February, 2023"
"StyleGAN knows Normal, Depth, Albedo, and More",June 2023
Variational Gaussian Processes with Decoupled Conditionals,Not Found
"Similarity, Compression and Local Steps: Three Pillars of Efficient Communications for Distributed Variational Inequalities","15 February, 2023"
Generalizable One-shot 3D Neural Head Avatar,Not Found
Global Update Tracking: A Decentralized Learning Algorithm for Heterogeneous Data,May 2023
Selectivity Drives Productivity: Efficient Dataset Pruning for Enhanced Transfer Learning,"12 October, 2023"
Information Design in Multi-Agent Reinforcement Learning,"8 May, 2023"
HeadSculpt: Crafting 3D Head Avatars with Text,"5 June, 2023"
Out-of-distribution Detection Learning with Unreliable Out-of-distribution Sources,"6 November, 2023"
Learning Domain-Aware Detection Head with Prompt Tuning,"9 June, 2023"
Multi-modal Queried Object Detection in the Wild,"30 May, 2023"
Social Motion Prediction with Cognitive Hierarchies,November 2023
PRED: Pre-training via Semantic Rendering on LiDAR Point Clouds,November 2023
Med-UniC: Unifying Cross-Lingual Medical Vision-Language Pre-Training by Diminishing Bias,"31 May, 2023"
"When can Regression-Adjusted Control Variate Help? Rare Events, Sobolev Embedding and Minimax Optimality",Not Found
Detecting Any Human-Object Interaction Relationship: Universal HOI Detector with Spatial Prompt Learning on Foundation Models,November 2023
What Do Deep Saliency Models Learn about Visual Attention?,Not Found
NetHack is Hard to Hack,"30 May, 2023"
The Rise of AI Language Pathologists: Exploring Two-level Prompt Learning for Few-shot Weakly-supervised Whole Slide Image Classification,"29 May, 2023"
DAW: Exploring the Better Weighting Function for Semi-supervised Semantic Segmentation,Not Found
Binarized Spectral Compressive Imaging,"17 May, 2023"
Focus on Query: Adversarial Mining Transformer for Few-Shot Segmentation,November 2023
Sharpness-Aware Minimization Leads to Low-Rank Features,"25 May, 2023"
CAPro: Webly Supervised Learning with Cross-modality Aligned Prototypes,October 2023
Shape Non-rigid Kinematics (SNK): A Zero-Shot Method for Non-Rigid Shape Matching via Unsupervised Functional Map Regularized Reconstruction,March 2024
TFLEX: Temporal Feature-Logic Embedding Framework for Complex Reasoning over Temporal Knowledge Graph,"27 May, 2022"
Don’t Stop Pretraining? Make Prompt-based Fine-tuning Powerful Learner,Not Found
BiMatting: Efficient Video Matting via Binarization,Not Found
Segment Anything in High Quality,June 2024
TextDiffuser: Diffusion Models as Text Painters,"18 May, 2023"
LoCoOp: Few-Shot Out-of-Distribution Detection via Prompt Learning,"2 June, 2023"
Masked Two-channel Decoupling Framework for Incomplete Multi-view Weak Multi-label Learning,April 2024
Learning Trajectories are Generalization Indicators,"25 April, 2023"
Echoes Beyond Points: Unleashing the Power of Raw Radar Data in Multi-modality Fusion,"31 July, 2023"
"3D-Aware Visual Question Answering about Parts, Poses and Occlusions",October 2023
Reinforcement Learning with Fast and Forgetful Memory,October 2023
Bridging the Domain Gap: Self-Supervised 3D Scene Understanding with Foundation Models,"15 May, 2023"
Hierarchical Open-vocabulary Universal Image Segmentation,"3 July, 2023"
Unlocking Deterministic Robustness Certification on ImageNet,"29 January, 2023"
Counterfactual-Augmented Importance Sampling for Semi-Offline Policy Evaluation,October 2023
ISP: Multi-Layered Garment Draping with Implicit Sewing Patterns,"23 May, 2023"
No Representation Rules Them All in Category Discovery,November 2023
Have it your way: Individualized Privacy Assignment for DP-SGD,"29 March, 2023"
Flocks of Stochastic Parrots: Differentially Private Prompt Learning for Large Language Models,May 2023
Bucks for Buckets (B4B): Active Defenses Against Stealing Encoders,"12 October, 2023"
L2T-DLN: Learning to Teach with Dynamic Loss Network,October 2023
Leveraging the two-timescale regime to demonstrate convergence of neural networks,"19 April, 2023"
STXD: Structural and Temporal Cross-Modal Distillation for Multi-View 3D Object Detection,Not Found
Language-based Action Concept Spaces Improve Video Self-Supervised Learning,"20 July, 2023"
PromptRestorer: A Prompting Image Restoration Method with Degradation Perception,Not Found
Tanh Works Better with Asymmetry,Not Found
RevColV2: Exploring Disentangled Representations in Masked Image Modeling,September 2023
Active Reasoning in an Open-World Environment,November 2023
Enhancing Adversarial Contrastive Learning via Adversarial Invariant Regularization,"29 April, 2023"
Understanding the Latent Space of Diffusion Models through the Lens of Riemannian Geometry,"24 July, 2023"
PGDiff: Guiding Diffusion Models for Versatile Face Restoration via Partial Guidance,September 2023
"Divide, Evaluate, and Refine: Evaluating and Improving Text-to-Image Alignment with Iterative VQA Feedback","10 July, 2023"
Parallel Spiking Neurons with High Efficiency and Ability to Learn Long-term Dependencies,"25 April, 2023"
SheetCopilot: Bringing Software Productivity to the Next Level through Large Language Models,"30 May, 2023"
DiT-3D: Exploring Plain Diffusion Transformers for 3D Shape Generation,July 2023
A Novel Framework for Policy Mirror Descent with General Parameterization and Linear Convergence,"30 January, 2023"
Improving CLIP Training with Language Rewrites,"31 May, 2023"
StableRep: Synthetic Images from Text-to-Image Models Make Strong Visual Representation Learners,"1 June, 2023"
Factorized Contrastive Learning: Going Beyond Multi-view Redundancy,"8 June, 2023"
Quantifying & Modeling Multimodal Interactions: An Information Decomposition Framework,October 2025
LANCE: Stress-testing Visual Models by Generating Language-guided Counterfactual Images,"30 May, 2023"
Learning Curves for Deep Structured Gaussian Feature Models,"1 March, 2023"
Beyond Confidence: Reliable Models Should Also Consider Atypicality,"29 May, 2023"
Unsupervised Polychromatic Neural Representation for CT Metal Artifact Reduction,"27 June, 2023"
Active Vision Reinforcement Learning under Limited Visual Observability,"1 June, 2023"
Leveraging Vision-Centric Multi-Modal Expertise for 3D Object Detection,October 2023
Sequential Preference Ranking for Efficient Reinforcement Learning from Human Feedback,Not Found
LEPARD: Learning Explicit Part Discovery for 3D Articulated Shape Reconstruction,Not Found
Compact Neural Volumetric Video Representations with Dynamic Codebooks,Not Found
Training Energy-Based Normalizing Flow with Score-Matching Objectives,"24 May, 2023"
Metropolis Sampling for Constrained Diffusion Models,"11 July, 2023"
Hierarchical Adaptive Value Estimation for Multi-modal Visual Reinforcement Learning,Not Found
Learning To Dive In Branch And Bound,January 2023
Lookup Table meets Local Laplacian Filter: Pyramid Reconstruction Network for Tone Mapping,"26 October, 2023"
Stochastic Distributed Optimization under Average Second-order Similarity: Algorithms and Analysis,"15 April, 2023"
H2RBox-v2: Incorporating Symmetry for Boosting Horizontal Box Supervised Oriented Object Detection,"10 April, 2023"
Towards Anytime Classification in Early-Exit Architectures by Enforcing Conditional Monotonicity,"5 June, 2023"
PolyDiffuse: Polygonal Shape Reconstruction via Guided Set Diffusion Models,"2 June, 2023"
DropPos: Pre-Training Vision Transformers by Reconstructing Dropped Positions,"7 September, 2023"
LaFTer: Label-Free Tuning of Zero-shot Classifier using Language and Unlabeled Image Collections,"29 May, 2023"
Towards Higher Ranks via Adversarial Weight Pruning,November 2023
Optimal Transport-Guided Conditional Score-Based Diffusion Model,November 2023
Natural Language Instruction-following with Task-related Language Development and Translation,Not Found
DAC-DETR: Divide the Attention Layers and Conquer,Not Found
IDRNet: Intervention-Driven Relation Network for Semantic Segmentation,October 2023
MonoUNI: A Unified Vehicle and Infrastructure-side Monocular 3D Object Detection Network with Sufficient Depth Clues,Not Found
Aligning Optimization Trajectories with Diffusion Models for Constrained Design Generation,May 2023
Elastic Decision Transformer,"5 July, 2023"
Temporal Robustness against Data poisoning,"7 February, 2023"
Focus Your Attention when Few-Shot Classification,Not Found
Enhancing User Intent Capture in Session-Based Recommendation with Attribute Patterns,December 2023
An Information Theory Perspective on Variance-Invariance-Covariance Regularization,Not Found
Learning Time-Invariant Representations for Individual Neurons from Population Dynamics,November 2023
RGMIL: Guide Your Multiple-Instance Learning Model with Regressor,Not Found
Should We Learn Most Likely Functions or Parameters?,Not Found
AttrSeg: Open-Vocabulary Semantic Segmentation via Attribute Decomposition-Aggregation,"31 August, 2023"
Visual Explanations of Image-Text Representations via Multi-Modal Information Bottleneck Attribution,"28 December, 2023"
ForecastPFN: Synthetically-Trained Zero-Shot Forecasting,November 2023
How2comm: Communication-Efficient and Collaboration-Pragmatic Multi-Agent Perception,Not Found
Dynamic Prompt Learning: Addressing Cross-Attention Leakage for Text-Based Image Editing,September 2023
Importance-aware Co-teaching for Offline Model-based Optimization,"20 September, 2023"
Parallel-mentoring for Offline Model-based Optimization,"20 September, 2023"
Predicting a Protein's Stability under a Million Mutations,"19 October, 2023"
LayoutGPT: Compositional Visual Planning and Generation with Large Language Models,"24 May, 2023"
ARTIC3D: Learning Robust Articulated 3D Shapes from Noisy Web Image Collections,June 2023
Symbol-LLM: Leverage Language Models for Symbolic System in Visual Human Activity Reasoning,November 2023
Faster Differentially Private Convex Optimization via Second-Order Methods,May 2023
Counting Distinct Elements Under Person-Level Differential Privacy,"24 August, 2023"
Faster Discrete Convex Function Minimization with Predictions: The M-Convex Case,June 2023
Accountability in Offline Reinforcement Learning: Explaining Decisions with a Corpus of Examples,"11 October, 2023"
KD-Zero: Evolving Knowledge Distiller for Any Teacher-Student Pairs,Not Found
