Title,Authors,Institutes,Date,Country,Rank_first,Rank_last
Quantum reinforcement learning ,"['Shao hua Wang', 'Hai Lin']","['Not Found', 'Not Found']",October 2025,,,
Dual-Domain Diffusion Based Progressive Style Rendering towards Semantic Structure Preservation,"['Mengjun Tao', 'Richard Jiang']","['Not Found', 'Not Found']",,,,
UPop: Unified and Progressive Pruning for Compressing Vision-Language Transformers,"['Dachuan Shi', 'Chaofan Tao', 'Ying Jin', 'Zhendong Yang', 'Chun Yuan', 'Jiaqi Wang']","['Not Found', 'Not Found', 'Not Found', 'Not Found', 'Not Found', 'Not Found']","31 January, 2023",,,
NeuralStagger: accelerating physics constrained neural PDE solver with spatial-temporal decomposition,"['Xinquan Huang', 'Wenlei Shi', 'Qi Meng', 'Yue Wang', 'Xiaotian Gao', 'Jia Zhang', 'Tie-Yan Liu']","['Not Found', 'Not Found', 'Not Found', 'Not Found', 'Not Found', 'Not Found', 'Not Found']","20 February, 2023",,,
Towards Robust Online Dialogue Response Generation,"['Leyang Cui', 'Fandong Meng', 'Yijin Liu', 'Jie Zhou', 'Yue Zhang']","['Not Found', 'Not Found', 'Not Found', 'Not Found', 'Not Found']",March 2022,,,
Learning to Perturb for Contrastive Learning of Unsupervised Sentence Representations,"['Kun Zhou', 'Yuanhang Zhou', 'Xin Zhao', 'Ji-Rong Wen']","['Not Found', 'Not Found', 'Not Found', 'Not Found']",,,,
Cultivation of Digital Diagnosis from Medical Images: Radiomics,['Selman EREL'],['Not Found'],,,,
PPAT: Progressive Graph Pairwise Attention Network for Event Causality Identification,"['zhenyu liu', 'Zhenran Xu', 'Baotian Hu']","['Not Found', 'Not Found', 'Not Found']",,,,
Towards a Complete Theory of Neural Networks with Few Neurons,"['Berfin Simsek', 'Valentin Schmutz', 'Wulfram Gerstner', 'Johanni Brea']","['Not Found', 'Not Found', 'Not Found', 'Not Found']",,,,
Emergent Modularity in Pre-trained Transformers,"['Zhengyan Zhang', 'Zhiyuan Zeng', 'Yankai Lin', 'Chaojun Xiao', 'Xu Han', 'Zhiyuan Liu', 'Maosong Sun', 'Jie Zhou']","['Not Found', 'Not Found', 'Not Found', 'Not Found', 'Not Found', 'Not Found', 'Not Found', 'Not Found']","28 May, 2023",,,
Joint Representations of Text and Knowledge Graphs for Retrieval and Evaluation,"['Teven Le Scao', 'Claire Gardent']","['Not Found', 'Not Found']",February 2023,,,
Partial Output Norm: Mitigating the Model Output Blow-up Effect of Cross Entropy Loss ,"['Zelin Li', 'Qiang Fu', 'Lun Du', 'Xu Chen', 'Jinsong Zhang', 'Shi Han', 'Dongmei Zhang']","['Not Found', 'Not Found', 'Not Found', 'Not Found', 'Not Found', 'Not Found', 'Not Found']",,,,
$$FLAMES2Graph: An Interpretable Federated Multivariate Time Series Classification Framework$$,"['Raneen Younis', 'Zahra Ahmadi', 'Abdul Hakmeh', 'Marco Fisichella']","['Not Found', 'Not Found', 'Not Found', 'Not Found']",,,,
FLOP: Tasks for Fitness Landscapes Of Protein families using sequence- and structure-based representations,"['Peter Mørch Groth', 'Richard Michael', 'Pengfei Tian', 'Jesper Salomon', 'Wouter Boomsma']","['Not Found', 'Computer Science,University of Copenhagen(diku.dk)', 'Novozymes A/S(novozymes.com)', 'Novozymes(novozymes.com)', 'Department of Computer Science,University of Copenhagen(ku.dk)']",,Denmark,88,88
A Hybrid Framework for Generating A Country-scale Synthetic Population,"['Bhavesh Neekhra', 'Kshitij Kapoor', 'Debayan Gupta']","['Computer Science,Ashoka University, India(ashoka.edu.in)', 'Ashoka University(ashoka.edu.in)', 'Ashoka University(ashoka.edu.in)']","24 April, 2023",India,486,486
Learning with Non-Uniform Label Noise: A Cluster-Dependent Semi-Supervised Approach,"['Mengtian Zhang', 'Bo Jiang', 'Yuye Ling', 'Xinbing Wang', 'Chenghu Zhou']","['Shanghai Jiao Tong University(sjtu.edu.cn)', 'Shanghai Jiao Tong University(sjtu.edu.cn)', 'Not Found', 'Shanghai Jiao Tong University(cs.sjtu.edu.cn)', 'IGSNRR, Chinese Academy of Sciences, Beijing, China(lreis.ac.cn)']",,China,5,12
Free Bits: Platform-Aware Latency Optimization of Mixed-Precision Neural Networks for Edge Deployment,"['Georg Martin Rutishauser', 'Francesco Conti', 'Luca Benini']","['ETHZ - ETH Zurich(ethz.ch)', 'Not Found', 'ITET,ETHZ - ETH Zurich(ethz.ch)']",,Switzerland,31,31
Loss Adapted Plasticity: Learning From Data With Unreliable Sources,"['Alexander Capstick', 'Francesca Palermo', 'Payam Barnaghi']","['Imperial College London(imperial.ac.uk)', 'Imperial College London, Imperial College London(imperial.ac.uk)', 'Imperial College London(imperial.ac.uk)']",,United Kingdom,114,114
MolBART: Generative Masked Language Models for Molecular Representations,"['Gayane Chilingaryan', 'Hovhannes Tamoyan', 'Ani Tevosyan', 'Nelly Babayan', 'Lusine Khondkaryan', 'Karen Hambardzumyan', 'Zaven Navoyan', 'Hrant Khachatrian', 'Armen Aghajanyan']","['Zalando Research,Zalando SE(zalando.de)', 'Technische Universität Darmstadt(tu-darmstadt.de)', 'Not Found', 'Not Found', 'Not Found', 'FAIR,Meta(meta.com)', 'Not Found', 'Yerevan State University(ysu.am)', 'Not Found']",,Germany; United States,,
Cross-utterance Conditioned Coherent Speech Editing via Biased Training and Entire Inference,"['Cheng Yu', 'Yang Li', 'Weiqin Zu', 'Fanglei Sun', 'Zheng Tian', 'Jun Wang']","['Not Found', 'Computer Science,University of Manchester(cs.manchester.ac.uk)', 'School of Information Science and Technology,ShanghaiTech University(shanghaitech.edu.cn)', 'ShanghaiTech(shanghaitech.edu.cn)', 'School of Creativity and Art,ShanghaiTech University(shanghaitech.edu.cn)', 'Computer Science,University College London(ucl.ac.uk)']",,United Kingdom; China,146,88
SWRM: Similarity Window Reweighting and Margins for Long-Tailed Recognition,"['Tianlin Huang', 'Qiong Chen', 'Qingfa Liu']","['South China University of Technology(scut.edu.cn)', 'Not Found', 'Not Found']",,China,486,486
Supervised Q-Learning can be a Strong Baseline for Continuous Control,"['Hao Sun', 'Ziping Xu', 'Taiyi Wang', 'Meng Fang', 'Bolei Zhou']","['Google DeepMind(google.com)', 'Department of Statistics,Harvard University, Harvard University(fas.harvard.edu)', 'Computer Science and Technology,University of Cambridge(cam.ac.uk)', 'University of Liverpool(liverpool.ac.uk)', 'Computer Science,University of California, Los Angeles(ucla.edu)']",,United Kingdom; United States,,35
Probing for Correlations of Causal Facts: Large Language Models and Causality,"['Moritz Willig', 'Matej Zečević', 'Devendra Singh Dhami', 'Kristian Kersting']","['CS Department,Technical University of Darmstadt(cs.tu-darmstadt.de)', 'TU Darmstadt(tu-darmstadt.de)', 'Eindhoven University of Technology(tue.nl)', 'German Research Center for AI(dfki.de)']",,Germany,100,
Geometry Problem Solving based on Counterfactual Evolutionary Reasoning,"['SONG Bing', 'Xiong Gang', 'Fenghua Zhu', 'Yisheng Lv', 'Peijun Ye']","['Institute of automation, Chinese academy of science, Chinese Academy of Sciences(ia.ac.cn)', 'Institute of Automation, Chinese Academy of Science(ia.ac.cn)', 'Institute of automation, Chinese academy of science, Chinese Academy of Sciences(ia.ac.cn)', 'Institute of Automation, Chinese Academy of Science(ia.ac.cn)', 'Institute of automation, Chinese academy of science, Chinese Academy of Sciences(ia.ac.cn)']",,China,12,12
Rethinking Metric Based Contrastive Learning Method’s Generalization Capability,"['Shenyang Deng', 'Xiliang Yang', 'Shicong Liu', 'Hao Chen', 'Yuanchi Suo', 'Xin Ma', 'Jianjun Zhang', 'Wing W.Y. Ng']","['South China University of Technology(scut.edu.cn)', 'The School of Data Science,The Chinese University of Hong Kong(cuhk.edu.cn)', 'South China University of Technology(scut.edu.cn)', 'South China University of Technology(scut.edu.cn)', 'South China University of Technology(scut.edu.cn)', 'South China University of Technology(scut.edu.cn)', 'College of Mathematics and Informatics,South China Agricultural University(scau.edu.cn)', 'South China University of Technology(scut.edu.cn)']",,China; Hong Kong,486,486
RISC-V MICROARCHITECTURE EXPLORATION VIA REINFORCEMENT LEARNING,"['Chen Bai', 'Jianwang Zhai', 'Yuzhe Ma', 'Wenlong Lyu', 'Zhitang Chen', 'Bei Yu', 'Martin D. Wong']","['Department of Computer Science and Engineering, The Chinese University of Hong Kong(cse.cuhk.edu.hk)', 'Not Found', 'The Hong Kong University of Science and Technology (Guangzhou)(hkust-gz.edu.cn)', 'Huawei Technologies Ltd.(huawei.com)', ""Noah's Ark Lab, Hong Kong,Huawei Technologies Ltd.(huawei.com)"", 'Department of Computer Science and Engineering, The Chinese University of Hong Kong(cse.cuhk.edu.hk)', 'Not Found']",,Hong Kong; China,26,26
Kinship Representation Learning with Face Componential Relation,"['Weng-Tai Su', 'Min-Hung Chen', 'Chien-Yi Wang', 'Shang-Hong Lai', 'Trista Pei-Chun Chen']","['National Tsinghua University(nthu.edu.tw)', 'NVIDIA(nvidia.com)', 'Amazon(amazon.com)', 'Department of Computer Science,National Tsing Hua University(cs.nthu.edu.tw)', 'Microsoft(microsoft.com)']","10 April, 2023",China; United States; Taiwan,1,
Pseudo-Differential Integral Operator for Learning Solution Operators of Partial Differential Equations,"['Jin Young Shin', 'Jae Yong Lee', 'Hyung Ju Hwang']","['POSTECH(postech.ac.kr)', 'Department of AI,Chung-Ang University(cau.ac.kr)', 'POSTECH(postech.ac.kr)']",,South Korea,88,88
Improved Training of Physics-Informed Neural Networks with Model Ensembles,"['Katsiaryna Haitsiukevich', 'Alexander Ilin']","['University of Helsinki(helsinki.fi)', 'System 2 AI(system2ai.com)']","11 April, 2022",Finland,222,
Enabling Equation Learning with the Bayesian Model Evidence via systematic $R^2$-elimination,"['Bubacarr Bah', 'Daniel Nickelsen']","['Not Found', 'Not Found']",,,,
Curvature Informed Furthest Point Sampling,"['Shubham Bhardwaj', 'Balakrisha Reddy Pailla']","['Not Found', 'Not Found']",November 2024,,,
Grounded Contrastive Learning for Open-world Semantic Segmentation,"['Junbum Cha', 'Jonghwan Mun', 'Byungseok Roh']","['Not Found', 'Not Found', 'Not Found']",,,,
RephraseTTS: Dynamic Length Text based Speech Insertion with Speaker Style Transfer,"['Neeraj Matiyali', 'Siddharth Srivastava', 'Gaurav Sharma']","['Not Found', 'Not Found', 'Not Found']",August 2025,,,
Light and Accurate: Neural Architecture Search via Two Constant Shared Weights Initialisations,['Ekaterina Gracheva'],['Not Found'],,,,
Smooth image-to-image translations with latent space interpolations,"['Yahui Liu', 'Enver Sangineto', 'Yajing Chen', 'Linchao Bao', 'Haoxian Zhang', 'Nicu Sebe', 'Bruno Lepri', 'Marco De Nadai']","['Not Found', 'Not Found', 'Not Found', 'Not Found', 'Not Found', 'Not Found', 'Not Found', 'Not Found']","3 October, 2022",,,
UiTTa: Online Test-Time Adaptation by User Interaction,"['Hai Ye', 'Hwee Tou Ng', 'Yixin Nie', 'Juntao Li']","['Not Found', 'Not Found', 'Not Found', 'Not Found']",,,,
xTrimoDock: Cross-Modal Transformer for Multi-Chain Protein Docking,"['Ruijia Wang', 'Shaochuan Li', 'Xiao Wang', 'Zhiyuan Lu', 'Bing Yang', 'Hui Li', 'Chuan Shi', 'Le Song']","['China Telecom Cloud Computing Research Institute(chinatelecom.cn)', 'Not Found', 'Beihang University(buaa.edu.cn)', 'None(none.com)', 'Beijing Institute of Technology(bit.edu.cn)', 'AI,BioMap(biomap.com)', 'Institute of Computing Technology,Beijing University of Post and Telecommunication(bupt.edu.cn)', 'College of Computing, Georgia Institute of Technology(cc.gatech.edu)']",,China; United States,,18
What's in a name? The Influence of Personal Names on Spatial Reasoning in BLOOM Large Language Models,"['Sumit Kumar Jha', 'Rickard Ewetz', 'Alvaro Velasquez', 'Susmit Jha']","['Not Found', 'ECE,University of Florida(ufl.edu)', 'Information Innovation Office,Defense Advanced Research Projects Agency(darpa.mil)', 'DARPA(darpa.mil)']",,United States,146,
Contrastive Representation Learning for Multi-scale Spatial Scenes,"['Shiyin Ge', 'Danhuai Guo', 'Song Gao', 'Gengchen Mai', 'Zhiping Li', 'Yangang Wang']","['Computer Network Information Center, Chinese Academy of Sciences(cnic.cn)', 'Information Science and Technology,Beijing University of Chemical Technology(buct.edu.cn)', 'University of Wisconsin - Madison(wisc.edu)', 'Google Research,Google(research.google.com)', 'Not Found', 'Computer Network Information Center, Chinese Academy of Sciences(cnic.cn)']",,China; United States,12,12
Versatile Energy-Based Models for High Energy Physics,"['Taoli Cheng', 'Aaron Courville']","['Bosch(bosch.com)', 'University of Montreal(umontreal.ca)']","1 February, 2023",Canada,,126
Model-based Unknown Input Estimation via Partially Observable Markov Decision Processes,"['Wei Liu', 'Zhilu Lai', 'Charikleia D. Stoura', 'Kiran Bacsa', 'Eleni Chatzi']","['National University of Singapore(nus.edu)', 'Not Found', 'Not Found', 'Not Found', 'ETHZ - ETH Zurich(ethz.ch)']",,Singapore; Switzerland,12,31
Breaking Large Language Model-based Code Generation,"['Jingxuan He', 'Jiacheng Shen', 'Martin Vechev']","['University of California, Berkeley(berkeley.edu)', 'ETHZ - ETH Zurich(ethz.ch)', 'Computer Science,ETHZ - ETH Zurich(ethz.ch)']",,United States; Switzerland,20,31
Farsighter: Efficient Multi-step Exploration for Deep Reinforcement Learning,"['Yongshuai Liu', 'Xin Liu']","['University of California, Davis(ucdavis.edu)', 'Computer Science,University of California, Davis(ucdavis.edu)']",,United States,106,106
Exploiting Personalized Invariance for Better Out-of-distribution Generalization in Federated Learning,"['Xueyang Tang', 'Song Guo', 'Jie Zhang']","['The Hong Kong Polytechnic University(polyu.edu.hk)', 'Department of Computer Science and Engineering, Hong Kong University of Science and Technology(cse.ust.hk)', 'Computer Science and Engineering,Hong Kong University of Science and Technology(ust.hk)']",November 2022,Hong Kong,56,
Mixture of Basis for Interpretable Continual Learning with Distribution Shifts,"['Pranay Pasula', 'Mengda Xu', 'Sumitra Ganesh']","['Stealth Startup(anon.ai)', 'Stanford University(stanford.edu)', 'J.P. Morgan Chase(jpmorgan.com)']",January 2022,United States,,
Denoising Differential Privacy in Split Learning,"['Hang Xu', 'Aritra Dutta', 'Weiran Liu', 'Xin Li', 'Panos Kalnis']","['Independent Researcher(xu.com)', 'Mathematics (primary), Computer Science (secondary joint),University of Central Florida(ucf.edu)', 'Alibaba Group(alibaba-inc.com)', 'University of Central Florida(ucf.edu)', 'Computer Science,KAUST(kaust.edu.sa)']",,United States; Saudi Arabia,,106
On Representation Learning in the First Layer of Deep CNNs and the Dynamics of Gradient Descent,"['Rhea Chowers', 'Yair Weiss']","['Hebrew University of Jerusalem(huji.ac.il)', 'Hebrew University of Jerusalem(huji.ac.il)']",,Israel,126,126
Learning Layered Implicit Model for 3D Avatar Clothing Representation,"['Keyu CHEN', 'Jingbo Wang', 'Wayne Wu', 'Bo Dai']","['Tavus Inc.(tavus.dev)', 'Shanghai Artificial Intelligence Laboratory(pjlab.org.cn)', 'Not Found', 'Institute of Data Science,University of Hong Kong(hku.hk)']",,Hong Kong,,26
Generalizable Multi-Relational Graph Representation Learning:  A Message Intervention Approach,"['Haoran Xin', 'Xinjiang Lu', 'Tong Xu', 'Dejing Dou', 'Hui Xiong']","['AI Thrust,The Hong Kong University of Science and Technology (Guangzhou)(hkust-gz.edu.cn)', 'Baidu Research,Baidu(baidu.com)', 'School of Computer Science,University of Science and Technology of China(ustc.edu.cn)', 'School of Computer Science,Fudan University(fudan.edu.cn)', 'AI Thrust,Hong Kong University of Science and Technology (Guangzhou)(hkust.edu)']",,Hong Kong; China,10,10
Text2Model: Model Induction for Zero-shot Generalization Using Task Descriptions,"['Ohad Amosy', 'Tomer Volk', 'Eyal Ben-David', 'Roi Reichart', 'Gal Chechik']","['Bar Ilan University, Technion(biu.ac.il)', 'Technion - Israel Institute of Technology, Technion - Israel Institute of Technology(campus.technion.ac.il)', 'Technion - Israel Institute of Technology, Technion(technion.ac.il)', 'Data and Decision Sciences,Technion, Israel Institute of Technology(technion.ac.il)', 'Bar Ilan University(biu.ac.il)']",,Israel,49,160
Deconfounded Noisy Labels Learning,"['Weichen Yu', 'Hongyuan Yu', 'Yan Huang', 'Jinghao Zhang', 'Qiang Liu', 'Liang Wang']","['ECE,Carnegie Mellon University(andrew.cmu.edu)', 'Xiaomi Corporation(xiaomi.com)', 'NLPR,Institute of automation, Chinese academy of science, Chinese Academy of Sciences(ia.ac.cn)', 'Kuaishou- 快手科技(kuaishou.com)', 'State Key Laboratory of MultimodalArtificial Intelligence Systems,Institute of Automation, Chinese Academy of Sciences(nlpr.ia.ac.cn)', 'NLPR,Institute of Automation， CAS，China(ia.ac.cn)']",,United States; China,3,
Opportunistic Actor-Critic (OPAC) with Clipped Triple Q-learning,"['Srinjoy Roy', 'Saptam Bakshi', 'Tamal Maharaj', 'Swagatam Das']","['Not Found', 'Ramakrishna Mission Vivekananda Educational and Research Institute(rkmvu.ac.in)', 'Ramakrishna Mission Vivekananda Educational and Research Institute(rkmvu.ac.in)', 'Electronics and Communication Sciences Unit,Indian Statistical Institute(isical.ac.in)']",,,,
Deep Equilibrium Non-Autoregressive Sequence Learning,"['Zaixiang Zheng', 'Yi Zhou', 'Hao Zhou']","['ByteDance Seed(bytedance.com)', 'ByteDance AI Lab(bytedance.com)', 'Institute of AI Industry Research (AIR),Tsinghua University, Tsinghua University(tsinghua.edu.cn)']",,China,,1
PTUnifier: Pseudo Tokens as Paradigm Unifiers in Medical Vision-and-Language Pre-training,"['Zhihong Chen', 'Shizhe Diao', 'Benyou Wang', 'Guanbin Li', 'Xiang Wan']","['Stanford University(stanford.edu)', 'NVIDIA(nvidia.com)', 'Not Found', 'Not Found', 'Not Found']",,United States,16,
Offline imitation learning by controlling the effective planning horizon,"['Hee-Jun Ahn', 'Seong-Woong Shim', 'Byung-Jun Lee']","['Not Found', 'Not Found', 'Not Found']",January 2024,,,
SELCOR: Self-Correction for Weakly Supervised Learning,"['Yang Zhou', 'Wee Sun Lee']","['Not Found', 'Not Found']",,,,
Efficiently Meta-Learning for Robust Deep Networks without Prior Unbiased Set,"['Xing XiMing', 'Tiantian Zhang', 'Haiyang Zhang', 'Qian Yu', 'Yanwei Fu']","['Not Found', 'Not Found', 'Not Found', 'Not Found', 'Not Found']",,,,
Label Similarity Aware Contrastive Learning,"['MinGyu Choi', 'Soona Hong', 'Wonseok Shin', 'Yijingxiu Lu', 'Sun Kim']","['Not Found', 'Not Found', 'Not Found', 'Not Found', 'Not Found']",,,,
Theoretical Study of Provably Efficient Offline Reinforcement Learning with Trajectory-Wise Reward,"['Tengyu Xu', 'Yingbin Liang']","['Not Found', 'Not Found']",,,,
Offline Reinforcement Learning via Weighted $f$-divergence,"['Woosung Kim', 'Donghyeon Ki', 'Byung-Jun Lee']","['Not Found', 'Not Found', 'Not Found']",,,,
Therbligs in Action: Video Understanding through Motion Primitives,"['Eadom T Dessalene', 'Michael Maynord', 'Cornelia Fermuller', 'Yiannis Aloimonos']","['Not Found', 'Not Found', 'Not Found', 'Not Found']",April 2023,,,
On the Adversarial Robustness against Natural Weather Perturbations,"['Yihan Wang', 'Yunhao Ba', 'Howard Chenyang Zhang', 'Huan Zhang', 'Achuta Kadambi', 'Stefano Soatto', 'Alex Wong', 'Cho-Jui Hsieh']","['Not Found', 'Not Found', 'Not Found', 'Not Found', 'Not Found', 'Not Found', 'Not Found', 'Not Found']",,,,
Don’t Bet on Sparsity: Designing Brain-inspired Distance-preserving Encoder,"['Ayan Sengupta', 'Md Shad Akhtar', 'Tanmoy Chakraborty']","['Not Found', 'Not Found', 'Not Found']",,,,
Revisiting and Improving FGSM Adversarial Training,"['Pengbo Yang', 'Jitao Sang', 'Jian Yu', 'Yaogong Feng']","['Not Found', 'Not Found', 'Not Found', 'Not Found']",,,,
SlothBomb: Efficiency Poisoning Attack against Dynamic Neural Networks,"['Simin Chen', 'Hanlin Chen', 'Mirazul Haque', 'Cong Liu', 'Wei Yang']","['Not Found', 'Not Found', 'Not Found', 'Not Found', 'Not Found']",,,,
Towards Automatic Generation of Advanced Shift Networks,"['Xiaoxuan Lou', 'Guowen Xu', 'Kangjie Chen', 'Guanlin Li', 'Jiwei Li', 'Tianwei Zhang']","['Not Found', 'Not Found', 'Not Found', 'Not Found', 'Not Found', 'Not Found']",,,,
Learned Nearest-Class-Mean for Biased Representations in Long-Tailed Recognition,"['Saurabh Sharma', 'Yongqin Xian', 'Ambuj Singh']","['Not Found', 'Not Found', 'Not Found']",,,,
Intra-Instance VICReg: Bag of Self-Supervised Image Patch Embedding Explains the Performance,"['Yubei Chen', 'Adrien Bardes', 'ZENGYI LI', 'Yann LeCun']","['Not Found', 'Not Found', 'Not Found', 'Not Found']",,,,
"Efficient, probabilistic analysis of combinatorial neural codes","['Thomas F Burns', 'Irwansyah Irwansyah']","['Not Found', 'Not Found']",October 2022,,,
Simple and Deep Graph Attention Networks,"['Guangxin Su', 'Hanchen Wang', 'Ying Zhang', 'Xuemin Lin', 'Wenjie Zhang']","['Schoole of Compter Science and Engineering,University of New South Wales(unsw.edu.au)', 'AAII, FEIT,University of Technology Sydney(uts.edu.au)', 'University of Technology Sydney (UTS)(uts.eud.au)', 'Shanghai Jiaotong University(sjtu.edu.cn)', 'Computer Science and Engineering,the university of new south wales(cse.unsw.edu.au)']",,Australia,146,146
Rényi Supervised Contrastive Learning for Transferable Representation,"['Kyungmin Lee', 'Minkyu Kim', 'Jinwoo Shin']","['Korea Advanced Institute of Science & Technology(kaist.ac.kr)', 'KRAFTON, Inc.(krafton.com)', 'Korea Advanced Institute of Science & Technology(kaist.ac.kr)']",,South Korea,8,8
Meta-Learning for Bootstrapping Medical Image Segmentation from Imperfect Supervision ,"['Qingyue Wei', 'Lequan Yu', 'Xianhang Li', 'Wei Shao', 'Cihang Xie', 'Lei Xing', 'Yuyin Zhou']","['Stanford University(stanford.edu)', 'The University of Hong Kong(hku.hk)', 'University of California, Santa Cruz(ucsc.edu)', 'Not Found', 'University of California, Santa Cruz(ucsc.edu)', 'Radiation Oncology,Stanford University(stanford.edu)', 'University of California, Santa Cruz(ucsc.edu)']",,United States; Hong Kong,16,138
Infringing Video Retrieval via Decoupled Representations and Mutual Information Maximization,"['Zhenguang Liu', 'Xinyang Yu']","['School of Computer Science and Technology,Zhejiang University(zju.edu.cn)', 'Zhejiang Gongshang University(zjgsu.edu.cn)']",,China,2,
Speech denoising by listening to noise,"['Kranti Kumar Parida', 'Siddharth Srivastava', 'Gaurav Sharma']","['University of Bristol(bris.ac.uk)', 'TensorTour Inc(tensortour.com)', 'Typeface Inc(typeface.ai)']",,United Kingdom,185,
How Should I Plan? A Performance Comparison of Decision-Time vs. Background Planning,"['Safa Alver', 'Doina Precup']","['McGill University(mcgill.ca)', 'DeepMind(google.com)']",,Canada,200,
AMA: Asymptotic Midpoint Augmentation for Margin Balancing and Moderate Broadening,"['Semi Lee', 'Hoyong Kim', 'Kangil Kim']","['Gwangju Institute of Science and Technology(gist.ac.kr)', 'Artificial Intelligence Graduate School,Gwangju Institute of Science and Technology(gist.ac.kr)', 'AI Graduate School,Gwangju Institute of Science and Technology(gist.ac.kr)']",,South Korea,244,244
MEDIC: Model Backdoor Removal by Importance Driven Cloning,"['Qiuling Xu', 'Guanhong Tao', 'Jean Honorio', 'Yingqi Liu', 'Shengwei An', 'Guangyu Shen', 'Siyuan Cheng', 'Xiangyu Zhang']","['Netflix(netflix.com)', 'Not Found', 'University of Melbourne(unimelb.edu.au)', 'Microsoft(microsoft.com)', 'Virginia Polytechnic Institute and State University(vt.edu)', 'Computer Science,Purdue University(purdue.edu)', 'Computer Science,Purdue University(purdue.edu)', 'Computer Science,Purdue University(cs.purdue.edu)']",,Australia; United States,,75
CLASSIFICATION OF INCOMPLETE DATA USING AUGMENTED MLP,"['Suvra Jyoti Choudhury', 'Avigyan Bhattacharya', 'Sreeja Bhose']","['Indian Statistical Institute, Dhirubhai Ambani Institute Of Information and Communication Technology(isical.ac.in)', 'Not Found', 'Not Found']",,,,
On the Convergence of Federated Deep AUC Maximization,"['Xidong Wu', 'Zhengmian Hu', 'Heng Huang']","['University of Pittsburgh(pitt.edu)', 'Adobe Systems(adobe.com)', 'Department of Computer Science, University of Maryland, College Park(cs.umd.edu)']",,United States,200,15
Towards A Unified Neural Architecture for Visual Recognition and Reasoning,"['Calvin Luo', 'Ting Chen', 'Boqing Gong', 'Chen Sun']","['Brown University(brown.edu)', 'xAI(x.ai)', 'Boston University, Boston University(bu.edu)', 'Computer Science,Brown University(brown.edu)']",November 2023,United States,88,88
BLOOM Large Language Models and the Chomsky Hierarchy,"['Sumit Kumar Jha', 'Rickard Ewetz', 'Alvaro Velasquez', 'Laura Pullum', 'Susmit Jha']","['Not Found', 'ECE,University of Florida(ufl.edu)', 'Information Innovation Office,Defense Advanced Research Projects Agency(darpa.mil)', 'Lockheed Martin(lmco.com)', 'DARPA(darpa.mil)']",,United States,146,
Towards Diverse Perspective Learning with Switch over Multiple Temporal Pooling,"['Jihyeon Seong', 'JUNGMIN KIM', 'Jaesik Choi']","['Korea Advanced Institute of Science & Technology(kaist.ac.kr)', 'Korea Advanced Institute of Science & Technology(kaist.ac.kr)', 'Korea Advanced Institute of Science & Technology(kaist.ac.kr)']",,South Korea,8,8
Beyond the injective assumption in causal representation learning,"['Jason Hartford', 'Kartik Ahuja', 'Yoshua Bengio', 'Dhanya Sridhar']","['Computer Science,University of Manchester(manchester.ac.uk)', 'Not Found', 'computer science and operations research,University of Montreal(umontreal.ca)', 'Computer Science and Operations Research,Université de Montréal and Mila-Quebec AI Institute(umontreal.ca)']",,United Kingdom; Canada,146,
Teacher Intervention: Improving Convergence of Quantization Aware Training for Ultra-Low Precision Transformers,"['Minsoo Kim', 'Kyuhong Shim', 'Seongmin Park', 'Wonyong Sung', 'Jungwook Choi']","['Hanyang University(hanyang.ac.kr)', 'Computer Science and Engineering,Sung Kyun Kwan University(skku.edu)', 'Electronic Engineering,Hanyang University(hanyang.ac.kr)', 'School of Electrical and Computer Engineering,Seoul National University(snu.ac.kr)', 'Hanyang University(hanyang.ac.kr)']",February 2023,South Korea,222,222
ADELT: Unsupervised Transpilation Between Deep Learning Frameworks,"['Linyuan Gong', 'Jiayi Wang', 'Alvin Cheung']","['University of California Berkeley(berkeley.edu)', 'University of California, Berkeley(berkeley.edu)', 'Not Found']",,United States,20,20
"On Making Graph Continual Learning Easy, Fool-Proof, and Extensive: a Benchmark Framework and Scenarios","['Jihoon Ko', 'Shinhwan Kang', 'Kijung Shin']","['Moloco(moloco.com)', 'Korea Advanced Institute of Science and Technology(kaist.ac.kr)', 'Kim Jaechul Graduate School of AI,Korea Advanced Institute of Science and Technology(kaist.ac.kr)']",,South Korea,,8
GNN Domain Adaptation using Optimal Transport,"['Qi Zhu', 'Yizhu Jiao', 'Haonan Wang', 'Natalia Ponomareva', 'Bryan Perozzi']","['Amazon(amazon.com)', 'UIUC(illinois.edu)', 'School of Computing,national university of singaore, National University of Singapore(u.nus.edu)', 'research,Google(google.com)', 'Google(google.com)']",,Singapore; United States,,
MixBin: Towards Budgeted Binarization,"['Udbhav Bamba', 'Neeraj Anand', 'Dilip K. Prasad', 'Deepak Gupta']","['Transmute AI Lab(transmuteai.org)', 'Not Found', 'Not Found', 'Not Found']",,,,
Do We Really Need Graph Models for Skeleton-Based Action Recognition? A Topology-Agnostic Approach with Fully-Connected Networks,"['Yuxuan Zhou', 'Chao Li', 'Biao Wang', 'Margret Keuper']","['Not Found', 'Not Found', 'Not Found', 'Not Found']",,,,
An Integrated Multi-Label Multi-Modal Framework in Deep Metric Learning,"['Natalie Dullerud', 'Karsten Roth', 'Haoran Zhang', 'Qixuan Jin', 'Thomas Hartvigsen', 'Marzyeh Ghassemi']","['Not Found', 'Not Found', 'Not Found', 'Not Found', 'Not Found', 'Not Found']",,,,
Conservative Exploration in Linear MDPs under Episode-wise Constraints,"['Ruiquan Huang', 'Donghao Li', 'Cong Shen', 'Ashley Prater-Bennette', 'Jing Yang']","['Not Found', 'Not Found', 'Not Found', 'Not Found', 'Not Found']",,,,
Corruption-free Single-view Self-supervised Learning on Graphs,"['Tianyi Zhang', 'Zhenwei DAI', 'Zhaozhuo Xu', 'Anshumali Shrivastava']","['Not Found', 'Not Found', 'Not Found', 'Not Found']",,,,
Who are playing the games?,['Yang An'],['Not Found'],,,,
Text-Conditioned Graph Generation Using Discrete Graph Variational Autoencoders,"['Michael Longland', 'David Liebowitz', 'Kristen Moore', 'Salil S. Kanhere']","['Not Found', 'Not Found', 'Not Found', 'Not Found']",,,,
Layer-wise Balanced Activation Mechanism,"['Kihyuk Yoon', 'Chiehyeon Lim']","['Not Found', 'Not Found']",,,,
"KALM: Knowledge-Aware Integration of Local, Document, and Global Contexts for Long Document Understanding","['Shangbin Feng', 'Zhaoxuan Tan', 'Wenqian Zhang', 'Zhenyu Lei', 'Yulia Tsvetkov']","['Not Found', 'Not Found', 'Not Found', 'Not Found', 'Not Found']","8 October, 2022",,,
State Decomposition for Model-free Partially observable Markov Decision Process,"['Yide Yu', 'Yan Ma', 'Yue Liu']","['Not Found', 'Not Found', 'Not Found']",,,,
Neural Integral Equations,"['Emanuele Zappala', 'Antonio Henrique de Oliveira Fonseca', 'Josue Ortega Caro', 'Andrew Henry Moberly', 'Michael James Higley', 'Jessica Cardin', 'David van Dijk']","['Not Found', 'Not Found', 'Not Found', 'Not Found', 'Not Found', 'Not Found', 'Not Found']",May 2025,,,
FoveaTer: Foveated Transformer for Image Classification,"['Aditya Jonnalagadda', 'William Yang Wang', 'B.S. Manjunath', 'Miguel Eckstein']","['Not Found', 'Not Found', 'Not Found', 'Not Found']","28 May, 2021",,,
Persistence-based Contrastive Learning with Graph Neural Recurrent Networks for Time-series Forecasting,"['Yuzhou Chen', 'Yulia Gel']","['Not Found', 'Not Found']",,,,
ACE-EM: Boosted ab initio Cryo-EM 3D Reconstruction with Asymmetric Complementary Autoencoder,"['Lin Yao', 'Ruihan Xu', 'Guolin Ke', 'Zhifeng Gao', 'Yuhang Wang']","['Not Found', 'Not Found', 'Not Found', 'Not Found', 'Not Found']",,,,
Diffusion-based point cloud generation with smoothness constraints,"['Yukun Li', 'Liping Liu']","['Not Found', 'Not Found']",April 2024,,,
Neural Autoregressive Refinement for Self-Supervised Outlier Detection beyond Images,"['Sirui Bi', 'Victor Fung', 'Jiaxin Zhang']","['Not Found', 'Georgia Institute of Technology(gatech.edu)', 'Intuit AI Research(intuit.com)']",,United States,18,
Robust Generative Flows on Reliable Image Reconstruction without Training Data,"['Sirui Bi', 'Victor Fung', 'Jiaxin Zhang']","['Not Found', 'Georgia Institute of Technology(gatech.edu)', 'Intuit AI Research(intuit.com)']",,United States,18,
TG-Gen: A Deep Generative Model Framework for Temporal Graphs,"['Ryien Hosseini', 'Filippo Simini']","['University of Chicago(uchicago.edu)', 'Argonne National Laboratory(anl.gov)']",,United States,88,
Towards Out-of-Distribution Adversarial Robustness,"['Adam Ibrahim', 'Charles Guille-Escuret', 'Ioannis Mitliagkas', 'Irina Rish', 'David Krueger', 'Pouya Bashivan']","['H(hcompany.ai)', 'DIRO,Mila(mila.quebec)', 'Archimedes Research Unit,Athena Research Center(athenarc.gr)', 'DIRO,University of Montreal(mila.quebec)', 'Montreal Institute for Learning Algorithms, University of Montreal, Université de Montréal(mila.umontreal.ca)', 'Physiology,McGill University(mcgill.ca)']","6 October, 2022",Canada,,200
Boosting Drug-Target Affinity Prediction from Nearest Neighbors,"['Qizhi Pei', 'Lijun Wu', 'Jinhua Zhu', 'Zhenyu He', 'Yingce Xia', 'Shufang Xie', 'Tao Qin', 'Rui Yan', 'Tie-Yan Liu']","['Gaoling School of Artificial Intelligence,Renmin University of China(ruc.edu.cn)', 'AI Lab,Shanghai Artificial Intelligence Laboratory(pjlab.org.cn)', 'EEIS,University of Science and Technology of China(ustc.edu.cn)', 'Peking University(pku.edu.cn)', 'Microsoft(microsoft.com)', 'Renmin University of China(ruc.edu.cn)', 'Zhongguancun Academy(bjzgca.edu.cn)', 'Gaoling School of Artificial Intelligence,Renmin University of China(ruc.edu.cn)', 'Zhongguancun Academy(bjzgca.edu.cn)']",,China; United States,19,
Pretraining One Language Model for All With the Text-To-Text Framework Using Model-Generated Signals,"['Linyuan Gong', 'Chenyan Xiong', 'Xiaodong Liu', 'Payal Bajaj', 'Yiqing Xie', 'Alvin Cheung', 'Jianfeng Gao', 'Xia Song']","['University of California Berkeley(berkeley.edu)', 'School of Computer Science, Carnegie Mellon University(cs.cmu.edu)', 'Microsoft Research(microsoft.com)', 'Microsoft(microsoft.com)', 'Carnegie Mellon University(cmu.edu)', 'Not Found', 'Microsoft Research,Microsoft Research(microsoft.com)', 'Microsoft(microsoft.com)']",,United States,20,
MILE: Memory-Interactive Learning Engine for Solving Mathematical Problems,"['Yuxuan Wu', 'Hideki Nakayama']","['The University of Tokyo, Tokyo Institute of Technology(u-tokyo.ac.jp)', 'The University of Tokyo(u-tokyo.ac.jp)']",,Japan,85,85
UNICO: Efficient Unified Hardware-Software Co-Optimization For Deep Neural Networks,"['Bahador Rashidi', 'Chao Gao', 'Shan Lu', 'Wang Zhisheng', 'Lu Wei', 'SHANGLING JUI', 'Di Niu']","['ERC,Huawei Technologies Ltd.(huawei.com)', 'Computing Science,Huawei Technologies Canada(huawei.com)', 'Not Found', 'Not Found', 'Not Found', 'Lagrange Center,Huawei Technologies Ltd.(huawei.com)', 'Department of Electrical and Computer Engineering,University of Alberta(ualberta.ca)']",,Canada,,114
Towards Unsupervised Time Series Representation Learning: A Decomposition Perspective,"['Yan Li', 'Xinjiang Lu', 'Jingjing Gu', 'Haishuai Wang', 'Dejing Dou']","['Not Found', 'Baidu Research,Baidu(baidu.com)', 'Not Found', 'Zhejiang University(zju.edu.cn)', 'School of Computer Science,Fudan University(fudan.edu.cn)']",,China,,16
Learning Frequency-aware Network for Continual Learning,"['Shuai Chen', 'Mingyi Zhang', 'Junge Zhang', 'Kaiqi Huang']","['casia,Institute of automation, Chinese academy of science, Chinese Academy of Sciences(ia.ac.cn)', 'Intelligent System and Engineering Research Center,Institute of automation, Chinese academy of science, Chinese Academy of Sciences(ia.ac.cn)', 'Institute of automation, Chinese academy of science(ia.ac.cn)', 'Institute of automation, Chinese academy of science,Institute of automation, Chinese academy of science(nlpr.ia.ac.cn)']",,China,12,
Federated Learning with Heterogeneous Label Noise: A Dual Structure Approach,"['Xinyuan Ji', 'Zhaowei Zhu', 'Wei Xi', 'Olga Gadyatskaya', 'Zonglin Di', 'Yang Liu']","['Leiden University(leidenuniv.nl)', 'Docta.ai(docta.ai)', ""Xi'an Jiaotong University(xjtu.edu.cn)"", 'Not Found', 'Not Found', 'Computer Science and Engineering,University of California, Santa Cruz(ucsc.edu)']",,Netherlands; China; United States,200,138
Correspondences between word learning in children and captioning models ,"['Sunayana Rane', 'Mira L Nencheva', 'Zeyu Wang', 'Casey Lew-Williams', 'Olga Russakovsky', 'Thomas L. Griffiths']","['Not Found', 'Not Found', 'Stanford University(stanford.edu)', 'Princeton University(princeton.edu)', 'Computer Science,Princeton University(princeton.edu)', 'Princeton University(princeton.edu)']",,United States,16,75
Why do Models with Conditional Computation Learn Suboptimal Solutions?,"['Muqeeth Mohammed', 'Haokun Liu', 'Colin Raffel']","['Department of Computer Science,Université de Montréal(umontreal.ca)', 'Department of Computer Science, University of Toronto(cs.toronto.edu)', 'Department of Computer Science, University of Toronto(cs.toronto.edu)']",,Canada,,23
Stabilized training of joint energy-based models and its practical applications,"['Martin Sustek', 'Samik Sadhu', 'Lukáš Burget', 'Hynek Hermansky', 'Laureano Moro-Velazquez', 'Jesus Villalba', 'Najim Dehak']","['Faculty of Information Technology, Brno University of Technology(fit.vut.cz)', 'Johns Hopkins University(jh.edu)', 'Brno University of Technology(vut.cz)', 'Johns Hopkins University(jhu.edu)', 'Electrical and Computer Engineering,Whiting School of Engineering(engineering.jhu.edu)', 'Center for Language and Speech Processing,Johns Hopkins University(jh.edu)', 'Johns Hopkins University(jhu.edu)']",,Czech Republic; United States,,42
Adaptive Anchor for Robust Keypoint Localization,"['Dongkai Wang', 'Shiliang Zhang']","['Southwest University of Finance and Economics(swufe.edu.cn)', 'Computer Science,Peking University(pku.edu.cn)']",,China,,3
Getting away with more network pruning: From sparsity to geometry and linear regions,"['Junyang Cai', 'Khai-Nguyen Nguyen', 'Nishant Shrestha', 'Aidan Good', 'Ruisen Tu', 'Xin Yu', 'Thiago Serra']","['Not Found', 'Bucknell University(bucknell.edu)', 'Not Found', 'Not Found', 'Not Found', 'Not Found', 'Not Found']",January 2023,,,
Supervised Metric Learning for Retrieval via Contextual Similarity Optimization,"['Christopher Liao', 'Theodoros Tsiligkaridis', 'Brian Kulis']","['Not Found', 'Not Found', 'Not Found']","4 October, 2022",,,
FedTiny: Pruned Federated Learning Towards Specialized Tiny Models,"['Hong Huang', 'Lan Zhang', 'Chaoyue Sun', 'Ruogu Fang', 'Xiaoyong Yuan', 'Dapeng Wu']","['Not Found', 'Not Found', 'Not Found', 'Not Found', 'Not Found', 'Not Found']",,,,
TI-VAE: A temporally independent VAE with applications to latent factor learning in neuroimaging,"['Eloy Geenjaar', 'Amrit Kashyap', 'Noah Lewis', 'Robyn Miller', 'Vince Calhoun']","['Not Found', 'Not Found', 'Not Found', 'Not Found', 'Not Found']",,,,
Protecting Bidder Information in Neural Auctions,"['Avi Schwarzschild', 'Alex Stein', 'Michael Curry', 'Tom Goldstein', 'John P Dickerson']","['Not Found', 'Not Found', 'Not Found', 'Not Found', 'Not Found']",,,,
META-LEARNING FOR UNSUPERVISED OUTLIER DETECTION WITH OPTIMAL TRANSPORT,"['prabhant singh', 'Joaquin Vanschoren']","['Not Found', 'Not Found']",November 2022,,,
Domain-Invariant Auxiliary Learning for Robust Few-Shot Predictions from Noisy Data,"['Xiaofan Que', 'Qi Yu']","['Not Found', 'Not Found']",,,,
Attentive MLP for Non-Autoregressive Generation,"['Shuyang Jiang', 'Jun Zhang', 'Jiangtao Feng', 'Lin Zheng', 'Lingpeng Kong']","['Not Found', 'Not Found', 'Not Found', 'Not Found', 'Not Found']",,,,
Dynamics Model Based Adversarial Training For Competitive Reinforcement Learning,"['Xuan Chen', 'Guanhong Tao', 'Xiangyu Zhang']","['Not Found', 'Not Found', 'Not Found']",,,,
Finding the smallest tree in the forest: Monte Carlo Forest Search for UNSAT solving,"['Chris Cameron', 'Jason Hartford', 'Taylor Lundy', 'Tuan Truong', 'Alan Milligan', 'Rex Chen', 'Kevin Leyton-Brown']","['Not Found', 'Not Found', 'Not Found', 'Not Found', 'Not Found', 'Not Found', 'Not Found']",,,,
IAE: Implicit Autoencoder for Point Cloud Self-supervised Representation Learning,"['Siming Yan', 'Zhenpei Yang', 'Haoxiang Li', 'Li Guan', 'Hao Kang', 'Gang Hua', 'Qixing Huang']","['Not Found', 'Not Found', 'Not Found', 'Not Found', 'Not Found', 'Not Found', 'Not Found']",,,,
How Can Deep Learning Performs Deep (Hierarchical) Learning,"['Zeyuan Allen-Zhu', 'Yuanzhi Li']","['Not Found', 'Not Found']",,,,
Cross-Domain Self-Supervised Deep Learning for Robust Alzheimer's Disease Progression Modeling,"['Saba Dadsetan', 'Mohsen Hejrati', 'Shandong Wu', 'Somaye Hashemifar']","['Not Found', 'Not Found', 'Not Found', 'Not Found']",,,,
Protecting DNN from Evasion Attacks using Ensemble of High Focal Diversity,"['Ka-Ho Chow', 'Ling Liu', 'Myungjin Lee', 'Ramana Kompella']","['Not Found', 'Not Found', 'Not Found', 'Not Found']",,,,
Efficient Stochastic Optimization for Attacking Randomness Involved Inference,"['Yijiang Pang', 'Jiayu Zhou']","['Not Found', 'Not Found']",,,,
CORE-PERIPHERY PRINCIPLE GUIDED REDESIGN OF SELF-ATTENTION IN TRANSFORMERS,"['Xiaowei Yu', 'Lu Zhang', 'Haixing Dai', 'Lin Zhao', 'Yanjun Lyu', 'Tianming Liu', 'Dajiang Zhu']","['Not Found', 'Not Found', 'Not Found', 'Not Found', 'Not Found', 'Not Found', 'Not Found']",March 2023,,,
Giving Robots a Hand: Broadening Generalization via Hand-Centric Human Video Demonstrations,"['Moo Jin Kim', 'Jiajun Wu', 'Chelsea Finn']","['Not Found', 'Not Found', 'Not Found']",,,,
Gradient Preconditioning for Non-Lipschitz smooth Nonconvex Optimization,"['Salma Tarmoun', 'Stewart Slocum', 'Benjamin David Haeffele', 'Rene Vidal']","['University of Pennsylvania, University of Pennsylvania(upenn.edu)', 'EECS,Massachusetts Institute of Technology(mit.edu)', 'Not Found', 'University of Pennsylvania(upenn.edu)']",,United States,61,61
What Spurious Features Can Pretrained Language Models Combat?,"['Chenglei Si', 'Dan Friedman', 'Nitish Joshi', 'Shi Feng', 'Danqi Chen', 'He He']","['Stanford University(stanford.edu)', 'Princeton University(princeton.edu)', 'Google Deepmind(google.com)', 'University,George Washington University(gwu.edu)', 'Computer Science,Department of Computer Science, Princeton University(cs.princeton.edu)', 'Computer Science; Data Science,New York University(nyu.edu)']",,United States; United Kingdom,16,38
Label-Free Synthetic Pretraining of Object Detectors,"['Hei Law', 'Jia Deng']","['Princeton University(princeton.edu)', 'Department of Computer Science,Princeton University(princeton.edu)']",August 2022,United States,75,75
Multi-Sample Contrastive Neural Topic Model as Multi-Task Learning,"['Thong Thanh Nguyen', 'Cong-Duy T Nguyen', 'Anh Tuan Luu', 'See-Kiong Ng']","['National University of Singapore(nus.edu)', 'School of Computer Science and  Engineering, Nanyang Technological University(scse.ntu.edu.sg)', 'Nanyang Technological University(ntu.edu.sg)', 'School of Computing,National University of Singapore(nus.edu.sg)']",,Singapore,12,12
Less Is More: Training on Low-Fidelity Images Improves Robustness to Adversarial Attacks,"['Muhammad A Shah', 'Bhiksha Raj']","['Amazon(amazon.com)', 'SCS,Carnegie Mellon University(cmu.edu)']",,United States,,3
Fast exploration and learning of latent graphs with aliased observations,"['Sivaramakrishnan Swaminathan', 'Meet Dave', 'Miguel Lazaro-Gredilla', 'Dileep George']","['Google DeepMind(deepmind.com)', 'Google DeepMind(google.com)', 'Google Deepmind(google.com)', 'Vicarious AI(vicarious.com)']","13 March, 2023",United Kingdom,,
Optimal control neural networks for data-driven discovery of gradient flows.,"['Xuping Tian', 'Baskar Ganapathysubramanian', 'Hailiang Liu']","['Iowa State University(iastate.edu)', 'Mechanical Engineering,Iowa State University(iastate.edu)', 'Iowa State University(iastate.edu)']",,United States,200,200
Preserving In-Context Learning Ability in Large Language Model Fine-tuning,"['Yihan Wang', 'Si Si', 'Daliang Li', 'Michal Lukasik', 'Felix Yu', 'Cho-Jui Hsieh', 'Inderjit S Dhillon', 'Sanjiv Kumar']","['University of California, Los Angeles(ucla.edu)', 'Google(google.com)', 'Google(google.com)', 'Google Research(google.com)', 'Google(google.com)', 'Google(google.com)', 'Research,Google(google.com)', 'Google(google.com)']",,United States,35,
Event-former: A Self-supervised Learning Paradigm for Temporal Point Processes,"['Xiao Shou', 'Dharmashankar Subramanian', 'Debarun Bhattacharjya', 'Tian Gao', 'Kristin Bennett']","['Baylor University(baylor.edu)', 'International Business Machines(ibm.com)', 'International Business Machines(ibm.com)', 'International Business Machines(ibm.com)', 'Rensselaer Polytechnic Institute(rpi.edu)']",,United States,358,222
Controllable Concept Transfer of Intermediate Representations,"['Vijay Sadashivaiah', 'Keerthiram Murugesan', 'Ronny Luss', 'Pin-Yu Chen', 'Chris R Sims', 'James Hendler', 'Amit Dhurandhar']","['Computer Science,Rensselaer Polytechnic Institute(rpi.edu)', 'Research,International Business Machines(ibm.com)', 'IBM(us.ibm.com)', 'International Business Machines(ibm.com)', 'Rensselaer Polytechnic Institute(rpi.edu)', 'Rensselaer Polytechnic Institute(rpi.edu)', 'Trustworthy AI,International Business Machines(ibm.com)']",,United States,222,
Meta-Learning with Explicit Task Information,"['Gabriel Tseng', 'Hannah Kerner', 'David Rolnick']","['McGill University(mcgill.ca)', 'Arizona State University(asu.edu)', 'School of Computer Science,McGill University(cs.mcgill.ca)']",,Canada; United States,200,200
Recursive Neural Programs: Variational Learning of Image Grammars and Part-Whole Hierarchies,"['Ares Fisher', 'Rajesh P. N. Rao']","['Department of Computer Science, University of Washington(cs.washington.edu)', 'Not Found']","16 June, 2022",United States,22,22
SaiT: Sparse Vision Transformers through Adaptive Token Pruning,"['Ling Li', 'David Thorsley', 'Joseph Hassoun']","['Cruise(getcruise.com)', 'Samsung(samsung.com)', 'Samsung Semiconductor(samsung.com)']",October 2022,,,
Cooperation or Competition: Avoiding Player Domination for Multi-target Robustness by Adaptive Budgets,"['Yimu Wang', 'Dinghuai Zhang', 'Yihan Wu', 'Heng Huang', 'Hongyang Zhang']","['University of Waterloo(uwaterloo.ca)', 'Not Found', 'CS,University of Maryland, College Park(umd.edu)', 'Department of Computer Science, University of Maryland, College Park(cs.umd.edu)', 'School of Computer Science, University of Waterloo(uwaterloo.ca)']",June 2023,Canada; United States,42,42
Image Classification by Throwing Quantum Kitchen Sinks at Tensor Networks,"['Nathan Kodama', 'Alex Bocharov', 'Marcus Silva']","['Case Western Reserve University(case.edu)', 'Microsoft(microsoft.com)', 'Microsoft(microsoft.com)']",August 2022,United States,292,
Cross-Domain Few-Shot Relation Extraction via Representation Learning and Domain Adaptation,['Zhongju Yuan'],['Universiteit Gent(ugent.be)'],"5 December, 2022",,,
Query by Self,"['Tong Zhao', 'Haibo Li', 'Weile Jia', 'Guangming Tan']","['Institute of Computing Technology, Chinese Academy of Sciences(ict.ac.cn)', 'Not Found', 'Not Found', 'Not Found']",October 2025,China,12,12
Provable Re-Identification Privacy,"['Zachary Izzo', 'Jinsung Yoon', 'Sercan O Arik', 'James Zou']","['NEC Labs America(nec-labs.com)', 'Google(google.com)', 'Google(google.com)', 'Stanford University(stanford.edu)']",,United States,,16
Differentiable Channel Selection for Self-Attention,"['Yingzhen Yang', 'Ping Li']","['School of Computing and Augmented Intelligence,Arizona State University(asu.edu)', 'Not Found']",May 2025,United States,114,114
Membership Inference Attacks Against Text-to-image Generation Models,"['Yixin Wu', 'Ning Yu', 'Zheng Li', 'Michael Backes', 'Yang Zhang']","['Not Found', 'Not Found', 'Not Found', 'Not Found', 'Not Found']",October 2022,,,
A Retrieve-and-Read Framework for Knowledge Graph Reasoning,"['Vardaan Pahuja', 'Boshi Wang', 'Yu Su']","['Not Found', 'Not Found', 'Not Found']",,,,
DeepReShape: Redesigning  Neural Networks for Private Inference,"['Nandan Kumar Jha', 'Brandon Reagen']","['Not Found', 'Not Found']","20 April, 2023",,,
Semi-Supervised Single Domain Generalization with Label-Free Adversarial Data Augmentation,"['Ronghang Zhu', 'Ronghang Zhu', 'Xiang Yu', 'Sheng Li']","['Not Found', 'Not Found', 'Not Found', 'Not Found']",,,,
Fairness via Adversarial Attribute Neighbourhood Robust Learning,"['Qi Qi', 'Shervin Ardeshir', 'Yi Xu', 'Tianbao Yang']","['Not Found', 'Not Found', 'Not Found', 'Not Found']",October 2022,,,
Efficient Proxy for NAS is Extensible Now,"['Yuhong Li', 'Jiajie Li', 'Cong Hao', 'Pan Li', 'Jinjun Xiong', 'Deming Chen']","['Not Found', 'Not Found', 'Not Found', 'Not Found', 'Not Found', 'Not Found']",,,,
TKIL: Tangent Kernel Optimization for Class Balanced Incremental Learning,"['Jinlin Xiang', 'Eli Shlizerman']","['Not Found', 'Not Found']",,,,
Balance is Essence: Accelerating Sparse Training via Adaptive Gradient Correction,"['Bowen Lei', 'Dongkuan Xu', 'Ruqi Zhang', 'Shuren He', 'Bani Mallick']","['Not Found', 'Not Found', 'Not Found', 'Not Found', 'Not Found']","9 January, 2023",,,
A Framework for Comprehensive Evaluations of Graph Neural Network based Community Detection using Node Clustering,"['Will Leeney', 'Ryan McConville']","['Not Found', 'Not Found']",,,,
TEXTCRAFT: ZERO-SHOT GENERATION OF HIGH FIDELITY AND DIVERSE SHAPES FROM TEXT,"['Aditya Sanghi', 'Rao Fu', 'Vivian Liu', 'Karl Willis', 'Hooman Shayani', 'Amir Hosein Khasahmadi', 'Srinath Sridhar', 'Daniel Ritchie']","['Not Found', 'Not Found', 'Not Found', 'Not Found', 'Not Found', 'Not Found', 'Not Found', 'Not Found']",,,,
Test-Time Training on Video Streams,"['Renhao Wang', 'Yu Sun', 'Yossi Gandelsman', 'Xinlei Chen', 'Alexei A Efros', 'Xiaolong Wang']","['Not Found', 'Not Found', 'Not Found', 'Not Found', 'Not Found', 'Not Found']","11 July, 2023",,,
Domain Transfer with Large Dynamics Shift in Offline Reinforcement Learning,"['Hongming Zhang', 'Jun Jin', 'Martin Müller', 'Jun Luo']","['Not Found', 'Not Found', 'Not Found', 'Not Found']",,,,
Less is More: Task-aware Layer-wise Distillation for Language Model Compression,"['Chen Liang', 'Simiao Zuo', 'Qingru Zhang', 'Pengcheng He', 'Weizhu Chen', 'Tuo Zhao']","['Not Found', 'Not Found', 'Not Found', 'Not Found', 'Not Found', 'Not Found']","3 October, 2022",,,
Real Data Distributions Prefer Simplicity and So Do Our Models: Why Machine Learning and Model Selection Are Possible,"['Micah Goldblum', 'Marc Anton Finzi', 'Keefer Rowan', 'Andrew Gordon Wilson']","['Not Found', 'Not Found', 'Not Found', 'Not Found']",,,,
Backdoor Attacks in the Supply Chain of Masked Image Modeling,"['Xinyue Shen', 'Xinlei He', 'Zheng Li', 'Yun Shen', 'Michael Backes', 'Yang Zhang']","['Not Found', 'DSA & IoT Thrust,The Hong Kong University of Science and Technology(hkust-gz.edu.cn)', 'Shandong University(sdu.edu.cn)', 'Flexera(flexera.com)', 'Not Found', 'Group Zhang,CISPA Helmholtz Center for Information Security(cispa.de)']",October 2022,Hong Kong; China; Germany,10,126
Improving Accuracy and Explainability of Online Handwriting Recognition,"['Jonathan Gold', 'Hilda Azimi', 'Steven Chang', 'Koray Karabina']","['University of Waterloo(uwaterloo.ca)', 'Not Found', 'Not Found', 'Not Found']",September 2022,Canada,42,42
Pessimistic Model-Based Actor-Critic for Offline Reinforcement Learning: Theory and Algorithms,"['Mao Hong', 'Yue Wu', 'Yanxun Xu']","['Department of Applied Mathematics and Statistics,Johns Hopkins University(jh.edu)', 'Johns Hopkins University(jh.edu)', 'Applied Mathematics and Statistics,Johns Hopkins University(jhu.edu)']",,United States,42,42
Improving Adversarial Robustness of Deep Neural Networks via Self-adaptive Margin Defense,"['Linhai Ma', 'Liang Liang']","['School of Medicine,Yale University(yale.edu)', 'University of Miami(miami.edu)']",,United States,146,
Knowledge Cascade: Reverse Knowledge Distillation,"['Luyang Fang', 'Haoran Lu', 'Wenxuan Zhong', 'Ping Ma']","['University of Georgia(uga.edu)', 'University of Georgia(uga.edu)', 'University of Georgia(uga.edu)', 'University of Georgia(uga.edu)']",,United States,244,244
Towards A Unified View of Sparse Feed-Forward Network in Transformer,"['Zeyu Liu', 'Tim Dettmers', 'Xi Victoria Lin', 'Veselin Stoyanov', 'Xian Li']","['University of Texas at Austin(utexas.edu)', 'Machine learning; Computer Science,Carnegie Mellon University(cmu.edu)', 'Department of Computer Science, University of Washington(cs.washington.edu)', 'Lightfield(lightfield.app)', 'Facebook AI(fb.com)']",,United States,49,
Understanding ReLU Network Robustness Through Test Set Certification Performance,"['Nicola Franco', 'Jeanette Miriam Lorenz', 'Karsten Roscher', 'Stephan Günnemann']","['AI Security,AI4I(ai4i.it)', 'Not Found', 'Fraunhofer IKS(iks.fraunhofer.de)', 'Technical University Munich(tum.de)']",,Germany,,
DSI++: Updating Transformer Memory with New Documents,"['Sanket Vaibhav Mehta', 'Jai Gupta', 'Yi Tay', 'Mostafa Dehghani', 'Vinh Q. Tran', 'Jinfeng Rao', 'Marc Najork', 'Emma Strubell', 'Donald Metzler']","['Google DeepMind,Google(google.com)', 'Google Research,Google Inc(google.com)', 'Google(google.com)', 'Google DeepMind(google.com)', 'Google DeepMind(google.com)', 'Not Found', 'Google Deepmind(google.com)', 'Language Technologies Institute,Carnegie Mellon University(cmu.edu)', 'Google(google.com)']","19 December, 2022",United Kingdom; United States,,
Motif-based Graph Representation Learning with Application to Chemical Molecules,"['Yifei Wang', 'Shiyang Chen', 'Guobin Chen', 'Ethan Shurberg', 'Hang Liu', 'Pengyu Hong']","['Computer Science,Brandeis University(brandeis.edu)', 'Rutgers University(stevens.edu)', 'Brandeis University(cs.brandeis.edu)', 'Brandeis University(brandeis.edu)', 'Rutgers University(rutgers.edu)', 'Computer Science,Brandeis University(brandeis.edu)']",August 2022,United States,292,292
In-Time Refining Optimization Trajectories Toward Improved Robust Generalization,"['Tianjin Huang', 'Shiwei Liu', 'Tianlong Chen', 'Meng Fang', 'Li Shen', 'Vlado Menkovski', 'Lu Yin', 'Yulong Pei', 'Mykola Pechenizkiy']","['Computer science,University of Exeter(exeter.ac.uk)', 'Mathematical Institute,University of Oxford(ox.ac.uk)', 'CS,University of North Carolina at Chapel Hill(unc.edu)', 'University of Liverpool(liverpool.ac.uk)', 'Sun Yat-Sen University(mail.sysu.edu.cn)', 'Mathematics and Computer Science,Eindhoven University of Technology(tue.nl)', 'University of Surrey(surrey.ac.uk)', 'Not Found', 'Mathematics and Computer Science,Eindhoven University of Technology(tue.nl)']",,United Kingdom; United States; China,222,
Learning parsimonious dynamics for generalization in reinforcement learning,"['Tankred Saanum', 'Eric Schulz']","['Max Planck Institute for Biological Cybernetics, Max-Planck Institute(tuebingen.mpg.de)', 'Helmholtz Munich,Max Planck Institute for Biological Cybernetics(tuebingen.mpg.de)']",September 2022,,,
DECODING LAYER SALIENCY IN TRANSFORMERS,"['Elizabeth Mary Hou', 'Gregory Castanon']","['STR(str.us)', 'Not Found']",August 2023,,,
How to Do a Vocab Swap?  A Study of Embedding Replacement for Pre-trained Transformers,"['Neel Jain', 'John Kirchenbauer', 'Jonas Geiping', 'Tom Goldstein']","['University of Maryland, College Park(umd.edu)', 'University of Maryland, College Park(umd.edu)', 'ELLIS Institute Tübingen(tue.ellis.eu)', 'Computer Science,University of Maryland, College Park(umd.edu)']",,United States,15,15
Attribution Scores are Redundant: Explaining Feature Contribution By Trajectories,"['Yipei Wang', 'Xiaoqian Wang']","['ECE,Purdue University(purdue.edu)', 'Electrical and Computer Engineering,Purdue University(purdue.edu)']",,United States,75,75
ESEAD: An Enhanced Simple Ensemble and Distillation Framework for Natural Language Processing,['Moyan Mei'],['Simon Fraser University(sfu.ca)'],,Canada,106,106
Global View For GCN: Why Go Deep When You Can Be Shallow?,"['Hong Chul Nam', 'Ye Sle Cha', 'Chanwoo Park']","['ETHZ - ETH Zurich(ethz.ch)', 'Not Found', 'Not Found']",,Switzerland,31,31
Generative Adversarial Federated Model,"['Yujin Han', 'Leying Guan']","['the University of Hong Kong(cs.hku.hk)', 'Yale University(yale.edu)']","18 January, 2021",Hong Kong; United States,26,146
Unsupervised Pretraining for Neural Value Approximation,"['Spilios Evmorfos', 'Suat Gumussoy']","['Rutgers University, New Brunswick(rutgers.edu)', 'Siemens Corporate Research(siemens.com)']",,United States,106,
EENet: Learning to Early Exit for Adaptive Inference,"['Fatih Ilhan', 'Ling Liu', 'Ka-Ho Chow', 'Wenqi Wei', 'Yanzhao Wu', 'Myungjin Lee', 'Ramana Kompella']","['Computer Science,Georgia Institute of Technology(gatech.edu)', 'Not Found', 'The University of Hong Kong(cs.hku.hk)', 'Not Found', 'Knight Foundation School of Computing and Information Sciences,Florida International University(fiu.edu)', 'Not Found', 'Not Found']",,United States; Hong Kong,18,244
Re-calibrated Wasserstein GAN for large-scale imputation with informative missing,"['Mark He', 'Yiming Li', 'Katharina Schultebraucks', 'Ian Kronish', 'Jianhua Hu', 'Ying Wei']","['Not Found', 'Not Found', 'Not Found', 'Not Found', 'Not Found', 'Not Found']",,,,
Injecting knowledge into language generation: a case study in auto-charting after-visit care instructions from medical dialogue,"['Maksim Eremeev', 'Ilya Valmianski', 'Xavier Amatriain', 'Anitha Kannan']","['Not Found', 'Not Found', 'Not Found', 'Not Found']",June 2023,,,
ESC: A Benchmark For Multi-Domain End-to-End Speech Recognition,"['Sanchit Gandhi', 'Patrick Von Platen', 'Alexander M Rush']","['Not Found', 'Not Found', 'Not Found']",,,,
EiX-GNN : Concept-level eigencentrality explainer for graph neural networks,"['Adrien Raison', 'Pascal Bourdon', 'David Helbert']","['Not Found', 'Not Found', 'Not Found']","7 June, 2022",,,
Towards Dynamic Sparsification by Iterative Prune-Grow LookAheads,"['Xinglong Sun', 'Maying Shen', 'Hongxu Yin', 'Lei Mao', 'Pavlo Molchanov', 'Jose M. Alvarez']","['Not Found', 'Not Found', 'Not Found', 'Not Found', 'Not Found', 'Not Found']",,,,
Learning Useful Representations for Shifting Tasks and Distributions ,"['Jianyu Zhang', 'Leon Bottou']","['Not Found', 'Not Found']","14 December, 2022",,,
Architectural Backdoors in Neural Networks,"['Mikel Bober-Irizar', 'Ilia Shumailov', 'Yiren Zhao', 'Robert D. Mullins', 'Nicolas Papernot']","['Not Found', 'Not Found', 'Not Found', 'Not Found', 'Not Found']",June 2022,,,
Zero-shot Human-Object Interaction Recognition by Bridging Generative and Contrastive Image-Language Models,"['Ying Jin', 'Yinpeng Chen', 'Jianfeng Wang', 'Lijuan Wang', 'Pei Yu', 'Jenq-Neng Hwang', 'Zicheng Liu']","['Not Found', 'Not Found', 'Not Found', 'Not Found', 'Not Found', 'Not Found', 'Not Found']",,,,
The Minimal Feature Removal Problem in Neural Networks,"['Ouns El Harzli', 'Bernardo Cuenca Grau', 'Ian Horrocks']","['Not Found', 'Not Found', 'Not Found']",,,,
Can we achieve robustness from data alone?,"['Nikolaos Tsilivis', 'Jingtong Su', 'Julia Kempe']","['Not Found', 'Not Found', 'Not Found']",,,,
Perceptual Grouping in Vision-Language Models,"['Kanchana Ranasinghe', 'Brandon McKinzie', 'Sachin Ravi', 'Yinfei Yang', 'Alexander T Toshev', 'Jonathon Shlens']","['Not Found', 'Not Found', 'Not Found', 'Not Found', 'Not Found', 'Not Found']","18 October, 2022",,,
Synthetic Pre-Training Tasks for Neural Machine Translation,"['Zexue He', 'Graeme Blackwood', 'Rameswar Panda', 'Julian McAuley', 'Rogerio Feris']","['Not Found', 'Not Found', 'Not Found', 'Not Found', 'Not Found']","19 December, 2022",,,
BIG-Graph: Brain Imaging Genetics by Graph Neural Network,"['Javad Ansarifar', 'Iliana I. Karipidis', 'Manish Saggar', 'David S. Hong']","['Not Found', 'Not Found', 'Not Found', 'Not Found']",,,,
Optimizing the Performance of Text Classification Models by Improving the Isotropy of the Embeddings using a Joint Loss Function,"['Joseph Attieh', 'Abraham Woubie Zewoudie', 'Vladimir Vlassov', 'Adrian Flanagan', 'Tom Bäckström']","['Not Found', 'Not Found', 'Not Found', 'Not Found', 'Not Found']",,,,
Combining pretrained speech and text encoders for spoken language processing,"['Karan Singla', 'Daniel Pressel', 'Ryan Price', 'Mahnoosh Mehrabani', 'Yeon-Jun Kim', 'Srinivas Bangalore']","['Not Found', 'Not Found', 'Interactions(interactions.com)', 'Interactions Corp.(interactions.com)', 'Interactions Corp.(interactions.com)', 'Interactions Corp.(interactions.com)']",,,,
Contrastive introspection (ConSpec) to rapidly identify invariant steps for success,"['Chen Sun', 'Wannan Yang', 'Benjamin Alsbury-Nealy', 'Yoshua Bengio', 'Blake Aaron Richards']","['Google(google.com)', 'Not Found', 'University of Toronto(utoronto.ca)', 'computer science and operations research,University of Montreal(umontreal.ca)', 'Paradigms of Intelligence,Google(google.com)']",,United States; Canada,,
UniS-MMC: Learning Unimodality-supervised Multimodal Contrastive Representations,"['Heqing Zou', 'Meng Shen', 'Chen Chen', 'Yuchen Hu', 'Deepu Rajan', 'EngSiong Chng']","['Nanyang Technological University(ntu.edu)', 'Nanyang Technological University(ntu.edu.sg)', 'Not Found', 'Not Found', 'Not Found', 'CCDS,Nanyang Technological University(ntu.edu.sg)']",,Singapore,8,8
Panoptically guided Image Inpainting with Image-level and Object-level Semantic Discriminators,"['Haitian Zheng', 'Zhe Lin', 'Jingwan Lu', 'Scott Cohen', 'Eli Shechtman', 'Jianming Zhang', 'Sohrab Amirghodsi', 'Qing Liu', 'Jiebo Luo']","['Adobe Research,Adobe Systems(adobe.com)', 'Adobe Research(adobe.com)', 'Adobe Research & Firefly(research.adobe.com)', 'Research,Adobe Systems(adobe.com)', 'Adobe Research,Adobe(adobe.com)', 'Adobe Systems(adobe.com)', 'Not Found', 'Not Found', 'University of Rochester(rochester.edu)']",,United States,,160
UnDiMix: Hard Negative Sampling Strategies for Contrastive Representation Learning,"['Afrina Tabassum', 'Muntasir Wahed', 'Hoda Eldardiry', 'Ismini Lourentzou']","['Computer Science,Virginia Polytechnic Institute and State University(vt.edu)', 'Computer Science,University of Illinois at Urbana-Champaign(illinois.edu)', 'Computer Science,, Virginia Polytechnic Institute and State University(cs.vt.edu)', 'University of Illinois Urbana - Champaign(illinois.edu)']",,United States,,
Learning Robust Representations via Nuisance-extended Information Bottleneck,"['Jongheon Jeong', 'Sihyun Yu', 'Hankook Lee', 'Jinwoo Shin']","['Korea University(korea.ac.kr)', 'Korea Advanced Institute of Science and Technology(kaist.ac.kr)', 'Sungkyunkwan University(skku.edu)', 'Korea Advanced Institute of Science & Technology(kaist.ac.kr)']",,South Korea,75,8
A simple Training-Free Method for Rejection Option,"['Eduardo Dadalto Câmara Gomes', 'Marco Romanelli', 'Federica Granese', 'Pablo Piantanida']","['Helsing(helsing.ai)', 'Not Found', 'INRIA(inria.fr)', 'Université Paris-Saclay, CNRS(centralesupelec.fr)']",,France,,
Self-Programming Artificial Intelligence Using Code-Generating Language Models,"['Alex Sheng', 'Shankar Padmanabhan']","['New York University(nyu.edu)', 'University of Texas at Austin(utexas.edu)']","30 April, 2022",United States,38,49
Unscented Autoencoder,"['Faris Janjos', 'Lars Rosenbaum', 'Maxim Dolgov', 'J. Marius Zöllner']","['Robert Bosch GmbH, Bosch(de.bosch.com)', 'Bosch(bosch.com)', 'Not Found', 'Not Found']","30 October, 2023",,,
Hierarchical Neural Program Synthesis,"['Linghan Zhong', 'Ryan Lindeborg', 'Jesse Zhang', 'Joseph J Lim', 'Shao-Hua Sun']","['Computer Science,University of Texas at Austin(cs.utexas.edu)', 'Not Found', 'Computer Science,University of Washington(uw.edu)', 'Korea Advanced Institute of Science & Technology(kaist.ac.kr)', 'National Taiwan University(ntu.edu.tw)']",March 2023,United States; South Korea; Taiwan,49,146
Robustifying Language Models via Adversarial Training with Masked Gradient,"['Jaehyung Kim', 'Yuning Mao', 'Rui Hou', 'Hanchao Yu', 'Davis Liang', 'Pascale Fung', 'Qifan Wang', 'Madian Khabsa']","['AI Department,Yonsei University(yonsei.ac.kr)', 'Meta(meta.com)', 'Meta Inc.(meta.inc)', 'Facebook(fb.com)', 'Abridge(abridge.com)', 'HKUST(ece.ust.hk)', 'Meta AI(fb.com)', 'CSE,Meta(meta.com)']",,South Korea; United States; Hong Kong,61,
PromptCAL: Contrastive Affinity Learning via Auxiliary Prompts for Generalized Category Discovery,"['Sheng Zhang', 'Salman Khan', 'Zhiqiang Shen', 'Muzammal Naseer', 'Guangyi Chen', 'Fahad Khan']","['Computer Science,University of Maryland, College Park(umd.edu)', 'University,Mohamed bin Zayed University of Artificial Intelligence(mbzuai.ac.ae)', 'Not Found', 'Computer Science,Khalifa University of Science, Technology and Research(ku.ac.ae)', 'Machine Learning,Mohamed bin Zayed University of Artificial Intelligence(mbzuai.ac.ae)', 'Mohamed bin Zayed University of Artificial Intelligence(mbzuai.ac.ae)']","11 December, 2022",United States; United Arab Emirates,15,31
Reducing the Capacity Gap via Spherical Knowledge Distillation,"['Jia Guo', 'Minghao Chen', 'Yilun Zhao', 'Boyuan Pan', 'Chen Zhu', 'Yao Hu', 'Heda Wang', 'Xiaofei He', 'Deng Cai']","['XiaoHongshu(xiaohongshu.com)', 'Hangzhou Dianzi University(hdu.edu.cn)', 'Yale University(yale.edu)', 'Xiaohongshu(xiaohongshu.com)', 'Not Found', 'Zhejiang University(zju.edu.cn)', 'xiaohongshu(xiaohongshu.com)', 'Zhejiang University(zju.edu.cn)', 'Zhejiang University(zju.edu.cn)']",,China; United States,,2
 Debiasing the Pre-trained Language Model  Through Fine-tuning the Downstream Tasks,"['Somayeh Ghanbarzadeh', 'Yan Huang', 'Hamid Palangi', 'Radames Cruz Moreno', 'Hamed Khanpour']","['University of North Texas(unt.edu)', 'Computer Science and Engineering,, University of North Texas(cse.unt.edu)', 'Google(google.com)', 'Microsoft(microsoft.com)', 'Microsoft(microsoft.com)']",,United States,222,
ResFed: Communication Efficient Federated Learning by Transmitting Deep Compressed Residuals,"['Rui Song', 'LIGUO ZHOU', 'Lingjuan Lyu', 'Andreas Festag', 'Alois Knoll']","['Not Found', 'Not Found', 'Not Found', 'Not Found', 'Not Found']",December 2022,,,
Image Emotion Recognition using Cognitive Contextual Summarization Framework,"['Virendra Patil', 'Debeshwar Maitra', 'Sethuraman T V', 'Manasa Kolla', 'Tridib Mukherjee']","['Not Found', 'Not Found', 'Not Found', 'Not Found', 'Not Found']",,,,
PES: Probabilistic Exponential Smoothing for Time Series Forecasting,"['Antonio Cifonelli', 'Stephane Canu']","['Not Found', 'Not Found']",,,,
Distinguishing Feature Model for Ranking From Pairwise Comparisons,"['Elisha Parhi', 'Arun Rajkumar']","['Not Found', 'Not Found']",,,,
Forget to Learn (F2L): Rethinking Replay Loss in Unsupervised Continuous Domain Adaptation,"['Mohamed Abubakr Hassan', 'Chi-Guhn Lee']","['Not Found', 'Not Found']",,,,
A Scalable Training Strategy for Blind Multi-Distribution Noise Removal,"['Kevin Zhang', 'Sakshum Kulshrestha', 'Christopher Metzler']","['Not Found', 'Not Found', 'Not Found']","30 October, 2023",,,
$\ell$Gym: Natural Language Visual Reasoning with Reinforcement Learning,"['Anne Wu', 'Kianté Brantley', 'Noriyuki Kojima', 'Yoav Artzi']","['Not Found', 'Not Found', 'Not Found', 'Not Found']",October 2025,,,
Triplet learning of task representations in latent space for continual learning,"['Yukun Shi', 'Jaeil Park', 'Sung-Bae Cho']","['Not Found', 'Not Found', 'Not Found']",,,,
Improving Generalization of Motor-Imagery Brainwave Decoding via Dynamic Convolutions,"['Konstantinos Barmpas', 'Yannis Panagakis', 'Stylianos Bakas', 'Dimitrios Adamos', 'Nikolaos Laskaris', 'Stefanos Zafeiriou']","['Not Found', 'Not Found', 'Not Found', 'Not Found', 'Not Found', 'Not Found']",,,,
The Robustness Limits of SoTA Vision Models to Natural Variation,"['Mark Ibrahim', 'Quentin Garrido', 'Ari S. Morcos', 'Diane Bouchacourt']","['Not Found', 'Not Found', 'Not Found', 'Not Found']",October 2022,,,
PMI-guided Masking Strategy to Enable Few-shot Learning for Genomic Applications,"['Soumyadeep Roy', 'Jonas Wallat', 'Sowmya S Sundaram', 'Niloy Ganguly']","['Not Found', 'Not Found', 'Not Found', 'Not Found']",,,,
SYNC: Efficient Neural Code Search Through Structurally Guided Hard Negative Curricula,"['Atharva Naik', 'Soumitra Das', 'Jyothi Vedurada', 'Somak Aditya']","['Not Found', 'Not Found', 'Not Found', 'Not Found']",,,,
Optimal Scalarizations for Provable Multiobjective Optimization,['Qiuyi Zhang'],['Not Found'],,,,
Fast Bayesian Updates for Deep Learning with a Use Case in Active Learning,"['Marek Herde', 'Zhixin Huang', 'Denis Huseljic', 'Daniel Kottke', 'Stephan Vogt', 'Bernhard Sick']","['Not Found', 'Not Found', 'Not Found', 'Not Found', 'Not Found', 'Not Found']",,,,
A Subspace Correction Method for ReLU Neural Networks for Solving PDEs,"['Jongho Park', 'Jinchao Xu', 'Xiaofeng Xu']","['Not Found', 'Not Found', 'Not Found']",,,,
Direct-Effect Risk Minimization,"['Yuhui Li', 'Zejia Wu', 'Chao Zhang', 'Hongyang Zhang']","['Not Found', 'Not Found', 'Not Found', 'Not Found']","26 November, 2022",,,
Semantic Transformation-based Data Augmentation for Few-Shot Learning,"['Meihong Pan', 'Hongyi Xin', 'Hong-Bin Shen']","['School of Engineering,Westlake University(westlake.edu.cn)', 'Global Institute of Future Technology,Shanghai Jiaotong University(sjtu.edu.cn)', 'Shanghai Jiao Tong University(sjtu.edu.cn)']",,China,46,5
TimeSeAD: Benchmarking Deep Time-Series Anomaly Detection,"['Dennis Wagner', 'Tobias Michels', 'Florian C.F. Schulz', 'Maja Rudolph', 'Marius Kloft']","['Universität Kaiserslautern(uni-kl.de)', 'Mercedes-Benz Tech Innovation(mercedes-benz.com)', 'Technische Universität Berlin(tu-berlin.de)', 'University of Wisconsin - Madison(wisc.edu)', 'RPTU Kaiserslautern-Landau(uni-kl.de)']",,Germany; United States,,244
Learning to Unlearn: Instance-wise Unlearning for Pre-trained Classifiers,"['Sungmin Cha', 'Sungjun Cho', 'Dasol Hwang', 'Honglak Lee', 'Taesup Moon', 'Moontae Lee']","['New York University(nyu.edu)', 'Computer Science,University of Wisconsin - Madison(cs.wisc.edu)', 'LG AI Research(lgresearch.ai)', 'Computer Science and Engineering,University of Michigan - Ann Arbor(umich.edu)', 'Seoul National University(snu.ac.kr)', 'LG Corporation(lgresearch.ai)']","27 January, 2023",United States; South Korea,38,
Predicting Out-of-Domain Generalization with Local Manifold Smoothness,"['Nathan Hoyen Ng', 'Neha Hulkund', 'Kyunghyun Cho', 'Marzyeh Ghassemi']","['New York University(nyu.edu)', 'EECS,Massachusetts Institute of Technology(mit.edu)', 'Genentech(gene.com)', 'Massachusetts Institute of Technology(mit.edu)']",,United States,38,27
CLUSTERBERT: MULTI-STAGE FINE-TUNING OF TRANSFORMERS FOR DEEP TEXT CLUSTERING,"['Martin Teuffenbach', 'Andreas Stephan', 'Yuxi Xia', 'Claudia Plant', 'Benjamin Roth']","['Universität Vienna(univie.ac.at)', 'Universität Vienna(univie.ac.at)', 'computer science,Universität Vienna(univie.ac.at)', 'Universität Vienna(univie.ac.at)', 'Universität Vienna(univie.ac.at)']",,,,
Burstormer: Burst Image Restoration and Enhancement Transformer,"['Akshay Dudhane', 'Syed Waqas Zamir', 'Salman Khan', 'Fahad Khan', 'Ming-Hsuan Yang']","['Computer Vision,Mohamed bin Zayed University of Artificial Intelligence(mbzuai.ac.ae)', 'Inception Institute of Artificial Intelligence(inceptioniai.org)', 'University,Mohamed bin Zayed University of Artificial Intelligence(mbzuai.ac.ae)', 'Mohamed bin Zayed University of Artificial Intelligence(mbzuai.ac.ae)', 'DeepMind,Google DeepMind(google.com)']",April 2023,UAE; United Arab Emirates,31,
FUN: Filter-based Unlearnable Datasets,"['Vinu Sankar Sadasivan', 'Mahdi Soltanolkotabi', 'Soheil Feizi']","['Computer Science,University of Maryland, College Park(umd.edu)', 'University of Southern California(usc.edu)', 'University of Maryland, College Park(umd.edu)']",,United States,15,15
Towards Multi-spatiotemporal-scale Generalized PDE Modeling,"['Jayesh K Gupta', 'Johannes Brandstetter']","['Silurian(silurian.ai)', 'Emmi AI(emmi.ai)']","30 September, 2022",,,
Exploring Methods for Parsing Movie Scripts - Feature Extraction for Further Social Injustice Analysis,"['Gwilym Newton', 'Lamogha Chiazor']","['International Business Machines(ibm.com)', 'International Business Machines(ibm.com)']",,United States,,
MultiQuan RDP: Rate-Distortion-Perception Coding via Offset Quantizers,"['Ruida Zhou', 'Chao Tian']","['Amazon(amazon.com)', 'Not Found']",,,,
REST: REtrieve & Self-Train for generative action recognition,"['Adrian Bulat', 'Enrique Sanchez', 'Brais Martinez', 'Georgios Tzimiropoulos']","['Samsung AI Center Cambridge(samsung.com)', 'Samsung AI Center(samsung.com)', 'Samsung(samsung.com)', 'Queen Mary University London(qmul.ac.uk)']","14 November, 2023",,,
Conceptual Behavior and Human-Likeness in Vision-and-Language Models,"['Martina G. Vilas', 'Timothy Schaumlöffel', 'Gemma Roig']","['Computer Science Department,,Goethe University(cs.uni-frankfurt.de)', 'Johann Wolfgang Goethe Universität Frankfurt am Main(uni-frankfurt.de)', 'Department of Computer Science,Johann Wolfgang Goethe Universität Frankfurt am Main(uni-frankfurt.de)']",,,,
Highly Parallel Deep Ensemble Learning,"['Xiao-Yang Liu', 'Zeliang Zhang', 'Xiaodong Wang']","['Electrical Engineering,Columbia University(columbia.edu)', 'The Department of Computer Science,University of Rochester(rochester.edu)', 'Columbia University(ee.columbia.edu)']",,United States,66,66
On the Forward Invariance of Neural ODEs,"['Wei Xiao', 'Tsun-Hsuan Wang', 'Ramin Hasani', 'Mathias Lechner', 'Daniela Rus']","['Massachusetts Institute of Technology(mit.edu)', 'Massachusetts Institute of Technology(mit.edu)', 'Massachusetts Institute of Technology(mit.edu)', 'Massachusetts Institute of Technology(mit.edu)', 'CSAIL,Massachusetts Institute of Technology(mit.edu)']","30 October, 2022",United States,27,27
Distilling Pre-trained Knowledge in Chemical Reactions for Molecular Property Prediction,"['Liang Zeng', 'Lanqing Li', 'Jian Li']","['Skywork AI(kunlun-inc.com)', 'Zhejiang Lab(zhejianglab.com)', 'Tsinghua University(tsinghua.edu.cn)']",,China,,1
Learning Debiased Representations via Conditional Attribute Interpolation,"['Yi-Kai Zhang', 'Qi-Wei Wang', 'De-Chuan Zhan', 'Han-Jia Ye']","['Nanjing University,Nanjing University(nju.edu.cn)', 'WeChat(tencent.com)', 'School of AI,Nanjing University(nju.edu.cn)', 'Nanjing University(nju.edu.cn)']",,China,6,6
Active Learning at the ImageNet Scale,"['Hong-Min Chu', 'Ping-yeh Chiang', 'Zeyad Emam', 'Wojciech Czaja', 'Richard Leapman', 'Micah Goldblum', 'Tom Goldstein']","['Department of Computer Science, University of Maryland, College Park(cs.umd.edu)', 'University of Maryland, College Park(umd.edu)', 'University of Maryland, College Park(nih.gov)', 'Not Found', 'Not Found', 'Electrical Engineering,Columbia University(columbia.edu)', 'Computer Science,University of Maryland, College Park(umd.edu)']",November 2021,United States,15,15
Trimsformer: Trimming Transformer via Searching for Low-Rank Structure,"['Yuan-Yao Sung', 'Chi-Chih Chang', 'Shixing Yu', 'Yu-Shin Han', 'Diana Marculescu', 'Kai-Chiang Wu']","['National Chiao Tung University, National Chiao Tung University(cs.nctu.edu.tw)', 'Cornell University(cornell.edu)', 'Cornell Tech(cornell.edu)', 'Not Found', 'Not Found', 'Not Found']",,Taiwan; United States,138,
 Continual Zero-shot Learning through Semantically Guided Generative Random Walks,"['Wenxuan Zhang', 'Paul Janson', 'Kai Yi', 'Divyansh Jha', 'Ivan Skorokhodov', 'Mohamed Elhoseiny']","['Not Found', 'Not Found', 'Not Found', 'Not Found', 'Not Found', 'Not Found']",August 2023,,,
Weighted Regularization for Efficient Neural Network Compression,"['Yanxin Fu', 'Longxing Yang', 'Jilin Mei', 'Tiantian Jiang', 'Yan Xing', 'Wenxiao Zhao', 'Yu Hu']","['Not Found', 'Not Found', 'Not Found', 'Not Found', 'Not Found', 'Not Found', 'Not Found']",,,,
Self-Guided Diffusion Models,"['Vincent Tao Hu', 'David W Zhang', 'Yuki M Asano', 'Gertjan J. Burghouts', 'Cees G. M. Snoek']","['Not Found', 'Not Found', 'Not Found', 'Not Found', 'Not Found']",October 2025,,,
Removing Backdoors in Pre-trained Models by Regularized Continual Pre-training,"['Biru Zhu', 'Ganqu Cui', 'Yangyi Chen', 'Yujia Qin', 'Lifan Yuan', 'Chong Fu', 'Yangdong Deng', 'Zhiyuan Liu', 'Maosong Sun', 'Ming Gu']","['Not Found', 'Not Found', 'Not Found', 'Not Found', 'Not Found', 'Not Found', 'Not Found', 'Not Found', 'Not Found', 'Not Found']",,,,
Multi-stationary point losses for robust model,"['Weiwei Gao', 'Yao Li', 'Junqi Gao', 'Zhichang Guo', 'Dazhi Zhang']","['Not Found', 'Not Found', 'Not Found', 'Not Found', 'Not Found']",,,,
Learning Stackelberg Equilibria and Applications to Economic Design Games,"['Gianluca Brero', 'Darshan Chakrabarti', 'Alon Eden', 'Matthias Gerstgrasser', 'Vincent Li', 'David C. Parkes']","['Not Found', 'Not Found', 'Not Found', 'Not Found', 'Not Found', 'Not Found']",,,,
Attention Based Models for Cell Type Classification on Single-Cell RNA-Seq Data,"['Tianxu Wang', 'Yue Fan', 'Xiuli Ma']","['Not Found', 'Not Found', 'Not Found']",,,,
HiT-DVAE: Human Motion Generation via Hierarchical Transformer Dynamical VAE,"['Xiaoyu Bie', 'WEN GUO', 'Simon Leglaive', 'Laurent Girin', 'Francesc Moreno-Noguer', 'Xavier Alameda-Pineda']","['Not Found', 'Not Found', 'Not Found', 'Not Found', 'Not Found', 'Not Found']",April 2022,,,
Marginal Probability Explanation: A Saliency Map with Closed-loop Validation,"['Yao Li', 'Jialin Song', 'Shengzhu Shi', 'Zhichang Guo', 'Weiwei Gao']","['Not Found', 'Not Found', 'Not Found', 'Not Found', 'Not Found']",,,,
A GENERAL SCENARIO-AGNOSTIC REINFORCEMENT LEARNING FOR TRAFFIC SIGNAL CONTROL,"['Haoyuan Jiang', 'Ziyue Li', 'LEI BAI', 'zhishuai Li', 'Rui Zhao']","['Not Found', 'Not Found', 'Not Found', 'Not Found', 'Not Found']",,,,
Enhanced Spatio-Temporal Image Encoding for Online Human Activity Recognition,"['Nassim MOKHTARI', 'Vincent Fer', 'Alexis Nédélec', 'Marlène Gilles', 'Pierre De Loor']","['Not Found', 'Not Found', 'Not Found', 'Not Found', 'Not Found']",,,,
BiasPAD: A Bias-Progressive Auto-Debiasing Framework,"['Hao Huang', 'Tianyi Zhou', 'Guodong Long', 'Tao Shen', 'Jing Jiang', 'Chengqi Zhang']","['Not Found', 'Not Found', 'Not Found', 'Not Found', 'Not Found', 'Not Found']",,,,
On the Importance of Diversity in Data-free Model Stealing,"['Yiyong Liu', 'Rui Wen', 'Michael Backes', 'Yang Zhang']","['Not Found', 'Not Found', 'Not Found', 'Not Found']",,,,
Continuously Parameterized Mixture Models,"['Christopher M Bender', 'Yifeng Shi', 'Marc Niethammer', 'Junier Oliva']","['Not Found', 'Not Found', 'Not Found', 'Not Found']",,,,
MANSA: LEARNING FAST AND SLOW IN MULTI-AGENT SYSTEMS WITH A GLOBAL SWITCHING AGENT,"['David Henry Mguni', 'Taher Jafferjee', 'Haojun Chen', 'Jianhong Wang', 'Feifei Tong', 'Stephen Marcus McAleer', 'Jun Wang', 'Yaodong Yang']","['Not Found', 'Not Found', 'Peking University(stu.pku.edu.cn)', 'School of Engineering Mathematics and Technology,University of Bristol(bristol.ac.uk)', 'Huawei Technologies Ltd.(huawei.com)', 'Carnegie Mellon University(cmu.edu)', 'Computer Science,University College London(ucl.ac.uk)', 'Not Found']",,China; United Kingdom; United States,3,88
Using Planning to Improve Semantic Parsing of Instructional Texts,"['Vanya Cohen', 'Ray Mooney']","['Not Found', 'Computer Science,University of Texas at Austin(cs.utexas.edu)']",,United States,49,49
CLAS: Central Latent Action Spaces for Coordinated Multi-Robot Manipulation,"['Elie Aljalbout', 'Maximilian Karl', 'Patrick van der Smagt']","['University of Zurich(uzh.ch)', 'Machine Learning Research Lab, Volkswagen Group(volkswagen.de)', 'Eotvos Lorand University(elte.hu)']",November 2022,Switzerland,200,
Few-shot Lifelong Reinforcement Learning with Generalization Guarantees: An Empirical PAC-Bayes Approach,"['Zhi Zhang', 'Han Liu']","['University of California, Los Angeles(ucla.edu)', 'Northwestern University(u.northwestern.edu)']",,United States,35,75
Wasserstein Generalization Bound for Few-Shot Learning,"['Phani raj Chinnalingu', 'Rajarshi Banerjee']","['Indian Institute of Science, Dhirubhai Ambani Institute Of Information and Communication Technology(iisc.ac.in)', 'Indian Institute of Science, Dhirubhai Ambani Institute Of Information and Communication Technology(iisc.ac.in)']",,,,
Task-Agnostic Unsupervised Robust Representation Learning,"['A. Tuan Nguyen', 'Philip Torr', 'Ser-Nam Lim']","['Research,Facebook(meta.com)', 'University of Oxford(ox.ac.uk)', 'University of Central Florida(ucf.edu)']",,United Kingdom; United States,,49
DP-InstaHide: Data Augmentations Provably Enhance Guarantees Against Dataset Manipulations,"['Eitan Borgnia', 'Jonas Geiping', 'Valeriia Cherepanova', 'Liam H Fowl', 'Arjun Gupta', 'Amin Ghiasi', 'Furong Huang', 'Micah Goldblum', 'Tom Goldstein']","['University of Chicago(uchicago.edu)', 'ELLIS Institute Tübingen(tue.ellis.eu)', 'Amazon(amazon.com)', 'Google(google.com)', 'Perception,Zipline International Inc(flyzipline.com)', 'Apple(apple.com)', 'Computer Science,University of Maryland(umd.edu)', 'Electrical Engineering,Columbia University(columbia.edu)', 'Computer Science,University of Maryland, College Park(umd.edu)']",,United States,88,15
Affinity-VAE for clustering and classification of objects in multidimensional image data,"['Jola Mirecka', 'Marjan Famili', 'Anna Kotanska', 'Nikolai Juraschko', 'Beatriz Costa-Gomes', 'Colin M Palmer', 'Jeyan Thiyagalingam', 'Tom Burnley', 'Mark Basham', 'Alan R Lowe']","['STFC(stfc.ac.uk)', 'Not Found', 'Not Found', 'Not Found', 'Not Found', 'Not Found', 'Not Found', 'Not Found', 'Not Found', 'Not Found']",,,,
Model Stealing Attacks Against Vision-Language Models,"['Yixin Wu', 'Rui Wen', 'Michael Backes', 'Ning Yu', 'Yang Zhang']","['Computer Science,CISPA Helmholtz Center for Information Security(cispa.de)', 'Institute of Science Tokyo(titech.ac.jp)', 'Not Found', 'Not Found', 'Group Zhang,CISPA Helmholtz Center for Information Security(cispa.de)']",,Germany; Japan,126,126
A Simple Nadaraya-Watson Head for Explainable and Calibrated Classification,"['Alan Q. Wang', 'Mert R. Sabuncu']","['Stanford University(stanford.edu)', 'Cornell Tech(cornell.edu)']",,United States,16,
Learning Privacy-Preserving Graph Embeddings Against Sensitive Attributes Inference,"['Chong Xiao Wang', 'Zhao Kai', 'Wee Peng Tay']","['Institute of High Performance Computing, Singapore, A*STAR(ihpc.a-star.edu.sg)', 'Nanyang Technological University(ntu.edu.sg)', 'Nanyang Technological University(ntu.edu.sg)']",,Singapore,,8
InteriorSim: A Photorealistic Simulator for Embodied AI,"['Mike Roberts', 'Quentin Leboutet', 'Rachith Prakash', 'Renhan Wang', 'Hailin Zhang', 'Rui Tang', 'Marti Ferragut', 'Stefan Leutenegger', 'Stephan R. Richter', 'Vladlen Koltun', 'Matthias Müller', 'German Ros']","['Adobe Research(adobe.com)', 'Intel(intel.com)', 'Intel(intel.com)', 'University of Illinois at Urbana-Champaign(uiuc.edu)', 'Guizhou University(google.com)', 'Kujiale.com(qunhemail.com)', 'Not Found', 'D-MAVT,ETHZ - ETH Zurich(ethz.ch)', 'Apple(apple.com)', 'Apple(apple.com)', 'AI/ML,Apple(apple.com)', 'Intel(intel.com)']",,United States; Switzerland,,
Prompt-Based Metric Learning for Few-Shot NER,"['Yanru Chen', 'Yanan Zheng', 'Zhilin Yang']","['Tsinghua University, Tsinghua University(tsinghua.edu.cn)', 'Yale University(yale.edu)', 'Tsinghua University, Tsinghua University(tsinghua.edu.cn)']",November 2022,China; United States,1,1
Analyzing Transformers in Embedding Space,"['Guy Dar', 'Mor Geva', 'Ankit Gupta', 'Jonathan Berant']","['Tel Aviv University(tau.ac.il)', 'Tel Aviv University(tau.ac.il)', 'International Business Machines(ibm.com)', 'Google(google.com)']",October 2023,Israel; United States,71,
Finding Generalization Measures by Contrasting Signal and Noise,"['Jiaye Teng', 'Bohang Zhang', 'Ruichen Li', 'Yang Yuan']","['SSM,Shanghai University of Finance and Economics(sufe.edu)', 'Peking University(pku.edu.cn)', 'Seed-AI4Science,ByteDance Inc.(bytedance.com)', 'IIIS,Tsinghua University(tsinghua.edu.cn)']",,China,160,1
Counterfactual Explanation via Search in Gaussian Mixture Distributed Latent Space,"['Xuan Zhao', 'Klaus Broelemann', 'Gjergji Kasneci']","['SCHUFA Holding AG(schufa.de)', 'SCHUFA(schufa.de)', 'Computer Science,Technische Universität München(tum.de)']","25 July, 2023",Germany,,
Spatial Entropy as an Inductive Bias for Vision Transformers,"['Elia Peruzzo', 'Enver Sangineto', 'Yahui Liu', 'Marco De Nadai', 'Wei Bi', 'Bruno Lepri', 'Nicu Sebe']","['Qualcomm Inc, QualComm(qti.qualcomm.com)', 'University of Trento(unitn.it)', 'Kuaishou(kuaishou.com)', 'Not Found', 'Not Found', 'Not Found', 'Not Found']","9 June, 2022",United States; Italy,,
MILAN: Masked Image Pretraining on Language Assisted Representation,"['Zejiang Hou', 'Fei Sun', 'Yen-Kuang Chen', 'Yuan Xie', 'Sunyuan Kung']","['Not Found', 'Not Found', 'Not Found', 'Not Found', 'Not Found']","11 August, 2022",,,
Reducing Communication Entropy in Multi-Agent Reinforcement Learning,"['Lebin Yu', 'Yunbo Qiu', 'Qiexiang Wang', 'Xu-Dong Zhang', 'Jian Wang']","['Not Found', 'Not Found', 'Not Found', 'Not Found', 'Not Found']",,,,
Vector Quantization and Shifting: Exploiting Latent Properties to Optimize Neural Codecs,"['Muhammet Balcilar', 'Bharath Bhushan Damodaran', 'Karam Naser', 'Franck Galpin', 'Pierre Hellier']","['Not Found', 'Not Found', 'Not Found', 'Not Found', 'Not Found']",,,,
A Simple Framework for Low-Resolution Detection with High-resolution Knowledge,['Jiahui Chen'],['Not Found'],,,,
AGREE: A Simple Aggregator of Detectors’ Decisions,"['Federica Granese', 'Marco Romanelli', 'Marine Picot', 'Francisco Messina', 'Pablo Piantanida']","['Not Found', 'Not Found', 'Not Found', 'Not Found', 'Not Found']",,,,
Multivariate Gaussian Representation of Previous Tasks for Continual Learning,"['HyungJun Moon', 'TAEHEON KIM', 'Sung-Bae Cho']","['Not Found', 'Not Found', 'Not Found']",,,,
NGswin: N-Gram Swin Transformer for Efficient Single Image Super-Resolution,"['Haram Choi', 'Jeongmin Lee', 'Jihoon Yang']","['Not Found', 'Not Found', 'Not Found']",,,,
Improving Translation Capabilities of Pre-Trained Multilingual Sequence-to-Sequence Models for Low-Resource Languages,['En-Shiun Annie Lee'],['Not Found'],,,,
SPC-Net: A New Scalable Point Cloud Compression Framework for Both Machine and Human Vision Tasks,"['Lei Liu', 'Zhihao Hu', 'Dong Xu']","['Not Found', 'Not Found', 'Not Found']",,,,
Optimizing Connectivity through Network Gradients for the Restricted Machine,"['Amanda C N de Oliveira', 'Daniel R. Figueiredo']","['Not Found', 'Not Found']","14 September, 2022",,,
FedMEKT: Split Multimodal Embedding Knowledge Transfer in Federated Learning,"['Huy Quang Le', 'Minh N. H. Nguyen', 'Choong Seon Hong']","['Not Found', 'Not Found', 'Not Found']",,,,
End-to-End Speech Synthesis Based on Deep Conditional Schrödinger Bridges,"['Shoule Wu', 'Ziqiang Shi']","['Not Found', 'Not Found']",,,,
Delve into the Layer Choice of BP-based Attribution Explanations,"['Guanhua Zheng', 'Jitao Sang', 'Duo Zhang', 'Haonan Wang', 'Changsheng Xu']","['University of Science and Technology of China(ustc.edu.cn)', 'Not Found', 'Beijing Jiaotong University(bjtu.edu.cn)', 'Beijing jiaotong univercity(bjtu.edu.cn)', 'NLPR,Institute of automation, Chinese academy of science, Chinese Academy of Sciences(ia.ac.cn)']",,China,11,12
Heterogeneous Loss Function with Aggressive Rejection for Contaminated data in anomaly detection,['Jungi Lee'],"['R&D Division,Elroilab Inc.(elroilab.com)']",,,,
Prompt Injection: Parameterization of Fixed Inputs,"['Eunbi Choi', 'Yongrae Jo', 'Joel Jang', 'Joonwon Jang', 'Minjoon Seo']","['LG AI Research(lgresearch.ai)', 'LG Corporation(lgresearch.ai)', 'Department of Computer Science, University of Washington(cs.washington.edu)', 'Postech(postech.ac.kr)', 'Korea Advanced Institute of Science & Technology(kaist.ac.kr)']","31 May, 2022",United States; South Korea,,8
Hybrid-Regressive Neural Machine Translation,"['Qiang Wang', 'Xinhui Hu', 'Ming Chen']","['Hithink RoyalFlush AI Research Institute(myhexin.com)', 'Not Found', 'Not Found']",October 2022,,,
Automatic Dictionary Generation: Could Brothers Grimm Create a Dictionary with BERT?,"['Hendryk Tobias Weiland', 'Maike Behrendt', 'Stefan Harmeling']","['HHU Düsseldorf(hhu.de)', 'Computer Science,Heinrich-Heine Universität Düsseldorf(uni-duesseldorf.de)', 'Technische Universität Dortmund(tu-dortmund.de)']",,Germany,,200
Test-Time Adaptation for Real-World Denoising Networks via Noise-Aware Image Generation,"['Dongjin Kim', 'Donggoo Jung', 'Dajin Han', 'Kyeonga Kim', 'Sungyong Baik', 'Tae Hyun Kim']","['Hanyang University(hanyang.ac.kr)', 'Hanyang University(hanyang.ac.kr)', 'Hanyang University(hanyang.ac.kr)', 'Hanyang University(hanyang.ac.kr)', 'Hanyang University(hanyang.ac.kr)', 'Hanyang University(hanyang.ac.kr)']",,South Korea,222,222
Learning 3D Point Cloud Embeddings using Optimal Transport,"['Siddharth Katageri', 'Srinjay Sarkar', 'Charu Sharma']","['Tata Consultancy Services Limited, India(tcs.com)', 'CDS,Indian Institute of Science(iisc.edu)', 'Machine Learning Lab,International Institute of Information Technology Hyderabad,(iiit.ac.in)']",,,,
DeNF: Unsupervised Scene-Decompositional Normalizing Flows,"['Farhad Ghazvinian Zanjani', 'Hanno Ackermann', 'Daniel Dijkman', 'Fatih Porikli']","['Not Found', 'Qualcomm AI Research(qti.qualcomm.com)', 'Not Found', 'QualComm(qualcomm.com)']",,,,
A Decomposition Based Dual Projection Model for Multivariate Time Series Forecasting and Anomaly Detection,"['Peng Zhang', 'Qin Xie', 'Jaesik Choi']","['Korea Advanced Institute of Science and Technology(kaist.ac.kr)', 'Ulsan National Institute of Science and Technology(unist.ac.kr)', 'Korea Advanced Institute of Science & Technology(kaist.ac.kr)']",,South Korea,8,8
LEXA: Language-agnostic Cross-consistency Training for Question Answering Tasks,"['Nikita Sorokin', 'Dmitry Abulkhanov', 'Valentin Malykh']","['MTS AI(mts.ai)', 'Not Found', 'International IT University(iitu.edu.kz)']",,,,
Memory Learning of Multivariate Asynchronous Time Series,"['YIJUN LI', 'Cheuk Hang LEUNG', 'Chaoqun Wang', 'Yiyan HUANG', 'Qi WU', 'Dongdong WANG', 'Zhixiang Huang']","['Department of Data Science,City University of Hong Kong(cityu.edu)', 'City University of Hong Kong(cityu.edu.hk)', ""Xi'an Jiaotong-Liverpool University(xjtlu.edu.cn)"", 'Great Bay University(gbu.edu.cn)', 'City University of Hong Kong(cityu.edu.hk)', 'Jingdong Technology(jd.com)', 'Beijing Normal University(bnu.edu.cn)']",,Hong Kong; China,26,200
PET-NeuS: Positional Encoding Triplanes for Neural Surfaces,"['Yiqun Wang', 'Ivan Skorokhodov', 'Peter Wonka']","['Computer Science,Chongqing University(cqu.edu.cn)', 'Creative Vision,Snap Inc.(snap.com)', 'Snap Inc.(snap.com)']",,China; United States,292,
Learning Task Agnostic Temporal Consistency Correction,"['Muhammad Kashif Ali', 'Dongjin Kim', 'Tae Hyun Kim']","['Not Found', 'Hanyang University(hanyang.ac.kr)', 'Hanyang University(hanyang.ac.kr)']",,South Korea,222,222
Does Structural Information have been Fully Exploited in Graph Data?,"['Xin Lai', 'Yang Aron Liu', 'Rui Qian', 'Yong Lin', 'Qiwei Ye']","['Renmin University of China(ruc.edu.cn)', 'AMSS,Academy of Mathematics and Systems Science, Chinese Academy of Sciences, Chinese Academy of Sciences(amss.ac.cn)', 'Not Found', 'Not Found', 'Beijing Academy of Artificial Intelligence(baai.ac.cn)']",,China,19,
Prescribed Safety Performance Imitation Learning from A Single Expert Dataset,"['Zhihao Cheng', 'Li Shen', 'Miaoxi Zhu', 'Jiaxian Guo', 'Meng Fang', 'Liu Liu', 'Bo Du', 'Dacheng Tao']","['ByteDance Inc.(bytedance.com)', 'Sun Yat-Sen University(mail.sysu.edu.cn)', 'School of Computer Science,Wuhan University(whu.edu.cn)', 'Google Research(google.com)', 'University of Liverpool(liverpool.ac.uk)', 'Beijing University of Aeronautics and Astronautics(buaa.edu.cn)', 'School of Computer Science,Wuhan University(whu.edu.cn)', 'Not Found']",,China; United States; United Kingdom,,31
Comparing Auxiliary Tasks for Learning Representations for Reinforcement Learning,"['Moritz Lange', 'Noah Krystiniak', 'Raphael Engelhardt', 'Wolfgang Konen', 'Laurenz Wiskott']","['Fraunhofer Institute IAIS, Fraunhofer IAIS(iais.fraunhofer.de)', 'Technische Universität Dortmund(tu-dortmund.de)', 'Faculty of Computer Science and Engineering Science(th-koeln.de)', 'TH Köln(th-koeln.de)', 'Ruhr-Universität Bochum(ruhr-uni-bochum.de)']",,Germany,,
Dynamic-Aware GANs: Time-Series Generation with Handy Self-Supervision,"['Yaxin Shi', 'Ponhvoan Srey', 'Ivor Tsang']","['Centre for Frontier AI Research (CFAR)(astar.edu.sg)', 'Not Found', 'A*STAR(cfar.a-star.edu.sg)']",,,,
Learning Gradient-based Mixup towards Flatter Minima for Domain Generalization,"['Danni Peng', 'Sinno Pan']","['Not Found', 'The Chinese University of Hong Kong(cuhk.edu.hk)']",September 2022,Hong Kong,26,26
UnifySpeech: A Unified Framework for Zero-shot Text-to-Speech and  Voice Conversion,"['Haogeng Liu', 'Tao Wang', 'Ruibo Fu', 'Jiangyan Yi', 'Jianhua Tao', 'Zhengqi Wen']","['Automation,University of the Chinese Academy of Sciences(ucas.ac.cn)', 'BEIJING,Institute of automation, Chinese academy of science, Chinese Academy of Sciences(ia.ac.cn)', 'Institute of automation, Chinese academy of science, Chinese Academy of Sciences(ia.ac.cn)', 'Not Found', 'Not Found', 'Not Found']",January 2023,China,12,12
On the Shortcut Learning in Multilingual Neural Machine Translation,"['Wenxuan Wang', 'Wenxiang Jiao', 'Jen-tse Huang', 'Shuming Shi', 'Zhaopeng Tu', 'Michael Lyu']","['Not Found', 'Not Found', 'Not Found', 'Not Found', 'Not Found', 'Not Found']",November 2024,,,
CLIP model is an Efficient Continual Learner,"['Vishal Thengane', 'Salman Khan', 'Munawar Hayat', 'Fahad Khan']","['Not Found', 'Not Found', 'Not Found', 'Not Found']",October 2022,,,
Reinforcement Learning using a Molecular Fragment Based Approach for Reaction Discovery,"['Ajnabiul Hoque', 'Mihir Jitendra Surve', 'Shivaram Kalyanakrishnan', 'Raghavan B Sunoj']","['Not Found', 'Not Found', 'Not Found', 'Not Found']",,,,
Calibration for Decision Making via Empirical Risk Minimization,"['Tuan Anh Ho', 'Jiri Matas', 'Alexander Shekhovtsov']","['Not Found', 'Not Found', 'Not Found']",,,,
"I Speak, You Verify: Toward Trustworthy Neural Program Synthesis","['Darren Key', 'Wen-Ding Li', 'Kevin Ellis']","['Not Found', 'Not Found', 'Not Found']",,,,
Server Aggregation as Linear Regression: Reformulation for Federated Learning,"['Taiga Kashima', 'Ikki Kishida', 'Ayako Amma', 'Hideki Nakayama']","['Not Found', 'Not Found', 'Not Found', 'Not Found']",,,,
Invariance Makes a Difference: Disentangling the Role of Invariance and Equivariance in Representations,"['Till Speicher', 'Vedant Nanda', 'Krishna P. Gummadi']","['Not Found', 'Not Found', 'Not Found']",,,,
Improving the generalization ability of the chaotic time-series classification models by residual component extraction,"['Salama Hassona', 'Wieslaw Marszalek']","['Not Found', 'Not Found']",,,,
Learning DAGs from Fourier-Sparse Data,"['Panagiotis Misiakos', 'Chris Wendler', 'Markus Püschel']","['Not Found', 'Not Found', 'Not Found']",,,,
Generative Spoken Language Model based on continuous word-sized audio tokens,"['Robin Jonathan Algayres', 'Yossi Adi', 'Tu Anh Nguyen', 'Jade Copet', 'Gabriel Synnaeve', 'Benoît Sagot', 'Emmanuel Dupoux']","['Not Found', 'Not Found', 'Not Found', 'Not Found', 'Not Found', 'Not Found', 'Not Found']",October 2023,,,
GAML: geometry-aware meta-learning via a fully adaptive preconditioner,"['Suhyun Kang', 'Duhun Hwang', 'Moonjung Eo', 'Taesup Kim', 'Wonjong Rhee']","['Not Found', 'Not Found', 'Not Found', 'Not Found', 'Not Found']",,,,
Learning to solve the Hidden Clique Problem with Graph Neural Networks,"['Amaury Triboulin', 'Marc Lelarge', 'Kevin Scaman']","['Not Found', 'Not Found', 'INRIA(inria.fr)']",,France,160,160
Out-of-Domain Intent Detection Considering Multi-turn Dialogue Contexts,"['Hao Lang', 'Yinhe Zheng', 'Binyuan Hui', 'Yongbin Li']","['Tongyi Lab, Alibaba Group(alibaba-inc.com)', 'Not Found', 'Alibaba Group(alibaba-inc.com)', 'Alibaba Group(alibaba-inc.com)']","4 May, 2023",,,
Pseudo-Edge: Semi-Supervised Link Prediction with Graph Neural Networks,"['Hyunjin Seo', 'Seongjun Yun', 'Buru Chang', 'Jaewoo Kang']","['Korea Advanced Institute of Science and Technology(kaist.ac.kr)', 'Amazon(amazon.com)', 'Korea University(korea.ac.kr)', 'Computer Science and Engineering,Korea University(korea.ac.kr)']",,South Korea,8,75
Efficient Controllable Generation with Guarantee,"['Xiaojiang Yang', 'Jiacheng Sun', 'Xing Zhang', 'Zhenguo Li', 'Junchi Yan']","['Shanghai Jiao Tong University(sjtu.edu.cn)', ""Huawei Noah's Ark Lab(huawei.com)"", 'Amazon(amazon.com)', 'Department of Computer Science and Engineering, Hong Kong University of Science and Technology(cse.ust.hk)', 'School of AI and School of CS,Shanghai Jiao Tong University(sjtu.edu.cn)']",,China; Hong Kong,5,5
Pessimistic Policy Iteration for Offline Reinforcement Learning,"['Hongchang Zhang', 'Boyuan Wang', 'Yixiu Mao', 'Jianzhun Shao', 'Yuhang Jiang', 'Yi Xu', 'Xiangyang Ji']","['Tsinghua University, Tsinghua University(tsinghua.edu.cn)', 'Tsinghua University(tsinghua.edu.cn)', 'Tsinghua University(mails.tsinghua.edu.cn)', 'Tsinghua University, Tsinghua University(tsinghua.edu.cn)', 'Tsinghua University, Tsinghua University(tsinghua.edu.cn)', 'Dalian University of Technology(dlut.edu.cn)', 'Not Found']",,China,1,
Self-Supervised Extreme Compression of Gigapixel Images,"['Tristan Lazard', 'Marvin Lerousseau', 'Etienne Decencière', 'Thomas Walter']","['Mines ParisTech(mines-paristech.fr)', 'CentraleSupelec(centralesupelec.fr)', 'Center for Mathematical Morphology,Mines Paris - PSL(minesparis.psl.eu)', 'Mines Paris PSL(minesparis.psl.eu)']",,,,
Combating noisy labels with stochastic noise-tolerated supervised contrastive learning,"['Qi Wei', 'Lei Feng', 'Haoliang Sun', 'Chenhui Guo', 'Ren Wang', 'Yilong Yin']","['Nanyang Technological University(ntu.edu.sg)', 'School of Computer Science and Engineering,Southeast University(seu.edu.cn)', 'School of Software,Shandong University(sdu.edu.cn)', 'Shandong University(sdu.edu.cn)', 'Computer science,Shandong University(sdu.edu.cn)', 'Shandong University(sdu.edu.cn)']",,Singapore; China,8,160
Graphics Capsule: Learning hierarchical 3D representations from 2D images and its application on human faces,"['Chang Yu', 'Xiangyu Zhu', 'Xiaomei Zhang', 'Zhaoxiang Zhang', 'Zhen Lei']","['Westlake University(westlake.edu.cn)', 'Institute of automation, Chinese academy of science, Chinese Academy of Sciences(ia.ac.cn)', 'Institute of automation, Chinese academy of science, Chinese Academy of Sciences(ia.ac.cn)', 'Institute of automation, Chinese academy of science, Chinese Academy of Sciences(ia.ac.cn)', 'National Laboratory of Pattern Recognition,Institute of Automation,  Chinese Academy of Sciences(ia.ac.cn)']",,China,46,12
Weak Supervision Variational Auto-Encoder,"['Francesco Tonolini', 'Nikolaos Aletras', 'Yunlong Jiao', 'Gabriella Kazai']","['Spotify(spotify.com)', 'University of Sheffield(sheffield.ac.uk)', 'Google DeepMind(google.com)', 'Not Found']",,United Kingdom,,
Object Detection with OOD Generalizable Neural Architecture Search,"['Fan Wu', 'Nanyang Ye', 'Lanqing HONG', 'Zhenguo Li', 'Chensheng Peng']","['Not Found', 'Shanghai Jiaotong University(sjtu.edu)', 'Huawei Technologies Ltd.(huawei.com)', 'Department of Computer Science and Engineering, Hong Kong University of Science and Technology(cse.ust.hk)', 'Not Found']",,China; Hong Kong,,
Revisiting Dense Retrieval with Unaswerable Counterfactuals,"['Yongho Song', 'Dahyun Lee', 'Kyungjae Lee', 'Jinyoung Yeo']","['Korea Telecom Research(kt.com)', 'LG Corporation(lgresearch.ai)', 'Computer Science,University of Seoul(uos.ac.kr)', 'Yonsei University(yonsei.ac.kr)']",,South Korea,,61
Conditional Policy Similarity: An Overlooked Factor in Zero-Shot Coordination,"['Lebin Yu', 'Yunbo Qiu', 'quanming yao', 'Xu-Dong Zhang', 'Jian Wang']","['ByteDance Inc.(bytedance.com)', 'Not Found', 'Tsinghua University(tsinghua.edu.cn)', 'Tsinghua University, Tsinghua University(tsinghua.edu.cn)', 'Department of Electronic Engineering,Tsinghua University, Tsinghua University(tsinghua.edu.cn)']",,China,,1
From Distance to Dependency: A Paradigm Shift of Full-reference Image Quality Assessment,"['Hanwei Zhu', 'Baoliang Chen', 'Lingyu Zhu', 'Zhaopeng Feng', 'Shiqi Wang']","['Nanyang Technological University(ntu.edu.sg)', 'South China Normal University(scnu.edu.cn)', 'Not Found', 'Not Found', 'Department of Computer Science,City University of Hong Kong(cityu.edu.hk)']",,Singapore; Hong Kong,8,26
Siamese-NAS: Using Trained Samples Efficiently to Find Lightweight Neural Architecture by Prior Knowledge,"['Yuming Zhang', 'Jun Wei Hsieh', 'Chun-Chieh Lee', 'Kuo-Chin Fan']","['National Central University(ncu.edu.tw)', 'Institution of Intelligent Computation,National Chiao Tung University(nctu.edu.tw)', 'Not Found', 'Not Found']",October 2022,Taiwan,,138
Prototypical Context-aware Dynamics Generalization for High-dimensional Model-based Reinforcement Learning,"['Junjie Wang', 'Yao Mu', 'Dong Li', 'qichao Zhang', 'Dongbin Zhao', 'Yuzheng Zhuang', 'Ping Luo', 'Bin Wang', 'Jianye HAO']","['Institute of automation, Chinese academy of science, Chinese Academy of Sciences(ia.ac.cn)', 'Shanghai Jiaotong University(sjtu.edu.cn)', 'Huawei Technologies Ltd.(huawei.com)', 'Institute of automation,Institute of automation, Chinese academy of science, Chinese Academy of Sciences(ia.ac.cn)', 'Institute of automation, Chinese academy of science, Chinese Academy of Sciences(ia.ac.cn)', 'Huawei Technologies Ltd.(huawei.com)', 'The University of Hong Kong(hku.hk)', ""Huawei Noah's Ark Lab(huawei.com)"", 'Tianjin University(tju.edu.cn)']",November 2022,China; Hong Kong,12,100
Self-Supervised SVDE from Videos with Depth Variance to Shifted Positional Information,"['Juan Luis Gonzalez', 'Jaeho Moon', 'Munchurl Kim']","['Science,Flawless AI(flawless.ai)', 'Korea Advanced Institute of Science & Technology(kaist.ac.kr)', 'Not Found']",,South Korea,,8
MATA*: Combining Learnable Node Matching with A* Algorithm for Approximate Graph Edit Distance Computation,"['Junfeng Liu', 'min zhou', 'Shuai Ma', 'Lujia Pan']","['Not Found', 'Not Found', 'Not Found', 'Not Found']",,,,
Quantum Vision Transformers,"['El Amine Cherrat', 'Iordanis Kerenidis', 'Natansh Mathur', 'Jonas Landman', 'Martin Christian Strahm', 'Yun Yvonna Li']","['Not Found', 'Not Found', 'Not Found', 'Not Found', 'Not Found', 'Not Found']",October 2025,,,
Uncertainty-oriented Order Learning for Facial Beauty Prediction,"['xuefeng liang', 'Jian Lin', 'Zhenyou Liu', 'Xiaohui Yang']","['Not Found', 'Not Found', 'Not Found', 'Not Found']",September 2024,,,
TransLog: A Unified Transformer-based Framework for Log Anomaly Detection,"['Hongcheng Guo', 'Jian Yang', 'Jiaheng Liu', 'Jiaqi Bai', 'Yan Ling', 'Zhoujun Li', 'Tieqiao Zheng', 'Liangfan Zheng', 'Weihao Hou', 'Bo Zhang']","['Not Found', 'Not Found', 'Not Found', 'Not Found', 'Not Found', 'Not Found', 'Not Found', 'Not Found', 'Not Found', 'Not Found']","31 December, 2021",,,
Meta-learning with Auto-generated Tasks for Predicting Human Behaviour in Normal Form Games,"['Shaofei Chen', 'Jiaxing Chen', 'Peng Li', 'William Yuan', 'Zhen Zhen Hu']","['Not Found', 'Not Found', 'Not Found', 'Not Found', 'Not Found']",,,,
Are Graph Attention Networks Attentive Enough? Rethinking Graph Attention by Capturing Homophily and Heterophily,"['Yi Guo', 'Xupeng Miao', 'Bin CUI']","['Not Found', 'Not Found', 'Not Found']",,,,
Learning Rotation-Equivariant Features for Visual Correspondence,"['Jongmin Lee', 'Byungjin Kim', 'Seungwook Kim', 'Minsu Cho']","['Not Found', 'Not Found', 'Not Found', 'Not Found']",March 2023,,,
Multi-Source Transfer Learning for Deep Model-Based Reinforcement Learning,"['Remo Sasso', 'Matthia Sabatelli', 'Marco A. Wiering']","['Not Found', 'Not Found', 'Not Found']","28 May, 2022",,,
Balancing MSE against Abrupt Changes for Time-Series Forecasting,"['Junwoo Park', 'Jungsoo Lee', 'Youngin Cho', 'Woncheol Shin', 'Dongmin Kim', 'Jaegul Choo', 'Edward Choi']","['Not Found', 'Not Found', 'Not Found', 'Not Found', 'Not Found', 'Not Found', 'Not Found']",,,,
Skill Graph for Real-world Quadrupedal Robot Reinforcement Learning,"['Hongyin Zhang', 'Feng Zhao', 'Shuyu Yang', 'Donglin Wang']","['Not Found', 'Not Found', 'Not Found', 'Not Found']",,,,
Test-Time AutoEval with Supporting Self-supervision,"['Qiuyang Duan', 'Ru Peng', 'Haobo Wang', 'Yanbo Jiang', 'Junbo Zhao']","['Not Found', 'Not Found', 'Not Found', 'Not Found', 'Not Found']",,,,
ECLAD: Extracting Concepts with Local Aggregated Descriptors,"['Andres Felipe Posada Moreno', 'Nikita Surya', 'Sebastian Trimpe']","['Not Found', 'Not Found', 'Not Found']","9 June, 2022",,,
Learning Asymmetric Visual Semantic Embedding for Image-Text Retrieval,"['Yang Liu', 'Chen Chen', 'Can Wang', 'Mengyuan Liu']","['Not Found', 'Not Found', 'Not Found', 'Not Found']",,,,
On Threshold Functions in Learning to Generate Feasible Solutions of Mixed Integer Programs,"['Taehyun Yoon', 'Jinwon Choi', 'Hyokun Yun', 'Sungbin Lim']","['Not Found', 'Not Found', 'Not Found', 'Not Found']",,,,
Class-wise Visual Explanations for Deep Neural Networks,"['Minhao Cheng', 'Zeyu Qin']","['Not Found', 'Not Found']",,,,
A HIERARCHICAL FRAGMENT-BASED MODEL FOR 3D DRUG-LIKE MOLECULE GENERATION,"['Bo Qiang', 'Yuxuan Song', 'Minkai Xu', 'Jingjing Gong', 'Hao Zhou', 'Wei-Ying Ma', 'Yanyan Lan']","['Computer Science,University of Washington(uw.edu)', 'ByteDance Inc.(bytedance.com)', 'Stanford University(stanford.edu)', 'Shanghai Innovation Institute(sii.edu.cn)', 'Institute of AI Industry Research (AIR),Tsinghua University, Tsinghua University(tsinghua.edu.cn)', 'AI Industry Research,Tsinghua University(tsinghua.edu.cn)', 'Tsinghua University, Tsinghua University(tsinghua.edu.cn)']",,United States; China,22,1
Preventing Mode Collapse When Imitating Latent Policies from Observations,"['Oliver Struckmeier', 'Ville Kyrki']","['Coachless Oy(coachless.gg)', 'Aalto University(aalto.fi)']",,Finland,,126
DETRDistill: A Simple Knowledge Distillation Framework for DETR-Families,"['Jiahao Chang', 'Shuo Wang', 'Guangkai Xu', 'Zehui Chen', 'Chenhongyi Yang', 'Feng Zhao']","['Electronic and Information Engineering,University of Science and Technology of China(ustc.edu.cn)', 'tencent,Youtu Lab(tencent.com)', 'College of Computer Science and Technology,Zhejiang University(zju.edu.cn)', 'Automation,University of Science and Technology of China(ustc.edu.cn)', 'Facebook(meta.com)', 'University of Science and Technology of China(ustc.edu.cn)']",,China; United States,11,11
Compositional Image Generation and Manipulation with Latent Diffusion Models,"['Changhao Shi', 'Haomiao Ni', 'Kai Li', 'Shaobo Han', 'Mingfu Liang', 'Gal Mishne', 'Martin Renqiang Min']","['Electrical and Computer Engineering,University of California, San Diego(ucsd.edu)', 'University of Memphis(memphis.edu)', 'NEC-Labs(nec-labs.com)', 'NEC Labs America(nec-labs.com)', 'Meta(meta.com)', 'HDSI,University of California, San Diego(ucsd.edu)', 'Department of Machine Learning,NEC Laboratories America(nec-labs.com)']",,United States,12,
Prompt Tuning for Graph Neural Networks,"['Taoran Fang', 'Yunchao Mercer Zhang', 'Yang Yang', 'Chunping Wang']","['Zhejiang University(zju.edu.cn)', 'Institute of Data Science,University of Hong Kong(hku.hk)', 'CS&T,Zhejiang University(zju.edu.cn)', 'Finvolution Group(xinye.com)']",March 2025,China; Hong Kong,2,
DualMatch: Promoting Semi-Supervised Learning with Hierarchical Label and Contrastive Learning,"['Jianlong Wu', 'Haozhe Yang', 'Tian Gan', 'Ning Ding', 'Feijun Jiang', 'Liqiang Nie']","['School of Computer Science and Technology,Harbin Institute of Technology (Shenzhen)(hit.edu.cn)', 'Shandong University(sdu.edu.cn)', 'Shandong University(sdu.edu.cn)', 'Not Found', 'Hong Kong University of Science and Technology(ust.hk)', 'Harbin Institute of Technology (Shenzhen)(hit.edu.cn)']",,China; Hong Kong,23,23
Partial Differential Equation-Regularized Neural Networks: An Application to Image Classification,"['Jungeun Kim', 'Seunghyun Hwang', 'Jeehyun Hwang', 'Kookjin Lee', 'Dongeun Lee', 'Noseong Park']","['Department of Artificial Intelligence,Yonsei University(yonsei.ac.kr)', 'Electrical and Computer Engineering,Purdue University(purdue.edu)', 'Computer Science,University of California, Los Angeles(ucla.edu)', 'Arizona State University(asu.edu)', 'Computer Science,East Texas A&M University(tamuc.edu)', 'Not Found']",,South Korea; United States,61,61
Continuous Monte Carlo Graph Search,"['Amin Babadi', 'Yi Zhao', 'Juho Kannala', 'Alexander Ilin', 'Joni Pajarinen']","['Aalto University(aalto.fi)', 'Department of Electrical Engineering and Automation,Aalto University(aalto.fi)', 'Aalto University(aalto.fi)', 'System 2 AI(system2ai.com)', 'Department of Electrical Engineering and Automation,Aalto University(aalto.fi)']","4 October, 2022",Finland,126,126
Rank-1 Matrix Completion with Gradient Descent and Small Random Initialization,"['Daesung Kim', 'Hye Won Chung']","['Samsung Electronics(samsung.com)', 'Korea Advanced Institute of Science and Technology(kaist.ac.kr)']","19 December, 2022",South Korea,,8
Robust Quantity-Aware Aggregation for Federated Learning,"['Jingwei Yi', 'Fangzhao Wu', 'Huishuai Zhang', 'Bin Benjamin Zhu', 'Tao Qi', 'Guangzhong Sun', 'Xing Xie']","['University of Science and Technology of China(ustc.edu.cn)', 'Not Found', 'Peking University(pku.edu.cn)', 'Data, Knowledge, and Intelligence,Microsoft AI Asia(microsoft.com)', 'Beijing University of Posts and Telecommunications(bupt.edu.cn)', 'Computer Science,University of Science and Technology of China(ustc.edu.cn)', 'Microsoft Research Asia(microsoft.com)']","22 May, 2022",China,11,
Efficient debiasing with contrastive weight pruning,"['Geon Yeong Park', 'Sang Wan Lee', 'Jong Chul Ye']","['Bio and Brain Engineering,Korea Advanced Institute of Science and Technology(kaist.ac.kr)', 'Brain and Cognitive Sciences/AI Graduate School,Korea Advanced Institute of Science & Technology(kaist.ac.kr)', 'Graduate School of AI,Korea Advanced Institute of Science and Technology(kaist.ac.kr)']",,South Korea,8,8
Linear Convergence of Decentralized FedAvg for Non-Convex Objectives: The Interpolation Regime,"['Shruti P Maralappanavar', 'Prashant Khanduri', 'Bharath B N']","['Not Found', 'Computer Science Department,Wayne State University(wayne.edu)', 'Not Found']",,United States,200,200
Global Nash Equilibrium in a Class of Nonconvex N-player Games,"['Guanpu Chen', 'Gehui Xu', 'Yiguang Hong']","['Academy of Mathematics and Systems Science, Chinese Academy of Sciences, Chinese Academy of Sciences(amss.ac.cn)', 'Cornell University(cornell.edu)', 'College of Electronic and Information Engineering,Tongji University(tongji.edu.cn)']",,China; United States,12,100
Neural Semi-Counterfactual Risk Minimization,"['Gholamali Aminian', 'Roberto Vega', 'Omar Rivasplata', 'Laura Toni', 'Miguel R. D. Rodrigues']","['Alan Turing Institute(turing.ac.uk)', 'University of Alberta(ualberta.ca)', 'Computer Science,University of Manchester(manchester.ac.uk)', 'University College London(ucl.ac.uk)', 'Electronic and Electrical Engineering,University College London(ucl.ac.uk)']",,Canada; United Kingdom,,88
Pose Transfer using a Single Spatial Transformation,"['Mohsen Tabejamaat', 'Francois Bremond']","['Not Found', 'Stars,inria(inria.fr)']",,France,160,160
Concealing Sensitive Samples for Enhanced Privacy in Federated Learning,"['Jing Wu', 'Munawar Hayat', 'Mingyi Zhou', 'Mehrtash Harandi']","['Data Science & AI,Monash University(monash.edu)', 'Not Found', 'Faculty of Information Technology,Monash University(monash.edu)', 'ECSE,Monash University(monash.edu)']",,Australia,38,38
Understanding Graph Contrastive Learning From A Statistical Perspective,['Jinyong Wen'],['Not Found'],,,,
Rethinking Knowledge Distillation with Raw Features for Semantic Segmentation,"['Tao Liu', 'Chenshu Chen', 'Xi Yang', 'Wenming Tan']","['Not Found', 'Not Found', 'Not Found', 'Not Found']",,,,
MDPose: Real-Time Multi-Person Pose Estimation via Mixture Density Model,"['Seunghyeon Seo', 'Jaeyoung Yoo', 'Jihye Hwang', 'Nojun Kwak']","['Not Found', 'Not Found', 'Not Found', 'Not Found']","17 February, 2023",,,
PADDLES: Phase-Amplitude Spectrum Disentangled Early Stopping for Learning with Noisy Labels,"['Huaxi Huang', 'Hui Kang', 'Sheng Liu', 'Olivier Salvado', 'Thierry Rakotoarivelo', 'Dadong Wang', 'Tongliang Liu']","['Not Found', 'Not Found', 'Not Found', 'Not Found', 'Not Found', 'Not Found', 'Not Found']",December 2022,,,
Textless Phrase Structure Induction from Visually-Grounded Speech,"['Cheng-I Lai', 'Freda Shi', 'Puyuan Peng', 'Yoon Kim', 'Kevin Gimpel', 'Shiyu Chang', 'Yung-Sung Chuang', 'Saurabhchand Bhati', 'David Daniel Cox', 'David Harwath', 'Yang Zhang', 'Karen Livescu', 'James R. Glass']","['Not Found', 'Not Found', 'Not Found', 'Not Found', 'Not Found', 'Not Found', 'Not Found', 'Not Found', 'Not Found', 'Not Found', 'Not Found', 'Not Found', 'Not Found']",,,,
GRAPHSENSOR: A Graph Attention Network for Time-Series Sensor Data,"['jianchao lu', 'Yuzhe Tian', 'Quan Z. Sheng', 'Xi Zheng']","['Not Found', 'Not Found', 'Not Found', 'Not Found']",,,,
Mitigating Out-of-Distribution Data Density Overestimation in Energy-Based Models,"['Beomsu Kim', 'Jong Chul Ye']","['Not Found', 'Not Found']",May 2022,,,
Optical Flow Regularization of Implicit Neural Representations for Video Frame Interpolation,"['Weihao Zhuang', 'Tristan Hascoet', 'Ryoichi Takashima', 'Tetsuya Takiguchi']","['Not Found', 'Not Found', 'Not Found', 'Not Found']",June 2022,,,
Inverse Optimal Transport with Application to Contrastive Learning,"['Liangliang Shi', 'Jingtao Fan', 'Junchi Yan']","['Not Found', 'Not Found', 'Not Found']",,,,
Learning Multi-Object Positional Relationships via Emergent Communication,"['Yicheng Feng', 'Boshi An', 'Zongqing Lu']","['Not Found', 'Not Found', 'Not Found']",February 2023,,,
Language model with Plug-in Knowldge Memory,"['Xin Cheng', 'Yankai Lin', 'Dongyan Zhao', 'Rui Yan']","['Not Found', 'Not Found', 'Not Found', 'Not Found']",,,,
Learning from student's mistakes: Improving mean teacher for end-to-end semi-supervised video action detection,"['Akash Kumar', 'Yogesh S Rawat']","['Not Found', 'Not Found']",,,,
Analysis of Radio Localiser Networks under Distribution Shift,"['Maximilian Arnold', 'Mohammed Alloulah']","['Not Found', 'Not Found']",,,,
Tensor Decompositions For Temporal Knowledge Graph Completion with Time Perspective,"['Jinfa Yang', 'Xianghua Ying', 'Yongjie Shi', 'Ruibin Wang', 'Taiyan Chen', 'Bowei Xing']","['Not Found', 'Not Found', 'Not Found', 'Not Found', 'Not Found', 'Not Found']",,,,
StepGCN: Step-oriented Graph Convolutional Networks in Representation Learning,"['Juyeob Lee', 'Minyoung Lee', 'Eunil Park']","['Not Found', 'Not Found', 'Not Found']",,,,
Hierarchical Multi-Resolution Graph Generation Networks,"['Mahdi Karami', 'Jun Luo']","['Research, Google(research.google.com)', 'Huawei Technologies Ltd.(huawei.com)']",,China,,
Stochastic Optimization under Strongly Convexity and Lipschitz Hessian: Minimax Sample Complexity,"['Qian Yu', 'Yining Wang', 'Baihe Huang', 'Qi Lei', 'Jason D. Lee']","['University of California, Santa Barbara(ucsb.edu)', 'University of Texas at Dallas(cs.utdallas.edu)', 'University of California, Berkeley(berkeley.edu)', 'New York University(nyu.edu)', 'Princeton University(princeton.edu)']",June 2024,United States,88,75
Gradient-based Algorithms for Pessimistic Bilevel Optimization,"['Ziwei Guan', 'Daouda Sow', 'Sen Lin', 'Yingbin Liang']","['Not Found', 'Ohio State University(osu.edu)', 'University of Houston(uh.edu)', 'ECE,The Ohio State University(osu.edu)']",,United States,114,114
A Multi-objective Perspective towards Improving Meta-Generalization,"['Weiduo Liao', 'Ying Wei', 'Qirui Sun', 'Qingfu Zhang', 'Hisao Ishibuchi']","['City University of Hong Kong(cityu.edu.hk)', 'Zhejiang University(zju.edu.cn)', 'Seekoo Inc.,Seekoo Inc.(seekoo.io)', 'Computer Science,City University of Hong Kong(cityu.edu.hk)', 'Department of Computer Science and Engineering,Southern University of Science and Technology(sustech.edu.cn)']",,Hong Kong; China,26,100
Network Controllability Perspectives on Graph Representation,"['Anwar Said', 'Obaid Ullah Ahmad', 'Waseem Abbas', 'Mudassir Shabbir', 'Xenofon D. Koutsoukos']","['Department of Computer Science,Vanderbilt University(vanderbilt.edu)', 'University of Texas at Dallas(utdallas.edu)', 'The University of Texas at Dallas(utdallas.edu)', 'Vanderbilt University(vanderbilt.edu)', 'Computer Science,Vanderbilt University(vanderbilt.edu)']",,United States,160,160
ENHANCING THE PRIVACY OF FEDERATED LEARNING THROUGH DATA SYNTHESIS,"['M Yashwanth', 'Sai Anuroop Kesanapalli', 'Gaurav Kumar Nayak', 'Anirban Chakraborty', 'Yogesh Simmhan']","['Indian Institute of Science(iisc.ac.in)', 'University of Southern California(usc.edu)', 'IIT Roorkee(mfs.iitr.ac.in)', 'Department of Computational and Data Sciences,Indian Institute of Science(iisc.ac.in)', 'Indian Institute of Science, Bangalore(iisc.ac.in)']",,United States; India,,
DYNAMIC ENSEMBLE FOR PROBABILISTIC TIME- SERIES FORECASTING VIA DEEP REINFORCEMENT LEARNING,"['Yuhao Ding', 'Youngsuk Park', 'Karthick Gopalswamy', 'Hilaf Hasson', 'Bernie Wang', 'Jun Huan']","['Cubist(cubistsystematic.com)', 'Amazon, AWS AI Labs(amazon.com)', 'AWS AI(amazon.com)', 'Intuit(intuit.com)', 'Amazon,Amazon(amazon.com)', 'Not Found']",,,,
Recommendation with User Active Disclosing Willingness,"['Lei Wang', 'Xu Chen', 'Quanyu Dai', 'Zhenhua Dong']","['Renmin University of China(ruc.edu.cn)', 'AI,Renmin University of China(ruc.edu.cn)', ""Huawei Noah's Ark Lab,Huawei Technologies Ltd.(huawei.com)"", 'Not Found']",November 2022,China,19,
The Emergence of Prototypicality: Unsupervised Feature Learning in Hyperbolic Space,"['Yunhui Guo', 'Yubei Chen', 'Stella Yu']","['Computer Science,University of Texas at Dallas(utdallas.edu)', 'Electrical and Computer Engineering,University of California, Davis(ucdavis.edu)', 'University of Michigan - Ann Arbor(umich.edu)']",,United States,146,29
Coordinated Strategy Identification Multi-Agent Reinforcement Learning,"['Hyungho Na', 'Il-chul Moon']","['Not Found', 'Not Found']",,,,
One-Vs-All AUC Maximization: an effective solution to the low-resource named entity recognition problem,"['Ngoc Dang Nguyen', 'Wei Tan', 'Lan Du', 'Wray Buntine']","['Monash University(monash.edu)', 'Monash University(monash.edu)', 'Data Science and AI,Monash University(monash.edu)', 'VinUniversity(vinunu.edu.vn)']",,Australia; Vietnam,38,244
Towards Robust Dataset Learning,"['Yihan Wu', 'Xinda Li', 'Florian Kerschbaum', 'Heng Huang', 'Hongyang Zhang']","['CS,University of Maryland, College Park(umd.edu)', 'University of Waterloo(uwaterloo.ca)', 'Not Found', 'Department of Computer Science, University of Maryland, College Park(cs.umd.edu)', 'School of Computer Science, University of Waterloo(uwaterloo.ca)']",June 2024,United States; Canada,15,42
Generalization Mechanics in Deep Learning,['ARNAB PAUL'],['Intel(intel.com)'],"18 July, 2024",United States,,
COMBAT: Alternated Training for Near-Perfect Clean-Label Backdoor Attacks,"['Tran Ngoc Huynh', 'Dang Minh Nguyen', 'Tung Pham', 'Anh Tuan Tran']","['Virginia Polytechnic Institute and State University(vt.edu)', 'University of Maryland, College Park(umd.edu)', 'Machine Learning,Qualcomm Inc, QualComm(qti.qualcomm.com)', 'AI Research,QualComm(qualcomm.com)']",,United States,,
Intrinsic Computational Complexity of Equivariant Neural Networks,"['Tian Qin', 'Fengxiang He', 'Dacheng Tao']","['University of Science and Technology of China(ustc.edu.cn)', 'University of Edinburgh(ed.ac.uk)', 'Not Found']",,China; United Kingdom,11,42
Evaluating Robustness of Generative Models with Adversarial Networks,"['Korn Sooksatra', 'Gissella Bejarano', 'Pablo Rivas']","['Baylor University(baylor.edu)', 'Computer Science and Mathematics,Marist University(marist.edu)', 'Baylor University(baylor.edu)']",,United States,358,358
Precautionary Unfairness in Self-Supervised Contrastive Pre-training,"['Junyuan Hong', 'Haotao Wang', 'Haobo Zhang', 'Zhangyang Wang', 'Jiayu Zhou']","['University of Texas at Austin(utexas.edu)', 'Qualcomm Inc, QualComm(qti.qualcomm.com)', 'Not Found', 'University of Texas at Austin(utexas.edu)', 'University of Michigan - Ann Arbor(umich.edu)']",,United States,49,29
Certified Robustness on Structural Graph Matching,"['Huaqing Shao', 'Lanjun Wang', 'Yongwei Wang', 'Qibing Ren', 'Junchi Yan']","['Shanghai Jiaotong University(sjtu.edu.cn)', 'School of New Media and Communication,Tianjin University(tju.edu.cn)', 'Zhejiang University(zju.edu.cn)', 'Not Found', 'School of AI and School of CS,Shanghai Jiao Tong University(sjtu.edu.cn)']",,China,,5
Deep Contrastive Learning Approximates Ensembles of One-Class SVMs with Neural Tangent Kernels,"['Yun Yue', 'Ziming Zhang']","['Worcester Polytechnic Institute(wpi.edu)', 'Worcester Polytechnic Institute(wpi.edu)']",,United States,244,244
VEHICLE-INFRASTRUCTURE COOPERATIVE 3D DETECTION VIA FEATURE FLOW PREDICTION,"['Haibao Yu', 'Yingjuan Tang', 'Jilei Mao', 'Enze Xie', 'Jirui Yuan', 'Ping Luo', 'Zaiqing Nie']","['Not Found', 'Not Found', 'Not Found', 'Not Found', 'Not Found', 'Not Found', 'Not Found']",March 2023,,,
Hypothetical Training for Robust Machine Reading Comprehension of Tabular Context,"['Moxin Li', 'Wenjie Wang', 'Fuli Feng', 'Hanwang Zhang', 'Qifan Wang', 'Tat-Seng Chua']","['Not Found', 'Not Found', 'Not Found', 'Not Found', 'Not Found', 'Not Found']",,,,
Multi-Reward Fusion:  Learning from Other Policies by Distilling ,"['Yiwen Zhu', 'Yujing Hu', 'Wenya Wei', 'Yuan Wang', 'Zhou Fang']","['Not Found', 'Not Found', 'Not Found', 'Not Found', 'Not Found']",,,,
MaskNeRF: Masked Neural Radiance Fields for Sparse View Synthesis,"['Shoukang Hu', 'kaichen zhou', 'Longhui Yu', 'Lanqing HONG', 'Tianyang Hu', 'Gim Hee Lee', 'Zhenguo Li']","['Not Found', 'Not Found', 'Not Found', 'Not Found', 'Not Found', 'Not Found', 'Not Found']",,,,
Self-supervised Learning for Cell Segmentation and Quantification in Digital Pathology Images,"['Fatemeh Haghighi', 'soumitra ghosh', 'Hai Ngu', 'Mohsen Hejrati', 'Sarah Chu', 'Han Lin', 'Somaye Hashemifar']","['Not Found', 'Not Found', 'Not Found', 'Not Found', 'Not Found', 'Not Found', 'Not Found']",,,,
Mitigating Demographic Bias of Federated Learning Models via Global Domain Smoothing,"['Huimin Zeng', 'Zhenrui Yue', 'Yang Zhang', 'Lanyu Shang', 'Ruohan Zong', 'Dong Wang']","['Not Found', 'Not Found', 'Not Found', 'Not Found', 'Not Found', 'Not Found']",,,,
Imbalanced Lifelong Learning with AUC Maximization,"['Xiangyu Zhu', 'Jie Hao', 'Yunhui Guo', 'Mingrui Liu']","['Not Found', 'Not Found', 'Not Found', 'Not Found']",,,,
Text and Patterns: For Effective Chain of Thought It Takes Two to Tango,"['Aman Madaan', 'Amir Yazdanbakhsh']","['Not Found', 'Not Found']","15 September, 2022",,,
Fairness-Aware Model-Based Multi-Agent Reinforcement Learning for Traffic Signal Control,"['Xingshuai Huang', 'Di Wu', 'Benoit Boulet']","['Not Found', 'Not Found', 'Not Found']",,,,
Pathfinding Neural Cellular Automata,"['Sam Earle', 'Ozlem Yildiz', 'Julian Togelius', 'Chinmay Hegde']","['Not Found', 'Not Found', 'Not Found', 'Not Found']",January 2023,,,
Semi-Offline Reinforcement Learning for Portfolio Optimization,"['Siyu Gao', 'Yunbo Wang', 'Xiaokang Yang']","['Not Found', 'Not Found', 'Not Found']",,,,
A Note on Quantifying the Influence of Energy Regularization for Imbalanced Classification,"['Yiting Chen', 'Qitian Wu', 'Junchi Yan']","['Not Found', 'Not Found', 'Not Found']",,,,
Unlearning with Fisher Masking,"['Yufang Liu', 'Yuanbin Wu', 'Aimin Zhou']","['Not Found', 'Not Found', 'Not Found']",October 2023,,,
A Semantic Hierarchical Graph Neural Network for Text Classification,"['Shuai Hua', 'Xinxin Li', 'Yunpeng Jing', 'Qunfeng Liu']","['Not Found', 'Not Found', 'Not Found', 'Not Found']",September 2022,,,
Injecting Image Details into CLIP's Feature Space,"['Zilun Zhang', 'Cuifeng Shen', 'Shen Yuan', 'Huixin Xiong', 'Xinyu Zhou']","['Binjiang Insititute(zju-bj.com)', 'Video,Zoom(zoom.com)', 'Megvii Technology Inc.(megvii.com)', 'StepFun Technology Inc.(stepfun.com)', 'Moonshot AI(moonshot.cn)']","31 August, 2022",United States,,
When do Convolutional Neural Networks Stop Learning?,"['SAHAN AHMAD', 'Aminul Islam']","['Department of Accounting & Finance,Texas A&M University, San Antonio(tamusa.edu)', 'Computer Science,University of Louisiana at Lafeyette(louisiana.edu)']",,United States,61,
Turning a Curse Into a Blessing: Enabling Data-Free Backdoor Unlearning via Stabilized Model Inversion,"['Si Chen', 'Yi Zeng', 'Won Park', 'Tianhao Wang', 'Xun Chen', 'Lingjuan Lyu', 'Zhuoqing Mao', 'Ruoxi Jia']","['Not Found', 'Virginia Tech(vt.edu)', 'University of Michigan(umich.edu)', 'Electrical and Computer Engineering,Princeton University(princeton.edu)', 'Not Found', 'Sony Research,Sony(sony.com)', 'Google(google.com)', 'Virginia Tech(vt.edu)']",,United States,88,88
Adaptive Kernel Selection for Convolutional Neural Network,"['SAHAN AHMAD', 'Aminul Islam']","['Department of Accounting & Finance,Texas A&M University, San Antonio(tamusa.edu)', 'Computer Science,University of Louisiana at Lafeyette(louisiana.edu)']",,United States,61,
NAPG: Non-Autoregressive Program Generation for Hybrid Tabular-Textual Question Answering,"['Tengxun Zhang', 'Hongfei Xu', 'Josef van Genabith', 'Deyi Xiong', 'Hongying ZAN']","['Henan Branch,Agricultural Bank of China(abchina.com)', 'Zhengzhou University(zzu.edu.cn)', 'German Research Center for AI(dfki.de)', 'Tianjin University(tju.edu.cn)', 'Zhengzhou University(zzu.edu.cn)']","7 November, 2022",China,,
Improving Inductive Link Prediction through Learning Generalizable Node Representations,"['Ayan Chatterjee', 'Robin Walters', 'Giulia Menichetti', 'Tina Eliassi-Rad']","['Research, Google(research.google.com)', 'Northeastern University(northeastern.edu)', 'Not Found', 'Khoury College of Computer Sciences & Network Science Institute,Northeastern University(northeastern.edu)']",,United States,,35
"Online Min-max Optimization: Nonconvexity, Nonstationarity, and Dynamic Regret","['Yu Huang', 'Yuan Cheng', 'Yingbin Liang', 'Longbo Huang']","['Department of Statistics and Data Science,The Wharton School, University of Pennsylvania(wharton.upenn.edu)', 'national university of singaore, National University of Singapore(u.nus.edu)', 'ECE,The Ohio State University(osu.edu)', 'IIIS,Tsinghua University, Tsinghua University(tsinghua.edu.cn)']",,United States; Singapore; China,61,1
Enforcing zero-Hessian in meta-learning,"['JunHoo Lee', 'Jayeon Yoo', 'Nojun Kwak']","['Seoul national university,Seoul National University(snu.ac.kr)', 'Reality Labs,Facebook(meta.com)', 'Seoul National University(snu.ac.kr)']",,South Korea; United States,20,20
Annealed Training for Combinatorial Optimization on Graphs,"['Haoran Sun', 'Etash Kumar Guha', 'Hanjun Dai']","['Google(google.com)', 'RIKEN(riken.jp)', 'Precur AI(precur.ai)']",July 2022,United States; Japan,,
Semi-Supervised Segmentation-Guided Tumor-Aware Generative Adversarial Network for Multi-Modality Brain Tumor Translation,"['Chuan Huang', 'Jia Wei', 'Rui Li']","['South China University of Technology(scut.edu.cn)', 'Not Found', 'GCCIS,Rochester Institute of Technology(rit.edu)']",,China; United States,486,75
Brainformers: Trading Simplicity for Efficiency,"['Yanqi Zhou', 'Nan Du', 'Yanping Huang', 'David So', 'Daiyi Peng', 'Siamak Shakeri', 'Andrew M. Dai', 'Da Huang', 'Yifeng Lu', 'Quoc V Le', 'Zhifeng Chen', 'James Laudon']","['Google Brain(google.com)', 'Apple/AIML(apple.com)', 'Google(google.com)', 'Google DeepMind(google.com)', 'Google(google.com)', 'Research, Google(research.google.com)', 'Google(google.com)', 'Google(google.com)', 'Google Deepmind(google.com)', 'Google(google.com)', 'Google(google.com)', 'Stanford University(stanford.edu)']","29 May, 2023",United States; United Kingdom,,16
Learning to Generate Pseudo Anomalies,"['Marcella Astrid', 'Muhammad Zaigham Zaheer', 'Seung-Ik Lee']","['Not Found', 'Computer Vision,Mohamed bin Zayed University of Artificial Intelligence(mbzuai.ac.ae)', 'University of Science and Technology(ust.ac.kr)']",,UAE,31,
SpaceEvo: Searching Hardware-Friendly Search Space for Efficient Int8 Inference,"['Li Lyna Zhang', 'Xudong Wang', 'Jiahang Xu', 'Quanlu Zhang', 'Yuqing Yang', 'Ningxin Zheng', 'Ting Cao', 'Mao Yang']","['Microsoft Research Asia(microsoft.com)', 'Shanghai Jiaotong University(sjtu.edu.cn)', 'Not Found', 'Not Found', 'Research, Microsoft(research.microsoft.com)', 'ByteDance Inc.(bytedance.com)', 'Institute for AI Industry Research (AIR),Tsinghua University, Tsinghua University(mail.tsinghua.edu.cn)', 'Peking University(pku.edu.cn)']",March 2023,China,,3
HSVC: Transformer-based Hierarchical Distillation for Software Vulnerability Classification,"['Michael Fu', 'Van Nguyen', 'Chakkrit Tantithamthavorn', 'Trung Le', 'Dinh Phung']","['School of Computing and Information Systems,University of Melbourne(unimelb.edu.au)', 'Monash University(monash.edu)', 'Monash University(monash.edu)', 'DSAI,Monash University(monash.edu)', 'Faculty of IT,Monash University(monash.edu)']",,Australia,49,38
Counterfactual Contrastive Learning for Robust Text Classification,"['Xiaosong Yuan', 'Renchu Guan', 'Wanli Zuo', 'Yijia Zhang']","['Alibaba Group(alibaba-inc.com)', 'Not Found', 'Not Found', 'Not Found']",,,,
Efficient Shapley Values Estimation by Amortization for Text Classification,"['Chenghao Yang', 'Fan Yin', 'He He', 'Kai-Wei Chang', 'Xiaofei Ma', 'Bing Xiang']","['Computer Science,University of Chicago(uchicago.edu)', 'Computer Science,University of California, Los Angeles(cs.ucla.edu)', 'Computer Science; Data Science,New York University(nyu.edu)', 'Not Found', 'Not Found', 'Not Found']",May 2023,United States,88,38
SplitMixer: Fat Trimmed From MLP-like Models,"['ali borji', 'Sikun Lin']","['Not Found', 'Not Found']","20 July, 2022",,,
Multimedia Generative Script Learning for Task Planning,"['Qingyun Wang', 'Manling Li', 'Hou Pong Chan', 'Lifu Huang', 'Julia Hockenmaier', 'Girish Chowdhary', 'Heng Ji']","['Not Found', 'Not Found', 'Not Found', 'Not Found', 'Not Found', 'Not Found', 'Not Found']","25 August, 2022",,,
On Assimilating Learned Views in Contrastive Learning,"['Ligong Han', 'Seungwook Han', 'Shivchander Sudalairaj', 'Charlotte Loh', 'Rumen Dangovski', 'Pulkit Agrawal', 'Dimitris N. Metaxas', 'Leonid Karlinsky', 'Tsui-Wei Weng', 'Akash Srivastava']","['Not Found', 'Not Found', 'Not Found', 'Not Found', 'Not Found', 'Not Found', 'Not Found', 'Not Found', 'Not Found', 'Not Found']","2 April, 2023",,,
Upcycled-FL: Improving Accuracy and Privacy with Less Computation in Federated Learning,"['Tongxin Yin', 'Xueru Zhang', 'Mohammad Mahdi Khalili', 'Mingyan Liu']","['Not Found', 'Not Found', 'Not Found', 'Not Found']",,,,
Dataset Projection: Finding Target-aligned Subsets of Auxiliary Data,"['Eric Wong', 'Kai Yuanqing Xiao', 'Aleksander Madry']","['Not Found', 'Not Found', 'Not Found']",,,,
Unsupervised Manifold Linearizing and Clustering,"['Tianjiao Ding', 'Shengbang Tong', 'Kwan Ho Ryan Chan', 'Xili Dai', 'Yi Ma', 'Benjamin David Haeffele']","['Not Found', 'Not Found', 'Not Found', 'Not Found', 'Not Found', 'Not Found']","4 January, 2023",,,
Graph Contrastive Learning with Reinforced Augmentation,"['Ziyang Liu', 'Chaokun Wang']","['Not Found', 'Not Found']",,,,
Block-Diagonal Structure Learning for Subspace Clustering,"['Zheng Xing', 'Weibing Zhao']","['Not Found', 'Not Found']",,,,
Decentralized Federated Learning via Overlapping Data Augmentation,"['Sen Cui', 'Jian Liang', 'Weishen Pan', 'Jingfeng Zhang', 'Bo Han', 'Jianwei Zhang', 'Changshui Zhang', 'Fei Wang']","['Not Found', 'Not Found', 'Not Found', 'Not Found', 'Not Found', 'Not Found', 'Not Found', 'Not Found']",,,,
An interpretable contrastive logical knowledge learning method for sentiment analysis,"['Yulin Chen', 'Bo Yuan', 'Dongheng Chen', 'Dov Gabbay', 'Beishui Liao']","['Not Found', 'Not Found', 'Not Found', 'Not Found', 'Not Found']",,,,
The Impact of Neighborhood Distribution in Graph Convolutional Networks,"['Liancheng He', 'Liang Bai', 'Jiye Liang']","['Not Found', 'Not Found', 'Not Found']",,,,
Towards Class-Balanced Transductive Few-Shot Learning,"['Ran Tao', 'Hao Chen', 'Marios Savvides']","['Not Found', 'Not Found', 'Not Found']",,,,
Unleashing the Potential of Data Sharing in Ensemble Deep Reinforcement Learning,"['Zhixuan Lin', ""Pierluca D'Oro"", 'Evgenii Nikishin', 'Aaron Courville']","['Not Found', 'Not Found', 'Not Found', 'Not Found']",,,,
Seq2Seq Pre-training with Dual-channel Recombination for Translation,"['Rongxiang Weng', 'Wensen Cheng', 'Qiang Wang', 'Changfeng Zhu', 'Min Zhang']","['Not Found', 'Not Found', 'Not Found', 'Not Found', 'Not Found']",,,,
BiViT: Exploring Binary Vision Transformers,"['Daniel Bolya', 'Sachit Kuhar', 'Judy Hoffman']","['Not Found', 'Not Found', 'Not Found']",,,,
Magnum: Tackling High-Dimensional Structures with Self-Organization,"['PoYuan Mao', 'Tham Yik Foong', 'Danilo Vasconcellos Vargas']","['University of Bath(bath.ac.uk)', 'Department of information science and electrical engineering,Kyushu University, Tokyo Institute of Technology(kyushu-u.ac.jp)', 'Kyushu University(kyushu-u.ac.jp)']",,United Kingdom,222,
Deep Bayesian Active Learning for Accelerating Stochastic Simulation,"['Dongxia Wu', 'Ruijia Niu', 'Matteo Chinazzi', 'Alessandro Vespignani', 'Yian Ma', 'Rose Yu']","['Stanford University(stanford.edu)', 'University of California, San Diego(ucsd.edu)', 'Northeastern University(northeastern.edu)', 'Not Found', 'University of California, San Diego(ucsd.edu)', 'University of California, San Diego(ucsd.edu)']","4 June, 2021",United States,16,12
Generating Features with Increased Crop-Related Diversity for Few-shot Object Detection,"['Jingyi Xu', 'Hieu Le', 'Dimitris Samaras']","['Computer Science,State University of New York at Stony Brook(cs.stonybrook.edu)', 'CCI,University of North Carolina at Charlotte(uncc.edu)', 'Computer Science,Stony Brook University(cs.stonybrook.edu)']",April 2023,United States,,56
A New Path: Scaling Vision-and-Language Navigation with Synthetic Instructions and Imitation Learning,"['Aishwarya Kamath', 'Peter Anderson', 'Su Wang', 'Jing Yu Koh', 'Alexander Ku', 'Austin Waters', 'Yinfei Yang', 'Jason Michael Baldridge', 'Zarana Parekh']","['Google(deepmind.com)', 'Balyasny Asset Management(bamfunds.com)', 'Balyasny Asset Management(bamfunds.com)', 'Meta(meta.com)', 'Princeton University(princeton.edu)', 'Not Found', 'AIML,Apple(apple.com)', 'Google DeepMind,Google(google.com)', 'Google(google.com)']","6 October, 2022",United States; United Kingdom,,
Collecting The Puzzle Pieces: Disentangled Self-Driven Human Pose Transfer by Permuting Textures,"['Nannan Li', 'Kevin J. Shih', 'Bryan A. Plummer']","['Computer Science,Boston University, Boston University(bu.edu)', 'NVIDIA(nvidia.com)', 'Boston University(bu.edu)']","4 October, 2022",United States,85,85
Live in the Moment: Learning Dynamics Model Adapted to Evolving Policy,"['Xiyao Wang', 'Wichayaporn Wongkamjan', 'Ruonan Jia', 'Furong Huang']","['University of Maryland, College Park(umd.edu)', 'Department of Computer Science, University of Maryland, College Park(cs.umd.edu)', 'Tsinghua University(tsinghua.edu.cn)', 'Computer Science,University of Maryland(umd.edu)']","25 July, 2022",United States; China,15,
TrajGRU-Attention-ODE: Novel Spatiotemporal Predictive Models,"['Quang Nguyen Tri Le', 'Francois Chan', ""Claude D'Amours""]","['University of Ottawa(uottawa.ca)', 'Royal Military College of Canada(rmc.ca)', 'University of Ottawa(uottawa.ca)']",,Canada,222,222
Learning-Based Radiomic Prediction of Type 2 Diabetes Mellitus Using Image-Derived Phenotypes,"['Michael S Yao', 'Allison Chae', 'Matthew Timothy MacLean', 'Anurag Verma', 'Jeffrey T. Duda', 'James Gee', 'Drew Torigian', 'Daniel James Rader', 'Charles Kahn', 'Walter R Witschey', 'Hersh Sagreiya']","['Department of Bioengineering,University of Pennsylvania(seas.upenn.edu)', 'Department of Internal Medicine,University of Pennsylvania(pennmedicine.upenn.edu)', 'University of Pennsylvania, University of Pennsylvania(upenn.edu)', 'University of Pennsylvania, University of Pennsylvania(upenn.edu)', 'University of Pennsylvania, University of Pennsylvania(upenn.edu)', 'University of Pennsylvania, University of Pennsylvania(upenn.edu)', 'University of Pennsylvania, University of Pennsylvania(upenn.edu)', 'Not Found', 'University of Pennsylvania(upenn.edu)', 'University of Pennsylvania, University of Pennsylvania(upenn.edu)', 'University of Pennsylvania, University of Pennsylvania(upenn.edu)']",,United States,61,61
Assessing Neural Network Robustness via Adversarial Pivotal Tuning of Real Images,"['Peter Ebert Christensen', 'Vésteinn Snæbjarnarson', 'Andrea Dittadi', 'Serge Belongie', 'Sagie Benaim']","['Department of Computer Science,University of Copenhagen(diku.dk)', 'University of Copenhagen(ku.dk)', 'Helmholtz AI(helmholtz-munich.de)', 'Computer Science,University of Copenhagen(ku.dk)', 'Computer Science,Hebrew University of Jerusalem(huji.ac.il)']",,Denmark; Israel,88,126
REV: Information-Theoretic Evaluation of Free-Text Rationales,"['Hanjie Chen', 'Faeze Brahman', 'Xiang Ren', 'Yangfeng Ji', 'Yejin Choi', 'Swabha Swayamdipta']","['Not Found', 'Allen Institute for Artificial Intelligence(allenai.org)', 'Computer Science,University of Southern California(usc.edu)', 'University of Virginia(virginia.edu)', 'Computer Science,Computer Science Department, Stanford University(cs.stanford.edu)', 'Thomas Lord Department of Computer Science,University of Southern California(usc.edu)']","10 October, 2022",United States,,42
Examining the Difference Among Transformers and CNNs with Explanation Methods,"['Mingqi Jiang', 'Saeed Khorram', 'Li Fuxin']","['Oregon State University(oregonstate.edu)', 'Not Found', 'Oregon State University(oregonstate.edu)']",,United States,160,160
Towards Large Scale Transfer Learning for Differentially Private Image Classification,"['Harsh Mehta', 'Abhradeep Guha Thakurta', 'Alexey Kurakin', 'Ashok Cutkosky']","['Google Research(google.com)', 'Google(google.com)', 'Research, Google(research.google.com)', 'Boston University(bu.edu)']",,United States,,85
FedCUAU: Clustered Federated Learning using weight divergence,"['Xinchi Qiu', 'Royson Lee', 'Nicholas Donald Lane']","['Department of computer science,University of Cambridge(cam.ac.uk)', 'Samsung AI Center, Cambridge(samsung.com)', 'N/A,Flower Labs(flower.ai)']",,United Kingdom,61,
CoMoE: Contrastive Mixture-of-Experts are Efficient Representation Learners,"['Ziyu Jiang', 'Guoqing Zheng', 'Yu Cheng', 'Ahmed Hassan Awadallah', 'Zhangyang Wang']","['NEC(nec-labs.com)', 'Microsoft Research(microsoft.com)', 'The Chinese University of Hong Kong(cuhk.edu.hk)', 'Microsoft Research(microsoft.com)', 'University of Texas at Austin(utexas.edu)']",,Hong Kong; United States,,49
Toward Discovering Options that Achieve Faster Planning,"['Yi Wan', 'Richard S. Sutton']","['Meta AI Research(meta.com)', 'Keen Technologies(keenagi.com)']","25 May, 2022",,,
Contrastive Graph Representation Learning with Cross-view Reconstruction,"['Qianlong Wen', 'Zhongyu Ouyang', 'Chunhui Zhang', 'Yiyue Qian', 'Yanfang Ye', 'Chuxu Zhang']","['Not Found', 'Not Found', 'Not Found', 'Not Found', 'Not Found', 'Not Found']",August 2024,,,
SPIDR: SDF-based Neural Point Fields for Illumination and Deformation,"['Ruofan Liang', 'Jiahao Zhang', 'Haoda Li', 'chen yang', 'Nandita Vijaykumar']","['Not Found', 'Not Found', 'Not Found', 'Not Found', 'Not Found']","15 October, 2022",,,
A Simple Unsupervised Data Depth-based Method to Detect Adversarial Images,"['Marine Picot', 'Guillaume Staerman', 'Federica Granese', 'Nathan Noiry', 'Francisco Messina', 'Pablo Piantanida', 'Pierre Colombo']","['Not Found', 'Not Found', 'Not Found', 'Not Found', 'Not Found', 'Not Found', 'Not Found']",,,,
Open-Vocabulary Semantic Segmentation with Mask-adapted CLIP,"['Feng Liang', 'Bichen Wu', 'Xiaoliang Dai', 'Kunpeng Li', 'Yinan Zhao', 'Hang Zhang', 'Peizhao Zhang', 'Peter Vajda', 'Diana Marculescu']","['Not Found', 'Not Found', 'Not Found', 'Not Found', 'Not Found', 'Not Found', 'Not Found', 'Not Found', 'Not Found']","8 October, 2022",,,
Building compact representations for image-language learning,"['AJ Piergiovanni', 'Anelia Angelova']","['Not Found', 'Not Found']",,,,
Dynamic Pretraining of Vision-Language Models,"['AJ Piergiovanni', 'Weicheng Kuo', 'Wei Li', 'Anelia Angelova']","['Not Found', 'Not Found', 'Not Found', 'Not Found']",May 2025,,,
HEAV: Hierarchical Ensembling of Augmented Views for Image Captioning,"['Chia-Wen Kuo', 'Zsolt Kira']","['Not Found', 'Not Found']",,,,
Capsa: A Unified Framework for Quantifying Risk in Deep Neural Networks,"['Sadhana Lolla', 'Iaroslav Elistratov', 'Alejandro Perez', 'Elaheh Ahmadi', 'Daniela Rus', 'Alexander Amini']","['Not Found', 'Not Found', 'Not Found', 'Not Found', 'Not Found', 'Not Found']",August 2023,,,
BYPASSING THE STABILITY-PLASTICITY TRADEOFF TO REDUCE PREDICTIVE CHURN,"['George Alexandru Adam', 'Benjamin Haibe-Kains', 'Anna Goldenberg']","['Not Found', 'Not Found', 'Not Found']",,,,
Break the Wall Between Homophily and Heterophily for Graph Representation Learning,"['Xiao Liu', 'Lijun Zhang', 'Hui Guan']","['Not Found', 'Not Found', 'Not Found']",,,,
Learning Object-Centric Dynamic Modes from Video and Emerging Properties,"['Armand Comas', 'Christian Fernandez Lopez', 'Sandesh Ghimire', 'Haolin Li', 'Mario Sznaier', 'Octavia Camps']","['Not Found', 'Not Found', 'Not Found', 'Not Found', 'Not Found', 'Not Found']",,,,
Code Means More Than Plain Language: Bringing Syntax Structure Awareness To Algorithmic Problem Solution Generation,"['Wenqing Zheng', 'S P Sharan', 'AJAY KUMAR JAISWAL', 'Kevin Wang', 'Yihan Xi', 'Zhangyang Wang']","['Not Found', 'Not Found', 'Not Found', 'Not Found', 'Not Found', 'Not Found']",,,,
A Deep Reinforcement Learning Approach for Finding Non-Exploitable Strategies in Two-Player Atari Games,"['Zihan Ding', 'DiJia Su', 'Qinghua Liu', 'Chi Jin']","['Princeton University(princeton.edu)', 'Not Found', 'OpenAI(openai.com)', 'Electrical and Computer Engineering,Princeton University(princeton.edu)']","18 July, 2022",United States,75,75
Deep Invertible Approximation of Topologically Rich Maps between Manifolds,"['Michael Anthony Puthawala', 'Matti Lassas', 'Ivan Dokmanić', 'Pekka Pankka', 'Maarten V. de Hoop']","['Mathematics and Statistics,South Dakota State University(sdstate.edu)', 'University of Helsinki(helsinki.fi)', 'Department of Mathematics and Computer Science,University of Basel(unibas.ch)', 'Not Found', 'Rice University(rice.edu)']",October 2022,Finland; Switzerland; United States,,126
Explaining  Image Classification through Knowledge-aware Neuron Interpretation,"['Yong Guan', 'Freddy Lecue', 'Jiaoyan Chen', 'Ru Li', 'Jeff Z. Pan']","['Tsinghua University(tsinghua.edu.cn)', 'INRIA(inria.fr)', 'Department of Computer Science,The University of Manchester(manchester.ac.uk)', 'Not Found', 'School of Informatics,University of Edinburgh, University of Edinburgh(ed.ac.uk)']",,China; France; United Kingdom,1,42
An alternative approach to train neural networks using monotone variational inequality,"['Chen Xu', 'Xiuyuan Cheng', 'Yao Xie']","['Toyota Research Institute (Large Behavior Models)(tri.global)', 'Duke University(duke.edu)', 'Georgia Institute of Technology(gatech.edu)']","17 February, 2022",United States,,18
Towards Causal Concepts for Explaining Language Models,"['Ruochen Zhao', 'Shafiq Joty', 'Yongjie Wang', 'Prathyusha Jwalapuram']","['Nanyang Technological University(ntu.edu.sg)', 'Nanyang Technological University(ntu.edu.sg)', 'Nanyang Technological University(ntu.edu.sg)', 'SalesForce.com(salesforce.com)']",,Singapore,8,
"TRIDE: A Temporal, Robust, and Informative Data Augmentation Framework for Disease Progression Modeling","['Hyunwoo Sohn', 'Kyungjin Park', 'Baekkwan Park', 'Min Chi']","['North Carolina State University(ncsu.edu)', 'Not Found', 'Not Found', 'Not Found']",,United States,138,138
Counterfactual Memorization in Neural Language Models,"['Chiyuan Zhang', 'Daphne Ippolito', 'Katherine Lee', 'Matthew Jagielski', 'Florian Tramer', 'Nicholas Carlini']","['Google(google.com)', 'Language Technologies Institute,Carnegie Mellon University(cmu.edu)', 'Google(google.com)', 'Anthropic(anthropic.com)', 'ETHZ - ETH Zurich(ethz.ch)', 'Anthropic(anthropic.com)']","23 December, 2021",United States; Switzerland,,
TT-Rules: Extracting & Optimizing Exact Rules of a CNN-Based Model - Application to Fairness,"['Adrien Benamira', 'Tristan Guérand', 'Thomas Peyrin']","['Nanyang Technological University(ntu.edu.sg)', 'Nanyang Technological University(ntu.edu.sg)', 'Nanyang Technological University(ntu.edu.sg)']",,Singapore,8,8
PointConvFormer: Revenge of the Point-Based Convolution,"['Wenxuan Wu', 'Li Fuxin', 'Qi Shan']","['CASIA,Institute of automation, Chinese academy of science, Chinese Academy of Sciences(ia.ac.cn)', 'Oregon State University(oregonstate.edu)', 'Apple(apple.com)']","4 August, 2022",China; United States,12,
Leveraging Human Features at Test-Time,"['Isaac Lage', 'Sonali Parbhoo', 'Finale Doshi-Velez']","['Computer Science,Colby College(colby.edu)', 'Imperial College London, Imperial College London(imperial.ac.uk)', 'Harvard University']",,United Kingdom; United States,,88
On the Activation Function Dependence of the Spectral Bias of Neural Networks,"['Qingguo Hong', 'Jonathan W. Siegel', 'Qinyang Tan', 'Jinchao Xu']","['Pennsylvania State University(psu.edu)', 'Mathematics,Texas A&M University - College Station(tamu.edu)', 'University of Southern California(usc.edu)', 'King Abdullah University of Science and Technology(kaust.edu.sa)']","9 August, 2022",United States; Saudi Arabia,75,106
SemSup-XC: Semantic Supervision for Extreme Classification,"['Pranjal Aggarwal', 'Ameet Deshpande', 'Karthik R Narasimhan']","['School of Computer Science, Carnegie Mellon University(cs.cmu.edu)', 'Princeton University(princeton.edu)', 'Princeton University(princeton.edu)']","26 January, 2023",United States,3,75
Communication-Optimal Distributed Graph Clustering under Duplication Models,['Chunjiang Zhu'],['Old Dominion University(odu.edu)'],,United States,486,486
Graph in Graph Neural Network,"['Jiongshu Wang', 'Siyang Song', 'Liru Chen', 'Jing Yang', 'Jiankang Deng', 'Hatice Gunes']","['University of Glasgow(gla.ac.uk)', 'Department of Computer Science,University of Exeter(ex.ac.uk)', 'Not Found', 'University of Cambridge(cam.ac.uk)', 'Department of Computing,Imperial College London(imperial.ac.uk)', 'Computer Science and Technology,University of Cambridge(cam.ac.uk)']",October 2025,United Kingdom,160,61
Prefix Conditioning Unifies Language and Label Supervision,"['Kuniaki Saito', 'Kihyuk Sohn', 'Xiang Zhang', 'Chun-Liang Li', 'Chen-Yu Lee', 'Kate Saenko', 'Tomas Pfister']","['OMRON SINICX(sinicx.com)', 'Facebook(meta.com)', 'Google(google.com)', 'Apple(apple.com)', 'Google(google.com)', 'FAIR,Meta AI(meta.com)', 'Google(google.com)']","2 June, 2022",United States,,
Towards Representative Subset Selection for Self-Supervised Speech Recognition,"['Abdul Hameed Azeemi', 'Ihsan Ayyub Qazi', 'Agha Ali Raza']","['Computer Science,Lahore University of Management Sciences(lums.edu.pk)', 'Computer Science,Lahore University of Management Sciences(lums.edu.pk)', 'Computer Science,Lahore University of Management Sciences(lums.edu.pk)']",,Pakistan,486,486
Generative Adversarial Training for Neural Combinatorial Optimization Models,"['Liang Xin', 'Wen Song', 'Zhiguang Cao', 'Jie Zhang']","['Nanyang Technological University(ntu.edu.sg)', 'Shandong University(sdu.edu.cn)', 'School of Computing and Information Systems,Singapore Management University(smu.edu.sg)', 'Nanyang Technological University(ntu.edu.sg)']",,Singapore; China,8,8
Representation Learning via Consistent Assignment of Views over Random Partitions,"['Thalles Santos Silva', 'Adín Ramírez Rivera']","['Universidade Estadual de Campinas(unicamp.br)', 'Department of Informatics,University of Oslo(uio.no)']","19 October, 2023",Brazil,,
Memory-efficient Trajectory Matching for Scalable Dataset Distillation,"['Justin Cui', 'Ruochen Wang', 'Si Si', 'Cho-Jui Hsieh']","[', University of California, Los Angeles(cs.ucla.edu)', 'University of California, Los Angeles(ucla.edu)', 'Not Found', 'Not Found']",,United States,35,35
Enhancing Cross-Category Learning in Recommendation Systems with Multi-Layer Embedding Training,"['Zihao Deng', 'Benjamin Ghaemmaghami', 'Ashish Kumar Singh', 'Benjamin Cho', 'Leo Orshansky', 'Mattan Erez', 'Michael Orshansky']","['Not Found', 'Not Found', 'Not Found', 'Not Found', 'Not Found', 'Not Found', 'Not Found']",September 2023,,,
StructViT: Learning Correlation Structures for Vision Transformers,"['Manjin Kim', 'Paul Hongsuck Seo', 'Cordelia Schmid', 'Minsu Cho']","['Not Found', 'Not Found', 'Not Found', 'Not Found']",,,,
Taming Policy Constrained Offline Reinforcement Learning for Non-expert Demonstrations,"['Chengqian Gao', 'Ke Xu', 'Liu Liu', 'Deheng Ye', 'Peilin Zhao', 'zhiqiang xu']","['Not Found', 'Not Found', 'Not Found', 'Not Found', 'Not Found', 'Not Found']",,,,
Attentional Context Alignment for Multimodal Sequential Learning,"['Tao Jin', 'Zhou Zhao']","['Not Found', 'Not Found']",,,,
REAP: A Large-Scale Realistic Adversarial Patch Benchmark,"['Nabeel Hingun', 'Chawin Sitawarin', 'Jerry Li', 'David Wagner']","['Not Found', 'Not Found', 'Not Found', 'Not Found']","11 December, 2022",,,
PRANC: Pseudo RAndom Networks for Compacting deep models,"['Parsa Nooralinejad', 'Ali Abbasi', 'Soheil Kolouri', 'Hamed Pirsiavash']","['Not Found', 'Not Found', 'Not Found', 'Not Found']","16 June, 2022",,,
Biological connectomes as a representation for the architecture of artificial neural networks,"['Samuel Schmidgall', 'Catherine Schuman', 'Maryam Parsa']","['Not Found', 'Not Found', 'Not Found']","28 September, 2022",,,
MSQ-BioBERT: Ambiguity Resolution to Enhance BioBERT Medical Question-Answering,"['Muzhe Guo', 'Muhao Guo', 'Edward T. Dougherty', 'Fang Jin']","['Not Found', 'Not Found', 'Not Found', 'Not Found']",,,,
Asymmetric Certified Robustness via Feature-Convex Neural Networks,"['Samuel Pfrommer', 'Brendon G. Anderson', 'Julien Piet', 'Somayeh Sojoudi']","['Not Found', 'Not Found', 'Not Found', 'Not Found']","3 February, 2023",,,
O-ViT: Orthogonal Vision Transformer,"['Yanhong Fei', 'Xian Wei', 'Yingjie Liu', 'Mingsong Chen']","['Not Found', 'Not Found', 'Not Found', 'Not Found']","28 January, 2022",,,
Disentangled (Un)Controllable Features,"['Jacob Eeuwe Kooi', 'Mark Hoogendoorn', 'Vincent Francois-Lavet']","['Not Found', 'Not Found', 'Not Found']","31 October, 2022",,,
G-CEALS: Gaussian Cluster Embedding in Autoencoder Latent Space for Tabular Data Representation,"['Manar Samad', 'Sakib Abrar', 'Mohammad Bataineh']","['Not Found', 'Not Found', 'Not Found']",,,,
QUANTIZATION AWARE FACTORIZATION FOR DEEP NEURAL NETWORK COMPRESSION,"['Daria Cherniuk', 'Stanislav Abukhovich', 'ANH-HUY PHAN', 'Ivan Oseledets', 'Andrzej Cichocki', 'Julia Gusak']","['Code Generation, Independent Researcher(kamikazizen.github.io)', 'Skoltech(skoltech.ru)', 'Skolkovo Institute of Science and Technology(skoltech.ru)', 'Institute of Numerical Mathematics(inm.ras.ru)', 'Skoltech(skoltech.ru)', 'INRIA(inria.fr)']",August 2023,France,,160
Fairness of Federated Learning with Dynamic Participants,"['Liangyu Wang', 'Chenchen Zhang', 'Tianhang Zheng', 'Miao Pan', 'Di Wang']","['King Abdullah University of Science and Technology(kaust.edu.sa)', 'University of Toronto(utoronto.ca)', 'The State Key Laboratory of Blockchain and Data Security, Zhejiang University(zju.edu.cn)', 'Electrical and Computer Engineering,University of Houston(uh.edu)', 'Not Found']",,Saudi Arabia; Canada; China; United States,106,292
PromptSum: Planning with Mixed Prompts for Parameter-Efficient Controllable Abstractive Summarization,"['Mathieu Ravaut', 'Hailin Chen', 'Ruochen Zhao', 'Chengwei Qin', 'Shafiq Joty', 'Nancy F. Chen']","['Abu Dhabi Investment Authority(adia.ae)', 'National Technological University(ntu.edu)', 'Nanyang Technological University(ntu.edu.sg)', 'The Hong Kong University of Science and Technology (Guangzhou)(hkust-gz.edu.cn)', 'Nanyang Technological University(ntu.edu.sg)', 'I2R, A*STAR(i2r.a-star.edu.sg)']",,Singapore; China,,
Multimodal Open-Vocabulary Video Classification via Vision and Language Models,"['Rui Qian', 'Yeqing Li', 'Zheng Xu', 'Ming-Hsuan Yang', 'Serge Belongie', 'Yin Cui']","['Apple(apple.com)', 'CoreML,Google(google.com)', 'Google Research(google.com)', 'DeepMind,Google DeepMind(google.com)', 'Computer Science,University of Copenhagen(ku.dk)', 'NVIDIA(nvidia.com)']",July 2022,United States; Denmark,,
SDMuse: Stochastic Differential Music Editing and Generation via Hybrid Representation,"['Chen Zhang', 'Yi Ren', 'Kejun Zhang', 'Shuicheng YAN']","['FAIR,Facebook(meta.com)', 'ByteDance(bytedance.com)', 'Zhejiang University(zju.edu.cn)', 'Computer Science,National University of Singapore(nus.edu.sg)']","31 October, 2022",China; Singapore,,12
Masked Autoencoders Enable Efficient Knowledge Distillers,"['Yutong Bai', 'Zeyu Wang', 'Junfei Xiao', 'Chen Wei', 'Huiyu Wang', 'Alan Yuille', 'Yuyin Zhou', 'Cihang Xie']","['University of California, Berkeley(berkeley.edu)', 'Not Found', 'Computer Science,Johns Hopkins University(jhu.edu)', 'Rice University(rice.edu)', 'Facebook(fb.com)', 'Computer Science and Cognitive Science,Johns Hopkins University(johnshopkins.edu)', 'University of California, Santa Cruz(ucsc.edu)', 'University of California, Santa Cruz(ucsc.edu)']","25 August, 2022",United States,20,138
Language-Aware Soft Prompting for Vision & Language Foundation Models,"['Adrian Bulat', 'Georgios Tzimiropoulos']","['Samsung AI Center Cambridge(samsung.com)', 'Queen Mary University London(qmul.ac.uk)']",June 2025,,,
On Structural Expressive Power of Graph Transformers,"['Wenhao Zhu', 'Tianyu Wen', 'Guojie Song', 'Liang Wang', 'Bo Zheng', 'Xi Wang']","['School of Intelligence Science and Technology,Peking University(pku.edu.cn)', 'Electrical and Computer Engineering Department,University of Illinois at Urbana-Champaign(illinois.edu)', 'Peking University(pku.edu.cn)', 'Alibaba Group(alibaba-inc.com)', 'Alibaba Group(alibaba-inc.com)', 'Peking University(pku.edu.cn)']",May 2023,China; United States,3,3
Projected Latent Distillation for Data-Agnostic Consolidation in Multi-Agent Continual Learning,"['Antonio Carta', 'Andrea Cossu', 'Vincenzo Lomonaco', 'Joost van de Weijer', 'Davide Bacciu']","['University of Pisa(unipi.it)', 'University of Pisa(unipi.it)', 'Department of Computer Science,University of Pisa(unipi.it)', 'Universitat Autónoma de Barcelona(uab.es)', 'University of Pisa(unipi.it)']",,Italy,244,244
Black-Box Adversarial Attack Guided by Model Behavior for Programming Pre-trained Language Models,"['Jie Zhang', 'Wei Ma', 'Xiaofei Xie', 'Qiang Hu', 'Yang Liu']","['Not Found', 'Computer Science,Singapore Management University(smu.edu.sg)', 'School of Computing and Information Systems,Singapore Management University(smu.edu.sg)', 'Tianjin University(tju.edu.cn)', 'CCDS,Nanyang Technological University(ntu.edu.sg)']",,Singapore; China,27,8
Learning Critically in Federated Learning with Noisy and Heterogeneous Clients,"['Chenrui Wu', 'Zexi Li', 'Fangxin Wang', 'Chao Wu']","['Not Found', 'Tongyi Lab,Alibaba Group(alibaba-inc.com)', 'The Chinese University of Hong Kong, Shenzhen(cuhk.edu.cn)', 'School of Public Affairs,Zhejiang University(zju.edu.cn)']",,Hong Kong; China,,2
Input Perturbation Reduces Exposure Bias in Diffusion Models,"['Mang Ning', 'Enver Sangineto', 'Angelo Porrello', 'Simone Calderara', 'Rita Cucchiara']","['Utrecht University(uu.nl)', 'University of Trento(unitn.it)', 'Department of Engineering ""Enzo Ferrari"",University of Modena and Reggio Emilia, AimageLab(unimore.it)', 'University of Modena and Reggio Emilia(unimore.it)', 'Dipartimento  di Ingegneria Enzo ferrari,Università di modena e reggio emilia(unimore.it)']","27 January, 2023",Netherlands; Italy,292,
Pruning Parameterization with Bi-level Optimization for Efficient Semantic Segmentation on the Edge,"['Changdi Yang', 'Pu Zhao', 'Yanyu Li', 'Wei Niu', 'Jiexiong Guan', 'Hao Tang', 'Minghai Qin', 'Bin Ren', 'Xue Lin', 'Yanzhi Wang']","['Snap Inc.(snapchat.com)', 'Northeastern University(neu.edu)', 'Research,Snap Inc.(snapchat.com)', 'School of Computing,University of Georgia(uga.edu)', 'Not Found', 'Peking University(pku.edu.cn)', 'Research,Western Digital Corporation(wdc.com)', 'Computer Science,William & Mary(cs.wm.edu)', 'Not Found', 'Not Found']",,United States; China,,
gGN: learning to represent nodes in directed graphs as low-rank Gaussian distributions,"['Alejandro A. Edera', 'Georgina Stegmayer', 'Diego H Milone']","['Not Found', 'Not Found', 'Not Found']",,,,
Domain-Unified Prompt Representations for Source-Free Domain Generalization,"['Hongjing Niu', 'Hanting Li', 'Feng Zhao', 'Bin Li']","['Not Found', 'Not Found', 'Not Found', 'Not Found']",September 2022,,,
Impulse Control Arbitration for A Dual System of Exploitation and Exploration,"['Changmin Yu', 'David Henry Mguni', 'Dong Li', 'Aivar Sootla', 'Jun Wang', 'Neil Burgess']","['Not Found', 'Not Found', 'Not Found', 'Not Found', 'Not Found', 'Not Found']",,,,
Deep Patch Visual Odometry,"['Zachary Teed', 'Lahav Lipson', 'Jia Deng']","['Not Found', 'Not Found', 'Not Found']","8 August, 2022",,,
Bidirectional global to local attention for deep metric learning.,"['Dmytro Kotovenko', 'Pingchuan Ma', 'Timo Milbich', 'Björn Ommer']","['Not Found', 'Not Found', 'Not Found', 'Not Found']",,,,
Siamese DETR,"['Zeren Chen', 'Gengshi Huang', 'Wei Li', 'Jianing Teng', 'Kun Wang', 'Lu Sheng', 'Jing Shao', 'Chen Change Loy']","['Not Found', 'Not Found', 'Not Found', 'Not Found', 'Not Found', 'Not Found', 'Not Found', 'Not Found']","26 October, 2023",,,
Contrastive Graph Few-Shot Learning,"['Chunhui Zhang', 'Hongfu Liu', 'Jundong Li', 'Yanfang Ye', 'Chuxu Zhang']","['Not Found', 'Not Found', 'Not Found', 'Not Found', 'Not Found']",November 2023,,,
Domain Generalization in Regression,"['Ning Ma', 'Feng Liu', 'Haishuai Wang', 'Sheng Zhou', 'Jiajun Bu', 'Bo Han']","['Not Found', 'Not Found', 'Not Found', 'Not Found', 'Not Found', 'Not Found']",July 2025,,,
EFFECTIVE FREQUENCY-BASED BACKDOOR ATTACKS WITH LOW POISONING RATIOS,"['Danni Yuan', 'Mingda Zhang', 'Shaokui Wei', 'Shicai Yang', 'Baoyuan Wu']","['Not Found', 'Not Found', 'Not Found', 'Not Found', 'Not Found']",,,,
Lightweight CNNs Under A Unifying Tensor View,"['Jason Chun Lok Li', 'Rui Lin', 'Jiajun Zhou', 'Edmund Y. Lam', 'Ngai Wong']","['Not Found', 'Not Found', 'Not Found', 'Not Found', 'Not Found']",,,,
Sample Relationships through the Lens of Learning Dynamics with Label Information,"['Shangmin Guo', 'Yi Ren', 'Stefano V Albrecht', 'Kenny Smith']","['Not Found', 'Not Found', 'Not Found', 'Not Found']",,,,
GT-CausIn: a novel causal-based insight for traffic prediction,"['Ting GAO', 'Rodrigo Kappes Marques', 'Lei Yu']","['Not Found', 'Not Found', 'Not Found']","12 December, 2022",,,
KerDEQ: Optimization induced Deep Equilibrium models via Gaussian Kernel,"['Mingjie Li', 'Yisen Wang', 'Zhouchen Lin']","['Not Found', 'Not Found', 'Not Found']",,,,
TCNL: Transparent and Controllable Network Learning Via Embedding Human-Guided Concepts,"['Zhihao Wang', 'Chuang Zhu']","['Not Found', 'Not Found']","6 October, 2022",,,
Uplift Modelling based on Graph Neural Network Combined with Causal Knowledge,"['Haowen Wang', 'Xinyan Ye', 'Yangze Zhou', 'Zhiyi Zhang', 'Longhan Zhang', 'Jing Jiang']","['Not Found', 'Not Found', 'Not Found', 'Not Found', 'Not Found', 'Not Found']",November 2023,,,
From ChebNet to ChebGibbsNet,"['Jie Zhang', 'Bo Hui', 'Po-wei Harn', 'Min-Te Sun', 'Wei-Shinn Ku']","['Not Found', 'Not Found', 'Not Found', 'Not Found', 'Not Found']",December 2024,,,
SPI-GAN: Denoising Diffusion GANs with Straight-Path Interpolations,"['Jinsung Jeon', 'Noseong Park']","['Not Found', 'Not Found']","29 June, 2022",,,
Generated Distributions Are All You Need for Membership Inference Attacks Against Generative Models,"['Minxing Zhang', 'Ning Yu', 'Rui Wen', 'Michael Backes', 'Yang Zhang']","['Not Found', 'Not Found', 'Not Found', 'Not Found', 'Not Found']",October 2023,,,
SynMotor: A Benchmark Suite for Object Attribute Regression and Multi-task Learning,"['Chengzhi Wu', 'Linxi Qiu', 'Kanran Zhou', 'Julius Pfrommer', 'Jürgen Beyerer']","['Not Found', 'Not Found', 'Not Found', 'Not Found', 'Not Found']",January 2023,,,
Training via Confidence Ranking,['Jian Zhu'],['JD.com(jd.com)'],,,,
SC2EGSet: StarCraft II Esport Replay and Game-state Dataset,"['Andrzej Białecki', 'Natalia Jakubowska', 'Paweł Dobrowolski', 'Piotr Białecki', 'Leszek Krupiński', 'Andrzej Szczap', 'Robert Białecki', 'Jan Gajewski']","['Warsaw University of Technology(pw.edu.pl)', 'Warsaw School of Social Psychology(swps.edu.pl)', 'Institute of Psychology, Polish Academy of Sciences(psych.pan.pl)', 'University of Warsaw(mimuw.edu.pl)', 'Polish-Japanese Institute of Information Technology in Warsaw(pjwstk.edu.pl)', 'Adam Mickiewicz University of Poznan(amu.edu.pl)', 'Physical Education Academy ""Jozef Pilsudski"" in Warsaw(awf.edu.pl)', 'Physical Education Academy ""Jozef Pilsudski"" in Warsaw(awf.edu.pl)']","7 July, 2022",Poland,,
Latent-space disentanglement with untrained generator networks allows to isolate different motion types in video data,"['Abdullah Abdullah', 'Martin Holler', 'Karl Kunisch', 'Malena Sabate Landman']","['Universität Graz(kfunigraz.ac.at)', 'Universität Graz(kfunigraz.ac.at)', 'Not Found', 'University of Cambridge(cam.ac.uk)']",,United Kingdom,,61
FV-MgNet: Fully Connected V-cycle MgNet for Interpretable Time Series Forecasting,"['Jianqing Zhu', 'Juncai He', 'Lian Zhang', 'Jinchao Xu']","['King Abdullah University of Science and Technology(kaust.edu.sa)', 'Tsinghua University(tsinghua.edu.cn)', 'In-Chao Institute Ltd(in-chao.com)', 'Not Found']",February 2023,Saudi Arabia; China,106,
Prosody-TTS: Self-Supervised Prosody Pretraining with Latent Diffusion For Text-to-Speech,"['Rongjie Huang', 'Chunlei Zhang', 'Yi Ren', 'Zhou Zhao', 'Dong Yu']","['Facebook(meta.com)', 'Meta(meta.com)', 'ByteDance(bytedance.com)', 'Zhejiang University(zju.edu.cn)', 'Tencent AI Lab(tencent.com)']",,United States; China,,
Adversarial Attack Detection Under Realistic Constraints,"['Marine Picot', 'Nathan Noiry', 'Pablo Piantanida', 'Pierre Colombo']","['McGill University(mcgill.ca)', 'Telecom Paris(telecom-paristech.fr)', 'Université Paris-Saclay, CNRS(centralesupelec.fr)', 'CentraleSupelec(centralesupelec.fr)']",,Canada; France,200,
Incremental Unified Parameter Additional Tuning with Basic Memory Replaying,"['Jieren Deng', 'Jianhua Hu', 'Haojian Zhang', 'Yunkuan Wang']","['iVi, Institute of automation,Chinese academy of science(ia.ac.cn)', 'Institute of automation, Chinese academy of science,Institute of automation, Chinese academy of science, Chinese Academy of Sciences(ia.ac.cn)', 'Institute of automation, Chinese academy of science, Chinese Academy of Sciences(ia.ac.cn)', 'Institute of automation,Institute of automation, Chinese academy of science(ia.ac.cn)']",,China,,
FastDiff 2: Dually Incorporating GANs into Diffusion Models for High-Quality Speech Synthesis,"['Rongjie Huang', 'Yi Ren', 'Jinglin Liu', 'Luping Liu', 'Zhou Zhao']","['Facebook(meta.com)', 'ByteDance(bytedance.com)', 'ByteDance(bytedance.com)', 'Not Found', 'Zhejiang University(zju.edu.cn)']",,United States; China,,2
When Neural ODEs meet Neural Operators,"['Woojin Cho', 'Seunghyeon Cho', 'Hyundong Jin', 'Jinsung Jeon', 'Kookjin Lee', 'Sanghyun Hong', 'Dongeun Lee', 'Jonghyun Choi', 'Noseong Park']","['Telepix(telepix.net)', 'Yonsei University(yonsei.ac.kr)', 'Computer Science,Yonsei University(yonsei.ac.kr)', 'Computer Science and Engineering,University of California, San Diego(ucsd.edu)', 'Arizona State University(asu.edu)', 'Electrical Engineering and Computer Science,Oregon State University(oregonstate.edu)', 'Computer Science,East Texas A&M University(tamuc.edu)', 'Electrical and Computer Engineering,Seoul National University(snu.ac.kr)', 'Not Found']",,South Korea; United States,,20
FFCV: Accelerating Training by Removing Data Bottlenecks,"['Guillaume Leclerc', 'Andrew Ilyas', 'Logan Engstrom', 'Sung Min Park', 'Hadi Salman', 'Aleksander Madry']","['Massachusetts Institute of Technology(mit.edu)', 'Stein Fellow (Statistics),Stanford University(stanford.edu)', 'Massachusetts Institute of Technology(mit.edu)', 'Massachusetts Institute of Technology(mit.edu)', 'Massachusetts Institute of Technology(mit.edu)', 'Massachusetts Institute of Technology(mit.edu)']",June 2023,United States,27,27
Noether Embeddings: Fast Temporal Association Mining,"['Chi Gao', 'Zidong Zhou', 'Luping Shi']","['Center for Brain-Inspired Computing Research,Tsinghua University(mails.tsinghua.edu.cn)', 'Tsinghua University(mails.tsinghua.edu.cn)', 'Tsinghua University(tsinghua.edu.cn)']",,China,1,1
Searching optimal adjustment features for treatment effect estimation,"['Haotian Wang', 'Kun Kuang', 'Mingyang Geng', 'Haoang Chi', 'Ruoxuan Xiong', 'Longqi Yang', 'Wanrong Huang', 'Wenjing Yang']","['College of Computer,National University of Defense Technology(nudt.edu.cn)', 'CS,Zhejiang University(zju.edu.cn)', 'National University of Defense Technology(nudt.edu.cn)', 'National University of Defense Technology(nudt.edu.cn)', 'Emory University(emory.edu)', 'National University of Defense Technology(nudt.edu.cn)', 'College of Computer Science and Technology,National University of Defense Technology(nudt.edu.cn)', 'National University of Defense Technology(nudt.edu.cn)']",,China; United States,,
Universal Graph Neural Networks without Message Passing,"['George Ma', 'Yifei Wang', 'Yisen Wang']","['Department of Electrical Engineering and Computer Sciences,University of California, Berkeley(berkeley.edu)', 'Massachusetts Institute of Technology(mit.edu)', 'Not Found']",,United States,20,27
CLIPPING: Distilling CLIP-based Models for Video-Language Understanding,"['Renjing Pei', 'Jianzhuang Liu', 'Weimian Li', 'Bin Shao', 'Songcen Xu', 'Peng Dai', 'Juwei Lu', 'Youliang Yan']","['2012 lab,Huawei Technologies Ltd.(huawei.com)', 'Shenzhen Institute of Advanced Technology, Chinese Academy of Sciences(siat.ac.cn)', 'Peking University(pku.edu.cn)', 'Huawei Technologies Ltd.(huawei.com)', ""Huawei Noah's Ark Lab(huawei.com)"", 'Not Found', 'Not Found', 'Not Found']",,China,,
To be private and robust: Differentially Private Optimizers Can Learn Adversarially Robust Models,"['Zhiqi Bu', 'Yuan Zhang']","['Not Found', 'Not Found']","16 November, 2022",,,
Polite Teacher: Semi-Supervised Instance Segmentation with Mutual Learning and Pseudo-Label Thresholding,"['Dominik Filipiak', 'Andrzej Zapała', 'Piotr Tempczyk', 'Anna Fensel', 'Marek Cygan']","['Not Found', 'Not Found', 'Not Found', 'Not Found', 'Not Found']",November 2022,,,
Reducing Forgetting In Federated Learning with Truncated Cross-Entropy,"['Gwen Legate', 'Lucas Caccia', 'Eugene Belilovsky']","['Not Found', 'Not Found', 'Not Found']",,,,
On the Convergence and Calibration of Deep Learning with Differential Privacy,"['Zhiqi Bu', 'Hua Wang', 'Qi Long']","['Not Found', 'Not Found', 'Not Found']","14 June, 2021",,,
TAPPFL: TASK-AGNOSTIC PRIVACY-PRESERVING REPRESENTATION LEARNING FOR FEDERATED LEARNING AGAINST ATTRIBUTE INFERENCE ATTACKS,"['Caridad Arroyo Arevalo', 'Sayedeh Leila Noorbakhsh', 'Yun Dong', 'Yuan Hong', 'Binghui Wang']","['Not Found', 'Not Found', 'Not Found', 'Not Found', 'Not Found']",,,,
Fine-Grained Source Code Vulnerability Detection via Graph Neural Networks,"['Jingjing Wang', 'Minhuan Huang', 'Yuanping Nie', 'Xiaohui Kuang', 'Xiang Li', 'Wenjing Zhong']","['Not Found', 'Not Found', 'Not Found', 'Not Found', 'Not Found', 'Not Found']",,,,
Randomized Adversarial Style Perturbations for Domain Generalization,"['Taehoon Kim', 'Bohyung Han']","['Not Found', 'Not Found']","4 April, 2023",,,
FedMAE: Federated Self-Supervised Learning with One-Block Masked Auto-Encoder,"['NAN YANG', 'Xuanyu Chen', 'Charles Liu', 'Dong Yuan', 'Wei Bao', 'Lizhen Cui']","['Not Found', 'Not Found', 'Not Found', 'Not Found', 'Not Found', 'Not Found']",March 2023,,,
APLA: Class-imbalanced Semi-supervised Learning with Adapative Pseudo-labeling and Loss Adjustment,"['Qian Gui', 'Baoning Niu']","['Not Found', 'Not Found']",,,,
Label-Efficient Online Continual Object Detection in Streaming Video,"['Jay Zhangjie Wu', 'David Junhao Zhang', 'Wynne Hsu', 'Mengmi Zhang', 'Mike Zheng Shou']","['Not Found', 'Not Found', 'Not Found', 'Not Found', 'Not Found']","1 June, 2022",,,
Hypernetwork approach to Bayesian MAML,"['Piotr Borycki', 'Piotr Kubacki', 'Marcin Przewięźlikowski', 'Tomasz Kuśmierczyk', 'Jacek Tabor', 'Przemysław Spurek']","['Not Found', 'Not Found', 'Not Found', 'Not Found', 'Not Found', 'Not Found']","6 October, 2022",,,
Token-level Fitting Issues of Seq2seq Models,"['Guangsheng Bao', 'Yue Zhang']","['Not Found', 'Not Found']","8 May, 2023",,,
Learning Sampling Policy to Achieve Fewer  Queries for  Zeroth-Order Optimization,"['Zhou Zhai', 'Xiang Li', 'Heng Huang', 'Bin Gu']","['Not Found', 'Not Found', 'Not Found', 'Not Found']",,,,
Practical Real Video Denoising with Realistic Degradation Model,"['Jiezhang Cao', 'Qin Wang', 'Jingyun Liang', 'Yulun Zhang', 'Kai Zhang', 'Luc Van Gool']","['Not Found', 'Not Found', 'Not Found', 'Not Found', 'Not Found', 'Not Found']",,,,
Variational Counterfactual Prediction under Runtime Domain Corruption,"['Hechuan Wen', 'Tong Chen', 'Li Kheng Chai', 'Shazia Wasim Sadiq', 'Kai Zheng', 'Hongzhi Yin']","['Not Found', 'Not Found', 'Not Found', 'Not Found', 'Not Found', 'Not Found']",June 2023,,,
RealSinger: Ultra-Realistic Singing Voice Generation via Stochastic Differential Equations,"['Shoule Wu', 'Ziqiang Shi']","['Not Found', 'Not Found']",,,,
Homeomorphism Alignment in Two Spaces for Unsupervised Domain Adaptation,"['Lihua Zhou', 'Mao Ye', 'Siying Xiao', 'Xu-Qian Fan', 'Xiatian Zhu', 'Ferrante Neri']","['Not Found', 'Not Found', 'Not Found', 'Not Found', 'Not Found', 'Not Found']",,,,
Leveraging Online Semantic Point Fusion for 3D-Aware Object Goal Navigation,"['Jiazhao Zhang', 'Liu Dai', 'Fanpeng Meng', 'Qingnan Fan', 'Xuelin Chen', 'Kai Xu', 'He Wang']","['Not Found', 'Not Found', 'Not Found', 'VIVO(vivo.com)', 'Adobe Research(adobe.com)', 'National University of Defense Technology(nudt.edu.cn)', 'Galbot(galbot.com)']",,,,
Source-Target Coordinated Training with Multi-head Hybrid-Attention for Domain Adaptive Semantic Segmentation,"['Jian Jia', 'Weihua Chen', 'Jianlong Yuan', 'Xiuyu Sun']","['kuaishou(kuaishou.com)', 'DAMO,Alibaba Group(alibaba-inc.com)', 'Not Found', 'Shanghai Academy of Artificial Intelligence for Science(sais.com.cn)']",,,,
On the Role of Self-supervision in Deep Multi-view Clustering,"['Daniel J. Trosten', 'Sigurd Løkse', 'Robert Jenssen', 'Michael Kampffmeyer']","['Earth Observation,NORCE Norwegian Research Centre(norceresearch.no)', 'NORCE Norwegian Research Centre(norceresearch.no)', 'Dept. Physics and Technology,UiT The Arctic University of Norway(uit.no)', 'Department of Physics and Technology,UiT The Arctic University of Norway(uit.no)']",,Norway,,244
"A Simple, Yet Effective Approach to Finding Biases in Code Generation","['Spyridon Mouselinos', 'Mateusz Malinowski', 'Henryk Michalewski']","['University of Warsaw(mimuw.edu.pl)', 'MoonValley AI(moonvalley.ai)', 'Google DeepMind(google.com)']","31 October, 2022",Poland; United Kingdom,292,
What Does Vision Supervision Bring to Language Models? A Case Study of CLIP,"['Lei Li', 'Jingjing Xu', 'Qingxiu Dong', 'Ce Zheng', 'Qi Liu', 'Lingpeng Kong', 'Xu Sun']","['Department of Computer Science,University of Hong Kong(hku.hk)', 'Shanghai AI Lab(pku.edu.cn)', 'Peking University(pku.edu.cn)', 'Peking University(pku.edu.cn)', 'Computer Science,University of Hong Kong(hku.hk)', 'Department of Computer Science, The University of Hong Kong(cs.hku.hk)', 'dept of computer science,Peking University(pku.edu.cn)']",,Hong Kong; China,26,3
ML-ViG: Multi-Label Image Recognition with Vision Graph Convolutional Network,"['Ruijie Yao', 'Sheng Jin', 'Wentao Liu', 'Chen Qian', 'Ping Luo', 'Ji Wu']","['Duke University(duke.edu)', 'SenseTime Research(sensetime.com)', 'Sensetime(sensetime.com)', 'Department of Computer Sicence and Technology,Tsinghua University, Tsinghua University(mails.tsinghua.edu.cn)', 'The University of Hong Kong(hku.hk)', 'Tsinghua University, Tsinghua University(tsinghua.edu.cn)']",,United States; China; Hong Kong,106,1
Warped Convolutional Networks: Bridge Homography to $\mathfrak{sl}(3)$ algebra by Group Convolution,"['Xinrui Zhan', 'Yang Li', 'Wenyu Liu', 'Jianke Zhu']","['Zhejiang University(zju.edu.cn)', 'School of Computer Science and Technology,East China Normal University(ecnu.edu.cn)', 'Fujian Normal University(fjnu.edu.cn)', 'College of Computer Science,Zhejiang University(zju.edu.cn)']",,China,2,2
Disentangling Writer and Character Styles for Handwriting Generation,"['Gang Dai', 'Yifan Zhang', 'Qingfeng Wang', 'Qing Du', 'Zhuliang Yu', 'Shuangping Huang']","['South China University of Technology(scut.edu.cn)', 'MiroMind AI(miromind.ai)', 'School of Electronic and Information Engineering,South China University of Technology(scut.edu.cn)', 'South China University of Technology(scut.edu.cn)', 'South China University of Technology(scut.edu.cn)', 'School of Electronic and Information Engineering,South China University of Technology(scut.edu.cn)']","26 March, 2023",China,486,486
Deep Leakage from Model in Federated Learning,"['Zihao Zhao', 'Mengen Luo', 'Wenbo Ding']","['Georgia Institute of Technology(gatech.edu)', 'tsinghua-berkeley shenzhen institute(mails.tsinghua.edu.cn)', 'Tsinghua Univeresity(sz.tsinghua.edu.cn)']",June 2022,United States,18,
learning hierarchical multi-agent cooperation with long short-term intention,"['Hongyu Wang', 'Pengfei Wang', 'Nenggan Zheng']","['Zhejiang University(zju.edu.cn)', 'Zhejiang University(zju.edu.cn)', 'Not Found']",,China,2,2
FEAT: A general framework for Feature-aware Multivariate Time-series Representation Learning ,"['Subin Kim', 'Euisuk Chung', 'Pilsung Kang']","['Kakaobank(kakaobank.com)', 'Korea University(korea.ac.kr)', 'Industrial Engineering,Seoul National University(snu.ac.kr)']",,South Korea,,20
Existence of a bad local minimum of neural networks with general smooth activation functions,"['Yeachan Park', 'Myungjoo Kang']","['Center for Artificial Intelligence and Natural Sciences,Korea institute for advanced study(kias.re.kr)', 'Mathematical Sciences,Seoul National University(snu.ac.kr)']",,South Korea,,20
On Incremental Learning with Long Short Term Strategy,"['Yichen Lu', 'Weihua Chen', 'Xiuyu Sun']","['Beijing University of Posts and Telecommunications(bupt.edu.cn)', 'DAMO,Alibaba Group(alibaba-inc.com)', 'Shanghai Academy of Artificial Intelligence for Science(sais.com.cn)']",,China,35,
Efficient Point Cloud Geometry Compression Through Neighborhood Point Transformer,"['Ruixiang Xue', 'Jianqiang Wang', 'Zhan Ma']","['Nanjing University(nju.edu.cn)', 'CS,City University of Hong Kong(cityu.edu.hk)', 'Nanjing University(nju.edu.cn)']",,China; Hong Kong,6,6
RotoGBML: Towards Out-of-Distribution Generalization for Gradient-Based Meta-Learning,"['Zhang Min', 'Zifeng Zhuang', 'Zhitao Wang', 'Donglin Wang', 'Wenbin Li']","['Not Found', 'Westlake University(westlake.edu.cn)', 'Westlake University(westlake.edu.cn)', 'School of Engineering,Westlake University(westlake.edu.cn)', 'School of Intelligence Science and Technology,Nanjing University(nju.edu.cn)']",March 2023,China,46,6
How and Why We Detect Distribution Shift: Critical Analysis of Methods and Benchmarks,"['Hongjun Wang', 'Sagar Vaze', 'Kai Han']","['The University of Hong Kong(hku.hk)', 'Mistral AI(mistral.ai)', 'The University of Hong Kong(hku.hk)']",,Hong Kong,26,26
Distill Vision Transformers to CNNs via Low-Rank Representation Approximation,"['Xufeng Yao', 'Yuechen ZHANG', 'Zuyao Chen', 'Jiaya Jia', 'Bei Yu']","['The Chinese University of Hong Kong(cuhk.edu.hk)', 'Computer Science and Engineering,The Chinese University of Hong Kong(cuhk.edu.hk)', 'Department of Computing,The Hong Kong Polytechnic University(polyu.edu.hk)', 'Department of Computer Science and Engineering, Hong Kong University of Science and Technology(cse.ust.hk)', 'Department of Computer Science and Engineering, The Chinese University of Hong Kong(cse.cuhk.edu.hk)']",,Hong Kong,26,26
$\textrm{D}^3\textrm{Former}$: Debiased Dual Distilled Transformer for Incremental Learning,"['Abdelrahman Mohamed', 'Rushali Grandhe', 'Joseph K J', 'Salman Khan', 'Fahad Khan']","['Mohamed bin Zayed University of Artificial Intelligence(mbzuai.ac.ae)', 'Not Found', 'Not Found', 'Not Found', 'Not Found']",,United Arab Emirates,31,31
SDT: Specific Domain Training in Domain Generalization,"['Saeed Karimi', 'Hamdi Dibeklioglu']","['Not Found', 'Not Found']",,,,
Score-Based Graph Generative Modeling with Self-Guided Latent Diffusion,"['Ling Yang', 'Zhilong Zhang', 'Wentao Zhang', 'Shenda Hong']","['Not Found', 'Not Found', 'Not Found', 'Not Found']",,,,
Pixel-Level Task Helps Pruned Network Transfer to Downstream Tasks,"['Ruichen Li', 'Binghui Li', 'Qi Qian', 'Liwei Wang']","['Not Found', 'Not Found', 'Not Found', 'Not Found']",,,,
Is Class Incremental Learning Truly Learning Representations Continually?,"['Sungmin Cha', 'Dongsub Shim', 'Hyunwoo Kim', 'Moontae Lee', 'Honglak Lee', 'Taesup Moon']","['Not Found', 'Not Found', 'Not Found', 'Not Found', 'Not Found', 'Not Found']",,,,
Optimising Event-Driven Spiking Neural Network with Regularisation and Cutoff,"['Dengyu Wu', 'Gaojie Jin', 'Han Yu', 'Xinping Yi', 'Xiaowei Huang']","['Not Found', 'Not Found', 'Not Found', 'Not Found', 'Not Found']","23 January, 2023",,,
MATS: Memory Attention for Time-Series forecasting,"['Jincheng YU', 'Lifeng Shen', 'Han Shi', 'James Kwok']","['Not Found', 'Not Found', 'Not Found', 'Not Found']",,,,
Exploring Generalization of Non-Contrastive self-supervised Learning,"['Zhexiao Cao', 'Yinquan Wang', 'Tian Wang', 'Lei Huang', 'Jinhu Lu', 'Baochang Zhang', 'Aichun Zhu', 'Hichem Snoussi']","['Not Found', 'Not Found', 'Not Found', 'Not Found', 'Not Found', 'Not Found', 'Not Found', 'Not Found']",,,,
Detecting Backdoor Attacks via Layer-wise Feature Analysis,"['Najeeb Moharram Jebreel', 'Yiming Li', 'Josep Domingo-Ferrer', 'Shu-Tao Xia']","['Not Found', 'Not Found', 'Not Found', 'Not Found']",,,,
DropAut: Automatic Dropout Approaches to learn and adapt Drop Rates,"['Giuseppe Ruggiero', 'Luigi Di Caro']","['Not Found', 'Not Found']",,,,
RankCSE: Unsupervised Sentence Representations Learning via Learning to Rank,"['Jiduan Liu', 'Jiahao Liu', 'Qifan Wang', 'Jingang Wang', 'Wei Wu', 'Dongyan Zhao', 'Rui Yan']","['Not Found', 'Not Found', 'Not Found', 'Not Found', 'Not Found', 'Not Found', 'Not Found']",May 2023,,,
Multiple Invertible and Equivariant Transformation for Disentanglement in VAEs,"['Hee-Jun Jung', 'Kangil Kim']","['Not Found', 'Not Found']","5 February, 2025",,,
On the Expressive Equivalence Between Graph Convolution and Attention Models,"['Dai Shi', 'zhiqi shao', 'Andi Han', 'Junbin Gao', 'Yi Guo']","['Not Found', 'Not Found', 'Not Found', 'Not Found', 'Not Found']",,,,
Neural Layered Min-sum Decoders for Algebraic Codes,"['Ming Wang', 'Rui Liu', 'Huihui Wu', 'Yong Li']","['Not Found', 'Not Found', 'Not Found', 'Not Found']",,,,
The Importance of Suppressing Complete Reconstruction in Autoencoders for Unsupervised Outlier Detection,"['Yafei Shen', 'Ling Yang']","['Not Found', 'Not Found']",,,,
FrAug: Frequency Domain Augmentation for Time Series Forecasting,"['Muxi Chen', 'Zhijian Xu', 'Ailing Zeng', 'Qiang Xu']","['Not Found', 'Not Found', 'Not Found', 'The Chinese University of Hong Kong(cuhk.edu.hk)']",February 2023,Hong Kong,26,26
Continual Learning via Adaptive Neuron Selection,"['Qiang Gao', 'Siqi Yang', 'Xiaojun Shan', 'Fan Zhou', 'Goce Trajcevski']","['School of Computing and Artificial Intelligence,Southwestern University of Finance and Economics(swufe.edu.cn)', 'University of Electronic Science and Technology of China(uestc.edu.cn)', 'University of California, San Diego(ucsd.edu)', 'School of Information and Software Engineering,University of Electronic Science and Technology of China(uestc.edu.cn)', 'Electrical and Computer Engineering,Iowa State University(iastate.edu)']",,Canada; China; United States,358,200
Revisiting Fast Adversarial Training,"['Xiaojun Jia', 'YueFeng Chen', 'Xiaofeng Mao', 'Jindong Gu', 'Ranjie Duan', 'Rong Zhang', ""Hui Xue'"", 'Xiaochun Cao']","['College of Computing and Data Science,Nanyang Technological University(ntu.edu.sg)', 'Alibaba Group(alibaba-inc.com)', 'Alibaba Group(antgroup.com)', 'Not Found', 'Security,Alibaba Group(alibaba-inc.com)', 'Huazhong University of Science and Technology(hust.edu.cn)', 'Security Department,Alibaba Group(alibaba-inc.com)', 'School of Cyber Science and Technology,SUN YAT-SEN UNIVERSITY(sysu.edu.cn)']",August 2023,Singapore; China,8,29
Deep High-Frequency Extrapolation for Neuronal Spike Restoration,"['Nari Hong', 'Jaewon Lee', 'Boil Kim', 'Han Kyoung Choe', 'Kyong Hwan Jin', 'Hongki Kang']","['Daegu Gyeongbuk Institute of Science and Technology(dgist.ac.kr)', 'ETHZ - ETH Zurich(ethz.ch)', 'Daegu Gyeongbuk Institute of Science and Technology(dgist.ac.kr)', 'Not Found', 'School of Electrical Engineering,Korea University(korea.ac.kr)', 'Daegu Gyeongbuk Institute of Science and Technology(dgist.ac.kr)']",,South Korea; Switzerland,244,244
Improving Model Consistency of Decentralized Federated Learning via Sharpness Aware Minimization and Multiple Gossip Approaches,"['Yifan Shi', 'Li Shen', 'Kang Wei', 'Yan Sun', 'Bo Yuan', 'Xueqian Wang', 'Dacheng Tao']","['Not Found', 'Sun Yat-Sen University(mail.sysu.edu.cn)', 'Southeast University(seu.edu.cn)', 'Computer Science,University of Sydney(uni.sydney.edu.au)', 'Research Institute of Tsinghua University in Shenzhen(tsinghua-sz.org)', 'Tsinghua University,Tsinghua University(tsinghua.edu.cn)', 'Not Found']",,China; Australia,29,1
ExtraMix: Extrapolatable Data Augmentation for Regression using Generative Models,"['Kisoo Kwon', 'Kuhwan Jeong', 'Sanghyun Park', 'Sangha Park', 'Hoshik Lee', 'Seung-Yeon Kwak', 'Sungmin Kim', 'Kyunghyun Cho']","['Samsung(samsung.com)', 'Seoul National University(stat.snu.ac.kr)', 'INSEAD(insead.edu)', 'Samsung(samsung.com)', 'College of William and Mary(wm.edu)', 'Samsung(samsung.com)', 'SAIT(samsung.com)', 'Genentech(gene.com)']",,South Korea; United States,,
Lightweight Uncertainty for Offline Reinforcement Learning via Bayesian Posterior,"['Xudong Yu', 'Chenjia Bai', 'Hongyi Guo', 'Lingxiao Wang', 'Changhong Wang', 'Zhen Wang', 'Zhaoran Wang']","['Polixir(polixir.ai)', 'TeleAI, China Telecom(chinatelecom.cn)', 'Northwestern University, Northwestern University(u.northwestern.edu)', 'Northwestern University(northwestern.edu)', 'Not Found', 'school of cybersecurity,Northwestern Polytechnical University(nwpu.edu.cn)', 'Northwestern University(northwestern.edu)']",,United States; China,,75
Volumetric Disentanglement  for 3D Scene Manipulation,"['Sagie Benaim', 'Frederik Rahbæk Warburg', 'Peter Ebert Christensen', 'Serge Belongie']","['Computer Science,Hebrew University of Jerusalem(huji.ac.il)', 'Teton.ai(teton.ai)', 'Department of Computer Science,University of Copenhagen(diku.dk)', 'Computer Science,University of Copenhagen(ku.dk)']",June 2022,Israel; Denmark,126,88
Supplementing Domain Knowledge to BERT with Semi-structured Information of Documents,"['Chen Jing', 'Zhihua Wei', 'Jiaqi Wang', 'Rui Wang', 'Chuanyang Gong']","['Tongji University(tongji.edu.cn)', 'Department of Computer Science and Technology,Tongji University(tongji.edu.cn)', 'Tongji University(tongji.edu.cn)', 'Tongji University(tongji.edu.cn)', 'Tongji University(tongji.edu.cn)']",,China,100,100
Window Projection Features are All You Need for Time Series Anomaly Detection,"['Issar Tzachor', 'Yedid Hoshen']","['Not Found', 'Computer Science,Hebrew University of Jerusalem(huji.ac.il)']",,Israel,126,126
Inapplicable Actions Learning for Knowledge Transfer in Reinforcement Learning,"['Leo Ardon', 'Alberto Pozanco', 'Daniel Borrajo', 'Sumitra Ganesh']","['J.P. Morgan AI Research(jpmorgan.com)', 'Not Found', 'Not Found', 'J.P. Morgan Chase(jpmorgan.com)']","28 November, 2022",,,
CENTROID-BASED JOINT REPRESENTATION FOR HUMAN POSE ESTIMATION AND INSTANCE SEGMENTATION,"['Niaz Ahmad', 'Jawad Khan', 'Jeremy Yuhyun Kim', 'Youngmoon Lee']","['Computer Science,Toronto Metropolitan University(torontomu.ca)', 'AI and Software Department,Gachon University(gachon.ac.kr)', 'Not Found', 'Hanyang University(hanyang.ac.kr)']",,Canada; South Korea,,222
Addressing Variable Dependency in GNN-based SAT Solving,"['Yan Zhiyuan', 'Min Li', 'Zhengyuan Shi', 'Wenjie Zhang', 'Ying-Cong Chen', 'Hongce Zhang']","['Hong Kong University of Science and Technology(Guangzhou)(hkust.edu)', 'School of Integrated Circuit,Southeast University(seu.edu.cn)', 'The Chinese University of Hong Kong(cuhk.edu.hk)', 'School of Computering,National University of Singapore(nus.edu.sg)', 'AI,The Hong Kong University of Science and Technology(hkust-gz.edu.cn)', 'The Hong Kong University of Science and Technology (Guangzhou)(hkust-gz.edu.cn)']",April 2023,Hong Kong; China; Singapore,10,10
Adversarial Examples Guided Pseudo-label Refinement for Decentralized Domain Adaptation,"['Gang Li', 'Qifei Zhang', 'Peizheng Wang', 'Jie Zhang', 'Chao Wu']","['Zhejiang University(zju.edu.cn)', 'School of Software,Zhejiang University(zju.edu.cn)', 'Zhejiang University(zju.edu.cn)', 'Department of Computer Science, ETHZ - ETH Zurich(inf.ethz.ch)', 'School of Public Affairs,Zhejiang University(zju.edu.cn)']",,China; Switzerland,2,2
Black-box Knowledge Distillation,"['Ying Jin', 'Jiaqi Wang', 'Dahua Lin']","['Information Engineering,The Chinese University of Hong Kong(ie.cuhk.edu)', 'Not Found', 'Not Found']",May 2024,Hong Kong,26,26
Open Set Recognition by Mitigating Prompt Bias,"['Ning Liao', 'XIAOPENG ZHANG', 'Dongsheng Jiang', 'Junchi Yan', 'Qi Tian']","['Not Found', 'Not Found', 'Not Found', 'Not Found', 'Not Found']",,,,
Molecule Generation for Target Receptor Binding via Continuous Normalizing Flows,"['Eyal Rozenberg', 'Daniel Freedman']","['Not Found', 'Not Found']",,,,
GPR-Net: Multi-view Layout Estimation via a Geometry-aware Panorama Registration Network,"['Jheng-Wei Su', 'Chi-Han Peng', 'Peter Wonka', 'Hung-Kuo Chu']","['Not Found', 'Not Found', 'Not Found', 'Not Found']","20 October, 2022",,,
Relative Contribution Mechanism: A Unified Paradigm for Disassembling Convolutional Neural Networks,"['Jiacong Hu', 'Jing Gao', 'Zunlei Feng', 'Lechao Cheng', 'Cheng Jin', 'Mingli Song']","['Not Found', 'Not Found', 'Not Found', 'Not Found', 'Not Found', 'Not Found']",,,,
Leveraging Hard Negative Priors for Automatic Medical Report Generation,"['Bhanu Prakash Voutharoja', 'Lei Wang', 'Luping Zhou']","['Not Found', 'Not Found', 'Not Found']",,,,
Style Balancing and Test-Time Style Shifting for Domain Generalization,"['Jungwuk Park', 'Dong-Jun Han', 'Soyeong Kim', 'Jaekyun Moon']","['Not Found', 'Not Found', 'Not Found', 'Not Found']",,,,
Least Disagree Metric-based Active Learning,"['Seong Jin Cho', 'Gwangsu Kim', 'Junghyun Lee', 'Chang D. Yoo']","['Not Found', 'Not Found', 'Not Found', 'Not Found']",,,,
NSCL: Noise-Resistant Soft Contrastive Learning for Universal Domain Adaptation,"['Zelin Zang', 'Lei Shang', 'Senqiao Yang', 'Baigui Sun', 'Xuansong Xie', 'Stan Z. Li']","['Not Found', 'Not Found', 'Not Found', 'Not Found', 'Not Found', 'Not Found']",,,,
Global-Local Bayesian Transformer for Semantic Correspondence,"['Qingping Zheng', 'Jiankang Deng', 'Mingming Gong', 'Ying Li', 'Stefanos Zafeiriou']","['Not Found', 'Not Found', 'Not Found', 'Not Found', 'Not Found']",,,,
Semantic Category Discovery with Vision-language Representations,"['Kai Han', 'YANDONG LI', 'Sagar Vaze', 'Xuhui Jia']","['Not Found', 'Not Found', 'Not Found', 'Not Found']",,,,
Deep Causal Generative Modeling for Tabular Data Imputation and Intervention,"['Xiaohan Jiang', 'Sen Liu', 'Hongbin Zhu']","['Not Found', 'Not Found', 'Not Found']",,,,
Unified Probabilistic Modeling of Image Aesthetic Rating Distributions towards Measuring Subjectivity,"['Hyeongnam Jang', 'Yeejin Lee', 'Jong-Seok Lee']","['Not Found', 'Not Found', 'Not Found']",,,,
Analyzing adversarial robustness of vision transformers against spatial and spectral attacks,"['Gihyun Kim', 'Jong-Seok Lee']","['Not Found', 'Not Found']",,,,
MULTI-VIEW DEEP EVIDENTIAL FUSION NEURAL NETWORK FOR ASSESSMENT OF SCREENING MAMMOGRAMS,"['Naga Raju Gudhe', 'Mazen Sudah', 'Arto Mannermaa', 'Veli-Matti Kosma', 'Hamid Behravan']","['Not Found', 'Not Found', 'Not Found', 'Not Found', 'Not Found']",,,,
Data-Free Continual Graph Learning ,"['Daiqing Qi', 'Handong Zhao', 'Yun Fu', 'Sheng Li']","['Not Found', 'Not Found', 'Not Found', 'Not Found']",,,,
Joint Generator-Ranker Learning for Natural Language Generation,"['Weizhou Shen', 'Yeyun Gong', 'Yelong Shen', 'Song Wang', 'Xiaojun Quan', 'Nan Duan', 'Weizhu Chen']","['Not Found', 'Not Found', 'Not Found', 'Not Found', 'Not Found', 'Not Found', 'Not Found']","28 June, 2022",,,
The Progressive Alignment-aware Multimodal Fusion with Easy2hard Strategy for Multimodal Neural Machine Translation,"['Junjie Ye', '严翔', 'Junjun Guo', 'Zhengtao Yu']","['Not Found', 'Not Found', 'Not Found', 'Not Found']",,,,
Can you Trust your Disentanglement?,"['Louis Mahon', 'Lei Sha', 'Thomas Lukasiewicz']","['Not Found', 'Not Found', 'Not Found']",,,,
Measuring Image Complexity as a Discrete Hierarchy using MDL Clustering,"['Louis Mahon', 'Thomas Lukasiewicz']","['School of Informatics, University of Edinburgh(inf.ed.ac.uk)', 'Institute of Logic and Computation, Technische Universität Wien(tuwien.ac.at)']",,United Kingdom,42,
Adversarial IV Regression for Demystifying Causal Features on Adversarial Examples,"['Junho Kim', 'Byung-Kwan Lee', 'Yong Man Ro']","['University of Illinois at Urbana-Champaign(illinois.edu)', 'NVIDIA(nvidia.com)', 'The Kim Jaechul Graduate School of AI,Korea Advanced Institute of Science & Technology(kaist.ac.kr)']",,United States; South Korea,7,8
Impact of the Last Fully Connected Layer on Out-of-distribution Detection,"['Jinhong Lin', 'Haoxuan Qu', 'Jun Liu']","['Department of Electrical and Computer Engineering,University of Wisconsin - Madison(wisc.edu)', 'Lancaster University(lancaster.ac.uk)', 'Lancaster University(lancaster.ac.uk)']",,United States; United Kingdom,66,146
Multi-Level Contrastive Learning for Dense Prediction Task,"['Qiushan Guo', 'Yizhou Yu', 'Jiannan Wu', 'Yi Jiang', 'Dongdong Yu', 'Zehuan Yuan', 'Ping Luo']","['ByteDance Inc.(bytedance.com)', 'The University of Hong Kong(hku.hk)', 'University of Hong Kong(hku.hk)', 'Bytedance(bytedance.com)', 'CASIA,Institute of automation, Chinese academy of science, Chinese Academy of Sciences(ia.ac.cn)', 'ByteDance Inc.(bytedance.com)', 'The University of Hong Kong(hku.hk)']",April 2023,China; Hong Kong,,26
Unleashing Vanilla Vision Transformer with Masked Image Modeling for Object Detection,"['Yuxin Fang', 'Shusheng Yang', 'Shijie Wang', 'Yixiao Ge', 'Ying Shan', 'Xinggang Wang']","['Not Found', 'Courant Institute of Mathematical Sciences,New York University(nyu.edu)', 'Huazhong University of Science and Technology(hust.edu)', 'Tencent(tencent.com)', 'Center of Visual Computing,Tencent AI Lab Center of Visual Computing(ai.tencent.com)', 'School of Electronic Information and Communications,Huazhong University of Science and Technology(hust.edu.cn)']","6 April, 2022",United States; China,38,71
Group-oriented Cooperation in Multi-Agent Reinforcement Learning,"['Yifan Zang', 'Jinmin He', 'Kai Li', 'Haobo Fu', 'QIANG FU', 'Junliang Xing', 'Jian Cheng']","['Institute of Automation, Chinese Academy of Sciences(ia.ac.cn)', 'Institute of Automation, Chinese Academy of Sciences(ia.ac.cn)', 'Institute of automation, Chinese academy of science, Chinese Academy of Sciences(ia.ac.cn)', 'Tencent AI Lab(tencent.com)', 'Tencent,Tencent AI Lab(tencent.com)', 'Department of Computer Science and Technology, Tsinghua University,Tsinghua University(tsinghua.edu.cn)', 'National Lab of Pattern Recognition,Institute of Automation, Chinese Academy of Sciences(ia.ac.cn)']",,China,12,12
CacheGNN: Enhancing Graph Neural Networks with Global Information Caching,"['Ruihong Zeng', 'Jinyuan Fang', 'Zaiqiao Meng', 'Shangsong Liang']","['SUN YAT-SEN UNIVERSITY(sysu.edu)', 'Computing Science,University of Glasgow(glasgow.ac.uk)', 'University of Glasgow(glasgow.ac.uk)', 'School of Computer Science and Engineering,SUN YAT-SEN UNIVERSITY(sysu.edu.cn)']",,China; United Kingdom,29,29
Towards Information-Theoretic Pattern Mining in Time Series,"['Alireza Ghods', 'Trong Nghia Hoang', 'Diane Cook']","['Truveta(truveta.com)', 'EECS,Washington State University(eecs.wsu.edu)', ', Washington State University(eecs.wsu.edu)']",,United States,,292
On the Power-Law Hessian Spectra in Deep Learning,"['Zeke Xie', 'Qian-Yuan Tang', 'YUNFENG CAI', 'Mingming Sun']","['HKUST(GZ)(hkust-gz.edu.cn)', 'Not Found', 'Machine Learning,Beijing Institute of Mathematical Sciences and Applications(bimsa.cn)', 'Beijing Institute of Mathematical Sciences and Applications(bimsa.cn)']",,Hong Kong,10,
SuperMarioDomains: Generalizing to Domains with Evolving Graphics,"['Yiran Luo', 'Joshua Feinglass', 'Tejas Gokhale', 'Chitta Baral', 'Yezhou Yang']","['Not Found', 'AI@GSR,Green Squirrel Research(greensquirrel.net)', 'Not Found', 'School of Computing and AI,Arizona State University(asu.edu)', 'Prime Video,Amazon(amazon.com)']",,United States,,
Multi-agent Linear Contextual Bandits with Bounded O(1) Regret,['Hyunwook Kang'],['University of Washington(uw.edu)'],,United States,22,22
Visual Reinforcement Learning with Self-Supervised 3D Representations,"['Yanjie Ze', 'Nicklas Hansen', 'Yinbo Chen', 'Mohit Jain', 'Xiaolong Wang']","['Computer Science,Stanford University(stanford.edu)', 'University of California San Diego(ucsd.edu)', 'Not Found', 'University of California, San Diego(ucsd.edu)', 'ECE,University of California, San Diego(ucsd.edu)']","13 October, 2022",United States,16,12
Group-Equivariant Transformers Without Positional Encoding,"['Byungjin Kim', 'Minsu Cho']","['POSTECH(postech.ac.kr)', 'Computer Science and Engineering,POSTECH(postech.ac.kr)']",,South Korea,88,88
CUSTOMIZING PRE-TRAINED DIFFUSION MODELS FOR YOUR OWN DATA,"['Sangyun Lee', 'Jong Chul Ye']","['CMU, Carnegie Mellon University(andrew.cmu.edu)', 'Graduate School of AI,Korea Advanced Institute of Science and Technology(kaist.ac.kr)']",,United States; South Korea,3,8
Deep Learning-based Source Code Complexity Prediction,"['Mingi Jeon', 'Seung-yeop Baik', 'Joonghyuk Hahn', 'Yo-Sub Han', 'Sang-Ki Ko']","['Kangwon National University(kangwon.ac.kr)', 'Not Found', 'Yonsei University(yonsei.ac.kr)', 'College of Computing,Yonsei University(yonsei.ac.kr)', 'University of Seoul(uos.ac.kr)']",,South Korea,,
SpeechLM: Enhanced Speech Pre-Training with Unpaired Textual Data,"['Ziqiang Zhang', 'Sanyuan Chen', 'Long Zhou', 'Yu Wu', 'Shuo Ren', 'Shujie LIU', 'Zhuoyuan Yao', 'Xun Gong', 'Lirong Dai', 'Jinyu Li', 'Furu Wei']","['University of Science and Technology of China(ustc.edu.cn)', 'FAIR,Facebook(meta.com)', 'Microsoft Research Asia(microsoft.com)', 'Deepseek(deepseek.com)', 'Institute of automation, Chinese academy of science, Chinese Academy of Sciences(ia.ac.cn)', 'MSRA,Microsoft(microsoft.com)', ""Northwestern Polytechnical University, Northwest Polytechnical University Xi'an(mai.nwpu.edu.cn)"", 'Not Found', 'Not Found', 'AI Service,Microsoft(microsoft.com)', 'Microsoft Research(microsoft.com)']","30 September, 2022",China,11,
Uncertainty Guided Depth Fusion for Spike Camera,"['Jianing Li', 'Jiaming Liu', 'Qizhe Zhang', 'Ming Lu', 'Tiejun Huang', 'Shanghang Zhang']","['Electronic Engineering,Nanjing University(nju.edu.cn)', 'Peking University(pku.edu.cn)', 'Not Found', 'Not Found', 'Not Found', 'Not Found']","26 August, 2022",China,6,3
Personalized Semantics Excitation for Federated Image Classification,"['Haifeng Xia', 'Kai Li', 'Zhengming Ding']","['Not Found', 'Not Found', 'Not Found']",,,,
Theoretical generalization bounds for improving the efficiency of deep online training,"['Nguyen Dinh Quoc', 'Tuan-Duy Hien Nguyen', 'Toan Tran']","['Not Found', 'Not Found', 'Not Found']",,,,
FedDM: Iterative Distribution Matching for Communication-Efficient Federated Learning,"['Yuanhao Xiong', 'Ruochen Wang', 'Minhao Cheng', 'Felix Yu', 'Cho-Jui Hsieh']","['Not Found', 'Not Found', 'Not Found', 'Not Found', 'Not Found']",July 2022,,,
A Representation Bottleneck of Bayesian Neural Networks,"['Qihan Ren', 'Huiqi Deng', 'Yunuo Chen', 'Siyu Lou', 'Quanshi Zhang']","['Not Found', 'Not Found', 'Not Found', 'Not Found', 'Not Found']",,,,
Bias Mimicking: A Simple Sampling Approach for Bias Mitigation,"['Maan Qraitem', 'Kate Saenko', 'Bryan A. Plummer']","['Not Found', 'Not Found', 'Not Found']","30 September, 2022",,,
From Coarse to Fine-grained Concept based Discrimination for Phrase Detection,"['Maan Qraitem', 'Bryan A. Plummer']","['Not Found', 'Not Found']","6 December, 2021",,,
3D Molecular Generation by Virtual Dynamics,"['Shuqi Lu', 'Lin Yao', 'Xi Chen', 'Hang Zheng', 'Guolin Ke']","['Not Found', 'Not Found', 'Not Found', 'Not Found', 'Not Found']",February 2023,,,
Better handling unlabeled entity problem using PU-learning and negative sampling,"['Shunqin Zhang', 'Xuan Zhang', 'Wenduo He', 'Sanguo Zhang']","['Not Found', 'Not Found', 'Not Found', 'Not Found']",,,,
Class Prototype-based Cleaner for Label Noise Learning,"['Jingjia Huang', 'Yuanqi Chen', 'Jiashi Feng', 'Xinglong Wu']","['Not Found', 'Not Found', 'Not Found', 'Not Found']",December 2022,,,
Improving Vision Attention with Random Walk Graph Kernel,"['Yifei Zhang', 'Kecheng Zheng', 'Yujun Shen', 'Yu Liu', 'Lianghua Huang', 'Zhantao Yang', 'Han Zhang', 'Deli Zhao', 'Fan Cheng']","['Not Found', 'Not Found', 'Not Found', 'Not Found', 'Not Found', 'Not Found', 'Not Found', 'Not Found', 'Not Found']",,,,
Multiscale Multimodal Transformer for Multimodal Action Recognition,"['Wentao Zhu', 'Keval Doshi', 'Jingru Yi', 'Xiaohang Sun', 'Zhu Liu', 'Linda Liu', 'Hao Xiang', 'XIAOLONG WANG', 'Mohamed Omar', 'Ahmed Saad']","['Not Found', 'Not Found', 'Not Found', 'Not Found', 'Not Found', 'Not Found', 'Not Found', 'Not Found', 'Not Found', 'Not Found']",,,,
Partition Matters in Learning and Learning-to-Learn Implicit Neural Representations,"['Ke Liu', 'Feng Liu', 'Haishuai Wang', 'Ning Ma', 'Jiajun Bu', 'Bo Han']","['Not Found', 'Not Found', 'Not Found', 'Not Found', 'Not Found', 'Not Found']",,,,
Hybrid and Collaborative Passage Reranking,"['Zongmeng Zhang', 'Wengang Zhou', 'Jiaxin Shi', 'Houqiang Li']","['Not Found', 'Not Found', 'Not Found', 'Not Found']",May 2023,,,
AVT: Audio-Video Transformer for Multimodal Action Recognition,"['Wentao Zhu', 'Mohamed Omar', 'Jingru Yi', 'Xiaohang Sun', 'Kevin Hsu', 'Burak Uzkent', 'Ashutosh Sanan', 'Linda Liu', 'Xiang Hao', 'XIAOLONG WANG', 'Ahmed Saad']","['Not Found', 'Not Found', 'Not Found', 'Not Found', 'Not Found', 'Not Found', 'Not Found', 'Not Found', 'Not Found', 'Not Found', 'Not Found']",,,,
Important Channel Tuning,"['Hengyuan Zhao', 'Pichao WANG', 'Yuyang Zhao', 'Fan Wang', 'Mike Zheng Shou']","['National University of Singapore(u.nus.edu)', 'Amazon(amazon.com)', 'NVIDIA Research,NVIDIA(nvidia.com)', 'Alibaba Group(alibaba-inc.com)', 'National University of Singapore(nus.edu.sg)']",,Singapore; United States,12,12
SimForest:  An Efficient Plug-in to Boost Few-Shot Learning Performance,"['Yunwei Bai', 'Bill Cai', 'Zangwei Zheng', 'Ying Kiat Tan']","['National University of Singapore(nus.edu.sg)', 'Not Found', 'National University of Singapore(nus.edu.sg)', 'Not Found']",,Singapore,12,12
Domain-Specific Risk Minimization for Out-of-Distribution Generalization,"['YiFan Zhang', 'Jindong Wang', 'Jian Liang', 'Zhang Zhang', 'Baosheng Yu', 'Liang Wang', 'Xing Xie', 'Dacheng Tao']","['Institute of automation, Chinese academy of science(nlpr.ia.ac.cn)', 'Department of Data Science,William & Mary(wm.edu)', 'Institute of automation, Chinese academy of science, Chinese Academy of Sciences(ia.ac.cn)', 'Institute of automation, Chinese academy of science, Chinese Academy of Sciences(ia.ac.cn)', 'Nanyang Technological University(ntu.edu.sg)', 'NLPR,Institute of Automation， CAS，China(ia.ac.cn)', 'Microsoft Research Asia(microsoft.com)', 'Not Found']","18 August, 2022",China; Singapore,,
SpeedAug: A Simple Co-Augmentation Method for Unsupervised Audio-Visual Pre-training,"['Jiangliu Wang', 'Jianbo Jiao', 'Yibing Song', 'Stephen James', 'Zhan Tong', 'Pieter Abbeel', 'Yun-Hui Liu']","['The Chinese University of Hong Kong(cuhk.edu.hk)', 'University of Birmingham(bham.ac.uk)', 'Tencent(tencent.com)', 'Computing,Imperial College London(imperial.ac.uk)', 'KU Leuven(kuleuven.be)', 'Amazon(amazon.com)', 'University of Tokyo,The Chinese University of Hong Kong(cuhk.edu.hk)']",,Hong Kong; United Kingdom; Belgium,26,26
RegCLR: A Self-Supervised Framework for Tabular Representation Learning in the Wild,"['Weiyao Wang', 'BYUNG-HAK KIM', 'Varun Ganapathi']","['Robotics,Amazon(amazon.com)', 'Financial AI Lab,Hyundai Card(hcs.com)', 'Stanford University(stanford.edu)']",November 2022,United States,,16
Randomized Smoothing with Masked Inference for Adversarially Robust NLP Systems,"['Han Cheol Moon', 'Shafiq Joty', 'Ruochen Zhao', 'Megh Thakkar', 'Xu Chi']","['Samsung(samsung.com)', 'Nanyang Technological University(ntu.edu.sg)', 'Nanyang Technological University(ntu.edu.sg)', 'Université de Montréal(umontreal.ca)', 'Resilient Value Chain,Singapore Institute of Manufacturing Technology, A*STAR(simtech.a-star.edu.sg)']",,Singapore; Canada,,
Representing Multi-view Time-series Graph Structures for Multivariate Long-term Time-series Forecasting,"['Wzh Rslh', 'Jin Fan', 'Huifeng Wu', 'Danfeng Sun']","['Tianjin University(tju.edu.cn)', 'Not Found', 'Not Found', 'Not Found']",,China,100,100
Can Language Models Make Fun? A Case Study in Chinese Comical Crosstalk,"['Benyou Wang', 'Wu Xiangbo', 'xiaokang liu', 'Jianquan Li', 'Prayag Tiwari', 'Yongqiang Gao', 'Qianqian Xie']","['School of Data Science,The Chinese University of Hong Kong, Shenzhen(cuhk.edu.cn)', 'SRIBD(sirbd.cn)', 'Tianjin University(tju.edu.cn)', 'Tianjin University(tju.edu.cn)', 'School of Information Technology,Halmstad University(hh.se)', 'Shenzhen Institutes of Advanced Technology, Chinese Academy of Sciences, Chinese Academy of Sciences(siat.ac.cn)', 'School of Artifical Intelligence,Wuhan University(whu.edu.cn)']",,Hong Kong; China,26,31
Chasing Better Deep Image Priors Between Over- and Under-parameterization,"['Qiming Wu', 'Xiaohan Chen', 'Yifan Jiang', 'Zhangyang Wang']","['Not Found', 'Alibaba Group(alibaba-inc.com)', 'University of Texas, Austin(utexas.edu)', 'University of Texas at Austin(utexas.edu)']",October 2024,United States,,49
Clustering-Assisted Foreground and Background Separation for Weakly-supervised Temporal Action Localization,"['Qinying Liu', 'Zilei Wang', 'Junjie Li']","['Tencent HunYuan(tencent.com)', 'Automation,University of Science and Technology of China(ustc.edu.cn)', 'Watrix Technology Limited Co. Ltd(watrix.ai)']",,China,,
Concentric Ring Loss for Face Forgery Detection,"['Yu Yin', 'Yue Bai', 'Yun Fu']","['Computer and Data Sciences,Case Western Reserve University(case.edu)', 'Northeastern University(neu.edu)', 'Northeastern University(northeastern.edu)']",,United States,292,35
MaskConver: A Universal Panoptic and Semantic Segmentation Model with Pure Convolutions,"['Abdullah Rashwan', 'Yeqing Li', 'Xingyi Zhou', 'Jiageng Zhang', 'Fan Yang']","['Adobe Systems(adobe.com)', 'CoreML,Google(google.com)', 'Google(google.com)', 'Google(google.com)', 'Google(google.com)']",,United States,,
Causal Knowledge Transfer from Task Affinity,"['Ahmed Aloui', 'Juncheng Dong', 'Cat Phuoc Le', 'Vahid Tarokh']","['Not Found', 'Not Found', 'Duke University(duke.edu)', 'Not Found']",,United States,106,106
GENERATIVE OF ORIGIN MODEL DISTRIBUTION MASKED WITH EMOTIONS AND TOPICS DISTRIBUTION IN HYBRID METHOD,"['Woohyun Park', 'Dongryeol Shin']","['ECE,Sungkyunkwan University(skku.edu)', 'Not Found']",,South Korea,106,106
Unsupervised Visual Anomaly Detection with Score-Based Generative Model,"['Yapeng Teng', 'HaoYang LI', 'Fuzhen Cai', 'Ming Shao', 'Siyu Xia']","['Southeast University(seu.edu.cn)', 'Southeast University(seu.edu.cn)', 'Southeast University(seu.edu.cn)', 'CS,University of Massachusetts at Lowell(uml.edu)', 'School of Automation,Southeast University(seu.edu.cn)']",,China,38,38
A Data-Based Perspective on Transfer Learning,"['Saachi Jain', 'Hadi Salman', 'Alaa Khaddaj', 'Eric Wong', 'Sung Min Park', 'Aleksander Madry']","['Massachusetts Institute of Technology(mit.edu)', 'Massachusetts Institute of Technology(mit.edu)', 'Massachusetts Institute of Technology(mit.edu)', 'University of Pennsylvania(upenn.edu)', 'Massachusetts Institute of Technology(mit.edu)', 'Not Found']",July 2022,United States,27,27
Cluster and Landmark Attributes Infused Graph Neural Networks for Link prediction,"['Minsang Kim', 'Seung Jun Baek']","['Not Found', 'Not Found']",,,,
Representational Task Bias in Zero-shot Recognition at Scale,"['Sachit Menon', 'Ishaan Preetam Chandratreya', 'Carl Vondrick']","['Not Found', 'Not Found', 'Not Found']",,,,
AxBERT: An Explainable Chinese Spelling Correction Method Driven by Associative Knowledge Network,"['Fanyu Wang', 'Huihui Shao', 'Zhenping Xie']","['Not Found', 'Not Found', 'Not Found']",,,,
PATCH-MIX TRANSFORMER FOR UNSUPERVISED DOMAIN ADAPTATION: A GAME PERSPECTIVE,"['Jinjing Zhu', 'Haotian Bai', 'Lin Wang']","['Not Found', 'Not Found', 'Not Found']","23 March, 2023",,,
GeONet: a neural operator for learning the Wasserstein geodesic,"['Andrew Gracyk', 'Xiaohui Chen']","['Not Found', 'Not Found']","28 September, 2022",,,
Accelerating Adaptive Federated Optimization with Local Gossip Communications,"['Yujia Wang', 'Pei Fang', 'Jinghui Chen']","['Not Found', 'Not Found', 'Not Found']",,,,
On the Complexity of Bayesian Generalization,"['Yu-Zhe Shi', 'Manjie Xu', 'Song-Chun Zhu', 'John E. Hopcroft', 'Kun He', 'Joshua B. Tenenbaum', 'Ying Nian Wu', 'Wenjuan Han', 'Yixin Zhu']","['Not Found', 'Not Found', 'Not Found', 'Not Found', 'Not Found', 'Not Found', 'Not Found', 'Not Found', 'Not Found']","20 November, 2022",,,
SimA: Simple Softmax-free Attention For Vision Transformers,"['Soroush Abbasi Koohpayegani', 'Hamed Pirsiavash']","['Not Found', 'Not Found']","17 June, 2022",,,
Bridging the Gap Between Cascade and End-to-End Cross-modal Translation Models: A Zero-Shot Approach,"['Jichen Yang', 'Kai Fan', 'Minpeng Liao', 'Boxing Chen', 'Zhongqiang Huang']","['Not Found', 'Not Found', 'Not Found', 'Not Found', 'Not Found']",,,,
Compound Tokens: Channel Fusion for Vision-Language Representation Learning,"['Maxwell Mbabilla Aladago', 'AJ Piergiovanni']","['Not Found', 'Not Found']",December 2022,,,
Are vision transformers more robust than CNNs for Backdoor attacks?,"['Akshayvarun Subramanya', 'Aniruddha Saha', 'Soroush Abbasi Koohpayegani', 'Ajinkya Tejankar', 'Hamed Pirsiavash']","['Not Found', 'Not Found', 'Not Found', 'Not Found', 'Not Found']",,,,
RelationCLIP: Training-free Fine-grained Visual and Language Concept Matching,"['Kenan Jiang', 'Xuehai He', 'Ruize Xu', 'Xin Eric Wang']","['Not Found', 'Not Found', 'Not Found', 'Not Found']",,,,
Inverse Kernel Decomposition,"['Chengrui Li', 'Anqi Wu']","['Not Found', 'Not Found']","10 November, 2022",,,
Towards Efficient Posterior Sampling in Deep Neural Networks via Symmetry Removal,"['Jonas Gregor Wiese', 'Lisa Wimmer', 'Bernd Bischl', 'Stephan Günnemann', 'David Rügamer']","['Not Found', 'Not Found', 'Not Found', 'Not Found', 'Not Found']",,,,
Local Stochastic Bilevel Optimization with Momentum-Based Variance Reduction,"['Junyi Li', 'Feihu Huang', 'Heng Huang']","['Not Found', 'Not Found', 'Not Found']",May 2022,,,
FixEval: Execution-based Evaluation of Program Fixes for Competitive Programming Problems,"['Md Mahim Anjum Haque', 'Wasi Uddin Ahmad', 'Ismini Lourentzou', 'Chris Brown']","['Virginia Polytechnic Institute and State University(vt.edu)', 'NVIDIA(nvidia.com)', 'University of Illinois Urbana - Champaign(illinois.edu)', 'Virginia Tech(vt.edu)']",,United States,,88
ON COMPLEX-DOMAIN CNN REPRESENTATIONS FOR CLASSIFYING REAL/COMPLEX-VALUED DATA,"['Mahesh Mohan M R', 'Kartik Srivastava', 'Narendra Ahuja']","['Department of AI,Indian Institute of Technology Kharagpur, Dhirubhai Ambani Institute Of Information and Communication Technology(iitkgp.ac.in)', 'BITS Pilani, Birla Institute of Technology and Science(hyderabad.bits-pilani.ac.in)', 'Electrical and Computer Engineering, Coordinated Science Lab, Computer Science,University of Illinois at Urbana-Champaign(illinois.edu)']",,India; United States,,7
FAME: Fast Adaptive Moment Estimation based on Triple Exponential Moving Average,"['Roi Peleg', 'Assaf Hoogi']","['Ariel University Center of Samaria(ariel.ac.il)', 'School of computer science,Ariel University Center of Samaria(ariel.ac.il)']",,Israel,358,358
Progressive Transformation Learning For Leveraging Virtual Images in Training,"['Yi-Ting Shen', 'Hyungtae Lee', 'Heesung Kwon', 'Shuvra Shikhar Bhattacharyya']","['Department of Electrical and Computer Engineering,University of Maryland, College Park(umd.edu)', 'BlueHalo(bluehalo.com)', 'DEVCOM Army Research Laboratory(army.mil)', 'Electrical and Computer Engineering,University of Maryland, College Park(umd.edu)']","3 November, 2022",United States,15,15
Hyperbolic Contrastive Learning for Visual Representations beyond Objects,"['Songwei Ge', 'Shlok Kumar Mishra', 'Simon Kornblith', 'Chun-Liang Li', 'David Jacobs']","['University of Maryland, College Park(umd.edu)', 'Facebook(meta.com)', 'Pretraining,Anthropic(anthropic.com)', 'Apple(apple.com)', 'Computer Science,University of Maryland, College Park(umd.edu)']",December 2022,United States,15,15
Contrastive Prompt Tuning Improves Generalization in Vision-Language Models,"['Aadarsh Sahoo', 'Rameswar Panda', 'Anshuman Senapati', 'Abir Das', 'Yoon Kim', 'Rogerio Feris']","['Computing and Mathematical Sciences,California Institute of Technology(caltech.edu)', 'MIT-IBM Watson AI Lab(ibm.com)', 'Not Found', 'Computer Science and Engineering,Indian Institute of Technology Kharagpur(iitkgp.ac.in)', 'Massachusetts Institute of Technology(mit.edu)', 'International Business Machines(ibm.com)']",,United States,185,
Decentralized Robust V-learning for Solving Markov Games with Model Uncertainty,"['Shaocong Ma', 'Ziyi Chen', 'Shaofeng Zou', 'Yi Zhou']","['University of Maryland, College Park(umd.edu)', 'Computer Science,University of Maryland, College Park(umd.edu)', 'Not Found', 'Texas A&M University - College Station(tamu.edu)']",,United States,15,61
ADVERSARIALLY BALANCED REPRESENTATION FOR CONTINUOUS TREATMENT EFFECT ESTIMATION,"['Amirreza Kazemi', 'Martin Ester']","['Huawei Technologies Ltd.(huawei.com)', 'School of Computing Science,Simon Fraser University(sfu.ca)']",December 2023,China; Canada,,106
Semantic Video Synthesis from Video Scene Graphs,"['Yuren Cong', 'Jinhui Yi', 'Bodo Rosenhahn', 'Michael Ying Yang']","['Facebook(meta.com)', 'Department of Information Systems and Artificial Intelligence,Rheinische Friedrich-Wilhelms Universität Bonn(uni-bonn.de)', 'Leibniz Universität Hanover,Institut für Informationsverarbeitung(tnt.uni-hannover.de)', 'Computer Science Department,University of Bath(bath.ac.uk)']",,United States; United Kingdom,,222
"Towards Identification of Microaggressions in real-life and Scripted conversations, using Context-Aware Machine Learning Techniques.","['Mikel K. Ngueajio', 'Ivan Hernandez', 'Kelsi Cornett', 'Gloria Washington', 'darryl parsons']","['computer science and engineering,Howard University(howard.edu)', 'Virginia Polytechnic Institute and State University(vt.edu)', 'Virginia Polytechnic Institute and State University(vt.edu)', 'Howard University(howard.edu)', 'Not Found']",,United States,,
KL-Entropy-Regularized RL with a Generative Model is Minimax Optimal,"['Tadashi Kozuno', 'Wenhao Yang', 'Nino Vieillard', 'Toshinori Kitamura', 'Yunhao Tang', 'Jincheng Mei', 'Pierre MENARD', 'Mohammad Gheshlaghi Azar', 'Michal Valko', 'Remi Munos', 'Olivier Pietquin', 'Matthieu Geist', 'Csaba Szepesvari']","['OMRON SINIC X(sinicx.com)', 'Stanford University(stanford.edu)', 'Google Deepmind(google.com)', 'University of Alberta(ualberta.ca)', 'DeepMind(deepmind.com)', 'Google DeepMind(google.com)', 'Ecole Normale Supérieure de Lyon(ens-lyon.fr)', 'DeepMind(google.com)', 'Stealth Startup(inria.fr)', 'FAIR,Meta(meta.com)', 'Earth Species Project(earthspecies.org)', 'Earth Species Project(earthspecies.org)', 'University of Alberta(ualberta.ca)']",May 2022,United States; United Kingdom; Canada; France,,114
ProGen2: Exploring the Boundaries of Protein Language Models,"['Erik Nijkamp', 'Jeffrey Ruffolo', 'Eli N Weinstein', 'Nikhil Naik', 'Ali Madani']","['University of California, Los Angeles(ucla.edu)', 'Profluent Bio(profluent.bio)', 'Chemistry,Technical University of Denmark(dtu.dk)', 'MIT', 'Profluent Bio(profluent.bio)']",June 2022,United States; Denmark,35,
CEPD: Co-Exploring Pruning and Decomposition for Compact DNN Models,"['Yang Sui', 'Wanzhao Yang', 'Miao Yin', 'Yu Gong', 'Bo Yuan']","['Rice University(rice.edu)', 'Not Found', 'Computer Science,The University of Texas at Arlington(uta.edu)', 'Rutgers University(rutgers.edu)', 'Electrical and Computer Engineering,Rutgers University(rutgers.edu)']",,United States,126,106
To be robust and to be fair: aligning fairness with robustness,"['Junyi Chai', 'Xiaoqian Wang']","['Purdue University(purdue.edu)', 'Electrical and Computer Engineering,Purdue University(purdue.edu)']",August 2025,United States,75,75
Fair Clustering via Equalized Confidence,"['Junyi Chai', 'Xiaoqian Wang']","['Purdue University(purdue.edu)', 'Electrical and Computer Engineering,Purdue University(purdue.edu)']",,United States,75,75
MAE are Secretly Efficient Learners,"['Zihao Wei', 'Chen Wei', 'Jieru Mei', 'Zeyu Wang', 'Xianhang Li', 'Huiyu Wang', 'Alan Yuille', 'Yuyin Zhou', 'Cihang Xie']","['Computer Science and Engineering,University of Maryland, College Park(umd.edu)', 'Rice University(rice.edu)', 'Google(google.com)', 'Not Found', 'Not Found', 'Not Found', 'Not Found', 'Not Found', 'Not Found']",,United States,15,
When does Bias Transfer in Transfer Learning?,"['Hadi Salman', 'Saachi Jain', 'Andrew Ilyas', 'Logan Engstrom', 'Eric Wong', 'Aleksander Madry']","['Not Found', 'Not Found', 'Not Found', 'Not Found', 'Not Found', 'Not Found']",,,,
Transferability Between Regression Tasks,"['Cuong Ngoc Nguyen', 'Phong Tran The', 'Lam Si Tung Ho', 'Vu C. Dinh', 'Anh Tuan Tran', 'Tal Hassner', 'Cuong V Nguyen']","['Not Found', 'Not Found', 'Not Found', 'Not Found', 'Not Found', 'Not Found', 'Not Found']","12 June, 2020",,,
Parameter-varying neural ordinary differential equations with partition-of-unity networks,"['Kookjin Lee', 'Nathaniel Trask']","['Not Found', 'Not Found']",October 2022,,,
Shape Analysis by Shadow Synthesis,"['Ruoshi Liu', 'Sachit Menon', 'Chengzhi Mao', 'Dennis Park', 'Simon Stent', 'Carl Vondrick']","['Not Found', 'Not Found', 'Not Found', 'Not Found', 'Not Found', 'Not Found']",,,,
Reward-free Policy Learning through Active Human Involvement,"['Zhenghao Peng', 'Wenjie Mo', 'Chenda Duan', 'Quanyi Li', 'Bolei Zhou']","['Not Found', 'Not Found', 'Not Found', 'Not Found', 'Not Found']",,,,
Automaton Distillation: A Neuro-Symbolic Transfer Learning Approach for Deep RL,"['Suraj Singireddy', 'Sumit Kumar Jha', 'Alvaro Velasquez']","['Not Found', 'Not Found', 'Not Found']",,,,
Certification of Attribution Robustness for Euclidean Distance and Cosine Similarity Measure,"['Fan Wang', 'Adams Wai-Kin Kong']","['Not Found', 'Not Found']",,,,
Learning with MISELBO: The Mixture Cookbook,"['Oskar Kviman', 'Ricky Molén', 'Alexandra Hotti', 'Semih Kurt', 'Víctor Elvira', 'Jens Lagergren']","['Not Found', 'Not Found', 'Not Found', 'Not Found', 'Not Found', 'Not Found']",,,,
Point-based Molecular Representation Learning from Conformers,"['Yuhui Hong', 'Sujun Li', 'Haixu Tang']","['Not Found', 'Not Found', 'Not Found']",,,,
Causal Inference via Nonlinear Variable Decorrelation in Healthcare,"['Junda Wang', 'Weijian Li', 'Han Wang', 'Hanjia Lyu', 'Caroline Thirukumaran', 'Addisu Mesfin', 'Jiebo Luo']","['Not Found', 'Not Found', 'Not Found', 'Not Found', 'Not Found', 'Not Found', 'Not Found']",September 2022,,,
Towards Realtime Distributed Virtual Flow Meter via Compressed Continual Learning,"[""Hasan Asy'ari Arief"", 'Peter J Thomas', 'Kevin Constable', 'Aggelos Katsaggelos']","['Not Found', 'Not Found', 'Not Found', 'Not Found']",,,,
"""Why did the Model Fail?"": Attributing Model Performance Changes to Distribution Shifts","['Haoran Zhang', 'Harvineet Singh', 'Marzyeh Ghassemi', 'Shalmali Joshi']","['Not Found', 'Not Found', 'Not Found', 'Not Found']","19 October, 2022",,,
Points2NeRF: Generating Neural Radiance Fields from 3D point cloud,"['Dominik Zimny', 'Tomasz Trzcinski', 'Przemysław Spurek']","['Not Found', 'Not Found', 'Not Found']","2 June, 2022",,,
Imitation Improvement Learning for  Large-scale Capacitated Vehicle Routing Problems,"['Viet The Bui', 'Tien Anh Mai']","['Not Found', 'Not Found']",,,,
Inferring Causal Relations between Temporal Events,"['Nguyen Ho', 'Trinh Cong Le', 'Torben Bach Pedersen', 'Van Long Ho', 'Nguyen Tuong Huynh']","['Not Found', 'Not Found', 'Not Found', 'Not Found', 'Not Found']",,,,
AdaptFSP: Adaptive Fictitious Self Play,"['Maxwell Goldstein', 'Noam Brown']","['Not Found', 'Not Found']",,,,
A Robust Stacking Framework for Training Deep Graph Models with Multifaceted Node Features,"['Jiuhai Chen', 'Jonas Mueller', 'Vassilis N. Ioannidis', 'Tom Goldstein', 'David Wipf']","['Department of Computer Science,University of Maryland, College Park(umd.edu)', 'Cleanlab(cleanlab.ai)', 'Amazon Web Services(amazon.com)', 'Computer Science,University of Maryland, College Park(umd.edu)', 'Amazon AI Research Lab(amazon.com)']",June 2022,United States,15,
VLG: General Video Recognition with Web Textual Knowledge,"['Jintao Lin', 'Zhaoyang Liu', 'Wenhai Wang', 'Wayne Wu', 'Limin Wang']","['University of Hong Kong(hku.hk)', 'The Department of Computer Science and Engineering,Hong Kong University of Science and Technology(ust.hk)', 'The Chinese University of Hong Kong(cuhk.edu.hk)', 'Not Found', 'Computer Science School,Nanjing University(nju.edu.cn)']",December 2022,Hong Kong; China,26,6
Uncertainty-based Multi-Task Data Sharing for Offline Reinforcement Learning,"['Chenjia Bai', 'Lingxiao Wang', 'Zhuoran Yang', 'Zhen Wang', 'Zhaoran Wang', 'Bin Zhao', 'Xuelong Li']","['TeleAI, China Telecom(chinatelecom.cn)', 'Northwestern University(northwestern.edu)', 'Yale University(yale.edu)', 'school of cybersecurity,Northwestern Polytechnical University(nwpu.edu.cn)', 'Northwestern University(northwestern.edu)', 'Shanghai Artificial Intelligence Labortory(pjlab.org.cn)', 'China Telecom(chinatelecom.cn)']",,United States; China,,
HyperMAML: Few-Shot Adaptation of Deep Models with Hypernetworks,"['Marcin Przewięźlikowski', 'Przemysław Przybysz', 'Jacek Tabor', 'Maciej Zieba', 'Przemysław Spurek']","['Faculty of Mathematics and Computer Science,Jagiellonian University Cracow(uj.edu.pl)', 'Jagiellonian University Cracow(uj.edu.pl)', 'Department of Mathematics and Computer Science,Jagiellonian University(uj.edu.pl)', 'Technical University of Wroclaw(pwr.edu.pl)', 'Faculty of math and computer science,Jagiellonian University Cracow(uj.edu.pl)']","31 May, 2022",Poland,,
Differentiable Meta-Logical Programming,"['Zihan Ye', 'Hikaru Shindo', 'Devendra Singh Dhami', 'Kristian Kersting']","['computer science,Technische Universität Darmstadt(tu-darmstadt.de)', 'TU Darmstadt(tu-darmstadt.de)', 'Eindhoven University of Technology(tue.nl)', 'German Research Center for AI(dfki.de)']",,Germany,100,
FaceMAE: Privacy-Preserving Face Recognition via Masked Autoencoders,"['Kai Wang', 'Bo Zhao', 'Xiangyu Peng', 'Jianyang Gu', 'Jiankang Deng', 'Zheng Zhu', 'Xinchao Wang', 'Yang You']","['School of Computing,NUS(nus.sg)', 'Shanghai Jiaotong University(sjtu.edu.cn)', 'National University of Singapore(nus.edu)', 'Computer Science and Engineering,The Ohio State University(osu.edu)', 'Department of Computing,Imperial College London(imperial.ac.uk)', 'GigaAI(gigaai.cc)', 'National University of Singapore(nus.edu)', 'Computer Science,National University of Singapore(nus.edu.sg)']",May 2022,Singapore; United States; United Kingdom,,12
EIT: Enhanced Interactive Transformer for Sequence Generation,"['Tong Zheng', 'Bei Li', 'Huiwen Bao', 'Yi Jing', 'Tong Xiao', 'JingBo Zhu']","['Computer Science,University of Maryland, College Park(umd.edu)', 'Meituan(meituan.com)', 'City University of Hong Kong(my.cityu.edu.hk)', 'duxiaoman(duxiaoman.com)', 'Northeastern University(mail.neu.edu.cn)', 'Northeastern University(mail.neu.edu.cn)']",,United States; Hong Kong,15,35
Logit Clipping for Robust Learning against Label Noise,"['Hongxin Wei', 'HUIPING ZHUANG', 'RENCHUNZI XIE', 'Lei Feng', 'Gang Niu', 'Bo An', 'Yixuan Li']","['Southern University of Science and Technology(sustech.edu.cn)', 'Shien-Ming Wu School of Intelligent Engineering,South China University of Technology(scut.edu.cn)', 'Not Found', 'School of Computer Science and Engineering,Southeast University(seu.edu.cn)', 'RIKEN(riken.jp)', 'College of Computing and Data Science,Nanyang Technological University(ntu.edu.sg)', 'University of Wisconsin - Madison(wisc.edu)']",,China; Japan; Singapore; United States,100,66
Enhancing Robustness of Deep Networks Based on a Two-phase Model of Their Training with Noisy Labels,"['Yaoru Luo', 'Ge Yang']","['CBMI,Institute of automation, Chinese academy of science, Chinese Academy of Sciences(ia.ac.cn)', 'National Laboratory of Multimodal Artificial Intelligence Systems, Institute of Automation, Chinese Academy of sciences(ia.ac.cn)']",,China,12,12
Distraction is All You Need For Fairness,"['Mehdi Yazdani-Jahromi', 'Amirarsalan Rajabi', 'aida Tayebi', 'Ozlem Garibay']","['University of Central Florida(ucf.edu)', 'Integral Ad Science(integralads.com)', 'Not Found', 'Industrial Engineering and Management Systsems,University of Central Florida(ucf.edu)']","14 March, 2022",United States,49,49
Learning Diverse and Effective Policies with Non-Markovian Rewards,"['Bohao Qu', 'Jielong Yang', 'Xiaoqiang Ren', 'Hechang Chen', 'Jifeng Hu', 'Xiaofeng Cao', 'SHENG ZHANG', 'Yi Chang']","['Centre for Frontier AI Research,A*STAR(astar.edu.sg)', 'School of Internet of Things Engineering,Jiangnan University(jiangnan.edu.cn)', 'Shanghai University(shu.edu.cn)', 'Jilin University(jlu.edu.cn)', 'Not Found', 'CS School,Tongji University(tongji.edu.cn)', 'A*STAR I2R(astar.edu.sg)', 'Jilin University, China(jlu.edu.cn)']",,China,,114
M$^3$Video: Masked Motion Modeling for Self-Supervised Video Representation Learning,"['Xinyu Sun', 'Peihao Chen', 'Liangwei Chen', 'Thomas H. Li', 'Mingkui Tan', 'Chuang Gan']","['Software Engineering,South China University of Technology(scut.edu.cn)', 'Robotics X Lab,Tencent(tencent.com)', 'South China University of Technology(scut.edu.cn)', 'AIIT, Peking University(aiit.org.cn)', 'School of Software Engineering,South China University of Technology(scut.edu.cn)', 'University of Massachusetts at Amherst(umass.edu)']",,China,486,
CorruptEncoder: Data Poisoning Based Backdoor Attacks to Contrastive Learning,"['Jinghuai Zhang', 'Hongbin Liu', 'Jinyuan Jia', 'Neil Zhenqiang Gong']","['Not Found', 'Google(google.com)', 'College of IST,Pennsylvania State University(psu.edu)', 'Not Found']","15 November, 2022",United States,,75
Learning Transferable Spatiotemporal Representations from Natural Script Knowledge,"['Ziyun Zeng', 'Yuying Ge', 'Xihui Liu', 'Bin Chen', 'Ping Luo', 'Shu-Tao Xia', 'Yixiao Ge']","['Not Found', 'Not Found', 'Not Found', 'Not Found', 'Not Found', 'Not Found', 'Not Found']","30 September, 2022",,,
Heterogeneous Continual Learning,"['Divyam Madaan', 'Hongxu Yin', 'Wonmin Byeon', 'Jan Kautz', 'Pavlo Molchanov']","['Not Found', 'Not Found', 'Not Found', 'Not Found', 'Not Found']",September 2025,,,
BAMBI: Vertical Federated Bilevel Optimization with Privacy-Preserving and Computation Efficiency,"['Qingsong Zhang', 'Fengxiang He', 'Jindong Gu', 'Bin Gu', 'Cheng Deng', 'Heng Huang', 'Dacheng Tao']","['Not Found', 'Not Found', 'Not Found', 'Not Found', 'Not Found', 'Not Found', 'Not Found']",,,,
Local Attention Layers for Vision Transformers,"['Hui Lu', 'Ronald Poppe', 'Albert Ali Salah']","['Not Found', 'Not Found', 'Not Found']",,,,
Koopman neural operator for learning non-linear partial differential equations,"['Wei Xiong', 'Xiaomeng Huang', 'Yunhui Xu', 'Jie Sun', 'Weihua He', 'Zeren Tan', 'Aohua Cheng', 'Kangyu Weng', 'Yike Qiu', 'Yaoyuan Wang', 'Ziyang Zhang', 'Ruixuan Deng', 'Sun Pei', 'Yang Tian']","['Not Found', 'Not Found', 'Not Found', 'Not Found', 'Not Found', 'Not Found', 'Not Found', 'Not Found', 'Not Found', 'Not Found', 'Not Found', 'Not Found', 'Not Found', 'Not Found']",,,,
Regularizing hard examples improves robustness,"['Hyungyu Lee', 'Saehyung Lee', 'Ho Bae', 'Sungroh Yoon']","['Not Found', 'Not Found', 'Not Found', 'Not Found']",,,,
Efficient Evaluation of Adversarial Robustness for Deep Hashing based Retrieval,"['Xunguang Wang', 'Xinyue Xu', 'Jiawang Bai', 'Xiaomeng Li']","['Not Found', 'Not Found', 'Not Found', 'Not Found']",March 2023,,,
miCSE: Mutual Information Contrastive Learning for Low-shot Sentence Embeddings,"['Tassilo Klein', 'Moin Nabi']","['Not Found', 'Not Found']","9 November, 2022",,,
An Intrinsic Dimension Perspective of Transformers for Sequential Modeling,"['Zeping Min', 'Qian Ge', 'Zhong Li']","['Not Found', 'Not Found', 'Not Found']",,,,
ErGOT: entropy-regularized graph optimal transport,"['Yang Tian', 'Yunhui Xu', 'Jie Sun', 'Yaoyuan Wang', 'Ziyang Zhang', 'Weihua He', 'Zeren Tan', 'Pei Sun']","['Not Found', 'Not Found', 'Not Found', 'Not Found', 'Not Found', 'Not Found', 'Not Found', 'Not Found']",,,,
Gradient Inversion via Over-parameterized Convolutional Network in Federated Learning,"['CHI ZHANG', 'XIAOMAN ZHANG', 'Ekanut Sotthiwat', 'Yanyu Xu', 'Ping Liu', 'Liangli Zhen', 'Yong Liu']","['Not Found', 'Not Found', 'Not Found', 'Not Found', 'Not Found', 'Not Found', 'Not Found']",,,,
Memory-Augmented Variational Adaptation for Online Few-Shot Segmentation,"['Jie Liu', 'Yingjun Du', 'Zehao Xiao', 'Cees G. M. Snoek', 'Jan-jakob Sonke', 'Efstratios Gavves']","['Not Found', 'Not Found', 'Not Found', 'Not Found', 'Not Found', 'Not Found']",,,,
BPFL: Towards Efficient Byzantine-Robust and Provably Privacy-Preserving Federated Learning,"['Chenfei Nie', 'Binghui Wang', 'Yuede Ji', 'Qiang Li']","['Not Found', 'Not Found', 'Not Found', 'Not Found']",,,,
Understanding Masked Image Modeling via Learning Occlusion Invariant Feature,"['Xiangwen Kong', 'Xiangyu Zhang']","['Not Found', 'Not Found']",August 2022,,,
From Images to Textual Prompts: Zero-shot VQA with Frozen Large Language Models,"['Jiaxian Guo', 'Junnan Li', 'Dongxu Li', 'Anthony Tiong', 'Boyang Li', 'Dacheng Tao', 'Steven HOI']","['Google Research(google.com)', 'Salesforce Research(salesforce.com)', 'Apple(apple.com)', 'Not Found', 'Nanyang Technological University(ntu.edu.sg)', 'Not Found', 'Singapore Management University(smu.edu.sg)']","21 December, 2022",United States; Singapore,,27
High probability error bounds of SGD in unbounded domain,['Huang Fang'],['Baidu(baidu.com)'],,,,
Learning Inductive Object-Centric Slot Initialization via Clustering,"['Ning Gao', 'Bernard Hohmann', 'Gerhard Neumann']","['Google,Google(google.com)', 'Karlsruher Institut für Technologie(kit.edu)', 'Karlsruhe Institute of Technology(kit.edu)']",,Germany,,200
Mutual Information-guided Knowledge Transfer for Open-World Semi-Supervised Learning,"['Chuyu Zhang', 'Ruijie Xu', 'ChuanYang Hu', 'Xuming He']","['Information of Science,ShanghaiTech University(shanghaitech.edu.cn)', 'ShanghaiTech University(shanghaitech.edu.cn)', 'SenseTime(sensetime.com)', 'ShanghaiTech University(shanghaitech.edu.cn)']",,China,75,75
RegQ: Convergent Q-Learning with Linear Function Approximation using Regularization,"['Han-Dong Lim', 'Do Wan Kim', 'Donghwan Lee']","['Korea Advanced Institute of Science & Technology(kaist.ac.kr)', 'Hanbat National University(hanbat.ac.kr)', 'EE,Korea Advanced Institute of Science and Technology(kaist.ac.kr)']",,South Korea,8,8
Revisiting Feature Acquisition Bias for Few-Shot Fine-Grained Image Classification,"['Weichuan Zhang', 'Jiapan Guo', 'Ziqiang Zheng', 'Yongsheng Gao', 'Changming Sun']","['Shanxi University of Science and Technology(sust.edu)', 'Computer Science,University of Groningen(rug.nl)', 'Hong Kong University of Science and Technology(ust.hk)', 'Not Found', 'CSIRO(csiro.au)']",,Netherlands; Hong Kong,,
On the Nonconvex Convergence of SGD,"['Aritra Dutta', 'El houcine Bergou', 'Soumia Boucherouite', 'Xin Li']","['Mathematics (primary), Computer Science (secondary joint),University of Central Florida(ucf.edu)', 'KAUST(kaust.edu.sa)', 'College of Computing - Mohammed VI Polytechnic University(um6p.ma)', 'University of Central Florida(ucf.edu)']",June 2024,United States; Saudi Arabia; Morocco,49,49
Dynamic Loss for Learning with Label Noise,"['Xiu-Chuan Li', 'Xiaobo Xia', 'Fei Zhu', 'Tongliang Liu', 'Xu-yao Zhang', 'Cheng-lin Liu']","['University of Sydney(usyd.edu.au)', 'National University of Singapore(nus.edu.sg)', 'Centre for Artificial Intelligence and Robotics Hong Kong Institute of Science & Innovation, Chinese Academy of Sciences(cair-cas.org.hk)', 'University of Sydney(sydney.edu.au)', 'Not Found', 'Institute of automation, Chinese academy of science, Chinese Academy of Sciences(ia.ac.cn)']","20 March, 2023",Australia; Singapore; China,71,12
Deep Reinforcement Learning for Cryptocurrency Trading: Practical Approach to Address Backtest Overfitting,"['Berend Jelmer Dirk Gort', 'Xiao-Yang Liu', 'Xinghang Sun', 'Jiechao Gao', 'Shuaiyu Chen', 'Christina Dan Wang']","['Columbia University(columbia.edu)', 'Electrical Engineering,Columbia University(columbia.edu)', 'Not Found', 'Not Found', 'Not Found', 'Not Found']","12 September, 2022",United States,66,66
NÜWA-LIP: Language-guided Image Inpainting with Defect-free VQGAN,"['Minheng Ni', 'Wangmeng Zuo']","['Hong Kong Polytechnic University(connect.polyu.hk)', 'School of Computer Science and Technology,Harbin Institute of Technology(hit.edu.cn)']",February 2022,China,,23
Contrastive Adversarial Loss for Point Cloud Reconstruction,"['Tianxin Huang', 'Zhonggan Ding', 'Jiangning Zhang', 'Ying Tai', 'Zhenyu Zhang', 'Mingang Chen', 'Chengjie Wang', 'Yong Liu']","['University of Hong Kong(hku.hk)', 'Alibaba Group(alibaba-inc.com)', 'Tencent Youtu Lab(tencent.com)', 'Intelligence science and technology,Nanjing University(nju.edu.cn)', 'Nanjing University(nju.edu.cn)', 'Institute of Artificial Intelligence,Shanghai Development Center of Computer Software Technology(sscenter.sh.cn)', 'Shanghai Jiao Tong University(sjtu.edu.cn)', 'Institute of cyber systems and control,Zhejiang University(zju.edu.cn)']",,Hong Kong; China,26,2
Low-complexity Deep Video Compression with A Distributed Coding Architecture,"['Xinjie Zhang', 'Jiawei Shao', 'Jun Zhang']","['Microsoft Research Asia,Microsoft(microsoft.com)', 'TeleAI,China Telecom(chinatelecom.cn)', 'Electronic and Computer Engineering,Hong Kong University of Science and Technology(ust.hk)']","21 March, 2023",,,
When Few-shot Meets Cross-domain Object Detection: Learning Instance-level Class Prototypes for Knowledge Transfer,"['Lin Zhang', 'Bo Zhang', 'Botian Shi', 'Jiayuan Fan', 'Jun Cheng', 'Tao Chen']","['Fudan University(fudan.edu.cn)', 'AI for Science, Shanghai AI Laboratory(pjlab.org.cn)', 'Shanghai AI Lab(pjlab.org.cn)', 'College of Intelligent Robotics and Advanced Manufacturing,Fudan University(fudan.edu)', 'Machine Intellection,Institute for Infocomm Reserach, A*STAR(a-star.edu.sg)', 'Fudan University(fudan.edu.cn)']",,China,16,16
TGP: Explainable Temporal Graph Neural Networks for Personalized Recommendation,['Fan Zhang'],['OPPO Research Institute(oppo.com)'],,,,
Efficient Policy Space Response Oracles,"['Ming Zhou', 'Jingxiao Chen', 'Ying Wen', 'Weinan Zhang', 'Yaodong Yang', 'Yong Yu', 'Jun Wang']","['Embodied AI Research Center,Shanghai Artificial Intelligence Laboratory(pjlab.org.cn)', 'Computer Science,Shanghai Jiao Tong University(sjtu.edu.cn)', 'Shanghai Jiao Tong University(sjtu.edu.cn)', 'Computer Science,Shanghai Jiao Tong University(sjtu.edu.cn)', 'Not Found', 'Shanghai Jiaotong University(sjtu.edu.cn)', 'Computer Science,University College London(ucl.ac.uk)']","28 January, 2022",China; United Kingdom,,88
MAXENT LOSS: CONSTRAINED MAXIMUM ENTROPY FOR CALIBRATING DEEP NEURAL NETWORKS,"['Dexter Neo', 'Stefan Winkler']","['School of Computing,National University of Singapore(nus.edu)', 'National University of Singapore(nus.edu.sg)']",,Singapore,12,12
"Unsupervised Threshold Learning with ""$L$""-trend Prior For Visual Anomaly Detection","['Zhonghang LIU', 'Jian Ming Ng', 'Wen Yan LIN']","['School of Computing and Information Systems,Singapore Management University(smu.edu.sg)', 'Not Found', 'Not Found']",,Singapore,27,27
SimST: A GNN-Free Spatio-Temporal Learning Framework for Traffic Forecasting,"['Xu Liu', 'Yuxuan Liang', 'Chao Huang', 'Hengchang Hu', 'Yushi Cao', 'Bryan Hooi', 'Roger Zimmermann']","['Not Found', 'INTR & DSA,The Hong Kong University of Science and Technology (Guangzhou)(hkust-gz.edu.cn)', 'University of Hong Kong(hku.hk)', 'National University of Singapore(u.nus.edu)', 'Not Found', 'Not Found', 'Not Found']",,Hong Kong; Singapore,10,12
Physically Plausible and Conservative Solutions to Navier-Stokes Equations Using Physics-Informed CNNs,"['Jianfeng Li', 'Liangying Zhou', 'Jingwei Sun', 'Guangzhong Sun']","['Not Found', 'Not Found', 'Not Found', 'Not Found']",,,,
On the Connection between Fisher's Criterion and Shannon's Capacity: Theoretical Concepts and Implementation,"['Ibrahim Alsolami', 'Tomoki Fukai']","['Not Found', 'Not Found']",,,,
Pixel-Aligned Non-parametric Hand Mesh Reconstruction,"['Shijian Jiang', 'Guwen Han', 'Danhang Tang', 'Yang Zhou', 'Xiang Li', 'Jiming Chen', 'Qi Ye']","['Not Found', 'Not Found', 'Not Found', 'Not Found', 'Not Found', 'Not Found', 'Not Found']",October 2022,,,
Is the Deep Model Representation Sparse and Symbolic with Causal Patterns?,"['Jie Ren', 'Mingjie Li', 'Qirui Chen', 'Huiqi Deng', 'Quanshi Zhang']","['Not Found', 'Not Found', 'Not Found', 'Not Found', 'Not Found']",,,,
TransformMix: Learning Transformation and Mixing Strategies for Sample-mixing Data Augmentation,"['Tsz-Him Cheung', 'Dit-Yan Yeung']","['Not Found', 'Not Found']",,,,
HEAT: Hardware-Efficient Automatic Tensor Decomposition for Transformer Compression,"['Jiaqi Gu', 'Ben Keller', 'Jean Kossaifi', 'Anima Anandkumar', 'Brucek Khailany', 'David Z. Pan']","['Not Found', 'Not Found', 'Not Found', 'Not Found', 'Not Found', 'Not Found']",November 2022,,,
Disentangled Knowledge Transfer: A New Perspective for Personalized Federated Learning,"['Jie Zhang', 'Song Guo', 'Ma Xiao song', 'Wenchao Xu', 'Qihua Zhou']","['Not Found', 'Not Found', 'Not Found', 'Not Found', 'Not Found']",,,,
Fully Continuous Gated Recurrent Units For processing Time Series,"['Sheo yon Jhin', 'Noseong Park']","['Not Found', 'Not Found']",,,,
Prompt Generation Networks for Efficient Adaptation of Frozen Vision Transformers,"['Jochem Loedeman', 'Maarten Stol', 'Tengda Han', 'Yuki M Asano']","['Not Found', 'Not Found', 'Not Found', 'Not Found']",,,,
Saliency-guided Vision Transformer for Few-shot Keypoint Detection,"['Changsheng Lu', 'Hao Zhu', 'Piotr Koniusz']","['Not Found', 'Not Found', 'Not Found']",April 2023,,,
Towards Learning Imperceptible Adversarial Distribution for Black-Box Attacks,"['Chieh-Hsin Lai', 'Bac Nguyen', 'Wei-Hsiang Liao', 'Yuhta Takida', 'Naoki Murata', 'Toshimitsu Uesaka', 'Yuki Mitsufuji']","['Not Found', 'Not Found', 'Not Found', 'Not Found', 'Not Found', 'Not Found', 'Not Found']",,,,
Active Learning with Partial Labels,"['Fei Zhang', 'Junjie Ye', 'Lei Feng', 'Zhongwen Rao', 'Jieming Zhu', 'Marcus Kalander', 'Chen Gong', 'Jianye HAO', 'Bo Han']","['Not Found', 'Not Found', 'Not Found', 'Not Found', 'Not Found', 'Not Found', 'Not Found', 'Not Found', 'Not Found']",October 2025,,,
Fine-Grained Image Retrieval with Neighbor-Attention Label Correction,"['Shunan Mao', 'Shiliang Zhang']","['Not Found', 'Not Found']",,,,
Closing the Performance Gap between Cumbersome and Lightweight Contrastive Models,"['Wenye Lin', 'Yifeng Ding', 'Zhixiong Cao', 'Hai-Tao Zheng']","['Statistics,University of Hong Kong(hku.hk)', 'Tsinghua University(tsinghua.edu.cn)', 'Tsinghua University, Tsinghua University(tsinghua.edu.cn)', 'Tsinghua University, Tsinghua University(tsinghua.edu.cn)']",,Hong Kong; China,26,1
DCAPS: Dual Cross-Attention Coupled with Stabilizer for Few-Shot Common Action Localization,"['Jun-Tae Lee', 'Mihir Jain', 'Sungrack Yun']","['AI Research,Qualcomm Inc, QualComm(qti.qualcomm.com)', 'Not Found', 'R&D,Qualcomm(qualcomm.com)']",,,,
MUTUAL EXCLUSIVE MODULATOR FOR LONG-TAILED RECOGNITION,"['Haixu Long', 'Xiaolin Zhang', 'Hu Zhang', 'Zongtai Luo', 'Jianbo Liu']","['University of Science and Technology of China(ustc.edu.cn)', 'Not Found', 'Data 61,Commonwealth Scientific and Industrial Research Organisation, CSIRO(data61.csiro.au)', 'University of Michigan(umich.edu)', 'The Chinese University of Hong Kong(cuhk.edu.hk)']","19 February, 2023",China; United States; Hong Kong,11,26
RetinexUTV: ROBUST RETINEX MODEL WITH UNFOLDING TOTAL VARIATION,"['Guiyu Guo', 'Daming shi', 'Zunjin Zhao', 'Muhammad Tahir Rasheed']","['Shenzhen University(szu.edu.cn)', 'Not Found', 'College of Computer Science and Software Engineering,Shenzhen University(szu.edu.cn)', 'Not Found']",,China,75,75
Adapting Pre-trained Language Models for Quantum Natural Language Processing,"['Qiuchi Li', 'Benyou Wang', 'Yudong Zhu', 'Qun Liu', 'Christina Lioma']","['Computer Science,Beijing Institute of Technology(bit.edu.cn)', 'School of Data Science,The Chinese University of Hong Kong, Shenzhen(cuhk.edu.cn)', 'Baidu(baidu.com)', ""Huawei Noah's Ark Lab(huawei.com)"", 'University of Copenhagen(ku.dk)']",February 2023,China; Hong Kong; Denmark,126,88
Fed-CBS: Heterogeneity-Aware Client Sampling Mechanism for Federated Learning via Class-Imbalance Reduction,"['Jianyi Zhang', 'Ang Li', 'Minxue Tang', 'Jingwei Sun', 'Xiang Chen', 'Fan Zhang', 'Changyou Chen', 'Hai Li', 'Yiran Chen']","['Google Deepmind(google.com)', 'University of Maryland, College Park(umd.edu)', 'Duke University(duke.edu)', 'Electrical and Computer Engineering,Duke University(duke.edu)', 'School of Computer Science,Peking University(pku.edu.cn)', 'Yale University(yale.edu)', 'Computer Science and Engineering,State University of New York at Buffalo(buffalo.edu)', 'Duke University(duke.edu)', 'Duke University(duke.edu)']","30 September, 2022",United Kingdom; United States; China; Brazil,,106
Delving into Discrete Normalizing Flows on SO(3) Manifold for Probabilistic Rotation Modeling,"['Yulin Liu', 'Haoran Liu', 'Yingda Yin', 'Yang Wang', 'Baoquan Chen', 'He Wang']","['University of California, San Diego(ucsd.edu)', 'Peking University(pku.edu.cn)', 'Peking University(pku.edu.cn)', 'CMU, Carnegie Mellon University(andrew.cmu.edu)', 'Peking University(pku.edu.cn)', 'Galbot(galbot.com)']",April 2023,United States; China,12,
Enabling Probabilistic Inference on Large-Scale Spiking Neural Networks,"['Gehua Ma', 'Huajin Tang']","['ByteDance Inc.(bytedance.com)', 'College of Computer Science and Technology,Zhejiang University(zju.edu.cn)']",,China,,2
Less is More: Identifying the Cherry on the Cake for Dynamic Networks,"['Shwai He', 'Liang Ding', 'Daize Dong', 'Boan Liu', 'Fuqiang Yu', 'Dacheng Tao']","['Not Found', 'Not Found', 'Not Found', 'Wuhan University(whu.edu.cn)', 'Shandong Computer Science Center (National Supercomputer Center in Jinan),Qilu University of Technology (Shandong Academy of Sciences)(qlu.edu.cn)', 'Not Found']",,China,31,
Self Check-in: Tight Privacy Amplification for Practical Distributed Learning,"['Seng Pei Liew', 'Satoshi Hasegawa', 'Tsubasa Takahashi']","['SB Intuitions(sbintuitions.co.jp)', 'LY Corporation(lycorp.co.jp)', 'Turing Inc.(turing-motors.com)']",,,,
Boosting Discriminative Visual Representation Learning with Scenario-Agnostic Mixup,"['Siyuan Li', 'Zicheng Liu', 'Di Wu', 'Lei Shang', 'Baigui Sun', 'Xuansong Xie', 'Stan Z. Li']","['Westlake University & Zhejiang University(westlake.edu.cn)', 'School of Engineering,Westlake University(westlake.edu.cn)', 'Harbin Institute of Technology (Shenzhen)(hit.edu.cn)', 'Alibaba Group(alibaba-inc.com)', 'Alibaba Group(alibaba-inc.com)', 'Tongyi,Alibaba Group(alibaba-inc.com)', 'AI Department,Westlake University(westlake.edu.cn)']","30 November, 2021",China,2,46
Node-Level Membership Inference Attacks Against Graph Neural Networks,"['Xinlei He', 'Rui Wen', 'Yixin Wu', 'Michael Backes', 'Yun Shen', 'Yang Zhang']","['DSA & IoT Thrust,The Hong Kong University of Science and Technology(hkust-gz.edu.cn)', 'Institute of Science Tokyo(titech.ac.jp)', 'Computer Science,CISPA Helmholtz Center for Information Security(cispa.de)', 'Not Found', 'Flexera(flexera.com)', 'Group Zhang,CISPA Helmholtz Center for Information Security(cispa.de)']",July 2022,Hong Kong; Japan; Germany,10,126
MAGA: Modeling a Group Action,"['Geonho Hwang', 'Jaewoong Choi', 'Hyunsoo Cho', 'Myungjoo Kang']","['Gwangju Institute of Science and Technology(gist.ac.kr)', 'Department of Statistics,Sung Kyun Kwan University(skku.edu)', 'AI Lab,Kakao Entertainment(kakaoent.com)', 'Mathematical Sciences,Seoul National University(snu.ac.kr)']",,South Korea,244,20
Learning in Compressed Domain via Knowledge Transfer,"['Hanyue Tu', 'Li Li', 'Wengang Zhou', 'Houqiang Li']","['University of Science and Technology of China(ustc.edu.cn)', 'Department of EEIS,University of Science and Technology of China(ustc.edu.cn)', 'Department of Electronic Engineering and Information Science,University of Science and Technology of China(ustc.edu.cn)', 'EEIS Department,University of Science and Technology of China(ustc.edu.cn)']",,China,11,11
Holding Monotonic Improvement and Generality for Multi-Agent Proximal Policy Optimization,"['Lang Feng', 'Dong Xing', 'Junru Zhang', 'Gang Pan']","['College of Computing and Data Science,Nanyang Technological University(ntu.edu.sg)', 'Nanyang Technological University(ntu.edu.sg)', 'Computer Science and Technology,Zhejiang University(zju.edu.cn)', 'Not Found']",,Singapore; China,8,2
Environment Partitioning For Invariant Learning By Decorrelation,"['Yufan Liao', 'Qi WU', 'Xing YAN']","['Renmin University of China(ruc.edu.cn)', 'City University of Hong Kong(cityu.edu.hk)', 'Not Found']",,China; Hong Kong,19,26
Towards the gradient adjustment by loss status for Neural Network Optimization,"['Jiexin Wang', 'Wenwen Qiang', 'Bing Su']","['Not Found', 'Not Found', 'Not Found']",,,,
Grouped self-attention mechanism for a memory-efficient Transformer,"['Bumjun Jung', 'YUSUKE Mukuta', 'Tatsuya Harada']","['Not Found', 'Not Found', 'Not Found']","2 October, 2022",,,
AutoDisc: Automatic Distillation Schedule for Large Language Model Compression,"['Chen Zhang', 'Yang Yang', 'Qifan Wang', 'Jiahao Liu', 'Jingang Wang', 'Wei Wu', 'Dawei Song']","['Not Found', 'Not Found', 'Not Found', 'Not Found', 'Not Found', 'Not Found', 'Not Found']",,,,
Lifting the Curse of Capacity Gap in Distilling Large Language Models,"['Chen Zhang', 'Yang Yang', 'Jiahao Liu', 'Jingang Wang', 'Wei Wu', 'Benyou Wang', 'Dawei Song']","['Not Found', 'Not Found', 'Not Found', 'Not Found', 'Not Found', 'Not Found', 'Not Found']",,,,
Geo-NN: An End-to-End Framework for Geodesic Mean Estimation on the Manifold of Symmetric Positive Definite Matrices,"[""Niharika Shimona D'Souza"", 'Archana Venkataraman']","['Not Found', 'Not Found']",,,,
Progressive Image Synthesis from Semantics to Details with Denoising Diffusion GAN,"['Guoxing Yang', 'Haoyu Lu', 'Guang Zhou', 'Haoran Wu', 'Zhiwu Lu']","['Not Found', 'Not Found', 'Not Found', 'Not Found', 'Not Found']",,,,
Ranking-Enhanced Unsupervised Sentence Representation Learning,"['Yeon Seonwoo', 'Guoyin Wang', 'Changmin Seo', 'Sajal Choudhary', 'Jiwei Li', 'Xiang Li', 'Puyang Xu', 'Sunghyun Park', 'Alice Oh']","['Not Found', 'Not Found', 'Not Found', 'Not Found', 'Not Found', 'Not Found', 'Not Found', 'Not Found', 'Not Found']","9 September, 2022",,,
Improving Adversarial Transferability with Worst-case Aware Attacks,"['Sunghyun Myung', 'Dong Hoon Lee', 'Seunghoon Hong']","['Not Found', 'Not Found', 'Not Found']",,,,
TCFimt: Temporal Counterfactual Forecasting from Individual Multiple Treatment Perspective,"['Pengfei Xi', 'GUIFENG WANG', 'Zhipeng Hu', 'Yu Xiong', 'Mingming Gong', 'Wei Huang', 'Runze Wu', 'Yu Ding', 'Tangjie Lv', 'Changjie Fan', 'Xiangnan Feng']","['Not Found', 'Not Found', 'Not Found', 'Not Found', 'Not Found', 'Not Found', 'Not Found', 'Not Found', 'Not Found', 'Not Found', 'Not Found']",December 2022,,,
Curved Representation Space of Vision Transformers,"['Juyeop Kim', 'Junha Park', 'Songkuk Kim', 'Jong-Seok Lee']","['Not Found', 'Not Found', 'Not Found', 'Not Found']","11 October, 2022",,,
CooPredict : Cooperative Differential Games For Time Series Prediction,"['Sung Woo Park', 'Byoungwoo Park', 'Changhee Lee', 'Junseok Kwon']","['Not Found', 'Not Found', 'Not Found', 'Not Found']",,,,
Self-Architectural Knowledge Distillation for Spiking Neural Networks,"['Haonan Qiu', 'Munan Ning', 'Li Yuan', 'Wei Fang', 'Yanqi Chen', 'Changlin Li', 'Tao Sun', 'Zhengyu Ma', 'Yonghong Tian']","['Not Found', 'Not Found', 'Not Found', 'Not Found', 'Not Found', 'Not Found', 'Not Found', 'Not Found', 'Not Found']",,,,
E$^2$: Entropy Discrimination and Energy Optimization for Source-free Universal Domain Adaptation,"['Meng Shen', 'Jinhua Ma', 'Pong chi Yuen']","['Not Found', 'Not Found', 'Not Found']",,,,
Protective Label Enhancement for Label Privacy,"['Hua Yuan', 'Ning Xu', 'Yu Shi', 'Xin Geng', 'Yong Rui']","['Not Found', 'Not Found', 'Not Found', 'Not Found', 'Not Found']",,,,
On Fairness Measurement for Generative Models,"['Christopher T.H Teo', 'Milad Abdollahzadeh', 'Ngai-man Cheung']","['ISTD,Singapore University of Technology and Design(sutd.edu.sg)', 'Betterdata(betterdata.ai)', 'Singapore University of Technology and Design(sutd.edu.sg)']",October 2023,Singapore,160,160
Robust Learning with Decoupled Meta Label Purifier,"['Yuanpeng Tu', 'Boshen Zhang', 'Yuxi Li', 'Liang Liu', 'Jian Li', 'Yabiao Wang', 'Chengjie Wang', 'Cai Rong Zhao']","['Department of Computer Science,The University of Hong Kong(connect.hku.hk)', 'Tencent(tencent.com)', 'ByteDance Inc.(bytedance.com)', 'vivo AI Lab(vivo.com)', 'Tencent Youtu(tencent.com)', 'Not Found', 'Shanghai Jiao Tong University(sjtu.edu.cn)', 'Tongji University(tongji.edu.cn)']",,Hong Kong; China,26,100
Exploring interactions between modalities for deepfake detection,"['Jianghao Wu', 'Baopeng Zhang', 'Zhaoyang Li', 'Guilin Pang', 'Zhu Teng', 'Jianping Fan']","['Beijing Jiaotong University(bjtu.edu.cn)', 'School of Computer Science and Technology,Beijing jiaotong university(bjtu.edu.cn)', 'Not Found', 'Beijing Jiaotong University(bjtu.edu.cn)', 'Computer Science,Beijing jiaotong univercity(bjtu.edu.cn)', 'AI Lab at Lenovo Research(lenovo.com)']",,China,185,
MAT: Mixed-Strategy Game of  Adversarial Training in Fine-tuning,"['Zhehua Zhong', 'Tianyi Chen', 'Zhen Wang']","['Hangzhou Dianzi University(hdu.edu.cn)', 'Microsoft(microsoft.com)', 'Hangzhou Dianzi University(hdu.edu.cn)']",June 2023,China; United States,,
MAFormer: A Transformer Network with Multi-scale Attention Fusion for Visual Recognition,"['Huixin Sun', 'Yunhao Wang', 'Xiaodi Wang', 'Bin Zhang', 'Chao Li', 'Ying Xin', 'Baochang Zhang', 'Errui Ding', 'Shumin Han']","['EE,Beihang University(buaa.edu.cn)', 'Xiaomi Corporation(xiaomi.com)', 'Baidu(baidu.com)', 'Baidu(baidu.com)', 'Baidu(baidu.com)', 'Tianjin University(tju.edu.cn)', 'IAI,Beihang University(buaa.edu.cn)', 'Jiutian,China Mobile Communications Company Limited Research Institute(chinamobile.com)', 'Baidu(baidu.com)']",September 2022,China,49,
HagSeg: Hardness-adaptive Guidance for Semi-supervised Semantic Segmentation,"['Zhen Zhao', 'Tianyi Wu', 'Jimin Pi', 'Sifan Long', 'Luping Zhou', 'Jingdong Wang']","['Shanghai Artificial Intelligence Laboratory(pjlab.org.cn)', 'Chinese Academy of Sciences(ict.ac.cn)', 'Google Deepmind(google.com)', 'Dalian University of Technology(dlut.edu.cn)', 'School of ECE,University of Sydney(sydney.edu.au)', 'Baidu(baidu.com)']",,China; United Kingdom; Australia,,
Why pseudo-label based algorithm is effective? --from the perspective of  pseudo-labeled data,"['Zeping Min', 'Cheng Tai']","['Not Found', 'Not Found']",,,,
Distributionally Robust Model-Based Offline Reinforcement Learning with Near-Optimal Sample Complexity,"['Laixi Shi', 'Yuejie Chi']","['Johns Hopkins University(jhu.edu)', 'Yale University(yale.edu)']","11 August, 2022",United States,42,146
Fast 6D Object Pose Refinement via Implicit Surface Representation Driven Optimization,"['Bo Pang', 'Ge Gao', 'Zhihao Cui', 'Xiaolin Hu', 'Xiangyang Ji', 'Xianming Liu']","['Harbin Institute of Technology(hit.edu.cn)', 'Not Found', 'Not Found', 'Tsinghua University, Tsinghua University(tsinghua.edu.cn)', 'Not Found', 'Harbin Institute of Technology(hit.edu.cn)']",,China,23,23
Benchmarking Encoder-Decoder Architectures for Biplanar X-ray to 3D Bone Shape Reconstruction,"['Mahesh Shakya', 'Bishesh Khanal']","['TOGAI Lab,NAAMII,Nepal(naamii.org.np)', 'NepAl Applied Mathematics and Informatics Institute for Research (NAAMII)(naamii.org.np)']",,,,
Exploring the Generalizability of CNNs via Activated Representational Substitution,"['Li Chen', 'Haihui Pan', 'Li Qi', 'Chao Zhang']","['ByteDance(bytedance.com)', 'zuoyebang(zuoyebang.com)', 'Central South University, China(csu.edu.cn)', 'Georgia Institute of Technology(gatech.edu)']",,China; United States,,18
FedFA: Federated Learning with Feature Alignment for Heterogeneous Data,"['Tailin ZHOU', 'Jun Zhang', 'Danny Tsang']","['Hong Kong University of Science and Technology(hkust.edu)', 'Electronic and Computer Engineering,Hong Kong University of Science and Technology(ust.hk)', 'Internet of Things,The Hong Kong University of Science and Technology(hkust-gz.edu.cn)']","16 November, 2022",Hong Kong,10,10
Bridging attack and prompting: An Enhanced Visual Prompting at the pixel level,"['Junyang Wu', 'Xianhang Li', 'Chen Wei', 'Huiyu Wang', 'Alan Yuille', 'Yuyin Zhou', 'Cihang Xie']","['Shanghai Jiao Tong University(sjtu.edu.cn)', 'University of California, Santa Cruz(ucsc.edu)', 'Rice University(rice.edu)', 'Facebook(fb.com)', 'Computer Science and Cognitive Science,Johns Hopkins University(johnshopkins.edu)', 'University of California, Santa Cruz(ucsc.edu)', 'University of California, Santa Cruz(ucsc.edu)']",,China; United States,5,138
MABA-Net: Masked Additive Binary Activation Network,"['Xue Geng', 'Jiawei Hu', 'Jie Lin', 'Zhe Wang', 'Shaohua Li', 'Min Wu', 'Mohamed M. Sabry Aly']","['Institute for Infocomm Research, A*STAR(i2r.a-star.edu.sg)', 'Not Found', 'TBD(gmail.com)', 'Machine Intellection,, A*STAR(i2r.a-star.edu.sg)', 'A*STAR(a-star.edu.sg)', 'Machine Intellection Department,Institute for Infocomm Research (I2R), A*STAR(i2r.a-star.edu.sg)', 'Nanyang Technological University(ntu.edu.sg)']",,Singapore,,8
Decoupled and Patch-based Contrastive Learning for Long-tailed Visual Recognition,"['shiyu xuan', 'Shiliang Zhang']","['Nanjing University of Science and Technology(njust.edu.cn)', 'Computer Science,Peking University(pku.edu.cn)']",,Jordan; China,6,3
motifNet: Functional motif interactions discovered in mRNA sequences with implicit neural representation learning,"['Kaifeng Deng', 'Zhengchang Li', 'Wenqing Wei', 'Xin Huang', 'Liu Yang']","['revirtx AI lab(revirtx.com)', 'Revirtx(revirtx.com)', 'Not Found', 'Not Found', 'Not Found']",,,,
Rethinking Data Augmentation for Improving Transferable Targeted Attacks,"['Zhipeng Wei', 'Jingjing Chen', 'Zuxuan Wu', 'Yu-Gang Jiang']","['Not Found', 'Not Found', 'Not Found', 'Not Found']",,,,
A Deep Dive into the Stability-Plasticity Dilemma in Class-Incremental Learning,"['Dongwan Kim', 'Bohyung Han']","['Not Found', 'Not Found']",,,,
KITE: A Kernel-based Improved Transferability Estimation Method,['Yunhui Guo'],['Not Found'],May 2024,,,
Learning Continuous Grasping Function with a Dexterous Hand from Human Demonstrations,"['Jianglong Ye', 'Jiashun Wang', 'Binghao Huang', 'Yuzhe Qin', 'Xiaolong Wang']","['Not Found', 'Not Found', 'Not Found', 'Not Found', 'Not Found']","11 July, 2022",,,
Model-Agnostic Meta-Attack: Towards Reliable  Evaluation of Adversarial Robustness,"['Xiao Yang', 'Yinpeng Dong', 'Wenzhao Xiang', 'Tianyu Pang', 'Hang Su', 'Jun Zhu']","['Not Found', 'Not Found', 'Not Found', 'Not Found', 'Not Found', 'Not Found']",October 2021,,,
Only For You: Deep Neural Anti-Forwarding Watermark Preserves Image Privacy,"['Xinghua Qu', 'Alvin Chan', 'Yew-Soon Ong', 'Pengfei Wei', 'Xiang Yin', 'Caishun Chen', 'Zhu Sun', 'Zejun MA']","['Not Found', 'Not Found', 'Not Found', 'Not Found', 'Not Found', 'Not Found', 'Not Found', 'Not Found']",,,,
PromptCast: A New Prompt-based Learning Paradigm for Time Series Forecasting,"['Hao Xue', 'Flora D. Salim']","['Not Found', 'Not Found']","20 September, 2022",,,
Robust Self-Supervised Image Denoising with Cyclic Shift and Noise-Intensity-Aware Uncertainty,"['Weimin Tan', 'Chenyu Huang', 'Jiaxing Shi', 'Chenxi Ma', 'Bo Yan']","['Not Found', 'Not Found', 'Not Found', 'Not Found', 'Not Found']",,,,
MODULAR FEDERATED CONTRASTIVE LEARNING WITH PEER NORMALIZATION,"['Azadeh Motamedi', 'Yiqun GE', 'IL MIN KIM']","['Not Found', 'Not Found', 'Not Found']",,,,
NetBooster: Empowering Tiny Deep Learning By Standing on the Shoulders of Deep Giants,"['Zhongzhi Yu', 'Yonggan Fu', 'Jiayi Yuan', 'Haoran You', 'Yingyan Lin']","['Not Found', 'Not Found', 'Not Found', 'Not Found', 'Not Found']",June 2023,,,
Low-Entropy Features Hurt Out-of-Distribution Performance,"['Nandi Schoots', 'Dylan Cope']","['Not Found', 'Not Found']",,,,
"A Unimodal, Uncertainty-Aware Deep Learning Approach for Ordinal Regression","['Jonathan Svirsky', 'Igal Zaidman', 'Uri Shaham']","['Not Found', 'Not Found', 'Not Found']",,,,
Extracting Expert's Goals by What-if Interpretable Modeling,"['Chun-Hao Chang', 'George Alexandru Adam', 'Rich Caruana', 'Anna Goldenberg']","['Not Found', 'Not Found', 'Not Found', 'Not Found']","28 October, 2021",,,
Improving Molecular Pretraining with Complementary Featurizations,"['Yanqiao Zhu', 'Dingshuo Chen', 'Yuanqi Du', 'Yingze Wang', 'Qiang Liu', 'Shu Wu']","['Not Found', 'Institute of automation, Chinese Academy of Sciences(ia.ac.cn)', 'Cornell University(cornell.edu)', 'Chemistry,University of California, Berkeley(berkeley.edu)', 'State Key Laboratory of MultimodalArtificial Intelligence Systems,Institute of Automation, Chinese Academy of Sciences(nlpr.ia.ac.cn)', 'Institute of automation, Chinese academy of science, Chinese Academy of Sciences(ia.ac.cn)']",September 2022,China; United States,12,12
Flexible Relation Preserving for Adversarial Training,"['Xiaoyue Mi', 'Fan Tang', 'Yepeng Weng', 'Danding Wang', 'Peng Li', 'Yang Liu', 'Zonghan Yang', 'Sheng Tang', 'Juan Cao']","['University of the Chinese Academy of Sciences(ucas.ac.cn)', 'Institute of Computing Technology, CAS(ict.cas.cn)', 'Lenovo Research, AI Lab,Lenovo Group Limited(lenovo.com)', 'Not Found', 'Institute for Al Industry Research,Tsinghua University(tsinghua.edu.cn)', 'Computer Science and Technology,Tsinghua University(tsinghua.edu.cn)', 'Department of Computer Science and Technology, Tsinghua University(cs.tsinghua.edu.cn)', 'Institute of Computing Technology, Chinese Academy of Sciences(ict.ac.cn)', 'Institute of Computing Technology, Chinese Academy of Sciences(ict.ac.cn)']",,China,12,12
Continual Learning with Group-wise Neuron Normalization,['Dimche Kostadinov'],"['Advanced Vision Sensors,SONY, AVS Zurich(sony.com)']",,,,
Zemi: Learning Zero-Shot Semi-Parametric Language Models from Multiple Tasks,"['Zhenhailong Wang', 'Xiaoman Pan', 'Dian Yu', 'Dong Yu', 'Jianshu Chen', 'Heng Ji']","['Computer Science,University of Illinois Urbana-Champaign(illinois.edu)', 'Amazon(amazon.com)', 'Tencent AI Lab(tencent.com)', 'Tencent AI Lab(tencent.com)', 'Shopping,Amazon(amazon.com)', 'Siebel School of Computing and Data Science,University of Illinois, Urbana-Champaign(uiuc.edu)']","1 October, 2022",United States,,
PRUDEX-Compass: Towards Systematic Evaluation of Reinforcement Learning in Financial Markets,"['Shuo Sun', 'Molei Qin', 'Xinrun Wang', 'Bo An']","['The Hong Kong University of Science and Technology(hkust-gz.edu.cn)', 'college of computing and data science,Nanyang Technological University(ntu.edu.sg)', 'Singapore Management University(smu.edu.sg)', 'College of Computing and Data Science,Nanyang Technological University(ntu.edu.sg)']","14 January, 2023",China; Singapore,10,8
Joint Spatiotemporal Attention for Mortality Prediction of Patients with Long COVID,"['Degan Hao', 'Mohammadreza Negahdar']","['Morgan Stanley(morganstanley.com)', 'Not Found']",,,,
DIFFUSED INSTANCE CONDITIONED GAN,"['Junho Park', 'Jae-Pil Heo']","['Sungkyunkwan University(skku.edu)', 'Sungkyunkwan University(skku.edu)']",,South Korea,106,106
Sparse Hyperbolic Representation Learning,"['Atsushi Suzuki', 'Atsushi Nitanda', 'jing wang', 'Feng Tian', 'Kenji Yamanishi']","['The University of Hong Kong(hku.hk)', 'Nanyang Technological University(ntu.edu.sg)', 'University of Greenwich(gre.ac.uk)', 'Not Found', 'The University of Tokyo(u-tokyo.ac.jp)']",,Hong Kong; Singapore; Japan,26,85
Fair Multi-exit Framework for Facial Attribute Classification,"['Chiu ChingHao', 'HAO-WEI CHUNG', 'Yu-Jen Chen', 'Yiyu Shi', 'Tsung-Yi Ho']","['Computer Science and Engineering,University of Notre Dame(nd.edu)', 'CMU, Carnegie Mellon University(andrew.cmu.edu)', 'National Tsing Hua University(nthu.edu.tw)', 'University of Notre Dame(nd.edu)', 'National Tsing Hua University(nthu.edu.tw)']",January 2023,United States; Taiwan,88,358
Union Subgraph Neural Networks,"['Jiaxing Xu', 'Aihu Zhang', 'Qingtian Bian', 'Yiping Ke']","['Not Found', 'Not Found', 'Not Found', 'Nanyang Technological University(ntu.edu.sg)']","25 May, 2023",Singapore,8,8
Frame Adaptive Network,"['Yitian Zhang', 'Yue Bai', 'Chang Liu', 'Huan Wang', 'Sheng Li', 'Yun Fu']","['Not Found', 'Northeastern University(neu.edu)', 'AWS AI Lab,Amazon(amazon.com)', 'Westlake University(westlake.edu.cn)', 'University of Virginia, Charlottesville(virginia.edu)', 'Northeastern University(northeastern.edu)']",August 2025,United States; China,35,35
Rethinking Saliency in Data-free Class Incremental Learning,"['Xialei Liu', 'Jiang-Tian Zhai', 'Andrew D. Bagdanov', 'Ke Li', 'Ming-Ming Cheng']","['Computer Science,Nankai University(nankai.edu.cn)', 'Nankai University(nankai.edu.cn)', 'Computer Visione Center,Università degli Studi di Firenze(unifi.it)', 'Youtu Lab,Tencent(tencent.com)', 'Computer Science,Nankai University(nankai.edu.cn)']",,China,88,88
Rethinking the Training Shot Number in Robust Model-Agnostic Meta-Learning,"['Xiaoyue Duan', 'Guoliang Kang', 'Runqi Wang', 'Baochang Zhang', 'Tian Wang', 'Song Xue', 'Shumin Han']","['WeChat AI, Tencent Inc(tencent.com)', 'Beihang University(buaa.edu.cn)', 'Beijing Jiaotong University,Beijing Jiaotong University(bjtu.edu.cn)', 'IAI,Beihang University(buaa.edu.cn)', 'Beihang University, China(buaa.edu.cn)', 'Baidu(baidu.com)', 'Baidu(baidu.com)']",,China,,
Learn Appropriate Precise Distributions for Binary Neural Networks,"['Qingliang Liu', 'Jinmei Lai']","['Fudan University(fudan.edu.cn)', 'Not Found']",,China,16,16
"FDNet: Focal Decomposed Network for Efficient, Robust and Practical time series forecasting","['Li Shen', 'Yuning Wei', 'Yangzhu Wang']","['Beijing University of Aeronautics and Astronautics(buaa.edu.cn)', 'Beijing University of Aeronautics and Astronautics(buaa.edu.cn)', 'Beijing University of Aeronautics and Astronautics(buaa.edu.cn)']",June 2023,,,
On the Difficulties of Video Summarization: Structure and Subjectivity,"['Jinhwan Sul', 'Yonsoo Kim', 'Donghwa Kim', 'Joonseok Lee']","['Georgia Institute of Technology(gatech.edu)', 'NAVER Cloud(navercorp.com)', 'Seoul National University(snu.ac.kr)', 'Graduate School of Data Science,Seoul National University(snu.ac.kr)']",,United States; South Korea,18,20
CCMLN: Combinatorial Correction for Multi-Label Classification with Noisy Labels,"['Xiaobo Xia', 'Jiankang Deng', 'Wei Bao', 'Yuxuan Du', 'Bo Han', 'Shiguang Shan', 'Tongliang Liu']","['National University of Singapore(nus.edu.sg)', 'Department of Computing,Imperial College London(imperial.ac.uk)', 'Not Found', 'Not Found', 'Not Found', 'Not Found', 'Not Found']",,Singapore; United Kingdom,12,114
Consistent Targets Provide Better Supervision in Semi-supervised Object Detection,"['Xinjiang Wang', 'Xingyi Yang', 'Shilong Zhang', 'Yijiang Li', 'Litong Feng', 'Shijie Fang', 'Chengqi Lyu', 'Kai Chen', 'Wayne Zhang']","['Not Found', 'Not Found', 'Not Found', 'Not Found', 'Not Found', 'Not Found', 'Not Found', 'Not Found', 'Not Found']",,,,
Evaluation of Attribution Explanations without Ground Truth,"['Hao Zhang', 'Haotian Xue', 'Jiayi Chen', 'Yiting Chen', 'Wen Shen', 'Quanshi Zhang']","['Not Found', 'Not Found', 'Not Found', 'Not Found', 'Not Found', 'Not Found']",,,,
LAMDA: Latent mapping for domain adaption of image generators,"['Yazeed Alharbi', 'Peter Wonka']","['Not Found', 'Not Found']",,,,
Cali-NCE: Boosting Cross-modal Video Representation Learning with Calibrated Alignment,"['Nanxuan Zhao', 'Jianbo Jiao', 'Weidi Xie', 'Dahua Lin']","['Not Found', 'Not Found', 'Not Found', 'Not Found']",,,,
Reconciling Adversarial Robustness with Accuracy via Randomized Weights,"['Gaojie Jin', 'Xinping Yi', 'Dengyu Wu', 'Ronghui Mu', 'Xiaowei Huang']","['Not Found', 'Not Found', 'Not Found', 'Not Found', 'Not Found']",,,,
MINI: Mining Implicit Novel Instances for Few-Shot Object Detection,"['Yuhang Cao', 'Jiaqi Wang', 'Yiqi Lin', 'Dahua Lin']","['Not Found', 'Not Found', 'Not Found', 'Not Found']",May 2022,,,
D3C2-Net: Dual-Domain Deep Convolutional Coding Network for Compressive Sensing,"['Weiqi Li', 'Bin Chen', 'Jian Zhang']","['Not Found', 'Not Found', 'Not Found']","27 July, 2022",,,
Exploring Parameter-Efficient Fine-tuning for Improving Communication Efficiency in Federated Learning,"['Guangyu Sun', 'Matias Mendieta', 'Taojiannan Yang', 'Chen Chen']","['Not Found', 'Not Found', 'Not Found', 'Not Found']",,,,
Going Deeper with Spiking Neurons: Towards Binary Outputs of Deep Logic Spiking Neural Network,"['Tao Sun', 'Li Yuan', 'Yibing Song', 'Wei Fang', 'Yanqi Chen', 'Munan Ning', 'Haonan Qiu', 'Zhengyu Ma', 'Yonghong Tian']","['Not Found', 'Not Found', 'Not Found', 'Not Found', 'Not Found', 'Not Found', 'Not Found', 'Not Found', 'Not Found']",,,,
Correcting Three Existing Beliefs on Mutual Information in Contrastive Learning,"['Kyungeun Lee', 'Jaeill Kim', 'Suhyun Kang', 'Wonjong Rhee']","['Not Found', 'Not Found', 'Not Found', 'Not Found']",,,,
Batch Normalization Is Blind to the First and Second Derivatives of the Loss w.r.t. Features,"['Zhanpeng Zhou', 'Wen Shen', 'Huixin Chen', 'Ling Tang', 'YueFeng Chen', 'Quanshi Zhang']","['Not Found', 'Not Found', 'Not Found', 'Not Found', 'Not Found', 'Not Found']",,,,
Dual Ensembled Multiagent Q-Learning with Hypernet Regularizer,"['Yaodong Yang', 'Guangyong Chen', 'Hongyao Tang', 'Furui Liu', 'Danruo DENG', 'Jianye HAO', 'Pheng-Ann Heng']","['Not Found', 'Not Found', 'Not Found', 'Not Found', 'Not Found', 'Not Found', 'Not Found']",February 2025,,,
Divide and conquer policy for efficient GAN training,"['Senmao Li', 'Yaxing Wang', 'Joost van de Weijer', 'Fahad Khan', 'Jian Yang']","['Not Found', 'Not Found', 'Not Found', 'Not Found', 'Not Found']",,,,
Dataset Condensation with Latent Space Knowledge Factorization and Sharing,"['Hae Beom Lee', 'Dong Bok Lee', 'Sung Ju Hwang']","['School of Electrical Engineering,Korea University(korea.ac.kr)', 'AI graduate school,Korea Advanced Institute of Science & Technology(kaist.ac.kr)', 'Not Found']",August 2022,South Korea,75,8
Causal RL Agents for Out-of-distribution Generalization,"['Sili Huang', 'Bo Yang', 'Hechang Chen', 'Peng Cui', 'Jifeng Hu', 'haiyin piao', 'Lichao Sun']","['Minzu University of China(muc.edu)', 'Not Found', 'Jilin University(jlu.edu.cn)', 'Department of Computer Science,Tsinghua University, Tsinghua University(tsinghua.edu.cn)', 'Not Found', 'Northwestern Polytechnical University(nwpu.edu.cn)', 'Computer Science and Engineering,Lehigh University(lehigh.edu)']",,China; United States,,200
DELVING INTO THE HIERARCHICAL STRUCTURE FOR EFFICIENT LARGE-SCALE BI-LEVEL LEARNING,"['Xixi Jia', 'Renzhen Wang', 'Deyu Meng', 'Xiangchu Feng']","['School of mathematics and statistics,Xidian University(xidian.edu.cn)', ""Xi'an Jiaotong University(xjtu.edu.cn)"", ""School of Mathematics and Statistics,Xi'an Jiaotong University(xjtu.edu.cn)"", 'Xidian University(xidian.edu.cn)']",,China,114,114
Controllable Evaluation and Generation of Physical Adversarial Patch on Face Recognition,"['Xiao Yang', 'Yinpeng Dong', 'Tianyu Pang', 'Chang Liu', 'Zihao Xiao', 'Hang Su', 'Jun Zhu']","['Tsinghua University, Tsinghua University(mail.tsinghua.edu.cn)', 'Tsinghua University, Tsinghua University(tsinghua.edu.cn)', 'Sea AI Lab(sea.com)', 'Peking University(pku.edu.cn)', 'RealAI(realai.ai)', 'Computer Science,Tsinghua University(tsinghua.edu.cn)', 'Computer Science,Tsinghua University(mail.tsinghua.edu.cn)']","9 March, 2022",China,1,1
Why Adversarial Training of ReLU Networks Is Difficult?,"['Xu Cheng', 'Hao Zhang', 'Yue Xin', 'Wen Shen', 'Quanshi Zhang']","['Nanjing University of Science and Technology(njust.edu.cn)', 'Shanghai Jiao Tong University(sjtu.edu.cn)', 'Shanghai Jiaotong University,Shanghai Jiaotong University(sjtu.edu.cn)', 'Department of Computer Science and Engineering,Tongji University(tongji.edu.cn)', 'Shanghai Jiao Tong University(sjtu.edu.cn)']",,Jordan; China,6,5
Continual Pre-trainer is an Incremental Model Generalizer,"['Jaehong Yoon', 'Sung Ju Hwang', 'Yue Cao']","['Nanyang Technological University(ntu.edu.sg)', 'Not Found', 'Beijing Academy of Artificial Intelligence(baai.ac.cn)']",,Singapore,8,
FS-DETR: Few-Shot DEtection TRansformer with prompting and without re-training,"['Adrian Bulat', 'Ricardo Guerrero', 'Brais Martinez', 'Georgios Tzimiropoulos']","['Samsung AI Center Cambridge(samsung.com)', 'Samsung AI Center(samsung.com)', 'Samsung(samsung.com)', 'Queen Mary University London(qmul.ac.uk)']","10 October, 2022",,,
An Improved Baseline for Masked Contrastive Learning,"['Yonglong Tian', 'Dilip Krishnan', 'Phillip Isola']","['OpenAI(openai.com)', 'Google(google.com)', 'Massachusetts Institute of Technology(mit.edu)']",,United States,,27
WaveMix-Lite: A Resource-efficient Neural Network for Image Analysis,"['Pranav Jeevan P', 'Kavitha Viswanathan', 'Amit Sethi']","['Indian Institute of Technology Bombay, Dhirubhai Ambani Institute Of Information and Communication Technology(iitb.ac.in)', 'Electrical Engineering,Indian Institute of Technology, Bombay, Dhirubhai Ambani Institute Of Information and Communication Technology(iitb.ac.in)', 'Electrical Engineering,Indian Institute of Technology, Bombay(iitb.ac.in)']",,,,
"Learning to acquire novel cognitive tasks with evolution, plasticity and meta-meta-learning",['Thomas Miconi'],['Astera(astera.org)'],"15 December, 2021",,,
BinaryVQA: A Versatile Dataset to Push the Limits of VQA Models,['ali borji'],['PrimerAI(primer.ai)'],,,,
"Diverse, Difficult, and Odd Instances (D2O): A New Test Set for Object Classification",['ali borji'],['PrimerAI(primer.ai)'],January 2023,,,
Variation-based Cause Effect Identification,"['Mohamed Amine Ben Salem', 'Karim Said Barsim', 'Bin Yang']","['Universität Stuttgart(uni-stuttgart.de)', 'University of Prince Mugrin(upm.edu.sa)', 'Department of Electrical Eng. and Information Technology,University of Stuttgart(uni-stuttgart.de)']",November 2022,Germany,,160
TimelyFL: Heterogeneity-aware Asynchronous Federated Learning with Adaptive Partial Training ,"['Tuo Zhang', 'Lei Gao', 'Sunwoo Lee', 'Mi Zhang', 'Chaoyang He', 'Salman Avestimehr']","['Amazon(amazon.com)', 'Ming Hsieh Department of Electrical and Computer Engineering,University of Southern California(usc.edu)', 'Computer Engineering,Inha University(inha.ac.kr)', 'The Ohio State University(osu.edu)', 'TensorOpera AI(tensoropera.ai)', 'Not Found']",April 2023,United States,,
Coupling Semi-supervised Learning with Reinforcement Learning for Better Decision Making -- An application to Cryo-EM Data Collection,"['Ziping Xu', 'Quanfu Fan', 'Yilai Li', 'Emma R Lee', 'John Maxwell Cohn', 'Ambuj Tewari', 'Seychelle M. Vos', 'Michael Cianfrocco']","['Department of Statistics,Harvard University, Harvard University(fas.harvard.edu)', 'MIT-IBM Watson AI Lab(us.ibm.com)', 'Not Found', 'Massachusetts Institute of Technology(mit.edu)', 'Carnegie Mellon University(cmu.edu)', 'University of Michigan - Ann Arbor(umich.edu)', 'Not Found', 'University of Michigan - Ann Arbor(umich.edu)']",,United States,88,29
Training Recipe for N:M Structured Sparsity with Decaying Pruning Mask,"['Sheng-Chun Kao', 'Amir Yazdanbakhsh', 'Suvinay Subramanian', 'Shivani Agrawal', 'Utku Evci', 'Tushar Krishna']","['Waymo(google.com)', 'Google DeepMind(google.com)', 'Google(google.com)', 'Not Found', 'Google(google.com)', 'ECE,Georgia Institute of Technology(gatech.edu)']",September 2022,United Kingdom; United States,,18
Human Pose Estimation in the Dark,"['Sohyun Lee', 'Jaesung Rim', 'Boseung Jeong', 'Geonu Kim', 'ByungJu Woo', 'Haechan Lee', 'Sunghyun Cho', 'Suha Kwak']","['Graduate School of Artificial Intelligence,POSTECH(postech.ac.kr)', 'POSTECH(postech.ac.kr)', 'computer science engineering,POSTECH(postech.ac.kr)', 'Pohang University of Science and Technology(postech.ac.kr)', 'Agency for Defence Development(add.re.kr)', 'Pohang University of Science and Technology(postech.edu)', 'Graduate School of Artificial Intelligence,POSTECH(postech.ac.kr)', 'Not Found']",September 2024,South Korea,88,88
Tackling the Retrieval Trilemma with Cross-Modal Indexing,"['Heng Zhang', 'Daqing Liu', 'Heliang Zheng', 'Chaoyue Wang', 'Bing Su']","['Not Found', 'Not Found', 'Not Found', 'Not Found', 'Not Found']",,,,
Language Models Can See: Plugging Visual Controls in Text Generation,"['Yixuan Su', 'Tian Lan', 'Yahui Liu', 'Fangyu Liu', 'Dani Yogatama', 'Yan Wang', 'Lingpeng Kong', 'Nigel Collier']","['Not Found', 'Not Found', 'Not Found', 'Not Found', 'Not Found', 'Not Found', 'Not Found', 'Not Found']","5 May, 2022",,,
Dynamics-inspired Neuromorphic Representation Learning,"['Zhengqi Pei', 'Shuhui Wang']","['Not Found', 'Not Found']",,,,
ETAD: A Sampling-Based Approach for Efficient Temporal Action Detection,"['Shuming Liu', 'Mengmeng Xu', 'Chen Zhao', 'Xu Zhao', 'Bernard Ghanem']","['Not Found', 'Not Found', 'Not Found', 'Not Found', 'Not Found']",,,,
Rememory-Based SimSiam for Unsupervised Continual Learning,"['Feifei Fu', 'Yizhao Gao', 'Zhiwu Lu']","['Not Found', 'Not Found', 'Not Found']",,,,
OPERA: Omni-Supervised Representation Learning with Hierarchical Supervisions,"['Chengkun Wang', 'Wenzhao Zheng', 'Zheng Zhu', 'Jie Zhou', 'Jiwen Lu']","['Not Found', 'Not Found', 'Not Found', 'Not Found', 'Not Found']","11 October, 2022",,,
i-MAE: Are Latent Representations in Masked Autoencoders Linearly Separable?,"['Kevin Zhang', 'Zhiqiang Shen']","['Not Found', 'Not Found']",,,,
Logit Margin Matters: Improving Transferable Targeted Adversarial Attack by Logit Calibration,"['Juanjuan Weng', 'Zhiming Luo', 'Zhun Zhong', 'Shaozi Li', 'Nicu Sebe']","['Not Found', 'Not Found', 'Not Found', 'Not Found', 'Not Found']",March 2023,,,
GSCA: Global Spatial Correlation Attention,"['Yuwen Zhai', 'Jing Hao', 'Liang GAO', 'Xinyu Li', 'Yiping Gao', 'Shumin Han']","['Not Found', 'Not Found', 'Not Found', 'Not Found', 'Not Found', 'Not Found']",,,,
Accumulative Poisoning Defense with Memorization Discrepancy,"['Jianing Zhu', 'Xiawei Guo', 'Jiangchao Yao', 'Chao Du', 'LI He', 'Shuo Yuan', 'Tongliang Liu', 'Liang Wang', 'Bo Han']","['Not Found', 'Not Found', 'Not Found', 'Not Found', 'Not Found', 'Not Found', 'Not Found', 'Not Found', 'Not Found']",,,,
Shot Retrieval and Assembly with Text Script for Video Montage Generation,"['Guoxing Yang', 'Haoyu Lu', 'Zelong Sun', 'Shiqi Zhao', 'Haoran Wu', 'Zhiwu Lu']","['Not Found', 'Not Found', 'Not Found', 'Not Found', 'Not Found', 'Not Found']",,,,
Towards Generalized Combinatorial Solvers via Reward Adjustment Policy Optimization,"['Jincheng Zhong', 'Haoyu Ma', 'Jianmin Wang', 'Mingsheng Long']","['Not Found', 'Not Found', 'Not Found', 'Not Found']",,,,
Margin-based Neural Network Watermarking,"['Byungjoo Kim', 'Suyoung Lee', 'Sooel Son', 'Sung Ju Hwang']","['Not Found', 'Not Found', 'Not Found', 'Not Found']",,,,
Your Denoising Implicit Model is a Sub-optimal Ensemble of Denoising Predictions,"['Ge Kan', 'Jinhu Lu', 'Tian Wang', 'Lei Huang', 'Baochang Zhang', 'Aichun Zhu', 'Hichem Snoussi']","['Not Found', 'Not Found', 'Not Found', 'Not Found', 'Not Found', 'Not Found', 'Not Found']",,,,
Revisiting Global Pooling through the Lens of Optimal Transport,"['Minjie Cheng', 'Hongteng Xu']","['BioMap Research(biomap.com)', 'Gaoling School of Artificial Intelligence,Renmin University of China(ruc.edu.cn)']","23 January, 2022",China,,19
On the Importance of Pretrained Knowledge Distillation for 3D Object Detection,"['Linyan Huang', 'Huijie Wang', 'Peng Gao', 'Li Zhiqi', 'Wenhai Wang', 'Jifeng Dai', 'Hongyang Li']","['Tencent(tencent.com)', 'OpenDriveLab(opendrivelab.com)', 'Shenzhen Institutes of Advanced Technology, Chinese Academy of Sciences, Chinese Academy of Sciences(siat.ac.cn)', 'CS,Nanjing University(nju.edu.cn)', 'The Chinese University of Hong Kong(cuhk.edu.hk)', 'Electronic Engineering,Tsinghua University, Tsinghua University(tsinghua.edu.cn)', 'Institute of Data Science / OpenDriveLab,University of Hong Kong(hku.hk)']",,China; Hong Kong,,26
Bidirectional Propagation for Cross-Modal 3D Object Detection,"['Yifan Zhang', 'Qijian Zhang', 'Junhui Hou', 'Yixuan Yuan', 'Guoliang Xing']","['Shanghai University(shu.edu.cn)', 'Tencent Games(tencent.com)', 'City University of Hong Kong(cityu.edu.hk)', 'Department of Electronic Engineering,The Chinese University of Hong Kong(cuhk.edu.hk)', 'Information Engineering,Chinese University of Hong Kong(cuhk.hk)']",,Hong Kong,,26
Controllable Adaptive Learning,"['Lanyun Zhu', 'Tianrun Chen', 'Yan WANG']","['Nanyang Technological University(ntu.edu.sg)', 'Zhejiang University(zju.edu.cn)', 'Beijing Jiaotong University(bjtu.edu.cn)']",October 2025,Singapore; China,8,185
How you start matters for generalization,"['Sameera Ramasinghe', 'Lachlan Ewen MacDonald', 'Moshiur R Farazi', 'Hemanth Saratchandran', 'Simon Lucey']","['Amazon(amazon.com)', 'University of Pennsylvania, University of Pennsylvania(upenn.edu)', 'Data Science and AI,University of Doha for Science and Technology(udst.edu.qa)', 'Not Found', 'AIML,University of Adelaide(adelaide.edu.au)']","17 June, 2022",United States,,
Bias Mitigation Framework for Intersectional Subgroups in Neural Networks,"['Narine Kokhlikyan', 'Bilal Alsallakh', 'Fulton Wang', 'Vivek Miglani', 'Aobo Yang', 'David Adkins']","['Meta(meta.com)', 'Voxel AI(voxelai.com)', 'Meta(meta.com)', 'Not Found', 'Not Found', 'Facebook(facebook.com)']",December 2022,United States,,
NOAH: A New Head Structure To Improve Deep Neural Networks For Image Classification,"['Chao Li', 'Aojun Zhou', 'Anbang Yao']","['Intel(intel.com)', 'The Chinese University of Hong Kong(cuhk.edu.hk)', 'Intel(intel.com)']",,United States; Hong Kong,,
S^2-Transformer for Mask-Aware Hyperspectral Image Reconstruction,"['Jiamian Wang', 'Kunpeng Li', 'Yulun Zhang', 'Xin Yuan', 'ZHIQIANG TAO']","['Rochester Institute of Technology(rit.edu)', 'Generative AI,Meta(fb.com)', 'School of Electronics, Information and Electrical Engineering,Shanghai Jiaotong University(sjtu.edu.cn)', 'AI,Westlake University(westlake.edu.cn)', 'Rochester Institute of Technology(rit.edu)']","24 September, 2022",United States; China,75,75
A deep top-down approach to hierarchically coherent probabilistic forecasting ,"['Abhimanyu Das', 'Weihao Kong', 'Biswajit Paria', 'Rajat Sen']","['Research, Google(research.google.com)', 'Google(google.com)', 'Google(google.com)', 'Google(google.com)']",,United States,,
PVT++: A Simple End-to-End Latency-Aware Visual Tracking Framework,"['Bowen Li', 'Ziyuan Huang', 'Junjie Ye', 'Yiming Li', 'Sebastian Scherer', 'Hang Zhao', 'Changhong Fu']","['School of Computer Science, Carnegie Mellon University(cs.cmu.edu)', 'Alibaba Group(antgroup.com)', 'Computer Science,University of Southern California(usc.edu)', 'NVIDIA(nvidia.com)', 'Robotics,Carnegie Mellon University(cmu.edu)', 'Tsinghua University, Tsinghua University(tsinghua.edu.cn)', 'Tongji University(tongji.edu.cn)']","21 November, 2022",United States; China,3,100
EMO: Episodic Memory Optimization for  Few-Shot Meta-Learning,"['Yingjun Du', 'Jiayi Shen', 'Xiantong Zhen', 'Cees G. M. Snoek']","['IvI,University of Amsterdam(uva.nl)', 'Facebook(meta.com)', 'Foundation Models Laboratory,United Imaging Healthcare, Co., Ltd.(cri-united-imaging.com)', 'University of Amsterdam(uva.nl)']","8 June, 2023",Netherlands; United States,66,66
High Dimensional Bayesian Optimization with Reinforced Transformer Deep Kernels,"['Alexander K Shmakov', 'Vineet Gundecha', 'Avisek Naug', 'Sahand Ghorbanpour', 'Ricardo Luna Gutierrez', 'Ashwin Ramesh Babu', 'Soumyendu Sarkar']","['University of California, Irvine(uci.edu)', 'Hewlett Packard Labs,Hewlett Packard Enterprise(hpe.com)', 'Hewlett Packard Enterprise(hpe.com)', 'Hewlett Packard Enterprise,AI Lab(hpe.com)', 'Hewlett Packard Enterprise(hpe.com)', 'Hewlett Packard Enterprise(hpe.com)', 'Innovation,Visaze LLC(visaze.com)']","5 October, 2023",United States,71,
MixMask: Revisiting Masked Siamese Self-supervised Learning in Asymmetric Distance,"['Kirill Vishniakov', 'Eric Xing', 'Zhiqiang Shen']","['Ruya AI(ruya.ai)', 'Mohamed bin Zayed Univeristy of AI(mbzuai.ac.ae)', 'Not Found']",,United Arab Emirates,,31
Tiny Adapters for Vision Transformers,"['Imad Eddine MAROUF', 'Enzo Tartaglione', 'Stéphane Lathuilière']","['Not Found', 'Télécom Paris(telecom-paristech.fr)', 'INRIA(inria.fr)']",,France,,160
Proximal Curriculum for Reinforcement Learning Agents,"['Georgios Tzannetos', 'Bárbara Gomes Ribeiro', 'Parameswaran Kamalaruban', 'Adish Singla']","['MPI-SWS(mpi-sws.org)', 'Universidade Federal de Minas Gerais, Universidade Federal de Minas Gerais(dcc.ufmg.br)', 'VISA(visa.com)', 'Max Planck Institute for Software Systems (MPI-SWS)(mpi-sws.org)']",April 2023,Germany; Brazil,,
Triangle Inequality for Inverse Optimal Control,"['Sho Mitsuhashi', 'Shin Ishii']","['Informatics,Kyoto University(kyoto-u.ac.jp)', 'Kyoto University(kyoto-u.ac.jp)']",,Japan,160,160
Fusion of Deep Transfer Learning with Mixed convolution network,['Isunuri BV'],['Not Found'],,,,
CONTINUAL MODEL EVOLVEMENT WITH INNER-PRODUCT RESTRICTION,"['Linyang Li', 'Xipeng Qiu']","['Not Found', 'Not Found']",,,,
PREF: Phasorial Embedding Fields for Compact Neural Representations,"['Binbin Huang', 'Xinhao Yan', 'Anpei Chen', 'Shenghua Gao', 'Jingyi Yu']","['Not Found', 'Not Found', 'Not Found', 'Not Found', 'Not Found']","26 May, 2022",,,
Causal Information Bottleneck Boosts Adversarial Robustness of Deep Neural Network,"['Huan Hua', 'Jun Yan', 'Xi Fang', 'weiquan Huang', 'Huilin Yin', 'Wancheng Ge']","['Not Found', 'Not Found', 'Not Found', 'Not Found', 'Not Found', 'Not Found']",October 2022,,,
Dimensionality-Varying Diffusion Process,"['Han Zhang', 'Ruili Feng', 'Zhantao Yang', 'Lianghua Huang', 'Yu Liu', 'Yifei Zhang', 'Yujun Shen', 'Deli Zhao', 'Fan Cheng']","['Not Found', 'Not Found', 'Not Found', 'Not Found', 'Not Found', 'Not Found', 'Not Found', 'Not Found', 'Not Found']",November 2022,,,
Leveraging variational autoencoders for multiple data imputation,"['Breeshey Roskams-Hieter', 'Jude Daniel Wells', 'Sara Wade']","['Not Found', 'Not Found', 'Not Found']",September 2022,,,
Imitate Your Own Refinement: Knowledge Distillation Sheds Light on Efficient Image-to-Image Translation,"['Linfeng Zhang', 'Jiebo Song', 'Runpei Dong', 'Xin Chen', 'Ke Ding', 'Kaisheng Ma']","['Not Found', 'Not Found', 'Not Found', 'Not Found', 'Not Found', 'Not Found']",,,,
Gated Class-Attention with Cascaded Feature Drift Compensation for Exemplar-free Continual Learning of Vision Transformers,"['Marco Cotogni', 'Fei Yang', 'Claudio Cusano', 'Andrew D. Bagdanov', 'Joost van de Weijer']","['Not Found', 'Not Found', 'Not Found', 'Not Found', 'Not Found']","22 November, 2022",,,
BIL: Bandit Inference Learning for Online Representational Similarity Test,"['Xiaoting Ji', 'Shuoxun Xu', 'Wenhai Cui', 'Linglong Kong', 'Xiaodong Yan']","['Not Found', 'Not Found', 'Not Found', 'Not Found', 'Not Found']",,,,
On Storage Neural Network Augmented Approximate Nearest Neighbor Search,"['Taiga Ikeda', 'Daisuke Miyashita', 'Jun Deguchi']","['Not Found', 'Not Found', 'Not Found']",January 2025,,,
Imitation Learning via Differentiable Physics,"['Siwei Chen', 'Xiao Ma', 'Zhongwen Xu']","['Not Found', 'Not Found', 'Not Found']",June 2022,,,
Rethinking Learning Dynamics in RL using Adversarial Networks,"['Ramnath Kumar', 'Tristan Deleu', 'Yoshua Bengio']","['Not Found', 'Not Found', 'Not Found']",,,,
Physics-Regularized Stereo Matching for Depth Estimation,"['Jun Cheng', 'Weide Liu', 'ZAIWANG GU', 'Zhengguo Li', 'Jiayuan Fan', 'Chuan-Sheng Foo']","['Not Found', 'Not Found', 'Not Found', 'Not Found', 'Not Found', 'Not Found']",,,,
Learning Robust Goal Space with Hypothetical Analogy-Making,"['Shinyoung Joo', 'Sang Wan Lee']","['Not Found', 'Not Found']",,,,
SAE: Estimation for Transition Matrix in Annotation Algorithms,"['Dayong Ren', 'Shuangyu Yang', 'WEN JIE LI', 'Jie Guo', 'Yanwen Guo']","['Not Found', 'Not Found', 'Not Found', 'Not Found', 'Not Found']",,,,
Learning Symbolic Rules for Reasoning in Quasi-Natural Language,"['Kaiyu Yang', 'Jia Deng']","['Not Found', 'Not Found']",November 2021,,,
Parallel Federated Learning over Heterogeneous Devices,"['Feilong Zhang', 'Xianming Liu', 'Shiyi Lin', 'Gang Wu', 'Xiong Zhou', 'Junjun Jiang', 'Xiangyang Ji']","['Not Found', 'Not Found', 'Not Found', 'Not Found', 'Sixie Capital(sixiecapital.com)', 'Harbin Institute of Technology(hit.edu.cn)', 'Not Found']",,China,,23
Deep Duplex Learning for Weak Supervision,"['Wenzhao Zheng', 'Chengkun Wang', 'Jie Zhou', 'Jiwen Lu']","['Electrical Engineering and Computer Sciences,University of California, Berkeley(berkeley.edu)', 'Automation,Tsinghua university(mails.tsinghua.edu.cn)', 'Tsinghua University(tsinghua.edu.cn)', 'Tsinghua University(tsinghua.edu.cn)']",,United States; China,20,1
Focusing on what to decode and what to train: Efficient Training with HOI Split Decoders and Split Target Guided DeNoising,"['Junwen Chen', 'Yingcheng Wang', 'Keiji Yanai']","['The University of Electro-Communications(uec.ac.jp)', 'Not Found', 'Department of Informatics,The University of Electro-Communications, Tokyo(uec.ac.jp)']",,,,
Mugs: A Multi-Granular Self-Supervised  Learning Framework,"['Pan Zhou', 'Yichen Zhou', 'Chenyang Si', 'Weihao Yu', 'Teck Khim Ng', 'Shuicheng YAN']","['Not Found', 'Independent(gmail.com)', 'Nanjing University(nju.edu.cn)', 'ByteDance Seed(bytedance.com)', 'National University of Singapore(nus.edu.sg)', 'Computer Science,National University of Singapore(nus.edu.sg)']",March 2022,Unknown; China; Singapore,,12
Critical Learning Periods Augmented Model Poisoning Attacks to Byzantine-Robust Federated Learning,"['Gang Yan', 'Hao Wang', 'Xu Yuan', 'Jian Li']","['Computer Science and Engineering,University of California, Merced(ucmerced.edu)', 'Department of Electrical and Computer Engineering,Stevens Institute of Technology(stevens.edu)', 'Computer and Information Sciences,University of Delaware(udel.edu)', 'State University of New York at Stony Brook(stonybrook.edu)']",,United States,185,
Semi-supervised Node Classification with Imbalanced Receptive Field,"['Wentao Zhang', 'Xinyi Gao', 'Ling Yang', 'Meng Cao', 'Ping Huang', 'Jiulong Shan', 'Hongzhi Yin', 'Bin CUI']","['Center for Machine Learning Research,Peking University(pku.edu.cn)', 'School of EECS,The University of Queensland(uq.edu.au)', 'AI Lab,Princeton University(princeton.edu)', 'AIML,Apple(apple.com)', 'Beijing,Apple(apple.com)', 'Not Found', 'School of EECS,University of Queensland(uq.edu.au)', 'School of CS,Peking University(pku.edu.cn)']",,China; Australia; United States,3,3
Fast Test-Time Adaptation Using Hints,"['Teresa Yeo', 'Oguzhan Fatih Kar', 'Onur Beker', 'Zahra Sodagar', 'Amir Zamir']","['Singapore-MIT Alliance for Research and Technology(mit.edu)', 'Apple(apple.com)', 'Not Found', 'Swiss Federal Institute of Technology Lausanne(epfl.ch)', 'Swiss Federal Institute of Technology Lausanne(epfl.ch)']",,Switzerland,,49
Multi-Dataset Multi-Task Framework for Learning Molecules and  Protein-target Interactions Properties,"['Chenqing Hua', 'Sitao Luan', 'Jie Fu', 'Doina Precup']","['Medicine,Stanford University(stanford.edu)', 'Mila - Quebec Artificial Intelligence Institute(mila.quebec)', 'Shanghai Artificial Intelligence Laboratory(pjlab.org.cn)', 'DeepMind(google.com)']",,United States; Canada,16,
MonoDETR: Depth-guided Transformer for Monocular 3D Object Detection,"['Renrui Zhang', 'Han Qiu', 'Tai Wang', 'Ziyu Guo', 'Ziteng Cui', 'Yu Qiao', 'Hao Dong', 'Peng Gao', 'Hongsheng Li']","['MMLab of CUHK & Shanghai AI Laboratory(pjlab.org.cn)', 'SCSE,Nanyang Technological University(ntu.edu.sg)', 'Shanghai AI Laboratory(pjlab.org.cn)', 'Department of Computer Science and Engineering, The Chinese University of Hong Kong(cse.cuhk.edu.hk)', 'RCAST,The University of Tokyo(u-tokyo.ac.jp)', 'Not Found', 'School of Computer Science,Peking University(pku.edu.cn)', 'Shenzhen Institutes of Advanced Technology, Chinese Academy of Sciences, Chinese Academy of Sciences(siat.ac.cn)', 'The Chinese University of Hong Kong(cuhk.edu.hk)']","24 March, 2022",Singapore; Hong Kong; Japan; China,,26
CLR-GAM: Contrastive Point Cloud Learning with Guided Augmentation and Feature Mapping,"['Srikanth Malla', 'Yi-Ting Chen']","['Samsung(samsung.com)', 'National Yang Ming Chiao Tung University(nycu.edu.tw)']",February 2023,,,
Accelerating Federated Learning Convergence via Opportunistic Mobile Relaying,"['Jieming Bian', 'Jie Xu']","['University of Florida(ufl.edu)', 'Electrical and Computer Engineering,University of Florida(ufl.edu)']","9 June, 2022",United States,146,146
What Knowledge gets Distilled in Knowledge Distillation? ,"['Utkarsh Ojha', 'Yuheng Li', 'Yong Jae Lee']","['Computer Science,University of Wisconsin - Madison(wisc.edu)', 'Adobe Systems(adobe.com)', 'Department of Computer Sciences,University of Wisconsin - Madison(cs.wisc.edu)']",,United States,66,66
Spatially constrained Adversarial Attack Detection and Localization in the Representation Space of Optical Flow Networks,"['Hannah H Kim', 'Celia Cintas', 'Girmaw Abebe Tadesse', 'Skyler Speakman']","['Duke University(duke.edu)', 'International Business Machines(ibm.com)', 'Microsoft(microsoft.com)', 'Research,International Business Machines(ibm.com)']",,United States,106,
$\mathrm{R}^2$-VOS: Robust Referring Video Object Segmentation via Relational Cycle Consistency,"['Xiang Li', 'Jinglu Wang', 'Xiaohao Xu', 'Xiao Li', 'Yan Lu', 'Bhiksha Raj']","['Not Found', 'Microsoft Research Asia(microsoft.com)', 'Not Found', 'Media Computing Group,Microsoft Research Asia(microsoft.com)', 'Microsoft Research Asia(microsoft.com)', 'SCS,Carnegie Mellon University(cmu.edu)']",,United States,,3
STMT: A Spatial-Temporal Mesh Transformer for MoCap-Based Action Recognition ,"['Xiaoyu Zhu', 'Po-Yao Huang', 'Junwei Liang', 'Alexander G Hauptmann']","['Apple(apple.com)', 'FAIR,Meta(meta.com)', 'Hong Kong University of Science and Technology(ust.hk)', 'School of Computer Science, Carnegie Mellon University(cs.cmu.edu)']","31 March, 2023",United States; Hong Kong,,3
Lossless Filter Pruning via Adaptive Clustering for Convolutional Neural Networks,"['Tao Niu', 'Yinglei Teng', 'Panpan Zou', 'Yiding Liu']","['Beijing University of Posts and Telecommunications(bupt.edu.cn)', 'Beijing University of Posts and Telecommunications(bupt.edu.cn)', 'Beijing University of Posts and Telecommunications(bupt.edu.cn)', 'Beijing University of Posts and Telecommunications(bupt.edu.cn)']",,China,35,35
On Trace of PGD-Like Adversarial Attacks,"['Mo Zhou', 'Vishal Patel']","['Johns Hopkins University(jhu.edu)', 'Not Found']","19 May, 2022",United States,42,42
Learning Control Lyapunov Functions For High-dimensional Unknown Systems using Guided Iterative State Space Exploration,"['Songyuan Zhang', 'Chuchu Fan']","['Not Found', 'Not Found']",,,,
Learn the Time to Learn: Replay Scheduling in Continual Learning,"['Marcus Klasson', 'Hedvig Kjellstrom', 'Cheng Zhang']","['Not Found', 'Not Found', 'Not Found']","18 September, 2022",,,
Uncertainty-Aware Self-Supervised Learning with Independent Sub-networks,"['Amirhossein Vahidi', 'Lisa Wimmer', 'Hüseyin Anil Gündüz', 'Bernd Bischl', 'Mina Rezaei']","['Not Found', 'Not Found', 'Not Found', 'Not Found', 'Not Found']",,,,
Offline Model-Based Reinforcement Learning with Causal Structure,['Zhengmao Zhu'],['Not Found'],,,,
Improving Generalization with Domain Convex Game,"['Fangrui Lv', 'Jian Liang', 'Shuang Li', 'Jinming Zhang', 'Di Liu', 'Fei Wang']","['Not Found', 'Not Found', 'Not Found', 'Not Found', 'Not Found', 'Not Found']",March 2023,,,
Elastic Mean-Teacher Distillation Mitigates the Continual Learning Stability Gap,"['Albin Soutif', 'Joost van de weijer', 'Antonio Carta']","['Not Found', 'Not Found', 'Not Found']",,,,
Neural Prompt Search,"['Yuanhan Zhang', 'Kaiyang Zhou', 'Ziwei Liu']","['Not Found', 'Not Found', 'Not Found']","1 October, 2025",,,
It Takes Two: Masked Appearance-Motion Modeling for Self-Supervised Video Transformer Pre-Training,"['YuXin Song', 'Min Yang', 'Wenhao Wu', 'Dongliang He', 'Fu Li', 'Jingdong Wang']","['Not Found', 'Not Found', 'Not Found', 'Not Found', 'Not Found', 'Not Found']",October 2022,,,
Improving Differentially-Private Deep Learning with Gradients Index Pruning,"['Jungang Yang', 'Liyao Xiang', 'Size Peng', 'Yifan Bao', 'Hui Xu', 'Pengzhi Chu', 'Xinbing Wang', 'Chenghu Zhou']","['Not Found', 'Not Found', 'Not Found', 'Not Found', 'Not Found', 'Not Found', 'Not Found', 'Not Found']",,,,
Shuffle Gaussian Mechanism for Differential Privacy,"['Seng Pei Liew', 'Tsubasa Takahashi']","['Not Found', 'Not Found']","20 June, 2022",,,
In-the-wild Pretrained Models Are Good Feature Extractors for Video Quality Assessment,"['Hongbo Liu', 'Kun Yuan', 'Mading Li', 'Ming Sun']","['Not Found', 'Not Found', 'Not Found', 'Not Found']",,,,
Accurate and Efficient Soma Reconstruction in a Full Adult Fly Brain,"['Xiaoyu Liu', 'Bo Hu', 'Mingxing Li', 'Wei Huang', 'Yueyi Zhang', 'Zhiwei Xiong']","['Not Found', 'Not Found', 'Not Found', 'Not Found', 'Not Found', 'Not Found']",,,,
On-Device Domain Generalization,"['Kaiyang Zhou', 'Yuanhan Zhang', 'Yuhang Zang', 'Jingkang Yang', 'Chen Change Loy', 'Ziwei Liu']","['Not Found', 'Not Found', 'Not Found', 'Not Found', 'Not Found', 'Not Found']",March 2025,,,
Distortion-Aware Network Pruning and Feature Reuse for Real-time Video Segmentation,"['Hyunsu Rhee', 'Dongchan Min', 'Sunil Hwang', 'Bruno Andreis', 'Sung Ju Hwang']","['NCSOFT(ncsoft.com)', 'AI,Korea Advanced Institute of Science and Technology(kaist.ac.kr)', 'Korea Military Academy(kma.ac.kr)', 'Korea Advanced Institute of Science and Technology(kaist.ac.kr)', 'Not Found']","20 June, 2022",South Korea,,8
An Encryption Framework for Pre-Trained Neural Networks,"['Shixiong Xu', 'Mengbiao Zhao', 'Jianlong Chang', 'Lingxi Xie', 'Lanjun Wang', 'Jie Chen', 'Qi Tian']","['Institute of automation, Chinese academy of science, Chinese Academy of Sciences(ia.ac.cn)', 'Institute of automationInstitute of Automation of Chinese Academy of Sciences, Chinese academy of science, Chinese Academy of Sciences(ia.ac.cn)', 'Huawei Technologies Ltd.(huawei.com)', 'Huawei Technologies Ltd.(huawei.com)', 'School of New Media and Communication,Tianjin University(tju.edu.cn)', 'School of Electronic and Computer Engineering,Peking University(pku.edu.cn)', 'Huawei Technologies Ltd.(huawei.com)']",,China,12,
Mitigating Forgetting in Online Continual Learning via Contrasting Semantically Distinct Augmentations,"['Sheng-Feng Yu', 'Wei-Chen Chiu']","['National Chiao Tung University(nctu.edu.tw)', 'Computer Science,National Yang Ming Chiao Tung University(nycu.edu.tw)']","10 November, 2022",Taiwan,138,
Low-Rank Winograd Transformation for 3D Convolutional Neural Networks,"['Ziran Qin', 'Mingbao Lin', 'Weiyao Lin']","['Shanghai Jiaotong University(sjtu.edu)', 'Rakuten Asia Pte. Ltd.(rakuten.com)', 'School of Electronic Information and Electrical Engineering,Shanghai Jiao Tong University(sjtu.edu.cn)']",January 2023,China,,5
Video-based 3D Object Detection with Learnable Object-Centric Global Optimization,"['Jiawei He', 'Yuntao Chen', 'Naiyan Wang', 'Zhaoxiang Zhang']","['Beijing XYZ embodied AI Co., Ltd.(xyz-eai.com)', 'Centre for Artificial Intelligence and Robotics (CAIR), Hong Kong Institute of Science & Innovation, Chinese Academy of Sciences(cair-cas.org.hk)', 'Xiaomi EV(xiaomi.com)', 'Institute of automation, Chinese academy of science, Chinese Academy of Sciences(ia.ac.cn)']",,China,,12
Edge Wasserstein Distance Loss for Oriented Object Detection,"['Yuke Zhu', 'Yumeng Ruan', 'Zihua Xiong', 'Yue Zhang', 'Feng Wei', 'Bing Han', 'Sheng Guo']","['Alibaba Group(antgroup.com)', 'University of California, San Diego(ucsd.edu)', 'Alibaba Group(alibaba-inc.com)', 'Mybank,Alibaba Group(alibaba-inc.com)', 'Fudan University(fudan.edu.cn)', 'mybank, antgroup(mybank.cn)', 'Ant Group(antgroup.com)']",December 2023,United States; China,,
StyleGenes: Discrete and Efficient Latent Distributions for GANs,"['Evangelos Ntavelis', 'Mohamad Shahbazi', 'Radu Timofte', 'Martin Danelljan', 'Luc Van Gool']","['Swiss Federal Institute of Technology(ethz.ch)', 'Not Found', 'Bayerische Julius-Maximilians-Universität Würzburg(uni-wuerzburg.de)', 'ITET,ETH Zurich(vision.ee.ethz.ch)', 'INSAIT,Sofia Un. St. Kliment Ohridski(insait.ai)']",May 2023,Switzerland; Bulgaria,,160
Scratching Visual Transformer's Back with Uniform Attention,"['Nam Hyeon-Woo', 'Kim Yu-Ji', 'Byeongho Heo', 'Dongyoon Han', 'Seong Joon Oh', 'Tae-Hyun Oh']","['Amazon(amazon.com)', 'Pohang University of Science and Technology(postech.ac.kr)', 'NAVER AI Lab(navercorp.com)', 'AI Lab,NAVER(navercorp.com)', 'Parameter Lab(parameterlab.de)', 'Korea Advanced Institute of Science & Technology(kaist.ac.kr)']","16 October, 2022",South Korea,,8
A Unified Pretraining Framework for Human Motion Analysis,"['Wentao Zhu', 'Xiaoxuan Ma', 'Zhaoyang Liu', 'Libin Liu', 'Wayne Wu', 'Yizhou Wang']","['Eastern Institute of Technology, Ningbo(eitech.edu.cn)', 'Peking University(pku.edu.cn)', 'The Department of Computer Science and Engineering,Hong Kong University of Science and Technology(ust.hk)', 'Not Found', 'Not Found', 'Computer Science,Peking University(pku.edu.cn)']",,China,,3
Self-Organizing Pathway Expansion for Non-Exemplar Incremental Learning,"['Kai Zhu', 'Kecheng Zheng', 'Ruili Feng', 'Deli Zhao', 'Yang Cao', 'Zheng-Jun Zha']","['University of Science and Technology of China(ustc.edu.cn)', 'Ant Research(antgroup.com)', 'Alibaba Group(alibaba-inc.com)', 'DAMO Academy,Alibaba Group(alibaba-inc.com)', 'Automation,University of Science and Technology of China(ustc.edu.cn)', 'University of Science and Technology of China(ustc.edu.cn)']",,China,11,11
Corruption Depth: Analysis of DNN depth for Misclassification,"['Akshay Agarwal', 'Nalini K. Ratha', 'Mayank Vatsa', 'Richa Singh']","['Data Science,IISER Bhopal(iiserb.ac.in)', 'Computer Science and Engineering,State University of New York, Buffalo(buffalo.edu)', 'Indian Institute of Technology Jodhpur, India(iitj.ac.in)', 'Indian Institute of Technology Jodhpur, India(iitj.ac.in)']",,Brazil,,
MixMIM: Mixed and Masked Image Modeling for Efficient Visual Representation Learning,"['Jihao Liu', 'Xin Huang', 'Jinliang Zheng', 'Yu Liu', 'Hongsheng Li']","['Electronic Engineering,The Chinese University of Hong Kong(cuhk.edu.hk)', 'Waseda University(waseda.jp)', 'Shanghai Artificial Intelligence Laboratory(pjlab.org.cn)', 'SenseTime(sensetime.com)', 'The Chinese University of Hong Kong(cuhk.edu.hk)']",,Hong Kong; Japan,26,26
ZERO: A Large-scale Chinese Cross-modal Benchmark with a New Vision-Language Framework,"['Chunyu Xie', 'Jincheng Li', 'Baochang Zhang']","['360 AI Research(360.cn)', 'Qihoo 360 AI Research(360.cn)', 'IAI,Beihang University(buaa.edu.cn)']",,China,,49
Mine yOur owN Anatomy: Revisiting Medical Image Segmentation with Extremely Limited Labels,"['Chenyu You', 'Weicheng Dai', 'Fenglin Liu', 'Haoran Su', 'Xiaoran Zhang', 'Lawrence Hamilton Staib', 'James s Duncan']","['State University of New York at Stony Brook(stonybrook.edu)', 'Not Found', 'Oxford University Hospitals NHS Foundation Trust(ouh.nhs.uk)', 'New York University(nyu.edu)', 'Yale University(yale.edu)', 'Radiology and Biomedical Imaging,Yale University(yale.edu)', 'Biomedical Engineering,Yale University(yale.edu)']","27 September, 2022",United States,,146
Zipper: Decoupling the tradeoff Between Robustness and Accuracy,"['Hongjun Wang', 'Yisen Wang']","['Not Found', 'Not Found']",,,,
Coordinate and Generalize: A Unified Framework for Audio-Visual Zero-Shot Learning,"['Zhe Xu', 'Kun Wei', 'Cheng Deng']","['Not Found', 'Not Found', 'Not Found']",,,,
Do We Really Achieve Fairness with Explicit Sensitive Attributes? ,"['Xiaotian Han', 'Zhimeng Jiang', 'Ninghao Liu', 'Na Zou', 'Qifan Wang', 'Xia Hu']","['Not Found', 'Not Found', 'Not Found', 'Not Found', 'Not Found', 'Not Found']",,,,
SinGRAV: Learning a Generative Radiance Volume from a Single Natural Scene,"['Yujie Wang', 'Xuelin Chen', 'Baoquan Chen']","['Not Found', 'Not Found', 'Not Found']","3 October, 2022",,,
DCE: Offline Reinforcement Learning With Double Conservative Estimates,"['Chen Zhao', 'Kaixin Huang', 'Chun Yuan']","['Not Found', 'Not Found', 'Not Found']",September 2022,,,
Generalized structure-aware missing view completion network for incomplete multi-view clustering,"['Chengliang Liu', 'Jie Wen', 'Zhihao Wu', 'Xiaoling Luo', 'Chao Huang', 'Yong Xu']","['Not Found', 'Not Found', 'Not Found', 'Not Found', 'Not Found', 'Not Found']",,,,
EXACT: Compositional Augmentation for Image-level Weakly-Supervised Instance Segmentation,"['Yunhao Ge', 'Jiashu Xu', 'Brian Nlong Zhao', 'Laurent Itti', 'Vibhav Vineet']","['Not Found', 'Not Found', 'Not Found', 'Not Found', 'Not Found']",,,,
Global Hardest Example Mining with Prototype-based Triplet Loss,['Shan Yang'],['Not Found'],,,,
Extreme Masking for Learning Instance and Distributed Visual Representations,"['Zhirong Wu', 'Zihang Lai', 'Xiao Sun', 'Stephen Lin']","['Not Found', 'Not Found', 'Not Found', 'Not Found']","9 June, 2022",,,
Quality Matters: Embracing Quality Clues for Robust 3D Multi-Object Tracking,"['Jinrong Yang', 'En Yu', 'Zeming Li', 'Xiaoping Li', 'Wenbing Tao']","['Not Found', 'Not Found', 'Not Found', 'Not Found', 'Not Found']",August 2022,,,
MGMA: Mesh Graph Masked Autoencoders for Self-supervised Learning on 3D Shape,['Zhangsihao Yang'],['Not Found'],,,,
MLM with Global Co-occurrence,"['Xi Ai', 'Bin Fang']","['Not Found', 'Not Found']",,,,
Leveraging Hierarchical Structure for Multi-Domain Active Learning with Theoretical Guarantees,"['Guang-Yuan Hao', 'Haotian Wang', 'Hengguan Huang', 'Jie Gao', 'Hao Wang']","['Not Found', 'Not Found', 'Not Found', 'Not Found', 'Not Found']",,,,
Elastic Aggregation for Federated Optimization,"['Dengsheng Chen', 'Jie Hu', 'Vince Jun Kai Tan', 'Enhua Wu']","['Not Found', 'Not Found', 'Bytedance(bytedance.com)', 'Department of Computer and CS,University of Macau(umac.mo)']",,Macao,,114
Decouple Graph Neural Networks: Train Multiple Simple GNNs Simultaneously Instead of One,"['Hongyuan Zhang', 'Yanan Zhu', 'Xuelong Li']","['University of Hong Kong(hku.hk)', ""Northwest Polytechnical University Xi'an(nwpu.edu.cn)"", 'China Telecom(chinatelecom.cn)']","20 April, 2023",Hong Kong; China,26,
Reinforced Sample Reweighting Policy for Semi-supervised Learning,"['Lanyun Zhu', 'Tianrun Chen', 'Jianxiong Yin', 'Simon See', 'Jun Liu']","['Nanyang Technological University(ntu.edu.sg)', 'Zhejiang University(zju.edu.cn)', 'Not Found', 'NVAITC,NVIDIA(nvidia.com)', 'Lancaster University(lancaster.ac.uk)']",,Singapore; China; United Kingdom,8,146
Exploring The Capacity Mismatch Problem in Knowledge Distillation from the View of Soft Labels,"['Jun Rao', 'Xv Meng', 'Liang Ding', 'Shuhan Qi', 'Xuebo Liu', 'Dacheng Tao']","['Harbin Institute of Technology(hit.edu.cn)', 'Harbin Institute Technology, Harbin Institute of Technology(cs.hit.edu)', 'Not Found', 'Computer science,Harbin Insitute of Technology, Shenzhen(cs.hitsz.edu.cn)', 'Harbin Institute of Technology, Shenzhen(hit.edu.cn)', 'Not Found']",,China,23,23
FeatER: An Efficient Network for Human Reconstruction Feature map-based TransformER,"['Ce Zheng', 'Matias Mendieta', 'Taojiannan Yang', 'Guo-Jun Qi', 'Chen Chen']","['Carnegie Mellon University(cmu.edu)', 'University of Central Florida(ucf.edu)', 'Amazon(amazon.com)', 'Artificial Intelligence,Westlake University(westlake.edu.cn)', 'Computer Science,University of Central Florida(ucf.edu)']","30 May, 2022",United States; China,3,49
Pareto Automatic Multi-Task Graph Representation Learning,"['Chao Wang', 'Jiaxuan Zhao', 'Licheng Jiao', 'Lingling Li', 'Fang Liu', 'Kai Wu']","['School of Artificial Intelligence,Xidian University(xidian.edu)', 'School of Artificial Intelligence,Xidian University(xidian.edu.cn)', 'School of Artificial Intelligence,Xidian University(xidian.edu.cn)', 'Schoole of Artificial Intelligence,Xidian University(xidian.edu.cn)', 'Key Laboratory of Intelligent Perception and Image Understanding,Xidian University(xidian.edu.cn)', 'Not Found']",,China,114,114
Promoting Semantic Connectivity: Dual Nearest Neighbors Contrastive Learning for Unsupervised Domain Generalization,"['Yuchen Liu', 'Yaoming Wang', 'Yabo Chen', 'Wenrui Dai', 'Chenglin Li', 'Junni Zou', 'Hongkai Xiong']","['Department of Electronics,Shanghai Jiao Tong University(sjtu.edu.cn)', 'Not Found', 'Institute of Artificial Intelligence, China Telecom (TeleAI)(chinatelecom.cn)', 'Department of Computer Science & Engineering,Shanghai Jiao Tong University(sjtu.edu.cn)', 'Department of Electronic Engineering,Shanghai Jiao Tong University(sjtu.edu.cn)', 'Department of Computer Science and Engineering,Shanghai Jiao Tong University(sjtu.edu.cn)', 'Shanghai Jiao Tong University(sjtu.edu.cn)']",,China,5,5
MixPath: A Unified Approach for One-shot Neural Architecture Search ,"['Xiangxiang Chu', 'Shun Lu', 'Xudong Li', 'Bo Zhang']","['AMAP,Alibaba Group(alibaba-inc.com)', 'Research Center for Intelligent Computing Systems,Institute of Computing Technology, Chinese Academy of Sciences(ucas.ac.cn)', 'University of Chinese Academy of Sciences(ucas.edu.cn)', 'Meituan Inc.(meituan.com)']","16 January, 2020",China,,
Improving the Latent Space of Image Style Transfer,"['Yunpeng Bai', 'Cairong Wang', 'Chun Yuan']","['University of Texas at Austin(utexas.edu)', 'Tsinghua University, Tsinghua University(tsinghua.edu.cn)', 'SIGS,Tsinghua University, Tsinghua University(tsinghua.edu.cn)']",May 2022,United States; China,49,1
GOAT: A Global Transformer on Large-scale Graphs,"['Kezhi Kong', 'Jiuhai Chen', 'John Kirchenbauer', 'Renkun Ni', 'C. Bayan Bruss', 'Tom Goldstein']","['University of Maryland, College Park(umd.edu)', 'Department of Computer Science,University of Maryland, College Park(umd.edu)', 'University of Maryland, College Park(umd.edu)', 'CapitalOne(capitalone.com)', 'Capital One(capitalone.com)', 'Computer Science,University of Maryland, College Park(umd.edu)']",,United States,15,15
An Empirical Study on Anomaly detection Using Density Based and Representative Based Clustering algorithms,"['Gerard Shu Fuhnwi', 'Janet Oluwatoyin Agbaje']","['Montana State University - Bozeman(montana.edu)', 'Not Found']",,United States,,
Outlier Robust Adversarial Training,"['Shu Hu', 'Zhenhuan Yang', 'Xin Wang', 'Yiming Ying', 'Siwei Lyu']","['Purdue University(purdue.edu)', 'Fire TV,Amazon(amazon.com)', 'State University of New York at Albany(albany.edu)', 'School of Mathematics and Statistics,University of Sydney(sydney.edu.au)', 'Computer Science and Engineering,State University of New York, Buffalo(buffalo.edu)']",September 2023,United States; Australia; Brazil,75,
Multiple Instance Learning via Iterative Self-Paced Supervised Contrastive Learning,"['Kangning Liu', 'Weicheng Zhu', 'Yiqiu Shen', 'Sheng Liu', 'Narges Razavian', 'Krzysztof J. Geras', 'Carlos Fernandez-Granda']","['Adobe Systems(adobe.com)', 'New York University(nyu.edu)', 'NYU Grossman School of Medicine(nyulangone.org)', 'Stanford University(stanford.edu)', 'New York University(nyu.edu)', 'NYU Grossman School of Medicine(nyulangone.org)', 'New York University(nyu.edu)']","17 October, 2022",United States,,38
A prototype-oriented clustering for domain shift with source privacy,"['Korawat Tanwisuth', 'Shujian Zhang', 'Pengcheng He', 'Mingyuan Zhou']","['University of Texas, Austin(utexas.edu)', 'University of Texas, Austin(utexas.edu)', 'Microsoft(microsoft.com)', 'Microsoft(microsoft.com)']","7 February, 2023",United States,,
On the Effectiveness of Adapting Pre-trained Transformer Models via Adversarial Noise,"['Minjia Zhang', 'Niranjan Hegde', 'Yuxiong He']","['Computer Science,University of Illinois at Urbana-Champaign(uiuc.edu)', 'Amrita Vishwa Vidyapeetham (Deemed University)(amrita.edu)', 'Microsoft(microsoft.com)']",,United States,7,
Sparse Tokens for Dense Prediction - The Medical Image Segmentation Case,"['Lei Zhou', 'Huidong Liu', 'Joseph Bae', 'Junjun He', 'Dimitris Samaras', 'Prateek Prasanna']","['Computer Science,State University of New York, Stony Brook(stonybrook.edu)', 'Amazon(amazon.com)', 'State University of New York at Stony Brook(stonybrookmedicine.edu)', 'Not Found', 'Not Found', 'Not Found']",,,,
One Ring to Bring Them All: Model Adaptation under Domain and Category Shift,"['Shiqi Yang', 'Yaxing Wang', 'Kai Wang', 'SHANGLING JUI', 'Joost van de Weijer']","['Not Found', 'Not Found', 'Not Found', 'Not Found', 'Not Found']",,,,
Configuring Mixed-Integer Linear Programming Solvers with Deep Metric Learning,"['Abdelrahman Hosny', 'Sherief Reda']","['Not Found', 'Not Found']",,,,
Language-Guided Artistic Style Transfer Using the Latent Space of DALL-E,"['Zipeng Xu', 'Enver Sangineto', 'Nicu Sebe']","['Not Found', 'Not Found', 'Not Found']",,,,
HNeRV: A Hybrid Neural Representation  for Videos,"['Hao Chen', 'Matthew Gwilliam', 'Ser-Nam Lim', 'Abhinav Shrivastava']","['Not Found', 'Not Found', 'Not Found', 'Not Found']",April 2023,,,
Federated Learning in Non-IID Settings Aided by Differentially Private Synthetic Data,"['Huancheng Chen', 'Haris Vikalo']","['Not Found', 'Not Found']","1 June, 2022",,,
HeatDETR: Hardware-Efficient DETR with Device-Adaptive Thinning,"['Peiyan Dong', 'Xin Meng', 'PENG ZHANG', 'Hao Tang', 'Yanzhi Wang', 'Chih-Hsien Chou']","['Not Found', 'Not Found', 'Not Found', 'Not Found', 'Not Found', 'Not Found']",,,,
ChemSpacE: Interpretable and Interactive Chemical Space Exploration,"['Yuanqi Du', 'Xian Liu', 'Nilay Mahesh Shah', 'Shengchao Liu', 'Jieyu Zhang', 'Bolei Zhou']","['Not Found', 'Not Found', 'Not Found', 'Not Found', 'Not Found', 'Not Found']",,,,
The Effects of Nonlinearity on Approximation Capacity of Recurrent Neural Networks,"['Shida Wang', 'Zhong Li', 'Qianxiao Li']","['Not Found', 'Not Found', 'Not Found']",,,,
Friends to Help: Saving Federated Learning from Client Dropout,"['Heqiang Wang', 'Jie Xu']","['Not Found', 'Not Found']",,,,
Understanding and Bridging the Modality Gap for Speech Translation,"['Qingkai Fang', 'Yang Feng']","['Not Found', 'Not Found']",May 2023,,,
Revisiting Residual Networks for Adversarial Robustness,"['Shihua Huang', 'Zhichao Lu', 'Kalyanmoy Deb', 'Vishnu Boddeti']","['Not Found', 'Not Found', 'Not Found', 'Not Found']",December 2022,,,
A Quasi-Bayesian Nonparametric Density Estimator via Autoregressive Predictive Updates,"['Sahra Ghalebikesabi', 'Christopher C. Holmes', 'Edwin Fong', 'Brieuc Lehmann']","['Not Found', 'Not Found', 'Not Found', 'Not Found']","13 June, 2022",,,
Towards Understanding Convergence and Generalization of AdamW,"['Pan Zhou', 'Xingyu Xie', 'Shuicheng YAN']","['Not Found', 'Not Found', 'Not Found']",,,,
Prompt-Matched Semantic Segmentation,"['Lingbo Liu', 'Bruce Yu', 'Jianlong Chang', 'Qi Tian', 'Chang Wen Chen']","['Not Found', 'Not Found', 'Not Found', 'Not Found', 'Not Found']","22 August, 2022",,,
Learning from Interval-valued Data,"['Guangzhi Ma', 'Jie Lu', 'Zhen Fang', 'Feng Liu', 'Guangquan Zhang']","['Not Found', 'Not Found', 'Not Found', 'Not Found', 'Not Found']",,,,
