Title,Authors,Institutes,Date,Country,Rank_first,Rank_last
Defending Against Patch-Based Backdoor Attacks on Self-Supervised Learning,"['Ajinkya Tejankar', 'Maziar Sanjabi', 'Qifan Wang', 'Sinong Wang', 'Hamed Firooz', 'Hamed Pirsiavash', 'Liang Tan']","['University of California, Davis', 'Facebook', 'Meta AI', 'Facebook', 'Facebook', 'University of California, Davis', 'Tulane University']",April 2023,United States,106,292
Gradient-Based Uncertainty Attribution for Explainable Bayesian Deep Learning,"['Hanjing Wang', 'Dhiraj Joshi', 'Shiqiang Wang', 'Qiang Ji']","['Rensselaer Polytechnic Institute', 'IBM Research', 'IBM Research', 'Rensselaer Polytechnic Institute']",April 2023,United States,222,222
Learning Neural Parametric Head Models,"['Simon Giebenhain', 'Tobias Kirschstein', 'Markos Georgopoulos', 'Martin Rünz', 'Lourdes Agapito', 'Matthias Nießner']","['Technische Universität München', 'Department of Informatics, Technische Universität München', 'Synthesia', 'Synthesia', 'University College London', 'Technical University of Munich']","6 December, 2022",United Kingdom; Germany,,
Delivering Arbitrary-Modal Semantic Segmentation,"['Jiaming Zhang', 'Ruiping Liu', 'Hao Shi', 'Kailun Yang', 'Simon Reiß', 'Kunyu Peng', 'Haodong Fu', 'Kaiwei Wang', 'Rainer Stiefelhagen']","[None, 'Karlsruher Institut für Technologie', 'Zhejiang University', 'Karlsruher Institut für Technologie', None, 'KIT', 'Beijing University of Aeronautics and Astronautics', 'Zhejiang University', 'Karlsruhe Institute of Technology']",March 2023,China; Germany,,200
High-Fidelity 3D Human Digitization From Single 2K Resolution Images,"['Sang-Hun Han', 'Min-Gyu Park', 'Ju Hong Yoon', 'Ju-Mi Kang', 'Young-Jae Park', 'Hae-Gon Jeon']","[None, 'Korea Electronics Technology Institute', 'Korea Electronics Technology Institute', 'Korea Electronics Technology Institute', None, None]",March 2023,,,
Panoptic Video Scene Graph Generation,"['Jingkang Yang', 'Wenxuan Peng', 'Xiangtai Li', 'Zujin Guo', 'Liangyu Chen', 'Bo Li', 'Zheng Ma', 'Kaiyang Zhou', 'Wayne Zhang', 'Chen Change Loy', 'Ziwei Liu']","['Nanyang Technological University', 'Nanyang Technological University', 'Nanyang Technological University', 'Nanyang Technological University', 'Nanyang Technological University', 'Nanyang Technological University', 'SenseTime Research', None, 'SenseTime Research', 'NANYANG TECHNOLOGICAL UNIVERSITY', 'Nanyang Technological University']",November 2023,Singapore,8,8
FFCV: Accelerating Training by Removing Data Bottlenecks,"['Guillaume Leclerc', 'Andrew Ilyas', 'Logan Engstrom', 'Sung Min Park', 'Hadi Salman', 'Aleksander Mądry']","['Massachusetts Institute of Technology', 'Massachusetts Institute of Technology', 'Massachusetts Institute of Technology', 'Massachusetts Institute of Technology', 'MIT', 'Massachusetts Institute of Technology']",June 2023,United States,27,27
A Data-Based Perspective on Transfer Learning,"['Saachi Jain', 'Hadi Salman', 'Alaa Khaddaj', 'Eric Wong', 'Sung Min Park', 'Aleksander Mądry']","['Massachusetts Institute of Technology', 'MIT', 'Massachusetts Institute of Technology', 'University of Pennsylvania', 'Massachusetts Institute of Technology', 'Massachusetts Institute of Technology']",July 2022,United States,27,27
GLIGEN: Open-Set Grounded Text-to-Image Generation,"['Yuheng Li', 'Haotian Liu', 'Qingyang Wu', 'Fangzhou Mu', 'Jianwei Yang', 'Jianfeng Gao', 'Chunyuan Li', 'Yong Jae Lee']","['University of Wisconsin - Madison', 'University of Wisconsin-Madison', 'Columbia University', 'University of Wisconsin, Madison', 'Microsoft Research', 'Microsoft Research', 'Microsoft Research, Redmond', 'Department of Computer Sciences, University of Wisconsin - Madison']","17 January, 2023",United States,66,66
Patch-Craft Self-Supervised Training for Correlated Image Denoising,"['Gregory Vaksman', 'Michael Elad']","['Technion, Technion', 'Computer Science Departmen, Technion-Israel Institute of Technology']",November 2022,Israel,49,49
Co-Salient Object Detection With Uncertainty-Aware Group Exchange-Masking,"['Yang Wu', 'Huihui Song', 'Bo Liu', 'Kaihua Zhang', 'Dong Liu']","['Nanjing University of Information Science and Technology', 'Nanjing University of Information Science and Technology', 'Rutgers University', 'NUIST', 'NetFlix']",October 2023,China; United States,6,
GamutMLP: A Lightweight MLP for Color Loss Recovery,"['Hoang M. Le', 'Brian Price', 'Scott Cohen', 'Michael S. Brown']","['York University', 'Adobe Research', 'Adobe Systems', 'Samsung / York']",April 2023,Canada,222,
ReDirTrans: Latent-to-Latent Translation for Gaze and Head Redirection,"['Shiwei Jin', 'Zhen Wang', 'Lei Wang', 'Ning Bi', 'Truong Nguyen']","[None, 'Qualcomm Technologies, Inc.', 'Qualcomm', 'QualComm', 'University of California, San Diego']",May 2023,United States,,12
Is BERT Blind? Exploring the Effect of Vision-and-Language Pretraining on Visual Language Understanding,"['Morris Alper', 'Michael Fiman', 'Hadar Averbuch-Elor']","['Tel Aviv University', 'Tel Aviv University', 'Tel Aviv University']",Not Found,Israel,71,71
Why Is the Winner the Best?,"['Matthias Eisenmann', 'Annika Reinke', 'Vivienn Weru', 'Minu D. Tizabi', 'Fabian Isensee', 'Tim J. Adler', 'Sharib Ali', 'Vincent Andrearczyk', 'Marc Aubreville', 'Ujjwal Baid', 'Spyridon Bakas', 'Niranjan Balu', 'Sophia Bano', 'Jorge Bernal', 'Sebastian Bodenstedt', 'Alessandro Casella', 'Veronika Cheplygina', 'Marie Daum', 'Marleen de Bruijne', 'Adrien Depeursinge', 'Reuben Dorent', 'Jan Egger', 'David G. Ellis', 'Sandy Engelhardt', 'Melanie Ganz', 'Noha Ghatwary', 'Gabriel Girard', 'Patrick Godau', 'Anubha Gupta', 'Lasse Hansen', 'Kanako Harada', 'Mattias P. Heinrich', 'Nicholas Heller', 'Alessa Hering', 'Arnaud Huaulmé', 'Pierre Jannin', 'Ali Emre Kavur', 'Oldřich Kodym', 'Michal Kozubek', 'Jianning Li', 'Hongwei Li', 'Jun Ma', 'Carlos Martín-Isla', 'Bjoern Menze', 'Alison Noble', 'Valentin Oreiller', 'Nicolas Padoy', 'Sarthak Pati', 'Kelly Payette', 'Tim Rädsch', 'Jonathan Rafael-Patiño', 'Vivek Singh Bawa', 'Stefanie Speidel', 'Carole H. Sudre', 'Kimberlin van Wijnen', 'Martin Wagner', 'Donglai Wei', 'Amine Yamlahi', 'Moi Hoon Yap', 'Chun Yuan', 'Maximilian Zenk', 'Aneeq Zia', 'David Zimmerer', 'Dogu Baran Aydogan', 'Binod Bhattarai', 'Louise Bloch', 'Raphael Brüngel', 'Jihoon Cho', 'Chanyeol Choi', 'Qi Dou', 'Ivan Ezhov', 'Christoph M. Friedrich', 'Clifton D. Fuller', 'Rebati Raman Gaire', 'Adrian Galdran', 'Álvaro García Faura', 'Maria Grammatikopoulou', 'SeulGi Hong', 'Mostafa Jahanifar', 'Ikbeom Jang', 'Abdolrahim Kadkhodamohammadi', 'Inha Kang', 'Florian Kofler', 'Satoshi Kondo', 'Hugo Kuijf', 'Mingxing Li', 'Minh Luu', 'Tomaž Martinčič', 'Pedro Morais', 'Mohamed A. Naser', 'Bruno Oliveira', 'David Owen', 'Subeen Pang', 'Jinah Park', 'Sung-Hong Park', 'Szymon Plotka', 'Elodie Puybareau', 'Nasir Rajpoot', 'Kanghyun Ryu', 'Numan Saeed', 'Adam Shephard', 'Pengcheng Shi', 'Dejan Štepec', 'Ronast Subedi', 'Guillaume Tochon', 'Helena R. Torres', 'Helene Urien', 'João L. Vilaça', 'Kareem A. Wahid', 'Haojie Wang', 'Jiacheng Wang', 'Liansheng Wang', 'Xiyue Wang', 'Benedikt Wiestler', 'Marek Wodzinski', 'Fangfang Xia', 'Juanying Xie', 'Zhiwei Xiong', 'Sen Yang', 'Yanwu Yang', 'Zixuan Zhao', 'Klaus Maier-Hein', 'Paul F. Jäger', 'Annette Kopp-Schneider', 'Lena Maier-Hein']","['German Cancer Research Center (DKFZ)', 'German Cancer Research Center', 'Deutsches Krebsforschungszentrum', 'Deutsches Krebsforschungszentrum', 'German Cancer Research Center', 'German Cancer Research Center (DKFZ)', 'University of Leeds', 'University of Applied Sciences Western Switzerland, Sierre (HES-SO Valais)', 'Technische Hochschule Ingolstadt', 'University of Pennsylvania, University of Pennsylvania', 'University of Pennsylvania', 'University of Washington', 'University College London, University of London', 'Computer Vision Center & Universitat Autònoma de Barcelona', 'National Center for Tumordiseases, Dresden', 'Politecnico di Milano', 'IT University of Copenhagen', 'Ruprecht-Karls-Universität Heidelberg', 'Erasmus MC', 'University of Applied Sciences Western Switzerland, Sierre (HES-SO Valais)', 'Harvard University', 'University Hospital Essen', 'University of Iowa', 'University Hospital Heidelberg', 'University of Copenhagen', 'Arab Academy for Science & Technology', 'Swiss Federal Institute of Technology Lausanne', 'German Cancer Research Center', 'Indraprastha Institute of Information Technology, Delhi', 'echoscout.ai', 'The University of Tokyo', 'Universität zu Lübeck', 'University of Minnesota', 'Radboud University Medical Center', 'Univ Rennes, INSERM, LTSI - UMR 1099', 'INSERM', 'Dokuz Eylül University', 'Brno University of Technology', 'Masaryk University', 'IKIM', 'University of Zurich', 'Nanjing University of Science and Technology', 'Universitat de Barcelona', 'University of Zurich', 'University of Oxford', 'University of Applied Sciences Western Switzerland, Sierre (HES-SO Valais)', 'University of Strasbourg', 'University of Pennsylvania', 'University of Zurich', 'German Cancer Research Center (DKFZ)', 'CHUV - University Hospital Lausanne', 'Oxford Brookes University', 'National Center for Tumordiseases, Dresden', 'University College London', 'Delft University of Technology', 'Heidelberg University Hospital', 'Boston College', 'Deutsches Krebsforschungszentrum', 'The Manchester Metropolitan University', 'University of Washington, Seattle', 'German Cancer Research Center (DKFZ)', '', 'German Cancer Research Center', 'University of Eastern Finland', 'University of Aberdeen', 'Department of Computer Science, University of Applied Sciences and Arts Dortmund', 'Department of Computer Science, University of Applied Sciences and Arts Dortmund', 'KAIST', 'Massachusetts Institute of Technology', 'The Chinese University of Hong Kong', 'Technical University Munich', 'University of Applied Sciences and Arts Dortmund', 'The University of Texas MD Anderson Cancer Center', 'University of Nebraska-Lincoln', 'Universitat Pompeu Fabra', 'XLAB d.o.o.', 'Medtronic', 'CJ AI Center', 'University of Warwick', 'Massachusetts General Hospital, Harvard Medical School, Hankuk University of Foreign Studies', 'Medtronic PLC', 'Korea Advanced Institute of Science & Technology', 'Helmholtz AI | Technical University Munich', 'Muroran Institute of Technology', 'UMC Utrecht', 'University of Science and Technology of China', 'KAIST', 'University of Ljubljana', 'Instituto Politécnico do Cávado e do Ave', 'The University of Texas MD Anderson Cancer Center', 'Universidade do Minho', 'Medtronic', 'Massachusetts Institute of Technology', 'Korea Advanced Institute of Science and Technology', 'University of Pittsburgh', 'University of Amsterdam', ""Laboratoire de Recherche de l'EPITA"", 'University of Warwick', 'Stanford University', 'Mohamed bin Zayed University of Artificial Intelligence', 'University of Warwick', 'Harbin Institute of Technology (Shenzhen)', 'XLAB', 'Tribhuvan University', ""Ecole Pour l'Informatique et les Techniques Avancees"", 'Instituto Politécnico do Cávado e do Ave', ""Institut Supérieure d'Electronique de Paris"", 'Instituto Politécnico do Cávado e do Ave', 'The University of Texas MD Anderson Cancer Center', 'Xiamen university', 'Xiamen University', 'Xiamen University, Tsinghua University', 'Sichuan University', 'Technical University Munich', 'AGH University of Science and Technology', 'Argonne National Laboratory', 'Shaanxi Normal University', None, 'Sichuan University', 'Harbin Institute of Technology at Shenzhen, China', 'University of Chicago', 'German Cancer Research Center', 'German Cancer Research Center', 'Deutsches Krebsforschungszentrum', 'German Cancer Research Center (DKFZ)']",Not Found,United Kingdom; United States; Germany; Italy; Denmark; India; Japan; Netherlands; Czech Republic; Switzerland; China; Unknown; South Korea; Hong Kong; Slovenia; United Arab Emirates,,
RangeViT: Towards Vision Transformers for 3D Semantic Segmentation in Autonomous Driving,"['Angelika Ando', 'Spyros Gidaris', 'Andrei Bursuc', 'Gilles Puy', 'Alexandre Boulch', 'Renaud Marlet']","['Mines Paris, Université PSL', 'Valeo.ai', 'valeo.ai', 'valeo.ai', 'valeo.ai', 'INRIA']","24 January, 2023",France,,160
ZegCLIP: Towards Adapting CLIP for Zero-Shot Semantic Segmentation,"['Ziqin Zhou', 'Yinjie Lei', 'Bowen Zhang', 'Lingqiao Liu', 'Yifan Liu']","[None, None, 'The University of Adelaide', None, None]","7 December, 2022",Australia,,
MaskSketch: Unpaired Structure-Guided Masked Image Generation,"['Dina Bashkirova', 'José Lezama', 'Kihyuk Sohn', 'Kate Saenko', 'Irfan Essa']","[None, 'Google Research', 'Google', 'Meta / Boston University', 'Georgia Institute of Technology']",February 2023,United States,,18
Video Probabilistic Diffusion Models in Projected Latent Space,"['Sihyun Yu', 'Kihyuk Sohn', 'Subin Kim', 'Jinwoo Shin']","['KAIST', 'Google', 'Korea Advanced Institute of Science & Technology', 'Korea Advanced Institute of Science and Technology']","15 February, 2023",South Korea; United States,8,
Prefix Conditioning Unifies Language and Label Supervision,"['Kuniaki Saito', 'Kihyuk Sohn', 'Xiang Zhang', 'Chun-Liang Li', 'Chen-Yu Lee', 'Kate Saenko', 'Tomas Pfister']","['Omron SinicX', 'Google', 'Google', 'Google', None, 'Meta / Boston University', 'Google']","2 June, 2022",United States,,
Pic2Word: Mapping Pictures to Words for Zero-Shot Composed Image Retrieval,"['Kuniaki Saito', 'Kihyuk Sohn', 'Xiang Zhang', 'Chun-Liang Li', 'Chen-Yu Lee', 'Kate Saenko', 'Tomas Pfister']","['Omron SinicX', 'Google', 'Google', 'Google', None, 'Meta / Boston University', 'Google']","6 February, 2023",United States,,
Visual Prompt Tuning for Generative Transfer Learning,"['Kihyuk Sohn', 'Huiwen Chang', 'José Lezama', 'Luisa Polania', 'Han Zhang', 'Yuan Hao', 'Irfan Essa', 'Lu Jiang']","['Google', 'Google', 'Google Research', 'University of Delaware', 'Rutgers University', 'Google', 'Georgia Institute of Technology', 'Google / CMU']",October 2022,United States,,
GEN: Pushing the Limits of Softmax-Based Out-of-Distribution Detection,"['Xixi Liu', 'Yaroslava Lochman', 'Christopher Zach']","['Chalmers University of Technology', None, 'Chalmers University']",Not Found,,,
Masked Wavelet Representation for Compact Neural Radiance Fields,"['Daniel Rho', 'Byeonghyeon Lee', 'Seungtae Nam', 'Joo Chan Lee', 'Jong Hwan Ko', 'Eunbyung Park']","['Korea Telecom Research', 'Sungkyunkwan University(SKKU) Department of Artificial Intelligence', 'Sungkyunkwan University', 'Sungkyunkwan University', 'Sungkyunkwan University (SKKU)', 'SKKU']","18 December, 2022",South Korea,,
MIME: Human-Aware 3D Scene Generation,"['Hongwei Yi', 'Chun-Hao P. Huang', 'Shashank Tripathi', 'Lea Hering', 'Justus Thies', 'Michael J. Black']","['Max Planck Institute for Intelligent Systems, Max-Planck Institute', 'Adobe Systems', 'Max Planck Institute for Intelligent Systems', 'Max Planck Institute for Intelligent Systems, Max-Planck Institute', 'Max-Planck Institute for Intelligent Systems', 'University of Tübingen']",December 2022,Germany,,138
BITE: Beyond Priors for Improved Three-D Dog Pose Estimation,"['Nadine Rüegg', 'Shashank Tripathi', 'Konrad Schindler', 'Michael J. Black', 'Silvia Zuffi']","['ETH Zurich,       MPI Tuebingen', 'Max Planck Institute for Intelligent Systems', 'ETH Zurich', 'University of Tübingen', '']",Not Found,Switzerland; Germany,31,138
3D Human Pose Estimation via Intuitive Physics,"['Shashank Tripathi', 'Lea Müller', 'Chun-Hao P. Huang', 'Omid Taheri', 'Michael J. Black', 'Dimitrios Tzionas']","['Max Planck Institute for Intelligent Systems', 'University of California, Berkeley', 'Adobe Systems', '', 'University of Tübingen', 'University of Amsterdam']","31 March, 2023",Germany; United States; Netherlands,,66
Heat Diffusion Based Multi-Scale and Geometric Structure-Aware Transformer for Mesh Segmentation,['Chi-Chong Wong'],[None],Not Found,,,
DKM: Dense Kernelized Feature Matching for Geometry Estimation,"['Johan Edstedt', 'Ioannis Athanasiadis', 'Mårten Wadenbäck', 'Michael Felsberg']","['Computer Vision Laboratory, Linköping University', 'Linköping University', 'Linköping University', None]","1 February, 2022",,,
Balanced Product of Calibrated Experts for Long-Tailed Recognition,"['Emanuel Sanchez Aimar', 'Arvi Jonnarth', 'Michael Felsberg', 'Marco Kuhlmann']","['Linköping University', 'Linköping University', None, 'Linköping University']","10 June, 2022",,,
SLOPER4D: A Scene-Aware Dataset for Global 4D Human Pose Estimation in Urban Environments,"['Yudi Dai', 'Yitai Lin', 'Xiping Lin', 'Chenglu Wen', 'Lan Xu', 'Hongwei Yi', 'Siqi Shen', 'Yuexin Ma', 'Cheng Wang']","['Xiamen University', 'Xiamen University', 'Xiamen University', 'Xiamen University', None, 'Max Planck Institute for Intelligent Systems, Max-Planck Institute', 'Xiamen University', 'ShanghaiTech University', 'Xiamen University']","16 March, 2023",China; Germany,56,56
CIMI4D: A Large Multimodal Climbing Motion Dataset Under Human-Scene Interactions,"['Ming Yan', 'Xin Wang', 'Yudi Dai', 'Siqi Shen', 'Chenglu Wen', 'Lan Xu', 'Yuexin Ma', 'Cheng Wang']","['Xiamen University', 'XMU', 'Xiamen University', 'Xiamen University', 'Xiamen University', None, 'ShanghaiTech University', 'Xiamen University']",March 2023,China,56,56
FIANCEE: Faster Inference of Adversarial Networks via Conditional Early Exits,"['Polina Karpikova', 'Ekaterina Radionova', 'Anastasia Yaschenko', 'Andrei Spiridonov', 'Leonid Kostyushko', 'Riccardo Fabbricatore', 'Aleksei Ivakhnenko']","[None, None, 'Samsung AI Center', 'Higher School of Economics', 'Lomonosov Moscow State University', 'Samsung', 'Samsung AI Center, Moscow']","20 April, 2023",South Korea,,
Connecting Vision and Language With Video Localized Narratives,"['Paul Voigtlaender', 'Soravit Changpinyo', 'Jordi Pont-Tuset', 'Radu Soricut', 'Vittorio Ferrari']","[None, 'Google Research', 'Google Research', 'Google', 'Google']","22 February, 2023",United States,,
All-in-Focus Imaging From Event Focal Stack,"['Hanyue Lou', 'Minggui Teng', 'Yixin Yang', 'Boxin Shi']","['Peking University', 'Peking University', 'Peking University', None]",Not Found,China,3,3
Semi-Supervised Stereo-Based 3D Object Detection via Cross-View Consensus,"['Wenhao Wu', 'Hau San Wong', 'Si Wu']","['City University of Hong Kong', 'City University of Hong Kong', 'South China University of Technology']",Not Found,Hong Kong; China,46,486
Improved Test-Time Adaptation for Domain Generalization,"['Liang Chen', 'Yong Zhang', 'Yibing Song', 'Ying Shan', 'Lingqiao Liu']","[None, 'Tencent AI Lab', 'Fudan University', 'Tencent', None]","10 April, 2023",China,,
Learning Common Rationale To Improve Self-Supervised Representation for Fine-Grained Visual Recognition Problems,"['Yangyang Shu', 'Anton van den Hengel', 'Lingqiao Liu']","[None, 'University of Adelaide', None]","2 March, 2023",Australia,,
METransformer: Radiology Report Generation by Transformer With Multiple Learnable Expert Tokens,"['Zhanyu Wang', 'Lingqiao Liu', 'Lei Wang', 'Luping Zhou']","['University of Sydney', None, 'University of Wollonong', 'University of Sydney']",April 2023,Australia,71,71
Exact-NeRF: An Exploration of a Precise Volumetric Parameterization for Neural Radiance Fields,"['Brian K. S. Isaac-Medina', 'Chris G. Willcocks', 'Toby P. Breckon']","['Durham University', 'Durham University', 'Durham University']","22 November, 2022",United Kingdom,244,244
"X3KD: Knowledge Distillation Across Modalities, Tasks and Stages for Multi-Camera 3D Object Detection","['Marvin Klingner', 'Shubhankar Borse', 'Varun Ravi Kumar', 'Behnaz Rezaei', 'Venkatraman Narayanan', 'Senthil Yogamani', 'Fatih Porikli']","['Technische Universität Braunschweig', 'Qualcomm AI Research', 'Qualcomm Technologies Automated Driving', 'Northeastern University', 'Qualcomm Inc, QualComm', 'Valeo Vision Systems', 'QualComm']",Not Found,United States,,
Learning Partial Correlation Based Deep Visual Representation for Image Classification,"['Saimunur Rahman', 'Piotr Koniusz', 'Lei Wang', 'Luping Zhou', 'Peyman Moghadam', 'Changming Sun']","['CSIRO Data61', 'Australian National University', 'University of Wollonong', 'University of Sydney', None, 'CSIRO']","23 April, 2023",Australia,,
Implicit 3D Human Mesh Recovery Using Consistency With Pose and Shape From Unseen-View,"['Hanbyel Cho', 'Yooshin Cho', 'Jaesung Ahn', 'Junmo Kim']","['Korea Advanced Institute of Science and Technology', 'LG AI Research', 'Korea Advanced Institute of Science & Technology', 'Korea Advanced Institute of Science and Technology']","30 June, 2023",South Korea,,
CLIPPING: Distilling CLIP-Based Models With a Student Base for Video-Language Retrieval,"['Renjing Pei', 'Jianzhuang Liu', 'Weimian Li', 'Bin Shao', 'Songcen Xu', 'Peng Dai', 'Juwei Lu', 'Youliang Yan']","['Huawei Technologies Ltd.', 'Huawei Technologies Ltd.', 'Peking University', 'Northeastern University', ""Huawei Noah's Ark Lab"", 'Huawei Technologies Ltd.', 'Huawei Technologies Ltd.', 'Huawei Technologies Ltd.']",Not Found,China; United States,,
Guided Recommendation for Model Fine-Tuning,"['Hao Li', 'Charless Fowlkes', 'Hao Yang', 'Onkar Dabeer', 'Zhuowen Tu', 'Stefano Soatto']","['AWS AI Labs', 'University of California, Irvine', 'Amazon', 'Amazon', 'University of California, San Diego', 'UCLA']",Not Found,United States,,
Implicit View-Time Interpolation of Stereo Videos Using Multi-Plane Disparities and Non-Uniform Coordinates,"['Avinash Paliwal', 'Andrii Tsarov', 'Nima Khademi Kalantari']","[None, 'Leia inc', 'Texas A&M University']",March 2023,United States,,61
FeatureBooster: Boosting Feature Descriptors With a Lightweight Neural Network,"['Xinjiang Wang', 'Zeyu Liu', 'Yu Hu', 'Wei Xi', 'Wenxian Yu', 'Danping Zou']","['Shanghai Jiaotong University', 'Shanghai Jiao Tong University', 'Shanghai Jiaotong University', 'University of Maryland, College Park', 'Shanghai Jiaotong University', 'Shanghai Jiao Tong University, Tsinghua University']","28 November, 2022",China; United States,,1
PlenVDB: Memory Efficient VDB-Based Radiance Fields for Fast Training and Rendering,"['Han Yan', 'Celong Liu', 'Chao Ma', 'Xing Mei']","[None, 'Bytedance', 'Shanghai Jiao Tong University', 'Bytedance Inc.']",Not Found,China,,
MED-VT: Multiscale Encoder-Decoder Video Transformer With Application To Object Segmentation,"['Rezaul Karim', 'He Zhao', 'Richard P. Wildes', 'Mennatullah Siam']","[None, 'York University', 'York University', 'York University']",Not Found,Canada,222,222
Positive-Augmented Contrastive Learning for Image and Video Captioning Evaluation,"['Sara Sarto', 'Manuele Barraco', 'Marcella Cornia', 'Lorenzo Baraldi', 'Rita Cucchiara']","['University of Modena and Reggio Emilia', 'Università di Modena e Reggio Emilia', 'University of Modena and Reggio Emilia', 'Università degli Studi di Modena e Reggio Emilia', 'Università di Modena e Reggio Emilia']","21 March, 2023",Italy,222,
Handwritten Text Generation From Visual Archetypes,"['Vittorio Pippi', 'Silvia Cascianelli', 'Rita Cucchiara']","['University of Modena and Reggio Emilia', 'University of Modena and Reggio Emilia', 'Università di Modena e Reggio Emilia']",March 2023,Italy,222,
Hierarchical B-Frame Video Coding Using Two-Layer CANF Without Motion Coding,"['David Alexandre', 'Hsueh-Ming Hang', 'Wen-Hsiao Peng']","['National Yang Ming Chiao Tung University', 'National Chiao Tung University', 'National Chiao Tung University, National Chiao Tung University']",April 2023,Taiwan,,138
Multi-Modal Learning With Missing Modality via Shared-Specific Feature Modelling,"['Hu Wang', 'Yuanhong Chen', 'Congbo Ma', 'Jodie Avery', 'Louise Hull', 'Gustavo Carneiro']","['The University of Adelaide', 'University of Adelaide', 'The University of Adelaide', 'University of Adelaide', 'University of Adelaide', 'University of Surrey']","26 July, 2023",Australia; United Kingdom,,106
Spatial-Temporal Concept Based Explanation of 3D ConvNets,"['Ying Ji', 'Yu Wang', 'Jien Kato']","['Nagoya University', None, 'Ritsumeikan University']",June 2022,Japan,,
Robust Model-Based Face Reconstruction Through Weakly-Supervised Outlier Segmentation,"['Chunlu Li', 'Andreas Morel-Forster', 'Thomas Vetter', 'Bernhard Egger', 'Adam Kortylewski']","[None, 'Department of Computer Science', 'University Basel Switzerland', 'Massachusetts Institute of Technology', 'University of Freiburg &amp; MPI-INF']","17 June, 2021",United States,,185
PoseExaminer: Automated Testing of Out-of-Distribution Robustness in Human Pose and Shape Estimation,"['Qihao Liu', 'Adam Kortylewski', 'Alan L. Yuille']","['Johns Hopkins University', 'University of Freiburg &amp; MPI-INF', 'Johns Hopkins University']","13 March, 2023",United States,42,42
Learned Image Compression With Mixed Transformer-CNN Architectures,"['Jinming Liu', 'Heming Sun', 'Jiro Katto']","['Waseda University', 'Waseda University', 'Waseda University']",March 2023,Japan,358,358
Weakly-Supervised Domain Adaptive Semantic Segmentation With Prototypical Contrastive Learning,"['Anurag Das', 'Yongqin Xian', 'Dengxin Dai', 'Bernt Schiele']","[None, 'Google', '', 'Max Planck Institute for Informatics']",Not Found,United States; Germany,,
Exploring and Exploiting Uncertainty for Incomplete Multi-View Classification,"['Mengyao Xie', 'Zongbo Han', 'Changqing Zhang', 'Yichen Bai', 'Qinghua Hu']","[None, 'Tianjin University', 'Tianjin University', 'Tianjin University', 'Tianjin University']",April 2023,China,100,100
Seeing Through the Glass: Neural 3D Reconstruction of Object Inside a Transparent Container,"['Jinguang Tong', 'Sundaram Muthu', 'Fahira Afzal Maken', 'Chuong Nguyen', 'Hongdong Li']","[None, ', CSIRO', 'CSIRO', None, 'Australian National University']",March 2023,Australia,,88
"Zero-Shot Everything Sketch-Based Image Retrieval, and in Explainable Style","['Fengyin Lin', 'Mingkang Li', 'Da Li', 'Timothy Hospedales', 'Yi-Zhe Song', 'Yonggang Qi']","['Beijing University of Posts and Telecommunications', 'Beijing University of Post and Telecommunication', 'Samsung AI Center, Cambridge', None, None, 'Beijing University of Posts and Telecommunications']",March 2023,South Korea; United Kingdom,,
Correspondence Transformers With Asymmetric Feature Learning and Matching Flow Super-Resolution,"['Yixuan Sun', 'Dongyang Zhao', 'Zhangyue Yin', 'Yiwen Huang', 'Tao Gui', 'Wenqiang Zhang', 'Weifeng Ge']","['Fudan University', 'Fudan University', 'Fudan University', 'Fudan University', 'Fudan University', None, 'Fudan University']",Not Found,China,16,16
CiCo: Domain-Aware Sign Language Retrieval via Cross-Lingual Contrastive Learning,"['Yiting Cheng', 'Fangyun Wei', 'Jianmin Bao', 'Dong Chen', 'Wenqiang Zhang']","[None, None, 'Microsoft', 'Microsoft', None]",March 2023,United States,,
Castling-ViT: Compressing Self-Attention via Switching Towards Linear-Angular Attention at Vision Transformer Inference,"['Haoran You', 'Yunyang Xiong', 'Xiaoliang Dai', 'Bichen Wu', 'Peizhao Zhang', 'Haoqi Fan', 'Peter Vajda', 'Yingyan (Celine) Lin']","['Georgia Institute of Technology', 'Facebook', 'Facebook', 'Facebook', 'Facebook', 'Facebook AI Research', 'Facebook', 'Georgia Institute of Technology']","18 November, 2022",United States,18,18
S3C: Semi-Supervised VQA Natural Language Explanation via Self-Critical Learning,"['Wei Suo', 'Mengyang Sun', 'Weisong Liu', 'Yiqi Gao', 'Peng Wang', 'Yanning Zhang', 'Qi Wu']","[""Northwest Polytechnical University Xi'an"", ""Northwestern Polytechnical University, Northwest Polytechnical University Xi'an"", ""Northwest Polytechnical University Xi'an"", ""Northwest Polytechnical University Xi'an"", 'Northwestern Polytechnical University', 'Northwestern Polytechnical University', 'University of Adelaide']",September 2023,China; Australia,,
Towards Generalisable Video Moment Retrieval: Visual-Dynamic Injection to Image-Text Pre-Training,"['Dezhao Luo', 'Jiabo Huang', 'Shaogang Gong', 'Hailin Jin', 'Yang Liu']","['Queen Mary University of London', 'Queen Mary University London', 'Queen Mary University London', 'Adobe Research', 'Peking University']","28 February, 2023",United Kingdom; China,146,3
ESLAM: Efficient Dense SLAM System Based on Hybrid Representation of Signed Distance Fields,"['Mohammad Mahdi Johari', 'Camilla Carta', 'François Fleuret']","['Idiap Research Institute, EPFL', 'ams OSRAM', 'University of Geneva']","21 November, 2022",Switzerland,49,
Continuous Intermediate Token Learning With Implicit Motion Manifold for Keyframe Based Motion Interpolation,"['Clinton A. Mo', 'Kun Hu', 'Chengjiang Long', 'Zhiyong Wang']","['The University of Sydney', 'The University of Sydney', 'Meta Reality Labs', 'The University of Sydney']",March 2023,Australia,71,71
Prompt-Guided Zero-Shot Anomaly Action Recognition Using Pretrained Deep Skeleton Features,"['Fumiaki Sato', 'Ryo Hachiuma', 'Taiki Sekii']","['', 'Konica Minolta, Inc.', 'Konica Minolta, Inc.']",March 2023,United States,,
A New Path: Scaling Vision-and-Language Navigation With Synthetic Instructions and Imitation Learning,"['Aishwarya Kamath', 'Peter Anderson', 'Su Wang', 'Jing Yu Koh', 'Alexander Ku', 'Austin Waters', 'Yinfei Yang', 'Jason Baldridge', 'Zarana Parekh']","['New York University', 'Google', 'Google', 'Carnegie Mellon University', 'Google', 'Google', 'Apple', 'Google', 'Google']","6 October, 2022",United States,38,
Imagen Editor and EditBench: Advancing and Evaluating Text-Guided Image Inpainting,"['Su Wang', 'Chitwan Saharia', 'Ceslee Montgomery', 'Jordi Pont-Tuset', 'Shai Noy', 'Stefano Pellegrini', 'Yasumasa Onoe', 'Sarah Laszlo', 'David J. Fleet', 'Radu Soricut', 'Jason Baldridge', 'Mohammad Norouzi', 'Peter Anderson', 'William Chan']","['Google', 'Google', 'Google', 'Google Research', 'Google', 'Google', 'University of Texas, Austin', 'Research, Google', 'University of Toronto & Google Brain', 'Google', 'Google', 'Google Brain', 'Google', 'Google Brain']","13 December, 2022",United States; Qatar; Canada,,
BiFormer: Vision Transformer With Bi-Level Routing Attention,"['Lei Zhu', 'Xinjiang Wang', 'Zhanghan Ke', 'Wayne Zhang', 'Rynson W.H. Lau']","['City University of Hong Kong', 'SenseTime Research', 'City University of Hong Kong', 'SenseTime Research', 'City University of Hong Kong']",March 2023,Hong Kong,46,46
Dense Distinct Query for End-to-End Object Detection,"['Shilong Zhang', 'Xinjiang Wang', 'Jiaqi Wang', 'Jiangmiao Pang', 'Chengqi Lyu', 'Wenwei Zhang', 'Ping Luo', 'Kai Chen']","['University of Hong Kong', 'SenseTime Research', 'Shanghai AI Laboratory', 'Shanghai AI Laboratory ', 'Shanghai AI Laboratory', None, 'The University of Hong Kong', 'Shanghai AI Laboratory']","22 March, 2023",Hong Kong; China,26,
Consistent-Teacher: Towards Reducing Inconsistent Pseudo-Targets in Semi-Supervised Object Detection,"['Xinjiang Wang', 'Xingyi Yang', 'Shilong Zhang', 'Yijiang Li', 'Litong Feng', 'Shijie Fang', 'Chengqi Lyu', 'Kai Chen', 'Wayne Zhang']","['SenseTime Research', 'National University of Singapore', 'University of Hong Kong', 'Johns Hopkins University', 'SenseTime Research', 'Peking University', 'Shanghai AI Laboratory', 'Shanghai AI Laboratory', 'SenseTime Research']","4 September, 2022",Singapore; Hong Kong; United States; China,,
Learning Locally Editable Virtual Humans,"['Hsuan-I Ho', 'Lixin Xue', 'Jie Song', 'Otmar Hilliges']","['ETHZ - ETH Zurich', 'ETH Zurich', 'ETHZ - ETH Zurich', None]",May 2023,Switzerland,31,31
PCT-Net: Full Resolution Image Harmonization Using Pixel-Wise Color Transformations,"['Julian Jorge Andrade Guerreiro', 'Mitsuru Nakazawa', 'Björn Stenger']","['University of Tokyo', 'Rakuten Institute of Technology, Rakuten Group, Inc.', 'Rakuten Institute of Technology']",Not Found,Japan; United States,85,
All-in-One Image Restoration for Unknown Degradations Using Adaptive Discriminative Filters for Specific Degradations,"['Dongwon Park', 'Byung Hyun Lee', 'Se Young Chun']","['Seoul National University', 'Seoul National University', 'Seoul National University']",Not Found,South Korea,20,20
ALSO: Automotive Lidar Self-Supervision by Occupancy Estimation,"['Alexandre Boulch', 'Corentin Sautier', 'Björn Michele', 'Gilles Puy', 'Renaud Marlet']","['valeo.ai', 'valeo.ai & LIGM, Ecole des Ponts, Univ Gustave Eiffel', 'Université de Bretagne Sud', 'valeo.ai', 'INRIA']","12 December, 2022",France,,160
Unsupervised Object Localization: Observing the Background To Discover Objects,"['Oriane Siméoni', 'Chloé Sekkat', 'Gilles Puy', 'Antonín Vobecký', 'Éloi Zablocki', 'Patrick Pérez']","['Valeo.ai', 'ENS Paris-Saclay', 'valeo.ai', 'Czech Technical University in Prague', 'Valeo', None]","15 December, 2022",Czech Republic,,
SCPNet: Semantic Scene Completion on Point Cloud,"['Zhaoyang Xia', 'Youquan Liu', 'Xin Li', 'Xinge Zhu', 'Yuexin Ma', 'Yikang Li', 'Yuenan Hou', 'Yu Qiao']","['Shanghai AI laboratory', 'Hochschule Bremerhaven', 'East China Normal University', 'The Chinese University of Hong Kong', 'ShanghaiTech University', 'IDG Capital', 'Shanghai AI Laboratory', 'Shanghai Aritifcal Intelligence Laboratory']",March 2023,China; Hong Kong,,
UMat: Uncertainty-Aware Single Image High Resolution Material Capture,"['Carlos Rodriguez-Pardo', 'Henar Domínguez-Elvira', 'David Pascual-Hernández', 'Elena Garces']","['SEDDI, Universidad Rey Juan Carlos', 'Universidad Rey Juan Carlos', 'Universidad Rey Juan Carlos', 'Universidad Rey Juan Carlos']",May 2023,Spain,,
Unified Keypoint-Based Action Recognition Framework via Structured Keypoint Pooling,"['Ryo Hachiuma', 'Fumiaki Sato', 'Taiki Sekii']","['Konica Minolta, Inc.', '', 'Konica Minolta, Inc.']",March 2023,United States,,
Teleidoscopic Imaging System for Microscale 3D Shape Reconstruction,"['Ryo Kawahara', 'Meng-Yu Jennifer Kuo', 'Shohei Nobuhara']","['Kyushu Institute of Technology', 'University of Minnesota', 'Kyoto University']",Not Found,United States; Japan,,160
Fresnel Microfacet BRDF: Unification of Polari-Radiometric Surface-Body Reflection,"['Tomoki Ichikawa', 'Yoshiki Fukao', 'Shohei Nobuhara', 'Ko Nishino']","['Kyoto University', 'Kyoto University', 'Kyoto University', 'Kyoto University']",December 2022,Japan,160,160
RODIN: A Generative Model for Sculpting 3D Digital Avatars Using Diffusion,"['Tengfei Wang', 'Bo Zhang', 'Ting Zhang', 'Shuyang Gu', 'Jianmin Bao', 'Tadas Baltrusaitis', 'Jingjing Shen', 'Dong Chen', 'Fang Wen', 'Qifeng Chen', 'Baining Guo']","['The Hong Kong University of Science and Technology', 'Microsoft', 'Microsoft', 'Research, Microsoft', 'Microsoft', 'Microsoft', 'Microsoft', 'Microsoft', 'Microsoft', 'Hong Kong University of Science and Technology', 'Microsoft Research']",December 2022,United States; Qatar; Hong Kong,,
Learning 3D-Aware Image Synthesis With Unknown Pose Distribution,"['Zifan Shi', 'Yujun Shen', 'Yinghao Xu', 'Sida Peng', 'Yiyi Liao', 'Sheng Guo', 'Qifeng Chen', 'Dit-Yan Yeung']","['HKUST', 'The Chinese University of Hong Kong', 'Chinese University of Hong Kong', None, 'Zhejiang University', 'Ant Group', 'Hong Kong University of Science and Technology', 'Hong Kong University of Science and Technology']","18 January, 2023",Hong Kong; China,10,
DynaFed: Tackling Client Data Heterogeneity With Global Dynamics,"['Renjie Pi', 'Weizhong Zhang', 'Yueqi Xie', 'Jiahui Gao', 'Xiaoyu Wang', 'Sunghun Kim', 'Qifeng Chen']","[None, 'Fudan University', None, 'The University of Hong Kong', 'Hong Kong University of Science and Technology', 'Hong Kong University of Science and Technology', 'Hong Kong University of Science and Technology']",November 2022,China; Hong Kong,16,
Enlarging Instance-Specific and Class-Specific Information for Open-Set Action Recognition,"['Jun Cen', 'Shiwei Zhang', 'Xiang Wang', 'Yixuan Pei', 'Zhiwu Qing', 'Yingya Zhang', 'Qifeng Chen']","[None, 'Alibaba Group', 'Huazhong University of Science and Technology', ""Xi'an Jiaotong University"", 'Huazhong University of Science and Technology, Tsinghua University', 'Alibaba Group', 'Hong Kong University of Science and Technology']",March 2023,China; Hong Kong,,
High-Fidelity 3D GAN Inversion by Pseudo-Multi-View Optimization,"['Jiaxin Xie', 'Hao Ouyang', 'Jingtan Piao', 'Chenyang Lei', 'Qifeng Chen']","['The Hong Kong University of Science and Technology', 'Department of Computer Science and Engineering, Hong Kong University of Science and Technology', 'The Chinese University of Hong Kong', 'The Hong Kong University of Science and Technology', 'Hong Kong University of Science and Technology']","28 November, 2022",Hong Kong,,
Blind Video Deflickering by Neural Filtering With a Flawed Atlas,"['Chenyang Lei', 'Xuanchi Ren', 'Zhaoxiang Zhang', 'Qifeng Chen']","['The Hong Kong University of Science and Technology', 'University of Toronto', 'Institute of automation, Chinese academy of science, Chinese Academy of Sciences', 'Hong Kong University of Science and Technology']",March 2023,Canada; China; Hong Kong,,
Delving StyleGAN Inversion for Image Editing: A Foundation Latent Space Viewpoint,"['Hongyu Liu', 'Yibing Song', 'Qifeng Chen']","['Hong Kong University of Science and Technology', 'Fudan University', 'Hong Kong University of Science and Technology']","21 November, 2022",Hong Kong; China,,
Multi-View Azimuth Stereo via Tangent Space Consistency,"['Xu Cao', 'Hiroaki Santo', 'Fumio Okura', 'Yasuyuki Matsushita']","['Osaka University', 'Osaka University', 'Osaka University', 'Osaka University']",March 2023,Japan,244,244
PosterLayout: A New Benchmark and Approach for Content-Aware Visual-Textual Presentation Layout,"['Hsiao Yuan Hsu', 'Xiangteng He', 'Yuxin Peng', 'Hao Kong', 'Qing Zhang']","['Peking University', 'Peking University', 'Peking University', 'Meituan', 'Meituan']",March 2023,China,3,
Evolved Part Masking for Self-Supervised Learning,"['Zhanzhou Feng', 'Shiliang Zhang']","[None, 'Peking University']",Not Found,China,3,3
PanoHead: Geometry-Aware 3D Full-Head Synthesis in 360°,"['Sizhe An', 'Hongyi Xu', 'Yichun Shi', 'Guoxian Song', 'Umit Y. Ogras', 'Linjie Luo']","['University of Wisconsin-Madison', 'Bytedance', 'ByteDance', 'Bytedance Inc', 'University of Wisconsin - Madison', 'ByteDance Inc.']",March 2023,United States; China,66,
Scaling Up GANs for Text-to-Image Synthesis,"['Minguk Kang', 'Jun-Yan Zhu', 'Richard Zhang', 'Jaesik Park', 'Eli Shechtman', 'Sylvain Paris', 'Taesung Park']","['POSTECH', 'Carnegie Mellon University', 'Adobe Systems', 'Pohang University of Science and Technology', 'Adobe', 'MIT', 'Adobe Systems']","9 March, 2023",South Korea; United States,88,
Instant Domain Augmentation for LiDAR Semantic Segmentation,"['Kwonyoung Ryu', 'Soonmin Hwang', 'Jaesik Park']","[None, None, 'Pohang University of Science and Technology']",March 2023,South Korea,,
FaceLit: Neural 3D Relightable Faces,"['Anurag Ranjan', 'Kwang Moo Yi', 'Jen-Hao Rick Chang', 'Oncel Tuzel']","['Apple', 'University Of British Columbia', 'Apple', 'Apple']",March 2023,Canada,,
Deep Graph-Based Spatial Consistency for Robust Non-Rigid Point Cloud Registration,"['Zheng Qin', 'Hao Yu', 'Changjian Wang', 'Yuxing Peng', 'Kai Xu']","['National University of Defense Technology', 'Technical University Munich', 'National University of Defense Technology', 'National University of Defense Technology', 'National University of Defense Technology']",March 2023,China,,
Paired-Point Lifting for Enhanced Privacy-Preserving Visual Localization,"['Chunghwan Lee', 'Jaihoon Kim', 'Chanhyuk Yun', 'Je Hyeong Hong']","['Hanyang University', 'KAIST', 'Hanyang University', 'Hanyang University']",Not Found,South Korea,222,222
Global Vision Transformer Pruning With Hessian-Aware Saliency,"['Huanrui Yang', 'Hongxu Yin', 'Maying Shen', 'Pavlo Molchanov', 'Hai Li', 'Jan Kautz']","['University of California, Berkeley', None, '', None, 'Duke University', None]","10 October, 2021",United States,20,106
Beyond mAP: Towards Better Evaluation of Instance Segmentation,"['Rohit Jena', 'Lukas Zhornyak', 'Nehal Doiphode', 'Pratik Chaudhari', 'Vivek Buch', 'James Gee', 'Jianbo Shi']","['University of Pennsylvania', 'University of Pennsylvania', 'University of Pennsylvania, University of Pennsylvania', 'School of Engineering and Applied Science, University of Pennsylvania', 'Stanford University', 'University of Pennsylvania, University of Pennsylvania', None]","4 July, 2022",United States,61,61
3D Shape Reconstruction of Semi-Transparent Worms,"['Thomas P. Ilett', 'Omer Yuval', 'Thomas Ranner', 'Netta Cohen', 'David C. Hogg']","['University of Leeds', 'University of Leeds', 'University of Leeds', 'Technion, Technion - Israel Institute of Technology', None]",April 2023,United Kingdom; Israel,292,49
Language-Guided Audio-Visual Source Separation via Trimodal Consistency,"['Reuben Tan', 'Arijit Ray', 'Andrea Burns', 'Bryan A. Plummer', 'Justin Salamon', 'Oriol Nieto', 'Bryan Russell', 'Kate Saenko']","['Boston University', 'Boston University', 'Boston University', None, 'Adobe Research', 'Adobe Research', 'Adobe Research', 'Meta / Boston University']","28 March, 2023",United States,85,85
Bias Mimicking: A Simple Sampling Approach for Bias Mitigation,"['Maan Qraitem', 'Kate Saenko', 'Bryan A. Plummer']","['Boston University', 'Meta / Boston University', None]","30 September, 2022",United States,85,85
Robust Dynamic Radiance Fields,"['Yu-Lun Liu', 'Chen Gao', 'Andréas Meuleman', 'Hung-Yu Tseng', 'Ayush Saraf', 'Changil Kim', 'Yung-Yu Chuang', 'Johannes Kopf', 'Jia-Bin Huang']","['', 'Meta', 'Korea Advanced Institute of Science and Technology', 'Meta', 'Meta Platforms, Inc.', 'Facebook', 'Department of computer science and informational engineering, National Taiwan University', 'Facebook', 'University of Maryland, College Park']",July 2024,United States; South Korea; Taiwan,,15
MIANet: Aggregating Unbiased Instance and General Information for Few-Shot Semantic Segmentation,"['Yong Yang', 'Qiong Chen', 'Yuan Feng', 'Tianlin Huang']","['South China University of Technology', 'South China University of Technology', 'South China University of Technology', 'South China University of Technology']",May 2023,China,486,486
Detection of Out-of-Distribution Samples Using Binary Neuron Activation Patterns,"['Bartłomiej Olber', 'Krystian Radlak', 'Adam Popowicz', 'Michal Szczepankiewicz', 'Krystian Chachuła']","[None, 'Warsaw University of Technology', 'Silesian Technical University of Gliwice', 'NVIDIA', 'Warsaw University of Technology']","29 December, 2022",Poland; United States,,
Recovering 3D Hand Mesh Sequence From a Single Blurry Image: A New Dataset and Temporal Unfolding,"['Yeonguk Oh', 'JoonKyu Park', 'Jaeha Kim', 'Gyeongsik Moon', 'Kyoung Mu Lee']","['Seoul National University', 'Seoul National University', 'Seoul National University', None, 'Seoul National University']",March 2023,South Korea,20,20
Rotation-Invariant Transformer for Point Cloud Matching,"['Hao Yu', 'Zheng Qin', 'Ji Hou', ' Saleh', 'Dongsheng Li', 'Benjamin Busam', 'Slobodan Ilic']","['Technical University Munich', 'National University of Defense Technology', 'Facebook', 'Technical University Munich', 'National University of Defense Technology', None, 'Technical University Munich']","14 March, 2023",China; United States,,
Propagate and Calibrate: Real-Time Passive Non-Line-of-Sight Tracking,"['Yihao Wang', 'Zhigang Wang', 'Bin Zhao', 'Dong Wang', 'Mulin Chen', 'Xuelong Li']","[None, 'Shanghai AI  Lab', ""Northwest Polytechnical University Xi'an"", 'Shanghai AI Laboratory', ""Northwest Polytechnical University Xi'an"", 'Northwestern Polytechnical University']","21 March, 2023",China,,
3D Neural Field Generation Using Triplane Diffusion,"['J. Ryan Shue', 'Eric Ryan Chan', 'Ryan Po', 'Zachary Ankner', 'Jiajun Wu', 'Gordon Wetzstein']","['Computer Science Department, Stanford University', 'Stanford University', 'Stanford University', 'Massachusetts Institute of Technology', 'Stanford University', 'Stanford University']",November 2022,United States,16,16
GLeaD: Improving GANs With a Generator-Leading Task,"['Qingyan Bai', 'Ceyuan Yang', 'Yinghao Xu', 'Xihui Liu', 'Yujiu Yang', 'Yujun Shen']","['Tsinghua University', 'The Chinese University of Hong Kong', 'Chinese University of Hong Kong', 'The University of Hong Kong', 'Tsinghua University', 'The Chinese University of Hong Kong']","7 December, 2022",China; Hong Kong,1,26
Training Debiased Subnetworks With Contrastive Weight Pruning,"['Geon Yeong Park', 'Sangmin Lee', 'Sang Wan Lee', 'Jong Chul Ye']","['Korea Advanced Institute of Science and Technology', 'Korea Advanced Institute of Science & Technology', 'Korea Advanced Institute of Science & Technology', 'Korea Advanced Institute of Science and Technology']","11 October, 2022",South Korea,,
ViPLO: Vision Transformer Based Pose-Conditioned Self-Loop Graph for Human-Object Interaction Detection,"['Jeeseung Park', 'Jin-Woo Park', 'Jong-Seok Lee']","['Seoul National University', 'mAy-I Corp.', 'Yonsei University']",April 2023,South Korea,20,61
Restoration of Hand-Drawn Architectural Drawings Using Latent Space Mapping With Degradation Generator,"['Nakkwan Choi', 'Seungjae Lee', 'Yongsik Lee', 'Seungjoon Yang']","['Ulsan National Institute of Science and Technology', 'Electronics and Telecommunications Research Institute', 'Electronics and Telecommunications Research Institute', 'Ulsan National Institute of Science and Technology']",Not Found,South Korea,,
Distilling Self-Supervised Vision Transformers for Weakly-Supervised Few-Shot Classification & Segmentation,"['Dahyun Kang', 'Piotr Koniusz', 'Minsu Cho', 'Naila Murray']","['POSTECH', 'Australian National University', 'POSTECH', 'Meta AI']",July 2023,South Korea; Australia,88,
EFEM: Equivariant Neural Field Expectation Maximization for 3D Object Segmentation Without Scene Supervision,"['Jiahui Lei', 'Congyue Deng', 'Karl Schmeckpeper', 'Leonidas Guibas', 'Kostas Daniilidis']","['University of Pennsylvania', 'Stanford University', 'University of Pennsylvania', 'Stanford University', 'University of Pennsylvania']",March 2023,United States,61,61
Learning Decorrelated Representations Efficiently Using Fast Fourier Transform,"['Yutaro Shigeto', 'Masashi Shimbo', 'Yuya Yoshikawa', 'Akikazu Takeuchi']","['Chiba Institute of Technology', 'Chiba Institute of Technology', 'Chiba Institute of Technology', 'Chiba Institute of Technology']","4 January, 2023",,,
V2V4Real: A Real-World Large-Scale Dataset for Vehicle-to-Vehicle Cooperative Perception,"['Runsheng Xu', 'Xin Xia', 'JINLONG LI', 'Hanzhao Li', 'Shuo Zhang', 'Zhengzhong Tu', 'Zonglin Meng', 'Hao Xiang', 'Xiaoyu Dong', 'Rui Song', 'Hongkai Yu', 'Bolei Zhou', 'Jiaqi Ma']","['University of California, Los Angeles', 'University of California, Los Angeles', 'Cleveland State University', 'University of California, Los Angeles', 'University of California, Los Angeles', 'University of Texas at Austin', 'University of Wisconsin - Madison', 'University of California, Los Angeles', 'Northwestern University, Northwestern University', 'Technical University of Munich', 'Cleveland State University', 'University of California, Los Angeles', 'University of California, Los Angeles']","13 March, 2023",United States; Germany,35,35
Towards Robust Tampered Text Detection in Document Image: New Dataset and New Solution,"['Chenfan Qu', 'Chongyu Liu', 'Yuliang Liu', 'Xinhong Chen', 'Dezhi Peng', 'Fengjun Guo', 'Lianwen Jin']","['South China University of Technology', 'South China University of Technology', 'Huazhong University of Science and Technology', 'South China University of Technology', 'South China University of Technology', 'Shanghai Jiaotong University', 'South China University of Technology']",Not Found,China,486,486
Make Landscape Flatter in Differentially Private Federated Learning,"['Yifan Shi', 'Yingqi Liu', 'Kang Wei', 'Li Shen', 'Xueqian Wang', 'Dacheng Tao']","['Tsinghua University, Tsinghua University', None, 'Nanjing University of Science and Technology', 'JD Explore Academy', 'Tsinghua University, Tsinghua University', None]","20 March, 2023",China,1,1
Re-Thinking Model Inversion Attacks Against Deep Neural Networks,"['Ngoc-Bao Nguyen', 'Keshigeyan Chandrasegaran', 'Milad Abdollahzadeh', 'Ngai-Man Cheung']","['Singapore University of Technology and Design', 'Singapore University of Technology and Design (SUTD)', 'Singapore University of Technology and Design', 'Singapore University of Technology and Design']","4 April, 2023",Singapore,,
GeoMVSNet: Learning Multi-View Stereo With Geometry Perception,"['Zhe Zhang', 'Rui Peng', 'Yuxi Hu', 'Ronggang Wang']","['PEKING UNIVERSITY', 'Peking University', 'The Chinese University of Hong Kong', 'Peking University Shenzhen Graduate School']",Not Found,China; Hong Kong,3,3
ProxyFormer: Proxy Alignment Assisted Point Cloud Completion With Missing Part Sensitive Transformer,"['Shanshan Li', 'Pan Gao', 'Xiaoyang Tan', 'Mingqiang Wei']","['Nanjing University of Aeronautics and Astronautics', 'Nanjing University of Aeronautics and Astronautics, Tsinghua University', 'Nanjing University of Aeronautics and Astronautics', 'Nanjing University of Aeronautics and Astronautics']",February 2023,China,6,6
Instant-NVR: Instant Neural Volumetric Rendering for Human-Object Interactions From Monocular RGBD Stream,"['Yuheng Jiang', 'Kaixin Yao', 'Zhuo Su', 'Zhehao Shen', 'Haimin Luo', 'Lan Xu']","['ShanghaiTech University', 'ShanghaiTech University', 'ByteDance', 'ShanghaiTech University', 'Shanghaitech University', None]",April 2023,China,75,75
A Large-Scale Homography Benchmark,"['Daniel Barath', 'Dmytro Mishkin', 'Michal Polic', 'Wolfgang Förstner', 'Jiri Matas']","['ETHZ - ETH Zurich', 'CTU in Prague / HOVER Inc.', 'Czech Technical University', 'Uni Bonn', 'Czech Technical University, Prague']",February 2023,Switzerland; Czech Republic,31,185
Self-Correctable and Adaptable Inference for Generalizable Human Pose Estimation,"['Zhehan Kan', 'Shuoshuo Chen', 'Ce Zhang', 'Yushun Tang', 'Zhihai He']","['Southern University of Science and Technology', 'Southern University of Science and Technology', 'Southern University of Science and Technology', 'SUSTech', 'Pengcheng Lab, Shenzhen P R China']","20 March, 2023",China,,
Neuro-Modulated Hebbian Learning for Fully Test-Time Adaptation,"['Yushun Tang', 'Ce Zhang', 'Heng Xu', 'Shuoshuo Chen', 'Jie Cheng', 'Luziwei Leng', 'Qinghai Guo', 'Zhihai He']","['SUSTech', 'Southern University of Science and Technology', 'Southern University of Science and Technology', 'Southern University of Science and Technology', 'Huazhong University of Science and Technology', 'Huawei Technologies Ltd.', 'Huawei Technologies Ltd.', 'Pengcheng Lab, Shenzhen P R China']","1 March, 2023",China,100,
Learning Distortion Invariant Representation for Image Restoration From a Causality Perspective,"['Xin Li', 'Bingchen Li', 'Xin Jin', 'Cuiling Lan', 'Zhibo Chen']","[None, 'University of Science and Technology of China', 'Eastern Institute for Advanced Study', 'Microsoft', 'University of Science and Technology of China']","13 March, 2023",China; United States,,
Token Boosting for Robust Self-Supervised Visual Transformer Pre-Training,"['Tianjiao Li', 'Lin Geng Foo', 'Ping Hu', 'Xindi Shang', 'Hossein Rahmani', 'Zehuan Yuan', 'Jun Liu']","['Singapore University of Technology and Design', 'Singapore University of Technology and Design', 'Boston University', 'National University of Singapore', '', 'Nanjing University', '']","9 April, 2023",Singapore; United States; China,,6
Feature Representation Learning With Adaptive Displacement Generation and Transformer Fusion for Micro-Expression Recognition,"['Zhijun Zhai', 'Jianhui Zhao', 'Chengjiang Long', 'Wenju Xu', 'Shuangjiang He', 'Huijuan Zhao']","['Wuhan University', 'Nanyang Technological University', 'Meta Reality Labs', 'University of Kansas, Lawrence', 'FiberHome Telecommunication Technologies Co., Ltd.', 'computer science']",April 2023,China; Singapore; United States,31,
FJMP: Factorized Joint Multi-Agent Motion Prediction Over Learned Directed Acyclic Interaction Graphs,"['Luke Rowe', 'Martin Ethier', 'Eli-Henry Dykhne', 'Krzysztof Czarnecki']","['University of Waterloo', 'University of Waterloo', 'University of Waterloo', 'University of Waterloo']","27 November, 2022",Canada,42,42
Generalizing Dataset Distillation via Deep Generative Prior,"['George Cazenavette', 'Tongzhou Wang', 'Antonio Torralba', 'Alexei A. Efros', 'Jun-Yan Zhu']","['Massachusetts Institute of Technology', 'Massachusetts Institute of Technology', 'MIT', 'UC Berkeley', 'Carnegie Mellon University']","2 May, 2023",United States,27,3
Learning on Gradients: Generalized Artifacts Representation for GAN-Generated Images Detection,"['Chuangchuang Tan', 'Yao Zhao', 'Shikui Wei', 'Guanghua Gu', 'Yunchao Wei']","['Beijing Jiaotong University', 'Beijing Jiaotong University', 'Beijing jiaotong university', 'Yan Shan University', 'UTS']",Not Found,China,185,
NLOST: Non-Line-of-Sight Imaging With Transformer,"['Yue Li', 'Jiayong Peng', 'Juntian Ye', 'Yueyi Zhang', 'Feihu Xu', 'Zhiwei Xiong']","[None, 'University of Science and Technology of China', 'University of Science and Technology of China', None, 'University of Science and Technology of China', None]",Not Found,China,,
Few-Shot Referring Relationships in Videos,"['Yogesh Kumar', 'Anand Mishra']","[None, 'Indian Institute of Technology, Jodhpur']",Not Found,India,,
Next3D: Generative Neural Texture Rasterization for 3D-Aware Head Avatars,"['Jingxiang Sun', 'Xuan Wang', 'Lizhen Wang', 'Xiaoyu Li', 'Yong Zhang', 'Hongwen Zhang', 'Yebin Liu']","[None, 'Tencent AI Lab', 'Tsinghua University, Tsinghua University', 'Tencent AI Lab', 'Tencent AI Lab', 'Tsinghua University', 'Tsinghua University']","21 November, 2022",China,,1
Tensor4D: Efficient Neural 4D Decomposition for High-Fidelity Dynamic Reconstruction and Rendering,"['Ruizhi Shao', 'Zerong Zheng', 'Hanzhang Tu', 'Boning Liu', 'Hongwen Zhang', 'Yebin Liu']","['Tsinghua University, Tsinghua University', 'Tsinghua University', 'Tsinghua University, Tsinghua University', 'Department of Automation, Tsinghua University', 'Tsinghua University', 'Tsinghua University']","21 November, 2022",China,1,1
CloSET: Modeling Clothed Humans on Continuous Surface With Explicit Template Decomposition,"['Hongwen Zhang', 'Siyou Lin', 'Ruizhi Shao', 'Yuxiang Zhang', 'Zerong Zheng', 'Han Huang', 'Yandong Guo', 'Yebin Liu']","['Tsinghua University', 'Tsinghua University, Tsinghua University', 'Tsinghua University, Tsinghua University', 'Tsinghua University, Tsinghua University', 'Tsinghua University', 'OPPO Research Institute', 'OPPO Research Institute', 'Tsinghua University']",April 2023,China,1,1
Task Residual for Tuning Vision-Language Models,"['Tao Yu', 'Zhihe Lu', 'Xin Jin', 'Zhibo Chen', 'Xinchao Wang']","[None, None, 'Eastern Institute for Advanced Study', 'University of Science and Technology of China', 'National University of Singapore']","18 November, 2022",China; Singapore,,12
JRDB-Pose: A Large-Scale Dataset for Multi-Person Pose Estimation and Tracking,"['Edward Vendrow', 'Tho Le', 'Jianfei Cai', 'Hamid Rezatofighi']","['Stanford University', 'Monash University', None, 'Monash University']","20 October, 2022",United States; Australia,16,38
Best of Both Worlds: Multimodal Contrastive Learning With Tabular and Imaging Data,"['Paul Hager', 'Martin J. Menten', 'Daniel Rueckert']","[None, 'Technische Universität München', 'Technische Universität München']","24 March, 2023",,,
Learning Semantic-Aware Disentangled Representation for Flexible 3D Human Body Editing,"['Xiaokun Sun', 'Qiao Feng', 'Xiongzheng Li', 'Jinsong Zhang', 'Yu-Kun Lai', 'Jingyu Yang', 'Kun Li']","[None, None, None, 'Tianjin University', 'Cardiff University', 'Tianjin University', None]",Not Found,China; United Kingdom,100,100
Crowd3D: Towards Hundreds of People Reconstruction From a Single Image,"['Hao Wen', 'Jing Huang', 'Huili Cui', 'Haozhe Lin', 'Yu-Kun Lai', 'Lu Fang', 'Kun Li']","['Tianjin University', 'Tianjin University', 'Tianjin University', None, 'Cardiff University', 'Tsinghua University, Tsinghua University', None]","23 January, 2023",China; United Kingdom,100,1
CARTO: Category and Joint Agnostic Reconstruction of ARTiculated Objects,"['Nick Heppert', 'Zubair Irshad', 'Sergey Zakharov', 'Katherine Liu', 'Rares Andrei Ambrus', 'Jeannette Bohg', 'Abhinav Valada', 'Thomas Kollar']","['University of Freiburg, Albert-Ludwigs-Universität Freiburg', 'Georgia Institute of Technology', 'Toyota Research Institute', 'Toyota Research Institute', 'Toyota Research Institute', 'Stanford University', 'Universität Freiburg', 'Toyota Research Institute']",March 2023,Germany; United States,185,
MOVES: Manipulated Objects in Video Enable Segmentation,"['Richard E. L. Higgins', 'David F. Fouhey']","['University of Michigan', 'University of Michigan']",Not Found,United States,29,29
OReX: Object Reconstruction From Planar Cross-Sections Using Neural Fields,"['Haim Sawdayee', 'Amir Vaxman', 'Amit H. Bermano']","['Tel Aviv University', 'University of Edinburgh', 'Tel Aviv University, Technion']","23 November, 2022",Israel; United Kingdom,71,49
An Erudite Fine-Grained Visual Classification Model,"['Dongliang Chang', 'Yujun Tong', 'Ruoyi DU', 'Timothy Hospedales', 'Yi-Zhe Song', 'Zhanyu Ma']","[None, 'Beijing University of Posts and Telecommunications', 'Beijing University of Posts and Telecommunications', None, None, 'Beijing University of Post and Telecommunication']",Not Found,,,
On-the-Fly Category Discovery,"['Ruoyi DU', 'Dongliang Chang', 'Kongming Liang', 'Timothy Hospedales', 'Yi-Zhe Song', 'Zhanyu Ma']","['Beijing University of Posts and Telecommunications', None, 'Beijing University of Posts and Telecommunications', None, None, 'Beijing University of Post and Telecommunication']",July 2025,,,
Confidence-Aware Personalized Federated Learning via Variational Expectation Maximization,"['Junyi Zhu', 'Xingchen Ma', 'Matthew B. Blaschko']","[None, 'Amazon Development Center Germany', 'KU Leuven']",May 2023,Belgium,,160
Spatio-Focal Bidirectional Disparity Estimation From a Dual-Pixel Image,"['Donggun Kim', 'Hyeonjoong Jang', 'Inchul Kim', 'Min H. Kim']","[None, None, 'KAIST', 'KAIST']",Not Found,South Korea,8,8
ECON: Explicit Clothed Humans Optimized via Normal Integration,"['Yuliang Xiu', 'Jinlong Yang', 'Xu Cao', 'Dimitrios Tzionas', 'Michael J. Black']","['Max Planck Institute for Intelligent Systems', 'Google', 'Osaka University', 'University of Amsterdam', 'University of Tübingen']","14 December, 2022",Germany; United States; Japan; Netherlands,,138
Class Adaptive Network Calibration,"['Bingyuan Liu', 'Jérôme Rony', 'Adrian Galdran', 'Jose Dolz', 'Ismail Ben Ayed']","['Amazon', 'ÉTS Montréal', 'Universitat Pompeu Fabra', 'École de technologie supérieure', 'ETS Montreal']",March 2024,Canada,,292
STDLens: Model Hijacking-Resilient Federated Learning for Object Detection,"['Ka-Ho Chow', 'Ling Liu', 'Wenqi Wei', 'Fatih Ilhan', 'Yanzhao Wu']","['Georgia Institute of Technology', 'Georgia Institute of Technology', 'Fordham University', 'Georgia Institute of Technology', 'Florida International University']","20 March, 2023",United States,18,244
Samples With Low Loss Curvature Improve Data Efficiency,"['Isha Garg', 'Kaushik Roy']","['Purdue University', 'University of Illinois at Urbana-Champaign']",Not Found,United States,75,7
A Practical Stereo Depth System for Smart Glasses,"['Jialiang Wang', 'Daniel Scharstein', 'Akash Bapat', 'Kevin Blackburn-Matzen', 'Matthew Yu', 'Jonathan Lehman', 'Suhib Alsisan', 'Yanghan Wang', 'Sam Tsai', 'Jan-Michael Frahm', 'Zijian He', 'Peter Vajda', 'Michael F. Cohen', 'Matt Uyttendaele']","['Facebook', 'Meta', 'Meta Inc', 'Adobe Systems', 'Facebook', 'College of William and Mary', 'Meta', 'Meta Platforms, Inc.', 'Meta', 'Facebook', ', University of California, Los Angeles', 'Facebook', 'Meta', 'Meta AI Research']","18 November, 2022",United States,,
Quantum-Inspired Spectral-Spatial Pyramid Network for Hyperspectral Image Classification,"['Jie Zhang', 'Yongshan Zhang', 'Yicong Zhou']","['', 'China University of Geosciences Wuhan', 'University of Macau']",Not Found,Macau,,114
ABCD: Arbitrary Bitwise Coefficient for De-Quantization,"['Woo Kyoung Han', 'Byeonghun Lee', 'Sang Hyun Park', 'Kyong Hwan Jin']","['DGIST', None, 'Daegu Gyeongbuk Institute of Science and Technology', 'DGIST']",Not Found,South Korea,244,244
ScaleDet: A Scalable Multi-Dataset Object Detector,"['Yanbei Chen', 'Manchen Wang', 'Abhay Mittal', 'Zhenlin Xu', 'Paolo Favaro', 'Joseph Tighe', 'Davide Modolo']","['Amazon', 'Amazon', 'Amazon', 'Amazon', 'Institute für Informatik, University of Bern', 'Meta', 'Amazon']",June 2023,Switzerland; United States,,
A Meta-Learning Approach to Predicting Performance and Data Requirements,"['Achin Jain', 'Gurumurthy Swaminathan', 'Paolo Favaro', 'Hao Yang', 'Avinash Ravichandran', 'Hrayr Harutyunyan', 'Alessandro Achille', 'Onkar Dabeer', 'Bernt Schiele', 'Ashwin Swaminathan', 'Stefano Soatto']","['Amazon', 'Amazon', 'Institute für Informatik, University of Bern', 'Amazon', 'Cruise', 'University of Southern California', 'California Institute of Technology', 'Amazon', 'Max Planck Institute for Informatics', 'University of Maryland, College Park', 'AWS']",March 2023,Switzerland; United States; Germany,,
Multi-View Stereo Representation Revist: Region-Aware MVSNet,"['Yisu Zhang', 'Jianke Zhu', 'Lixiang Lin']","['Zhejiang University', 'Zhejiang University', 'ZheJiang University']",Not Found,China,2,2
Neural Intrinsic Embedding for Non-Rigid Point Cloud Matching,"['Puhua Jiang', 'Mingze Sun', 'Ruqi Huang']","[None, None, 'Tsinghua Shenzhen International Graduate School/Tsinghua Berkeley Shenzhen Institute ']",March 2023,,,
DeltaEdit: Exploring Text-Free Training for Text-Driven Image Manipulation,"['Yueming Lyu', 'Tianwei Lin', 'Fu Li', 'Dongliang He', 'Jing Dong', 'Tieniu Tan']","['Institute of automation, Chinese academy of science, Chinese Academy of Sciences', 'Horizon Robotics', 'Dalian University of Technology', 'ByteDance Inc. ', 'Institute of automation, Chinese academy of science, Chinese Academy of Sciences', ' Institute of automation, Chinese academy of science']","10 March, 2023",China,12,
DisCo-CLIP: A Distributed Contrastive Loss for Memory Efficient CLIP Training,"['Yihao Chen', 'Xianbiao Qi', 'Jianan Wang', 'Lei Zhang']","['International Digital Economy Academy', 'International Digital Economy Academy', None, 'International Digital Economy Academy (IDEA)']",April 2023,,,
I2-SDF: Intrinsic Indoor Scene Reconstruction and Editing via Raytracing in Neural SDFs,"['Jingsen Zhu', 'Yuchi Huo', 'Qi Ye', 'Fujun Luan', 'Jifan Li', 'Dianbing Xi', 'Lisha Wang', 'Rui Tang', 'Wei Hua', 'Hujun Bao', 'Rui Wang']","['Zhejiang University', 'KAIST', 'Zhejiang University', 'Adobe Systems', 'Zhejiang University', 'Zhejiang University', 'Zhejiang University', 'Kujiale.com', 'Zhejiang Lab', 'Zhejiang University', 'Zhejiang University']",Not Found,China; South Korea,2,2
Two-Stage Co-Segmentation Network Based on Discriminative Representation for Recovering Human Mesh From Videos,"['Boyang Zhang', 'Kehua Ma', 'Suping Wu', 'Zhixiang Yuan']","['Ningxia University', 'Ningxia University', 'Ningxia University', 'Ningxia University']",Not Found,,,
Learning Semantic-Aware Knowledge Guidance for Low-Light Image Enhancement,"['Yuhui Wu', 'Chen Pan', 'Guoqing Wang', 'Yang Yang', 'Jiwei Wei', 'Chongyi Li', 'Heng Tao Shen']","[None, 'University of Electronic Science and Technology of China', 'University of Electronic Science and Technology of China', 'University of Electronic Science and Technology of China', 'University of Electronic Science and Technology of China', ' Nanyang Technological University', 'University of Electronic Science and Technology of China']",April 2023,China; Singapore,,
EfficientViT: Memory Efficient Vision Transformer With Cascaded Group Attention,"['Xinyu Liu', 'Houwen Peng', 'Ningxin Zheng', 'Yuqing Yang', 'Han Hu', 'Yixuan Yuan']","['The Chinese University of Hong Kong, The Chinese University of Hong Kong', 'Microsoft Research', 'Microsoft', 'Research, Microsoft', 'Microsft Research Asia', 'The Chinese University of Hong Kong']",May 2023,Hong Kong; United States; Qatar,26,26
LANIT: Language-Driven Image-to-Image Translation for Unlabeled Data,"['Jihye Park', 'Sunwoo Kim', 'Soohyun Kim', 'Seokju Cho', 'Jaejun Yoo', 'Youngjung Uh', 'Seungryong Kim']","['Korea University', 'Korea University', 'Korea University', 'Korea University', 'Ulsan National Institute of Science and Technology', 'Yonsei University', 'Korea University']","31 August, 2022",South Korea,75,75
MonoHuman: Animatable Human Neural Field From Monocular Video,"['Zhengming Yu', 'Wei Cheng', 'Xian Liu', 'Wayne Wu', 'Kwan-Yee Lin']","[None, 'The Hong Kong University of Science and Technology', 'The Chinese University of Hong Kong', None, 'The Chinese University of Hong Kong']",April 2023,Hong Kong,,26
EDA: Explicit Text-Decoupling and Dense Alignment for 3D Visual Grounding,"['Yanmin Wu', 'Xinhua Cheng', 'Renrui Zhang', 'Zesen Cheng', 'Jian Zhang']","['Peking University', 'Peking University', 'MMLab of CUHK &amp;amp;amp; Shanghai AI Laboratory', 'Peking University', None]","29 September, 2022",China; Finland,3,3
ACSeg: Adaptive Conceptualization for Unsupervised Semantic Segmentation,"['Kehan Li', 'Zhennan Wang', 'Zesen Cheng', 'Runyi Yu', 'Yian Zhao', 'Guoli Song', 'Chang Liu', 'Li Yuan', 'Jie Chen']","['Peking University', 'Peng Cheng Laboratory', 'Peking University', 'Peking University', 'Dalian University of Technology', 'Peng Cheng Laboratory', 'Tsinghua University, Tsinghua University', 'Peking University', 'Peking University']","12 October, 2022",China,3,3
Out-of-Candidate Rectification for Weakly Supervised Semantic Segmentation,"['Zesen Cheng', 'Pengchong Qiao', 'Kehan Li', 'Siheng Li', 'Pengxu Wei', 'Xiangyang Ji', 'Li Yuan', 'Chang Liu', 'Jie Chen']","['Peking University', None, 'Peking University', 'Tsinghua University, Tsinghua University', None, 'Tsinghua University', 'Peking University', 'Tsinghua University, Tsinghua University', 'Peking University']","22 November, 2022",China,3,3
Real-Time Evaluation in Online Continual Learning: A New Hope,"['Yasir Ghunaim', 'Adel Bibi', 'Kumail Alhamoud', 'Motasem Alfarra', 'Hasan Abed Al Kader Hammoud', 'Ameya Prabhu', 'Philip H.S. Torr', 'Bernard Ghanem']","[None, 'University of Oxford', 'King Abdullah University of Science and Technology', 'KAUST', None, 'University of Oxford', 'University of Oxford', 'KAUST']","2 February, 2023",United Kingdom; Saudi Arabia,85,106
NeurOCS: Neural NOCS Supervision for Monocular 3D Object Localization,"['Zhixiang Min', 'Bingbing Zhuang', 'Samuel Schulter', 'Buyu Liu', 'Enrique Dunn', 'Manmohan Chandraker']","['Stevens Institute of Technology', 'NEC Labs America', '', 'NEC-Labs', 'Stevens Institute of Technology', 'UC San Diego']",May 2023,United States,146,
DP-NeRF: Deblurred Neural Radiance Field With Physical Scene Priors,"['Dogyoon Lee', 'Minhyeok Lee', 'Chajin Shin', 'Sangyoun Lee']","['Yonsei University', 'Yonsei University', 'Yonsei University', 'Yonsei University']","22 November, 2022",South Korea,61,61
Demystifying Causal Features on Adversarial Examples and Causal Inoculation for Robust Network by Adversarial Instrumental Variable Regression,"['Junho Kim', 'Byung-Kwan Lee', 'Yong Man Ro']","['Korea Advanced Institute of Science and Technology', 'Korea Advanced Institute of Science and Technology', 'Korea Advanced Institute of Science and Technology']",March 2023,South Korea,,
A New Dataset Based on Images Taken by Blind People for Testing the Robustness of Image Classification Models Trained for ImageNet Categories,"['Reza Akbarian Bafghi', 'Danna Gurari']","['University of Colorado Boulder', 'University of Colorado, Boulder']",Not Found,United States,114,114
What Can Human Sketches Do for Object Detection?,"['Pinaki Nath Chowdhury', 'Ayan Kumar Bhunia', 'Aneeshan Sain', 'Subhadeep Koley', 'Tao Xiang', 'Yi-Zhe Song']","['University of Surrey', 'University of Surrey, United Kingdom', 'University of Surrey', 'University of Surrey', 'University of Surrey', None]",Not Found,United Kingdom,106,106
Occlusion-Free Scene Recovery via Neural Radiance Fields,"['Chengxuan Zhu', 'Renjie Wan', 'Yunkai Tang', 'Boxin Shi']","['Peking University', None, 'Peking University', None]",Not Found,China,3,3
Incremental 3D Semantic Scene Graph Prediction From RGB Sequences,"['Shun-Cheng Wu', 'Keisuke Tateno', 'Nassir Navab', 'Federico Tombari']","['Technical University Munich', 'Google', 'TU Munich', 'Google, TUM']","4 May, 2023",United States; Germany,,
The Dark Side of Dynamic Routing Neural Networks: Towards Efficiency Backdoor Injection,"['Simin Chen', 'Hanlin Chen', 'Mirazul Haque', 'Cong Liu', 'Wei Yang']","['University of Texas at Dallas ', 'Purdue University', 'University of Texas, Dallas', 'University of California, Riverside', 'University of Texas, Dallas']",Not Found,United States,146,
SMOC-Net: Leveraging Camera Pose for Self-Supervised Monocular Object Pose Estimation,"['Tao Tan', 'Qiulei Dong']","['University of Chinese Academy of Science', None]",Not Found,,,
E2PN: Efficient SE(3)-Equivariant Point Network,"['Minghan Zhu', 'Maani Ghaffari', 'William A. Clark', 'Huei Peng']","['University of Michigan', 'University of Michigan', 'Cornell University', 'University of Michigan']","10 June, 2022",United States,29,29
"Deep Fair Clustering via Maximizing and Minimizing Mutual Information: Theory, Algorithm and Metric","['Pengxin Zeng', 'Yunfan Li', 'Peng Hu', 'Dezhong Peng', 'Jiancheng Lv', 'Xi Peng']","['Sichuan University', 'Sichuan University', 'Sichuan University', 'Sichuan University', 'Sichuan University', 'Sichuan University']","25 September, 2022",China,126,126
Visual DNA: Representing and Comparing Images Using Distributions of Neuron Activations,"['Benjamin Ramtoula', 'Matthew Gadd', 'Paul Newman', 'Daniele De Martini']","['University of Oxford', 'University of Oxford', 'University of Oxford', 'University of Oxford, University of Oxford']",April 2023,United Kingdom,85,85
LayoutDM: Discrete Diffusion Model for Controllable Layout Generation,"['Naoto Inoue', 'Kotaro Kikuchi', 'Edgar Simo-Serra', 'Mayu Otani', 'Kota Yamaguchi']","[None, None, 'Waseda University', None, 'CyberAgent']",March 2023,Japan,358,
Towards Flexible Multi-Modal Document Models,"['Naoto Inoue', 'Kotaro Kikuchi', 'Edgar Simo-Serra', 'Mayu Otani', 'Kota Yamaguchi']","[None, None, 'Waseda University', None, 'CyberAgent']",March 2023,Japan,358,
Toward Verifiable and Reproducible Human Evaluation for Text-to-Image Generation,"['Mayu Otani', 'Riku Togashi', 'Yu Sawai', 'Ryosuke Ishigami', 'Yuta Nakashima', 'Esa Rahtu', 'Janne Heikkilä', 'Shin’ichi Satoh']","[None, 'CyberAgent, Inc.', 'CyberAgent, Inc.', 'CyberAgent, Inc.', 'Osaka University', 'Tampere University', 'University of Oulu', 'National Institute of Informatics']",April 2023,United States; Japan; Finland,,114
TRACE: 5D Temporal Regression of Avatars With Dynamic Cameras in 3D Environments,"['Yu Sun', 'Qian Bao', 'Wu Liu', 'Tao Mei', 'Michael J. Black']","['Harbin Institute of Technology', 'JD Explore Academy', None, 'JD Explore Academy', 'University of Tübingen']","5 June, 2023",China; Germany,23,138
Variational Distribution Learning for Unsupervised Text-to-Image Generation,"['Minsoo Kang', 'Doyup Lee', 'Jiseob Kim', 'Saehoon Kim', 'Bohyung Han']","[None, 'Kakao Brain', 'Kakao Brain', 'Kakao Brain', 'Seoul National University']",March 2023,South Korea,,20
ShapeTalk: A Language Dataset and Framework for 3D Shape Edits and Deformations,"['Panos Achlioptas', 'Ian Huang', 'Minhyuk Sung', 'Sergey Tulyakov', 'Leonidas Guibas']","['Steel Perlot', 'Computer Science Department, Stanford University', 'KAIST', 'Snap Inc.', 'Stanford University']",Not Found,United States; South Korea,,16
Im2Hands: Learning Attentive Implicit Representation of Interacting Two-Hand Shapes,"['Jihyun Lee', 'Minhyuk Sung', 'Honggyu Choi', 'Tae-Kyun Kim']","['KAIST', 'KAIST', 'KAIST', 'Imperial College London']","28 February, 2023",South Korea; United Kingdom,8,114
Painting 3D Nature in 2D: View Synthesis of Natural Scenes From a Single Semantic Mask,"['Shangzhan Zhang', 'Sida Peng', 'Tianrun Chen', 'Linzhan Mou', 'Haotong Lin', 'Kaicheng Yu', 'Yiyi Liao', 'Xiaowei Zhou']","['', None, 'Zhejiang University', 'Zhejiang University', None, 'Alibaba Group', 'Zhejiang University', None]","14 February, 2023",China,2,2
Semi-Supervised Learning Made Simple With Self-Supervised Clustering,"['Enrico Fini', 'Pietro Astolfi', 'Karteek Alahari', 'Xavier Alameda-Pineda', 'Julien Mairal', 'Moin Nabi', 'Elisa Ricci']","['University of Trento', 'Meta AI', 'Inria', 'Inria at University Grenoble Alpes', 'Inria', 'SAP AI Research', 'University of Trento']",June 2023,Italy; France,185,185
GrowSP: Unsupervised Semantic Segmentation of 3D Point Clouds,"['Zihui Zhang', 'Bo Yang', 'Bing Wang', 'Bo Li']","[None, 'The Hong Kong Polytechnic University', 'The Hong Kong Polytechnic University', 'The Hong Kong Polytechnic University']",May 2023,Hong Kong,56,56
NoPe-NeRF: Optimising Neural Radiance Field With No Pose Prior,"['Wenjing Bian', 'Zirui Wang', 'Kejie Li', 'Jia-Wang Bian', 'Victor Adrian Prisacariu']","['Active Vision Lab, University of Oxford', 'University of Oxford', 'University of Oxford', 'University of Oxford', None]","14 December, 2022",United Kingdom,85,85
Tell Me What Happened: Unifying Text-Guided Video Completion via Multimodal Masked Video Generation,"['Tsu-Jui Fu', 'Licheng Yu', 'Ning Zhang', 'Cheng-Yang Fu', 'Jong-Chyi Su', 'William Yang Wang', 'Sean Bell']","[None, None, 'Facebook', 'Facebook', 'NEC Laboratories America', 'UC Santa Barbara', 'Meta Platforms Inc.']","23 November, 2022",United States,,
MetaFusion: Infrared and Visible Image Fusion via Meta-Feature Embedding From Object Detection,"['Wenda Zhao', 'Shigeng Xie', 'Fan Zhao', 'You He', 'Huchuan Lu']","['Dalian University of Technology', 'Dalian University of Technology', 'Liaoning Normal University', 'Dalian University of Technology, Tsinghua University', 'Dalian University of Technology']",Not Found,China,,
MethaneMapper: Spectral Absorption Aware Hyperspectral Transformer for Methane Detection,"['Satish Kumar', 'Ivan Arevalo', 'ASM Iftekhar', 'B S Manjunath']","[None, 'University of California, Santa Barbara', 'UC Santa Barbara', 'UC Santa Barbara']",April 2023,United States,88,
Source-Free Adaptive Gaze Estimation by Uncertainty Reduction,"['Xin Cai', 'Jiabei Zeng', 'Shiguang Shan', 'Xilin Chen']","['Institute of Computing Technology, Chinese Academy of Sciences', 'Institute of Computing Technology, Chinese Academy of Sciences', 'Institute of Computing Technology, Chinese Academy of Sciences', None]",Not Found,China,12,12
Structural Multiplane Image: Bridging Neural View Synthesis and 3D Reconstruction,"['Mingfang Zhang', 'Jinglu Wang', 'Xiao Li', 'Yifei Huang', 'Yoichi Sato', 'Yan Lu']","[None, 'Microsoft Research Asia', 'Microsoft Research Asia', 'The University of Tokyo', 'University of Tokyo', 'Microsoft Research Asia']",March 2023,Japan,,
DeCo: Decomposition and Reconstruction for Compositional Temporal Grounding via Coarse-To-Fine Contrastive Ranking,"['Lijin Yang', 'Quan Kong', 'Hsuan-Kung Yang', 'Wadim Kehl', 'Yoichi Sato', 'Norimasa Kobori']","['The University of Tokyo', 'Woven by Toyota', 'National Tsinghua University', 'Woven by Toyota', 'University of Tokyo', 'Woven Alpha Inc.']",Not Found,Japan; China,85,
Weakly Supervised Temporal Sentence Grounding With Uncertainty-Guided Self-Training,"['Yifei Huang', 'Lijin Yang', 'Yoichi Sato']","['The University of Tokyo', 'The University of Tokyo', 'University of Tokyo']",Not Found,Japan,85,85
Light Source Separation and Intrinsic Image Decomposition Under AC Illumination,"['Yusaku Yoshida', 'Ryo Kawahara', 'Takahiro Okabe']","['Kyushu Institute of Technology', 'Kyushu Institute of Technology', 'Kyushu Institute of Technology, Japan']",Not Found,,,
Sketch2Saliency: Learning To Detect Salient Objects From Human Drawings,"['Ayan Kumar Bhunia', 'Subhadeep Koley', 'Amandeep Kumar', 'Aneeshan Sain', 'Pinaki Nath Chowdhury', 'Tao Xiang', 'Yi-Zhe Song']","['University of Surrey, United Kingdom', 'University of Surrey', 'Mohamed bin Zayed University of Artificial Intelligence', 'University of Surrey', 'University of Surrey', 'University of Surrey', None]","20 March, 2023",United Kingdom; United Arab Emirates,106,106
Exploiting Unlabelled Photos for Stronger Fine-Grained SBIR,"['Aneeshan Sain', 'Ayan Kumar Bhunia', 'Subhadeep Koley', 'Pinaki Nath Chowdhury', 'Soumitri Chattopadhyay', 'Tao Xiang', 'Yi-Zhe Song']","['University of Surrey', 'University of Surrey, United Kingdom', 'University of Surrey', 'University of Surrey', 'Jadavpur University, India (Incoming PhD @ UNC CS)', 'University of Surrey', None]",March 2023,United Kingdom; India,106,106
Picture That Sketch: Photorealistic Image Generation From Abstract Sketches,"['Subhadeep Koley', 'Ayan Kumar Bhunia', 'Aneeshan Sain', 'Pinaki Nath Chowdhury', 'Tao Xiang', 'Yi-Zhe Song']","['University of Surrey', 'University of Surrey, United Kingdom', 'University of Surrey', 'University of Surrey', 'University of Surrey', None]","20 March, 2023",United Kingdom,106,106
"CLIP for All Things Zero-Shot Sketch-Based Image Retrieval, Fine-Grained or Not","['Aneeshan Sain', 'Ayan Kumar Bhunia', 'Pinaki Nath Chowdhury', 'Subhadeep Koley', 'Tao Xiang', 'Yi-Zhe Song']","['University of Surrey', 'University of Surrey, United Kingdom', 'University of Surrey', 'University of Surrey', 'University of Surrey', None]","23 March, 2023",United Kingdom,106,106
SceneTrilogy: On Human Scene-Sketch and Its Complementarity With Photo and Text,"['Pinaki Nath Chowdhury', 'Ayan Kumar Bhunia', 'Aneeshan Sain', 'Subhadeep Koley', 'Tao Xiang', 'Yi-Zhe Song']","['University of Surrey', 'University of Surrey, United Kingdom', 'University of Surrey', 'University of Surrey', 'University of Surrey', None]","25 April, 2022",United Kingdom,106,106
Angelic Patches for Improving Third-Party Object Detector Performance,"['Wenwen Si', 'Shuo Li', 'Sangdon Park', 'Insup Lee', 'Osbert Bastani']","['University of Pennsylvania', 'University of Pennsylvania', 'Georgia Institute of Technology', 'University of Pennsylvania', 'University of Pennsylvania']",Not Found,United States,61,61
NeuralField-LDM: Scene Generation With Hierarchical Latent Diffusion Models,"['Seung Wook Kim', 'Bradley Brown', 'Kangxue Yin', 'Karsten Kreis', 'Katja Schwarz', 'Daiqing Li', 'Robin Rombach', 'Antonio Torralba', 'Sanja Fidler']","['NVIDIA', 'University of Waterloo', 'NVIDIA', 'NVIDIA', 'University of Tuebingen', 'NVIDIA', 'Ludwig-Maximilians-Universität München', 'MIT', 'Department of Computer Science, University of Toronto']",April 2023,United States; Canada; Germany; Unknown,,23
"DANI-Net: Uncalibrated Photometric Stereo by Differentiable Shadow Handling, Anisotropic Reflectance Modeling, and Neural Inverse Rendering","['Zongrui Li', 'Qian Zheng', 'Boxin Shi', 'Gang Pan', 'Xudong Jiang']","['Nanyang Technological University', 'Zhejiang University', None, 'Zhejiang University', 'Nanyang Technological University']","27 March, 2023",Singapore; China,8,8
Adversarially Masking Synthetic To Mimic Real: Adaptive Noise Injection for Point Cloud Segmentation Adaptation,"['Guangrui Li', 'Guoliang Kang', 'Xiaohan Wang', 'Yunchao Wei', 'Yi Yang']","['University of Technology Sydney', 'Beihang University', 'Zhejiang University', 'UTS', 'Zhejiang University']",Not Found,Australia; China,138,2
Minimizing the Accumulated Trajectory Error To Improve Dataset Distillation,"['Jiawei Du', 'Yidi Jiang', 'Vincent Y. F. Tan', 'Joey Tianyi Zhou', 'Haizhou Li']","['Centre for Frontier AI Research (CFAR), A*STAR, Singapore', None, 'National University of Singapore', 'National University of Singapore ', 'The Chinese University of Hong Kong (Shenzhen); National University of Singapore']","20 November, 2022",Hong Kong; Singapore,,12
Phone2Proc: Bringing Robust Robots Into Our Chaotic World,"['Matt Deitke', 'Rose Hendrix', 'Ali Farhadi', 'Kiana Ehsani', 'Aniruddha Kembhavi']","['Allen Institute for AI', 'Allen Institute for Artificial Intelligence', 'University of Washington', 'Allen Institute for Artificial Intelligence', 'Allen Institute for Artificial Intelligence']",December 2022,United States,,
Objaverse: A Universe of Annotated 3D Objects,"['Matt Deitke', 'Dustin Schwenk', 'Jordi Salvador', 'Luca Weihs', 'Oscar Michel', 'Eli VanderBilt', 'Ludwig Schmidt', 'Kiana Ehsani', 'Aniruddha Kembhavi', 'Ali Farhadi']","['Allen Institute for AI', 'Allen Institute for Artificial Intelligence', 'Allen Institute for AI', 'Allen Institute for Artificial Intelligence', 'Allen Institute for Artificial Intelligence', 'University of Idaho', 'University of Washington', 'Allen Institute for Artificial Intelligence', 'Allen Institute for Artificial Intelligence', 'University of Washington']",December 2022,United States,,22
Supervised Masked Knowledge Distillation for Few-Shot Transformers,"['Han Lin', 'Guangxing Han', 'Jiawei Ma', 'Shiyuan Huang', 'Xudong Lin', 'Shih-Fu Chang']","['Columbia University', 'Columbia University', 'Columbia University', 'Columbia University', None, 'Columbia University']","24 March, 2023",United States,66,66
Class-Incremental Exemplar Compression for Class-Incremental Learning,"['Zilin Luo', 'Yaoyao Liu', 'Bernt Schiele', 'Qianru Sun']","['School of Computing and Information Systems, Singapore Management University', 'Johns Hopkins University', 'Max Planck Institute for Informatics', None]","30 November, 2023",Singapore; United States; Germany,27,
Continual Detection Transformer for Incremental Object Detection,"['Yaoyao Liu', 'Bernt Schiele', 'Andrea Vedaldi', 'Christian Rupprecht']","['Johns Hopkins University', 'Max Planck Institute for Informatics', 'University of Oxford', 'University of Oxford']",April 2023,United States; Germany; United Kingdom,42,85
Overcoming the Trade-Off Between Accuracy and Plausibility in 3D Hand Shape Reconstruction,"['Ziwei Yu', 'Chen Li', 'Linlin Yang', 'Xiaoxu Zheng', 'Michael Bi Mi', 'Gim Hee Lee', 'Angela Yao']","[None, 'National University of Singapore', 'National University of Singapore', 'National University of Singapore', 'Huawei Technologies Ltd.', 'National University of Singapore', 'National University of Singapore']",May 2023,Singapore; China,12,12
Analyzing and Diagnosing Pose Estimation With Attributions,"['Qiyuan He', 'Linlin Yang', 'Kerui Gu', 'Qiuxia Lin', 'Angela Yao']","['national university of singaore, National University of Singapore', 'National University of Singapore', 'National University of Singapore', None, 'National University of Singapore']",Not Found,Singapore,12,12
CREPE: Can Vision-Language Foundation Models Reason Compositionally?,"['Zixian Ma', 'Jerry Hong', 'Mustafa Omer Gul', 'Mona Gandhi', 'Irena Gao', 'Ranjay Krishna']","['', 'Computer Science Department, Stanford University', 'Department of Computer Science, Cornell University', 'University of Pennsylvania', 'Stanford University', 'Department of Computer Science']",Not Found,United States; Unknown,16,
AnyFlow: Arbitrary Scale Optical Flow With Implicit Neural Representation,"['Hyunyoung Jung', 'Zhuo Hui', 'Lei Luo', 'Haitao Yang', 'Feng Liu', 'Sungjoo Yoo', 'Rakesh Ranjan', 'Denis Demandolx']","[None, 'Facebook', 'Meta', 'Meta Platforms', 'Adobe Systems', None, '', 'Meta']",March 2023,United States,,
On Distillation of Guided Diffusion Models,"['Chenlin Meng', 'Robin Rombach', 'Ruiqi Gao', 'Diederik Kingma', 'Stefano Ermon', 'Jonathan Ho', 'Tim Salimans']","['Stanford University', 'Ludwig-Maximilians-Universität München', 'Google', 'Google', 'Stanford University', 'Google', 'Google']",July 2025,United States,16,
Are Data-Driven Explanations Robust Against Out-of-Distribution Data?,"['Tang Li', 'Fengchun Qiao', 'Mengmeng Ma', 'Xi Peng']","['University of Delaware', 'University of Delaware', 'University of Delaware', None]",Not Found,United States,222,222
T-SEA: Transfer-Based Self-Ensemble Attack on Object Detection,"['Hao Huang', 'Ziyan Chen', 'Huanran Chen', 'Yongtao Wang', 'Kevin Zhang']","[None, 'Shandong University', 'Beijing Institute of Technology', 'Peking University', 'Peking University']",November 2022,China,160,3
ActMAD: Activation Matching To Align Distributions for Test-Time-Training,"['Muhammad Jehanzeb Mirza', 'Pol Jané Soneira', 'Wei Lin', 'Mateusz Kozinski', 'Horst Possegger', 'Horst Bischof']","[None, 'Karlsruher Institut für Technologie', None, 'Technische Universität Graz', 'Graz University of Technology', 'Graz University of Technology']","23 November, 2022",Austria,,244
Video Test-Time Adaptation for Action Recognition,"['Wei Lin', 'Muhammad Jehanzeb Mirza', 'Mateusz Kozinski', 'Horst Possegger', 'Hilde Kuehne', 'Horst Bischof']","[None, None, 'Technische Universität Graz', 'Graz University of Technology', 'Goethe University Frankfurt', 'Graz University of Technology']","24 November, 2022",Austria; Germany,,244
Mask DINO: Towards a Unified Transformer-Based Framework for Object Detection and Segmentation,"['Feng Li', 'Hao Zhang', 'Huaizhe Xu', 'Shilong Liu', 'Lei Zhang', 'Lionel M. Ni', 'Heung-Yeung Shum']","['The Hong Kong University of Science and Technology', 'The Hong Kong University of Science and Technology', 'Hong Kong University of Science and Technology', 'Tsinghua University, Tsinghua University', 'International Digital Economy Academy (IDEA)', 'The Hong Kong University of Science and Technology (Guangzhou))', 'Microsoft']","6 June, 2022",Hong Kong; China; United States,,
Neural Congealing: Aligning Images to a Joint Semantic Atlas,"['Dolev Ofri-Amar', 'Michal Geyer', 'Yoni Kasten', 'Tali Dekel']","['Weizmann Institute of Science', 'Weizmann Institute of Science', 'NVIDIA Research', 'Weizmann Institute of Science']","8 February, 2023",Israel; United States,244,244
Modality-Invariant Visual Odometry for Embodied Vision,"['Marius Memmel', 'Roman Bachmann', 'Amir Zamir']","['University of Washington', 'EPFL - EPF Lausanne', 'Swiss Federal Institute of Technology (EPFL)']",May 2023,United States; Switzerland,22,49
Improving Selective Visual Question Answering by Learning From Your Peers,"['Corentin Dancette', 'Spencer Whitehead', 'Rishabh Maheshwary', 'Ramakrishna Vedantam', 'Stefan Scherer', 'Xinlei Chen', 'Matthieu Cord', 'Marcus Rohrbach']","['Sorbonne Universite', 'FAIR, Meta AI', 'Facebook', 'Facebook', 'Facebook', 'Facebook', None, 'Facebook']",June 2023,United States,,
Real-Time 6K Image Rescaling With Rate-Distortion Optimization,"['Chenyang Qi', 'Xin Yang', 'Ka Leong Cheng', 'Ying-Cong Chen', 'Qifeng Chen']","['Hong Kong University of Science and Technology', None, 'HKUST', 'The Hong Kong University of Science and Technology', 'Hong Kong University of Science and Technology']","3 April, 2023",Hong Kong,,
Distilling Neural Fields for Real-Time Articulated Shape Reconstruction,"['Jeff Tan', 'Gengshan Yang', 'Deva Ramanan']","['School of Computer Science, Carnegie Mellon University', 'School of Computer Science, Carnegie Mellon University', 'Carnegie Mellon University']",Not Found,United States,3,3
MaPLe: Multi-Modal Prompt Learning,"['Muhammad Uzair Khattak', 'Hanoona Rasheed', 'Muhammad Maaz', 'Salman Khan', 'Fahad Shahbaz Khan']","[None, 'Mohamed bin Zayed University of Artificial Intelligence', 'Mohamed Bin Zayed University of Artificial Intelligence', 'Mohamed bin Zayed University of Artificial Intelligence', 'Inception Institute of Artificial Intelligence']","6 October, 2022",United Arab Emirates,,
Visibility Aware Human-Object Interaction Tracking From Single RGB Camera,"['Xianghui Xie', 'Bharat Lal Bhatnagar', 'Gerard Pons-Moll']","['University of Tübingen', 'Eberhard-Karls-Universität Tübingen', 'University of Tübingen']","29 March, 2023",Germany,138,138
X-Avatar: Expressive Human Avatars,"['Kaiyue Shen', 'Chen Guo', 'Manuel Kaufmann', 'Juan Jose Zarate', 'Julien Valentin', 'Jie Song', 'Otmar Hilliges']","['ETH Zurich', 'ETH Zurich', 'ETH Zurich', 'Department of Computer Science, ETHZ - ETH Zurich', 'Microsoft', 'ETHZ - ETH Zurich', None]","8 March, 2023",Switzerland; Unknown; United States,31,31
Rethinking Gradient Projection Continual Learning: Stability / Plasticity Feature Space Decoupling,"['Zhen Zhao', 'Zhizhong Zhang', 'Xin Tan', 'Jun Liu', 'Yanyun Qu', 'Yuan Xie', 'Lizhuang Ma']","['East China Normal University', 'East China Normal University', 'East China Normal University', 'Tencent YouTu Lab', 'Xiamen University', 'East China Normal University', 'Dept. of Computer Sci. & Eng., Shanghai Jiao Tong University']",Not Found,China,200,5
Unsupervised Space-Time Network for Temporally-Consistent Segmentation of Multiple Motions,"['Etienne Meunier', 'Patrick Bouthemy']","['INRIA', 'INRIA']",Not Found,France,160,160
Hierarchical Semantic Correspondence Networks for Video Paragraph Grounding,"['Chaolei Tan', 'Zihang Lin', 'Jian-Fang Hu', 'Wei-Shi Zheng', 'Jianhuang Lai']","['SUN YAT-SEN UNIVERSITY', 'SUN YAT-SEN UNIVERSITY', 'SUN YAT-SEN UNIVERSITY', 'SUN YAT-SEN UNIVERSITY', 'SUN YAT-SEN UNIVERSITY']",Not Found,China,29,29
1000 FPS HDR Video With a Spike-RGB Hybrid Camera,"['Yakun Chang', 'Chu Zhou', 'Yuchen Hong', 'Liwen Hu', 'Chao Xu', 'Tiejun Huang', 'Boxin Shi']","[None, 'Peking University', 'Peking University', None, 'Peking University', 'Peking University', None]",Not Found,China,3,3
CLIP the Gap: A Single Domain Generalization Approach for Object Detection,"['Vidit Vidit', 'Martin Engilberge', 'Mathieu Salzmann']","['', 'EPFL - EPF Lausanne', 'EPFL']","13 January, 2023",Switzerland,49,49
Learning Transformations To Reduce the Geometric Shift in Object Detection,"['Vidit Vidit', 'Martin Engilberge', 'Mathieu Salzmann']","['', 'EPFL - EPF Lausanne', 'EPFL']",January 2023,Switzerland,49,49
Music-Driven Group Choreography,"['Nhat Le', 'Thang Pham', 'Tuong Do', 'Erman Tjiputra', 'Quang D. Tran', 'Anh Nguyen']","['AIOZ', 'University of Arkansas - Fayetteville', 'AIOZ', 'AIOZ', 'AIOZ', 'University of Liverpool']","23 June, 2025",United States; United Kingdom,,185
Structured 3D Features for Reconstructing Controllable Avatars,"['Enric Corona', 'Mihai Zanfir', 'Thiemo Alldieck', 'Eduard Gabriel Bazavan', 'Andrei Zanfir', 'Cristian Sminchisescu']","['Google', 'Newton', 'Google', 'Google', 'Google', 'Lund University']","13 December, 2022",United States; Sweden,,486
Backdoor Cleansing With Unlabeled Data,"['Lu Pang', 'Tao Sun', 'Haibin Ling', 'Chao Chen']","['State University of New York at Stony Brook', 'State University of New York, Stony Brook', 'State University of New York, Stony Brook', 'State University of New York, Stony Brook']","22 November, 2022",United States,,
PET-NeuS: Positional Encoding Tri-Planes for Neural Surfaces,"['Yiqun Wang', 'Ivan Skorokhodov', 'Peter Wonka']","['Chongqing University', 'KAUST', 'KAUST']",May 2023,China; Saudi Arabia,292,106
Single Domain Generalization for LiDAR Semantic Segmentation,"['Hyeonseong Kim', 'Yoonsu Kang', 'Changgyoon Oh', 'Kuk-Jin Yoon']","['Korea Advanced Institute of Science and Technology', 'Korea Advanced Institute of Science and Technology', None, None]",October 2025,South Korea,,
Distilling Focal Knowledge From Imperfect Expert for 3D Object Detection,"['Jia Zeng', 'Li Chen', 'Hanming Deng', 'Lewei Lu', 'Junchi Yan', 'Yu Qiao', 'Hongyang Li']","['Shanghai Jiaotong University', 'Shanghai AI Laboratory', 'Sensetime', 'SenseTime', 'Shanghai Jiao Tong University', 'Shanghai Aritifcal Intelligence Laboratory', None]",Not Found,China,,
Neural Map Prior for Autonomous Driving,"['Xuan Xiong', 'Yicheng Liu', 'Tianyuan Yuan', 'Yue Wang', 'Yilun Wang', 'Hang Zhao']","['Shanghai qi zhi institute', 'The Chinese University of Hong Kong', 'IIIS, Tsinghua University', 'Massachusetts Institute of Technology', 'Li Auto', 'Tsinghua University']","17 April, 2023",Hong Kong; China; United States,,1
Dynamic Coarse-To-Fine Learning for Oriented Tiny Object Detection,"['Chang Xu', 'Jian Ding', 'Jinwang Wang', 'Wen Yang', 'Huai Yu', 'Lei Yu', 'Gui-Song Xia']","['Wuhan University', None, 'Huawei Technologies Ltd.', None, 'Wuhan University', None, 'Wuhan University']",April 2023,China,31,31
“Seeing” Electric Network Frequency From Events,"['Lexuan Xu', 'Guang Hua', 'Haijian Zhang', 'Lei Yu', 'Ning Qiao']","['Wuhan University', 'Institute for Infocomm Research, A*STAR', 'Wuhan University', None, 'Chengdu SynSense Tech. Co. Ltd. ']",May 2023,China,31,
Recurrent Homography Estimation Using Homography-Guided Image Warping and Focus Transformer,"['Si-Yuan Cao', 'Runmin Zhang', 'Lun Luo', 'Beinan Yu', 'Zehua Sheng', 'Junwei Li', 'Hui-Liang Shen']","[None, None, 'Zhejiang University', 'Zhejiang University', None, 'Zhejiang University', None]",Not Found,China,2,2
Efficient Robust Principal Component Analysis via Block Krylov Iteration and CUR Decomposition,"['Shun Fang', 'Zhengqin Xu', 'Shiqian Wu', 'Shoulie Xie']","['Wuhan University of Science and Technology', 'Shanghai Jiaotong University', 'Wuhan University of Science and Technology', 'Institute for Infocomm Research']",Not Found,China,31,
Reliable and Interpretable Personalized Federated Learning,"['Zixuan Qin', 'Liu Yang', 'Qilong Wang', 'Yahong Han', 'Qinghua Hu']","[None, 'Tianjin University', 'university  of tianjin of china', 'Tianjin University', 'Tianjin University']",Not Found,China,100,100
Inverting the Imaging Process by Learning an Implicit Camera Model,"['Xin Huang', 'Qi Zhang', 'Ying Feng', 'Hongdong Li', 'Qing Wang']","[""Northwest Polytechnical University Xi'an"", 'Tencent AI Lab', 'Tencent AI Lab', 'Australian National University', 'Northwestern Polytechnical University']",April 2023,China; Australia,,
WildLight: In-the-Wild Inverse Rendering With a Flashlight,"['Ziang Cheng', 'Junxuan Li', 'Hongdong Li']","['Australian National University', 'Meta Reality Labs', 'Australian National University']",March 2023,Australia,88,88
Wide-Angle Rectification via Content-Aware Conformal Mapping,"['Qi Zhang', 'Hongdong Li', 'Qing Wang']","['Tencent AI Lab', 'Australian National University', 'Northwestern Polytechnical University']",Not Found,Australia; China,,
MEGANE: Morphable Eyeglass and Avatar Network,"['Junxuan Li', 'Shunsuke Saito', 'Tomas Simon', 'Stephen Lombardi', 'Hongdong Li', 'Jason Saragih']","['Meta Reality Labs', 'Reality Labs Research', 'Meta', 'Google', 'Australian National University', 'Facebook']",February 2023,United States; Australia,,
Hierarchical Discriminative Learning Improves Visual Representations of Biomedical Microscopy,"['Cheng Jiang', 'Xinhai Hou', 'Akhil Kondepudi', 'Asadur Chowdury', 'Christian W. Freudiger', 'Daniel A. Orringer', 'Honglak Lee', 'Todd C. Hollon']","['University of Michigan', 'University of Michigan', 'University of Michigan - Ann Arbor', 'University of Michigan - Ann Arbor', 'Harvard University', 'New York University', 'LG AI Research', 'University of Michigan']",March 2023,United States,29,29
"Generalized Decoding for Pixel, Image, and Language","['Xueyan Zou', 'Zi-Yi Dou', 'Jianwei Yang', 'Zhe Gan', 'Linjie Li', 'Chunyuan Li', 'Xiyang Dai', 'Harkirat Behl', 'Jianfeng Wang', 'Lu Yuan', 'Nanyun Peng', 'Lijuan Wang', 'Yong Jae Lee', 'Jianfeng Gao']","[None, 'University of California, Los Angeles', 'Microsoft Research', 'Apple', 'Microsoft', 'Microsoft Research, Redmond', 'Microsoft', 'Microsoft', 'Microsoft', 'Microsoft', 'University of California, Los Angeles', 'Microsoft', 'Department of Computer Sciences, University of Wisconsin - Madison', 'Microsoft Research']",December 2022,United States,35,
ScanDMM: A Deep Markov Model of Scanpath Prediction for 360° Images,"['Xiangjie Sui', 'Yuming Fang', 'Hanwei Zhu', 'Shiqi Wang', 'Zhou Wang']","['Jiangxi University of Finance and Economics', 'Jiangxi University of Finance and Economics', 'City University of Hong Kong', 'City University of Hong Kong', 'University of Waterloo']",Not Found,Hong Kong; Canada,,42
CAMS: CAnonicalized Manipulation Spaces for Category-Level Functional Hand-Object Manipulation Synthesis,"['Juntian Zheng', 'Qingyuan Zheng', 'Lixing Fang', 'Yun Liu', 'Li Yi']","['Tsinghua University', None, 'IIIS, Tsinghua University', None, '']",March 2023,China,1,1
Self-Supervised Geometry-Aware Encoder for Style-Based 3D GAN Inversion,"['Yushi Lan', 'Xuyi Meng', 'Shuai Yang', 'Chen Change Loy', 'Bo Dai']","['Nanyang Technological University', 'National Technological University', 'Nanyang Technological University', 'NANYANG TECHNOLOGICAL UNIVERSITY', 'Shanghai AI Laboratory']","14 December, 2022",Singapore; United States; China,8,
AutoFocusFormer: Image Segmentation off the Grid,"['Chen Ziwen', 'Kaushik Patnaik', 'Shuangfei Zhai', 'Alvin Wan', 'Zhile Ren', 'Alexander G. Schwing', 'Alex Colburn', 'Li Fuxin']","['Oregon State University', 'Apple', 'Apple', 'Apple', 'Apple', 'UIUC', 'Apple', 'Oregon State University']","24 April, 2023",United States,160,160
VIVE3D: Viewpoint-Independent Video Editing Using 3D-Aware GANs,"['Anna Frühstück', 'Nikolaos Sarafianos', 'Yuanlu Xu', 'Peter Wonka', 'Tony Tung']","['King Abdullah University of Science and Technology', 'Meta Reality Labs Research', 'Meta Reality Labs Research', 'KAUST', 'Meta']",March 2023,Saudi Arabia; United States,,
Multi-View Reconstruction Using Signed Ray Distance Functions (SRDF),"['Pierre Zins', 'Yuanlu Xu', 'Edmond Boyer', 'Stefanie Wuhrer', 'Tony Tung']","['INRIA', 'Meta Reality Labs Research', 'INRIA Grenoble Rhône-Alpes', 'INRIA', 'Meta']","31 August, 2022",France; United States,160,
OTAvatar: One-Shot Talking Face Avatar With Controllable Tri-Plane Rendering,"['Zhiyuan Ma', 'Xiangyu Zhu', 'Guo-Jun Qi', 'Zhen Lei', 'Lei Zhang']","[None, None, 'University of Central Florida', 'Institute of Automation,  Chinese Academy of Sciences', 'The Hong Kong Polytechnic University']",March 2023,United States; China; Hong Kong,49,56
SketchXAI: A First Look at Explainability for Human Sketches,"['Zhiyu Qu', 'Yulia Gryaditskaya', 'Ke Li', 'Kaiyue Pang', 'Tao Xiang', 'Yi-Zhe Song']","['University of Surrey', 'University of Surrey', 'Beijing University of Posts and Telecommunications', 'SketchX AI', 'University of Surrey', None]",April 2023,United Kingdom,106,106
MV-JAR: Masked Voxel Jigsaw and Reconstruction for LiDAR-Based Self-Supervised Pre-Training,"['Runsen Xu', 'Tai Wang', 'Wenwei Zhang', 'Runjian Chen', 'Jinkun Cao', 'Jiangmiao Pang', 'Dahua Lin']","['The Chinese University of Hong Kong', 'The Chinese University of Hong Kong', None, 'The University of Hong Kong', 'Carnegie Mellon University', 'Shanghai AI Laboratory ', 'The Chinese University of Hong Kong']",March 2023,Hong Kong; United States; China,26,26
Post-Processing Temporal Action Detection,"['Sauradip Nag', 'Xiatian Zhu', 'Yi-Zhe Song', 'Tao Xiang']","[None, 'University of Surrey', None, 'University of Surrey']","27 November, 2022",United Kingdom,106,106
SliceMatch: Geometry-Guided Aggregation for Cross-View Pose Estimation,"['Zimin Xia', 'Zimin Xia', 'Ted Lentsch', 'Julian F. P. Kooij']","['TU Delft', 'Motional', 'Delft University of Technology', 'Delft University of Technology']","26 November, 2022",Netherlands,100,
"M6Doc: A Large-Scale Multi-Format, Multi-Type, Multi-Layout, Multi-Language, Multi-Annotation Category Dataset for Modern Document Layout Analysis","['Hiuyi Cheng', 'Peirong Zhang', 'Sihang Wu', 'Jiaxin Zhang', 'Qiyuan Zhu', 'Zecheng Xie', 'Jing Li', 'Kai Ding', 'Lianwen Jin']","['South China University of Technology', None, 'Huawei Inc.', 'South China University of Technology', 'SUN YAT-SEN UNIVERSITY', 'South China University of Technology', 'National University of Singapore', 'INTSIG Information', 'South China University of Technology']",Not Found,China; Singapore,486,486
Affordance Diffusion: Synthesizing Hand-Object Interactions,"['Yufei Ye', 'Xueting Li', 'Abhinav Gupta', 'Shalini De Mello', 'Stan Birchfield', 'Jiaming Song', 'Shubham Tulsiani', 'Sifei Liu']","['Carnegie Mellon University', 'NVIDIA', 'Carnegie Mellon University', 'NVIDIA Research', 'NVIDIA', 'NVIDIA', 'Carnegie Mellon University', 'NVIDIA']","21 March, 2023",United States,3,
Vid2Seq: Large-Scale Pretraining of a Visual Language Model for Dense Video Captioning,"['Antoine Yang', 'Arsha Nagrani', 'Paul Hongsuck Seo', 'Antoine Miech', 'Jordi Pont-Tuset', 'Ivan Laptev', 'Josef Sivic', 'Cordelia Schmid']","['Inria', 'Google ', 'Google', 'DeepMind', 'Google Research', 'INRIA Paris', 'Czech Technical University in Prague', 'Inria / Google']","27 February, 2023",France; United States; Czech Republic,160,160
Meta-Personalizing Vision-Language Models To Find Named Instances in Video,"['Chun-Hsiao Yeh', 'Bryan Russell', 'Josef Sivic', 'Fabian Caba Heilbron', 'Simon Jenni']","['UC Berkeley', 'Adobe Research', 'Czech Technical University in Prague', 'Adobe Research', 'Adobe Systems']",June 2023,United States; Czech Republic,,
Language-Guided Music Recommendation for Video via Prompt Analogies,"['Daniel McKee', 'Justin Salamon', 'Josef Sivic', 'Bryan Russell']","['University of Illinois, Urbana Champaign', 'Adobe Research', 'Czech Technical University in Prague', 'Adobe Research']",June 2023,United States; Czech Republic,,
Ranking Regularization for Critical Rare Classes: Minimizing False Positives at a High True Positive Rate,"['Kiarash Mohammadi', 'He Zhao', 'Mengyao Zhai', 'Frederick Tung']","['Mila, Université de Montréal', 'Borealis AI', 'Borealis AI', 'Borealis AI']",April 2023,Italy,,
Plug-and-Play Diffusion Features for Text-Driven Image-to-Image Translation,"['Narek Tumanyan', 'Michal Geyer', 'Shai Bagon', 'Tali Dekel']","['Weizmann Institute of Science', 'Weizmann Institute of Science', 'Weizmann Institute of Science, Israel', 'Weizmann Institute of Science']","2 August, 2024",Israel,244,244
ACR: Attention Collaboration-Based Regressor for Arbitrary Two-Hand Reconstruction,"['Zhengdi Yu', 'Shaoli Huang', 'Chen Fang', 'Toby P. Breckon', 'Jue Wang']","['Tencent AI Lab', 'Tencent AI Lab', 'Tencent PCG', 'Durham University', 'Tencent AI Lab']",March 2023,United Kingdom,,
ShapeClipper: Scalable 3D Shape Learning From Single-View Images via Geometric and CLIP-Based Consistency,"['Zixuan Huang', 'Varun Jampani', 'Anh Thai', 'Yuanzhen Li', 'Stefan Stojanov', 'James M. Rehg']","['Georgia Institute of Technology', 'Google Research', 'Georgia Institute of Technology', 'Massachusetts Institute of Technology', 'Georgia Institute of Technology', 'Georgia Institute of Technology']",April 2023,United States,18,18
Learning Situation Hyper-Graphs for Video Question Answering,"['Aisha Urooj', 'Hilde Kuehne', 'Bo Wu', 'Kim Chheu', 'Walid Bousselham', 'Chuang Gan', 'Niels Lobo', 'Mubarak Shah']","[None, 'Goethe University Frankfurt', 'MIT-IBM Watson AI Lab', 'Western Michigan University', 'Johann Wolfgang Goethe Universität Frankfurt am Main', 'MIT-IBM Watson AI Lab', 'University of Central Florida', 'University of Central Florida']","17 April, 2023",Germany; United States,358,49
TarViS: A Unified Approach for Target-Based Video Segmentation,"['Ali Athar', 'Alexander Hermans', 'Jonathon Luiten', 'Deva Ramanan', 'Bastian Leibe']","['RWTH Aachen', 'RWTH Aachen University', 'RWTH Aachen University', 'Carnegie Mellon University', 'RWTH Aachen University']","6 January, 2023",Germany; United States,160,160
StepFormer: Self-Supervised Step Discovery and Localization in Instructional Videos,"['Nikita Dvornik', 'Isma Hadji', 'Ran Zhang', 'Kosta Derpanis', 'Richard P. Wildes', 'Allan D. Jepson']","['Waabi', 'Samsung', 'Samsung AI Centre, Toronto', 'York University/Samsung', 'York University', 'University of Toronto']",April 2023,South Korea; Canada,,23
CODA-Prompt: COntinual Decomposed Attention-Based Prompting for Rehearsal-Free Continual Learning,"['James Seale Smith', 'Leonid Karlinsky', 'Vyshnavi Gutta', 'Paola Cascante-Bonilla', 'Donghyun Kim', 'Assaf Arbelle', 'Rameswar Panda', 'Rogerio Feris', 'Zsolt Kira']","['Georgia Institute of Technology', 'IBM Research AI', 'Georgia Institute of Technology', 'Rice University', 'MIT-IBM Watson AI Lab', 'IBM Research', 'MIT-IBM Watson AI Lab', 'International Business Machines', 'Georgia Institute of Technology']","23 November, 2022",United States,18,18
Generating Part-Aware Editable 3D Shapes Without 3D Supervision,"['Konstantinos Tertikas', 'Despoina Paschalidou', 'Boxiao Pan', 'Jeong Joon Park', 'Mikaela Angelina Uy', 'Ioannis Emiris', 'Yannis Avrithis', 'Leonidas Guibas']","['National and Kapodistrian University of Athens', 'Stanford', 'Stanford University', 'Stanford University', 'Stanford University', 'Athena Research Center', 'IARAI', 'Stanford University']","16 March, 2023",Greece; United States,292,16
AligNeRF: High-Fidelity Neural Radiance Fields via Alignment-Aware Training,"['Yifan Jiang', 'Peter Hedman', 'Ben Mildenhall', 'Dejia Xu', 'Jonathan T. Barron', 'Zhangyang Wang', 'Tianfan Xue']","['University of Texas at Austin', 'Google', 'Google', 'University of Texas at Austin', 'Google', 'University of Texas at Austin', 'The Chinese University of Hong Kong']",November 2022,United States; Hong Kong,49,26
Self-Supervised Blind Motion Deblurring With Deep Expectation Maximization,"['Ji Li', 'Weixi Wang', 'Yuesong Nan', 'Hui Ji']","['National University of Singapore', 'National University of Singapore', 'national university of singaore, National University of Singapore', 'National University of Singapore']",Not Found,Singapore,12,12
Clover: Towards a Unified Video-Language Alignment and Fusion Model,"['Jingjia Huang', 'Yinan Li', 'Jiashi Feng', 'Xinglong Wu', 'Xiaoshuai Sun', 'Rongrong Ji']","['ByteDance Inc.', None, 'ByteDance', 'Jilin University', 'Xiamen University', 'Xiamen University']","16 July, 2022",China,,56
High-Fidelity Clothed Avatar Reconstruction From a Single Image,"['Tingting Liao', 'Xiaomei Zhang', 'Yuliang Xiu', 'Hongwei Yi', 'Xudong Liu', 'Guo-Jun Qi', 'Yong Zhang', 'Xuan Wang', 'Xiangyu Zhu', 'Zhen Lei']","['Institute of automation, Chinese academy of science, Chinese Academy of Sciences', None, 'Max Planck Institute for Intelligent Systems', 'Max Planck Institute for Intelligent Systems, Max-Planck Institute', 'Oppo US Research Center', 'University of Central Florida', 'Tencent AI Lab', 'Tencent AI Lab', None, 'Institute of Automation,  Chinese Academy of Sciences']",April 2023,China; Germany; United States,12,12
Topology-Guided Multi-Class Cell Context Generation for Digital Pathology,"['Shahira Abousamra', 'Rajarsi Gupta', 'Tahsin Kurc', 'Dimitris Samaras', 'Joel Saltz', 'Chao Chen']","['State University of New York, Stony Brook', 'Academic medical center at State University of New York at Stony Brook', 'Academic medical center at State University of New York at Stony Brook', 'Stony Brook University', 'State University of New York at Stony Brook', 'State University of New York, Stony Brook']",April 2023,United States,,
"Gazeformer: Scalable, Effective and Fast Prediction of Goal-Directed Human Attention","['Sounak Mondal', 'Zhibo Yang', 'Seoyoung Ahn', 'Dimitris Samaras', 'Gregory Zelinsky', 'Minh Hoai']","['State University of New York, Stony Brook', 'State University of New York, Stony Brook', 'State University of New York, Stony Brook', 'Stony Brook University', 'State University of New York at Stony Brook', 'State University of New York, Stony Brook']","27 March, 2023",United States,,
Detecting Everything in the Open World: Towards Universal Object Detection,"['Zhenyu Wang', 'Yali Li', 'Xi Chen', 'Ser-Nam Lim', 'Antonio Torralba', 'Hengshuang Zhao', 'Shengjin Wang']","['Tsinghua University, Tsinghua University', 'Tsinghua University', 'the University of Hong Kong, University of Hong Kong', 'Meta AI', 'MIT', 'The University of Hong Kong', 'Tsinghua University, Tsinghua University']","21 March, 2023",China; Hong Kong; United States,1,1
CLIP2Protect: Protecting Facial Privacy Using Text-Guided Makeup via Adversarial Latent Search,"['Fahad Shamshad', 'Muzammal Naseer', 'Karthik Nandakumar']","[None, 'MBZUAI', 'Mohamed Bin Zayed University of Artificial Intelligence']","16 June, 2023",United Arab Emirates,31,
Evading Forensic Classifiers With Attribute-Conditioned Adversarial Faces,"['Fahad Shamshad', 'Koushik Srivatsan', 'Karthik Nandakumar']","[None, 'Mohamed bin Zayed University of Artificial Intelligence', 'Mohamed Bin Zayed University of Artificial Intelligence']",June 2023,United Arab Emirates,,
Token Turing Machines,"['Michael S. Ryoo', 'Keerthana Gopalakrishnan', 'Kumara Kahatapitiya', 'Ted Xiao', 'Kanishka Rao', 'Austin Stone', 'Yao Lu', 'Julian Ibarz', 'Anurag Arnab']","['Stony Brook University; Robotics at Google', 'Research, Google', 'Stony Brook University', 'Google', 'University of California, Irvine', 'Google', 'Google', 'Google', 'Google']","11 September, 2024",United States,56,
Temporally Consistent Online Depth Estimation Using Point-Based Fusion,"['Numair Khan', 'Eric Penner', 'Douglas Lanman', 'Lei Xiao']","[None, 'Department of Computer Science, University of Calgary', 'University of Washington', None]","14 April, 2023",Unknown; Canada; United States,244,22
SparsePose: Sparse-View Camera Pose Regression and Refinement,"['Samarth Sinha', 'Jason Y. Zhang', 'Andrea Tagliasacchi', 'Igor Gilitschenski', 'David B. Lindell']","['University of Toronto, Toronto University', 'Carnegie Mellon University', 'Simon Fraser University, Google Brain', 'University of Toronto', None]",November 2022,Canada; United States,23,23
"K-Planes: Explicit Radiance Fields in Space, Time, and Appearance","['Sara Fridovich-Keil', 'Giacomo Meanti', 'Frederik Rahbæk Warburg', 'Benjamin Recht', 'Angjoo Kanazawa']","['University of California Berkeley', ""Universita' di Genova"", 'Technical University of Denmark', 'University of California - Berkeley', 'UC Berkeley']","24 January, 2023",United States,20,
On the Benefits of 3D Pose and Tracking for Human Action Recognition,"['Jathushan Rajasegaran', 'Georgios Pavlakos', 'Angjoo Kanazawa', 'Christoph Feichtenhofer', 'Jitendra Malik']","['University of California Berkeley', 'University of California, Berkeley', 'UC Berkeley', 'Facebook', 'University of California at Berkeley']","3 April, 2023",United States,20,
How You Feelin’? Learning Emotions and Mental States in Movie Scenes,"['Dhruv Srivastava', 'Aditya Kumar Singh', 'Makarand Tapaswi']","[None, 'International Institute of Information Technology, Hyderabad, International Institute of Information Technology Hyderabad', 'International Institute of Information Technology Hyderabad']",Not Found,India,,
GIVL: Improving Geographical Inclusivity of Vision-Language Models With Pre-Training Methods,"['Da Yin', 'Feng Gao', 'Govind Thattai', 'Michael Johnston', 'Kai-Wei Chang']","['University of California, Los Angeles', 'Amazon', 'Amazon', 'Amazon', 'University of California, Los Angeles']",January 2023,United States,35,35
A Whac-a-Mole Dilemma: Shortcuts Come in Multiples Where Mitigating One Amplifies Others,"['Zhiheng Li', 'Ivan Evtimov', 'Albert Gordo', 'Caner Hazirbas', 'Tal Hassner', 'Cristian Canton Ferrer', 'Chenliang Xu', 'Mark Ibrahim']","['University of Rochester', 'Facebook', 'Facebook', 'Meta AI', 'Meta inc.', 'Meta AI', 'University of Rochester', 'Facebook AI Research (FAIR)']","9 December, 2022",United States,160,
HyperCUT: Video Sequence From a Single Blurry Image Using Unsupervised Ordering,"['Bang-Dang Pham', 'Phong Tran', 'Anh Tran', 'Cuong Pham', 'Rang Nguyen', 'Minh Hoai']","['', 'MBZUAI', None, 'Posts & Telecommunications Institute of Technology and VinAI Research', 'VinAI Research', 'State University of New York, Stony Brook']","4 April, 2023",United Arab Emirates; Vietnam; United States,31,
DejaVu: Conditional Regenerative Learning To Enhance Dense Prediction,"['Shubhankar Borse', 'Debasmit Das', 'Hyojin Park', 'Hong Cai', 'Risheek Garrepalli', 'Fatih Porikli']","['Qualcomm AI Research', 'Qualcomm Inc.', 'Qualcomm Inc, QualComm', 'Qualcomm AI Research', 'Qualcomm Inc, QualComm', 'QualComm']","2 March, 2023",United States,,
NIRVANA: Neural Implicit Representations of Videos With Adaptive Networks and Autoregressive Patch-Wise Modeling,"['Shishira R Maiya', 'Sharath Girish', 'Max Ehrlich', 'Hanyu Wang', 'Kwot Sin Lee', 'Patrick Poirson', 'Pengxiang Wu', 'Chen Wang', 'Abhinav Shrivastava']","['University of Maryland', None, 'University of Maryland, College Park', 'University of Maryland, College Park', 'Snap Inc.', 'Snap Inc.', 'Snap Inc.', 'Snap Inc.', 'University of Maryland']",December 2022,United States,15,15
SimpSON: Simplifying Photo Cleanup With Single-Click Distracting Object Segmentation Network,"['Chuong Huynh', 'Yuqian Zhou', 'Zhe Lin', 'Connelly Barnes', 'Eli Shechtman', 'Sohrab Amirghodsi', 'Abhinav Shrivastava']","['University of Maryland, College Park', 'University of Illinois, Urbana-Champaign', 'Adobe Research', 'Adobe Systems', 'Adobe', 'Adobe', 'University of Maryland']",May 2023,United States,15,15
Align and Attend: Multimodal Summarization With Dual Contrastive Losses,"['Bo He', 'Jun Wang', 'Jielin Qiu', 'Trung Bui', 'Abhinav Shrivastava', 'Zhaowen Wang']","[None, 'University of Maryland, College Park', 'Carnegie Mellon University', 'Adobe Research', 'University of Maryland', 'Adobe Research']","13 March, 2023",United States,15,
HNeRV: A Hybrid Neural Representation for Videos,"['Hao Chen', 'Matthew Gwilliam', 'Ser-Nam Lim', 'Abhinav Shrivastava']","['University of Maryland, College Park', 'University of Maryland, College Park', 'Meta AI', 'University of Maryland']",April 2023,United States,15,15
FlexNeRF: Photorealistic Free-Viewpoint Rendering of Moving Humans From Sparse Views,"['Vinoj Jayasundara', 'Amit Agrawal', 'Nicolas Heron', 'Abhinav Shrivastava', 'Larry S. Davis']","['University of Maryland, College Park', 'Amazon', 'Amazon', 'University of Maryland', 'Amazon']",March 2023,United States,15,
Teaching Matters: Investigating the Role of Supervision in Vision Transformers,"['Matthew Walmer', 'Saksham Suri', 'Kamal Gupta', 'Abhinav Shrivastava']","['University of Maryland, College Park', 'University of Maryland', 'University of Maryland, College Park', 'University of Maryland']","7 December, 2022",United States,15,15
Towards Scalable Neural Representation for Diverse Videos,"['Bo He', 'Xitong Yang', 'Hanyu Wang', 'Zuxuan Wu', 'Hao Chen', 'Shuaiyi Huang', 'Yixuan Ren', 'Ser-Nam Lim', 'Abhinav Shrivastava']","[None, 'Meta', 'University of Maryland, College Park', 'Fudan University', 'University of Maryland, College Park', 'University of Maryland, College Park', 'University of Maryland, College Park', 'Meta AI', 'University of Maryland']",March 2023,United States; China,,15
Score Jacobian Chaining: Lifting Pretrained 2D Diffusion Models for 3D Generation,"['Haochen Wang', 'Xiaodan Du', 'Jiahao Li', 'Raymond A. Yeh', 'Greg Shakhnarovich']","['Toyota Technological Institute at Chicago', 'Toyota Technological Institute at Chicago', 'Toyota Technological Institute at Chicago', 'Purdue University', 'Toyota Technological Institute at Chicago']",December 2022,United States,,
Learning Customized Visual Models With Retrieval-Augmented Knowledge,"['Haotian Liu', 'Kilho Son', 'Jianwei Yang', 'Ce Liu', 'Jianfeng Gao', 'Yong Jae Lee', 'Chunyuan Li']","['University of Wisconsin-Madison', None, 'Microsoft Research', 'Microsoft', 'Microsoft Research', 'Department of Computer Sciences, University of Wisconsin - Madison', 'Microsoft Research, Redmond']",January 2023,United States,66,
Probing Neural Representations of Scene Perception in a Hippocampally Dependent Task Using Artificial Neural Networks,"['Markus Frey', 'Christian F. Doeller', 'Caswell Barry']","[None, 'Max Planck Institute for Human Cognitive and Brain Sciences', 'University College London']",March 2023,United Kingdom,,88
ConStruct-VL: Data-Free Continual Structured VL Concepts Learning,"['James Seale Smith', 'Paola Cascante-Bonilla', 'Assaf Arbelle', 'Donghyun Kim', 'Rameswar Panda', 'David Cox', 'Diyi Yang', 'Zsolt Kira', 'Rogerio Feris', 'Leonid Karlinsky']","['Georgia Institute of Technology', 'Rice University', 'IBM Research', 'MIT-IBM Watson AI Lab', 'MIT-IBM Watson AI Lab', 'International Business Machines', 'Stanford University', 'Georgia Institute of Technology', 'International Business Machines', 'IBM Research AI']","17 November, 2022",United States,18,
Invertible Neural Skinning,"['Yash Kant', 'Aliaksandr Siarohin', 'Riza Alp Guler', 'Menglei Chai', 'Jian Ren', 'Sergey Tulyakov', 'Igor Gilitschenski']","['University of Toronto / Snap Research', 'Snap Inc.', 'Snap Inc.', 'Google', 'Snap Inc.', 'Snap Inc.', 'University of Toronto']","17 February, 2023",Canada; United States,23,23
Transductive Few-Shot Learning With Prototype-Based Label Propagation by Iterative Graph Refinement,"['Hao Zhu', 'Piotr Koniusz']","['Australian National University', 'Australian National University']",April 2023,Australia,88,88
3Mformer: Multi-Order Multi-Mode Transformer for Skeletal Action Recognition,"['Lei Wang', 'Piotr Koniusz']","['Australian National University', 'Australian National University']",March 2023,Australia,88,88
LINe: Out-of-Distribution Detection by Leveraging Important Neurons,"['Yong Hyun Ahn', 'Gyeong-Moon Park', 'Seong Tae Kim']","['Kyung Hee University', 'Artificial General Intelligence Laboratory', 'Kyung Hee University']",March 2023,South Korea,358,358
Open-Vocabulary Panoptic Segmentation With Text-to-Image Diffusion Models,"['Jiarui Xu', 'Sifei Liu', 'Arash Vahdat', 'Wonmin Byeon', 'Xiaolong Wang', 'Shalini De Mello']","['University of California, San Diego', 'NVIDIA', 'NVIDIA Research', 'NVIDIA', 'UCSD', 'NVIDIA Research']","8 March, 2023",United States,12,
Modernizing Old Photos Using Multiple References via Photorealistic Style Transfer,"['Agus Gunawan', 'Soo Ye Kim', 'Hyeonjun Sim', 'Jae-Ho Lee', 'Munchurl Kim']","['', 'Adobe Systems', 'Qualcomm', 'Etri', 'Korea Advanced Institute of Science and Technology']",April 2023,South Korea,,
SUDS: Scalable Urban Dynamic Scenes,"['Haithem Turki', 'Jason Y. Zhang', 'Francesco Ferroni', 'Deva Ramanan']","['Carnegie Mellon University', 'Carnegie Mellon University', '', 'Carnegie Mellon University']",March 2023,United States,3,3
Octree Guided Unoriented Surface Reconstruction,"['Chamin Hewa Koneputugodage', 'Yizhak Ben-Shabat', 'Stephen Gould']","['Australian National University', 'Technion, Israel Institute of Technology', 'Australian National University']",Not Found,Australia; Israel,88,88
Bayesian Posterior Approximation With Stochastic Ensembles,"['Oleksandr Balabanov', 'Bernhard Mehlig', 'Hampus Linander']","['Stockholm University', 'Göteborg University', 'University of Gothenburg']","15 December, 2022",,,
PROB: Probabilistic Objectness for Open World Object Detection,"['Orr Zohar', 'Kuan-Chieh Wang', 'Serena Yeung']","['Stanford University', 'Stanford University', 'Stanford']",December 2022,United States,16,16
Consistent View Synthesis With Pose-Guided Diffusion Models,"['Hung-Yu Tseng', 'Qinbo Li', 'Changil Kim', 'Suhib Alsisan', 'Jia-Bin Huang', 'Johannes Kopf']","['Meta', 'Facebook', 'Facebook', 'Meta', 'University of Maryland, College Park', 'Facebook']",March 2023,United States,,
Guided Depth Super-Resolution by Deep Anisotropic Diffusion,"['Nando Metzger', 'Rodrigo Caye Daudt', 'Konrad Schindler']","['ETH Zürich', 'ETH Zurich', 'ETH Zurich']","21 November, 2022",Switzerland,,31
Robust Mean Teacher for Continual and Gradual Test-Time Adaptation,"['Mario Döbler', 'Robert A. Marsden', 'Bin Yang']","['University of Stuttgart', 'Universität Stuttgart', 'University of Stuttgart']","23 November, 2022",Germany,160,160
itKD: Interchange Transfer-Based Knowledge Distillation for 3D Object Detection,"['Hyeon Cho', 'Junyong Choi', 'Geonwoo Baek', 'Wonjun Hwang']","['Ajou University', 'Hyundai Motor Company', 'Ajou University', 'Ajou University']","31 May, 2022",,,
Synthesizing Photorealistic Virtual Humans Through Cross-Modal Disentanglement,"['Siddarth Ravichandran', 'Ondřej Texler', 'Dimitar Dinev', 'Hyun Jae Kang']","['Samsung research america ', 'Samsung', 'University of Utah', 'Department of Computer Science, Whiting School of Engineering']","2 September, 2022",United States; South Korea; Unknown,,
EXCALIBUR: Encouraging and Evaluating Embodied Exploration,"['Hao Zhu', 'Raghav Kapoor', 'So Yeon Min', 'Winson Han', 'Jiatai Li', 'Kaiwen Geng', 'Graham Neubig', 'Yonatan Bisk', 'Aniruddha Kembhavi', 'Luca Weihs']","['Carnegie Mellon University', 'School of Computer Science, Carnegie Mellon University', 'CMU, Carnegie Mellon University', 'Allen Institute for Artificial Intelligence', 'Carnegie Mellon University', 'CMU, Carnegie Mellon University', 'Carnegie Mellon University', 'Carnegie Mellon University', 'Allen Institute for Artificial Intelligence', 'Allen Institute for Artificial Intelligence']",Not Found,United States,3,
Freestyle Layout-to-Image Synthesis,"['Han Xue', 'Zhiwu Huang', 'Qianru Sun', 'Li Song', 'Wenjun Zhang']","[None, 'University of Southampton', None, 'Shanghai Jiao Tong University', 'Shanghai Jiaotong University']",March 2023,United Kingdom; China,292,
Marching-Primitives: Shape Abstraction From Signed Distance Function,"['Weixiao Liu', 'Yuwei Wu', 'Sipu Ruan', 'Gregory S. Chirikjian']","['Johns Hopkins University', 'National University of Singapore', 'national university of singaore, National University of Singapore', 'national university of singaore, National University of Singapore']","23 March, 2023",United States; Singapore,42,12
3D Concept Learning and Reasoning From Multi-View Images,"['Yining Hong', 'Chunru Lin', 'Yilun Du', 'Zhenfang Chen', 'Joshua B. Tenenbaum', 'Chuang Gan']","['', 'Shanghai Jiaotong University', 'Massachusetts Institute of Technology', 'MIT-IBM Watson AI lab', 'MIT', 'MIT-IBM Watson AI Lab']",March 2023,China; United States,,
Towards End-to-End Generative Modeling of Long Videos With Memory-Efficient Bidirectional Transformers,"['Jaehoon Yoo', 'Semin Kim', 'Doyup Lee', 'Chiheon Kim', 'Seunghoon Hong']","['Korea Advanced Institute of Science & Technology', 'KAIST', 'Kakao Brain', 'Kakao Brain', 'Korea Advanced Institute of Science and Technology']","20 March, 2023",South Korea,,
Discriminative Co-Saliency and Background Mining Transformer for Co-Salient Object Detection,"['Long Li', 'Junwei Han', 'Ni Zhang', 'Nian Liu', 'Salman Khan', 'Hisham Cholakkal', 'Rao Muhammad Anwer', 'Fahad Shahbaz Khan']","[None, 'Northwestern Polytechnical University, Tsinghua University', ""Northwest Polytechnical University Xi'an"", 'Mohamed bin Zayed University of Artificial Intelligence', 'Mohamed bin Zayed University of Artificial Intelligence', 'MBZUAI', 'Mohamed bin Zayed University of Artificial Intelligence', 'Inception Institute of Artificial Intelligence']","30 April, 2023",China; United Arab Emirates,1,
Gated Multi-Resolution Transfer Network for Burst Restoration and Enhancement,"['Nancy Mehta', 'Akshay Dudhane', 'Subrahmanyam Murala', 'Syed Waqas Zamir', 'Salman Khan', 'Fahad Shahbaz Khan']","[None, None, 'I I T Ropar, India', None, 'Mohamed bin Zayed University of Artificial Intelligence', 'Inception Institute of Artificial Intelligence']",April 2023,United States; United Arab Emirates,,
Vita-CLIP: Video and Text Adaptive CLIP via Multimodal Prompting,"['Syed Talal Wasim', 'Muzammal Naseer', 'Salman Khan', 'Fahad Shahbaz Khan', 'Mubarak Shah']","[None, 'MBZUAI', 'Mohamed bin Zayed University of Artificial Intelligence', 'Inception Institute of Artificial Intelligence', 'University of Central Florida']",April 2023,United Arab Emirates; United States,31,49
Burstormer: Burst Image Restoration and Enhancement Transformer,"['Akshay Dudhane', 'Syed Waqas Zamir', 'Salman Khan', 'Fahad Shahbaz Khan', 'Ming-Hsuan Yang']","[None, None, 'Mohamed bin Zayed University of Artificial Intelligence', 'Inception Institute of Artificial Intelligence', 'University of California at Merced']",April 2023,United Arab Emirates,,
Bridging Precision and Confidence: A Train-Time Loss for Calibrating Object Detection,"['Muhammad Akhtar Munir', 'Muhammad Haris Khan', 'Salman Khan', 'Fahad Shahbaz Khan']","[None, None, 'Mohamed bin Zayed University of Artificial Intelligence', 'Inception Institute of Artificial Intelligence']",March 2023,United Arab Emirates,,
PromptCAL: Contrastive Affinity Learning via Auxiliary Prompts for Generalized Novel Category Discovery,"['Sheng Zhang', 'Salman Khan', 'Zhiqiang Shen', 'Muzammal Naseer', 'Guangyi Chen', 'Fahad Shahbaz Khan']","['Mohamed Bin Zayed University of Artificial Intelligence', 'Mohamed bin Zayed University of Artificial Intelligence', 'Mohamed bin Zayed University of Artificial Intelligence', 'MBZUAI', 'MBZUAI, CMU', 'Inception Institute of Artificial Intelligence']","11 December, 2022",United Arab Emirates,,
DeepMapping2: Self-Supervised Large-Scale LiDAR Map Optimization,"['Chao Chen', 'Xinhao Liu', 'Yiming Li', 'Li Ding', 'Chen Feng']","['New York University', '', 'New York University', 'Amazon', 'New York University']","12 December, 2022",United States,38,38
OPE-SR: Orthogonal Position Encoding for Designing a Parameter-Free Upsampling Module in Arbitrary-Scale Image Super-Resolution,"['Gaochao Song', 'Qian Sun', 'Luo Zhang', 'Ran Su', 'Jianfeng Shi', 'Ying He']","['Tianjin University', 'Nanjing University of Information Science and Technology', 'Nanyang Technological University', 'Tianjin University', 'Nanjing University of Information Science and Technology', 'Nanyang Technological University']",March 2023,China; Singapore,100,8
RelightableHands: Efficient Neural Relighting of Articulated Hand Models,"['Shun Iwase', 'Shunsuke Saito', 'Tomas Simon', 'Stephen Lombardi', 'Timur Bagautdinov', 'Rohan Joshi', 'Fabian Prada', 'Takaaki Shiratori', 'Yaser Sheikh', 'Jason Saragih']","['School of Computer Science, Carnegie Mellon University', 'Reality Labs Research', 'Meta', 'Google', 'Reality Labs Research', 'Facebook', 'Johns Hopkins University', 'Meta Reality Labs Research', 'University of Central Florida', 'Facebook']",February 2023,United States,3,
Query-Centric Trajectory Prediction,"['Zikang Zhou', 'Jianping Wang', 'Yung-Hui Li', 'Yu-Kai Huang']","['City University of Hong Kong', 'City University of Hong Kong', 'Hon Hai Research Institute', 'CMU, Carnegie Mellon University']",Not Found,Hong Kong; United States,46,3
NICO++: Towards Better Benchmarking for Domain Generalization,"['Xingxuan Zhang', 'Yue He', 'Renzhe Xu', 'Han Yu', 'Zheyan Shen', 'Peng Cui']","['Tsinghua University', 'Tsinghua University, Tsinghua University', 'Tsinghua University', 'Tsinghua University', 'Tsinghua University', 'Tsinghua University, Tsinghua University']","17 April, 2022",China,1,1
Not All Image Regions Matter: Masked Vector Quantization for Autoregressive Image Generation,"['Mengqi Huang', 'Zhendong Mao', 'Quan Wang', 'Yongdong Zhang']","['University of Science and Technology of China', None, 'Beijing University of Posts and Telecommunications', 'University of Science and Technology of China']",May 2023,China,,
Fix the Noise: Disentangling Source Feature for Controllable Domain Translation,"['Dongyeun Lee', 'Jae Young Lee', 'Doyeon Kim', 'Jaehyun Choi', 'Jaejun Yoo', 'Junmo Kim']","['KAIST & Klleon AI Research', 'Korea Advanced Institute of Science and Technology', 'Korea Advanced Institute of Science and Technology', 'Korea Advanced Institute of Science & Technology', 'Ulsan National Institute of Science and Technology', 'Korea Advanced Institute of Science and Technology']",March 2023,South Korea,8,
NS3D: Neuro-Symbolic Grounding of 3D Objects and Relations,"['Joy Hsu', 'Jiayuan Mao', 'Jiajun Wu']","['Stanford University', 'Massachusetts Institute of Technology', 'Stanford University']",March 2023,United States,16,16
All in One: Exploring Unified Video-Language Pre-Training,"['Jinpeng Wang', 'Yixiao Ge', 'Rui Yan', 'Yuying Ge', 'Kevin Qinghong Lin', 'Satoshi Tsutsui', 'Xudong Lin', 'Guanyu Cai', 'Jianping Wu', 'Ying Shan', 'Xiaohu Qie', 'Mike Zheng Shou']","[None, 'Tencent', 'National University of Singapore', 'University of Hong Kong', 'national university of singaore, National University of Singapore', 'NTU', None, 'Tongji University', 'Tsinghua University', 'Tencent', 'Tencent', '']",March 2022,China; Singapore; Hong Kong,,
MarS3D: A Plug-and-Play Motion-Aware Model for Semantic Segmentation on Multi-Scan 3D Point Clouds,"['Jiahui Liu', 'Chirui Chang', 'Jianhui Liu', 'Xiaoyang Wu', 'Lan Ma', 'Xiaojuan Qi']","[None, None, 'University of Hong Kong', 'University of Hong Kong', 'TCL AI LAB', 'University of Oxford']",July 2023,Hong Kong; United Kingdom,26,85
PyPose: A Library for Robot Learning With Physics-Based Optimization,"['Chen Wang', 'Dasong Gao', 'Kuan Xu', 'Junyi Geng', 'Yaoyu Hu', 'Yuheng Qiu', 'Bowen Li', 'Fan Yang', 'Brady Moon', 'Abhinav Pandey', ' Aryan', 'Jiahe Xu', 'Tianhao Wu', 'Haonan He', 'Daning Huang', 'Zhongqiang Ren', 'Shibo Zhao', 'Taimeng Fu', 'Pranay Reddy', 'Xiao Lin', 'Wenshan Wang', 'Jingnan Shi', 'Rajat Talak', 'Kun Cao', 'Yi Du', 'Han Wang', 'Huai Yu', 'Shanzhao Wang', 'Siyu Chen', 'Ananth Kashyap', 'Rohan Bandaru', 'Karthik Dantu', 'Jiajun Wu', 'Lihua Xie', 'Luca Carlone', 'Marco Hutter', 'Sebastian Scherer']","['State University of New York at Buffalo', 'Massachusetts Institute of Technology', 'Nanyang Technological University', 'Pennsylvania State University', 'Carnegie Mellon University', 'CMU, Carnegie Mellon University', 'CMU, Carnegie Mellon University', '', 'Carnegie Mellon University', 'Pennsylvania State University', 'Delhi Technological University (Delhi College of Engineering)', 'CMU, Carnegie Mellon University', 'University of Virginia, Charlottesville', 'CMU, Carnegie Mellon University', 'Pennsylvania State University', 'Carnegie Mellon University', None, 'The Chinese University of Hong Kong, Shenzhen', 'University of Massachusetts at Amherst', 'Georgia Institute of Technology', 'School of Computer Science, Carnegie Mellon University', 'Massachusetts Institute of Technology', 'Massachusetts Institute of Technology', 'Nanyang Technological University', 'University at Buffalo', 'Huawei Technologies Ltd.', 'Wuhan University', 'University of Michigan - Ann Arbor', 'Nanyang Technological University', 'Carnegie Mellon University', 'Carnegie Mellon University', 'State University of New York at Buffalo', 'Stanford University', 'Nanyang Technological University', 'Massachusetts Institute of Technology', 'ETHZ - ETH Zurich', None]","30 September, 2022",United States; Singapore; Hong Kong; China; Switzerland,,31
Directional Connectivity-Based Segmentation of Medical Images,"['Ziyun Yang', 'Sina Farsiu']","['Duke University', 'Duke University']",April 2023,United States,106,106
AMT: All-Pairs Multi-Field Transforms for Efficient Frame Interpolation,"['Zhen Li', 'Zuo-Liang Zhu', 'Ling-Hao Han', 'Qibin Hou', 'Chun-Le Guo', 'Ming-Ming Cheng']","['Nankai University', None, 'Nankai University', 'Nankai University', None, 'Nankai University, Tsinghua University']",April 2023,China,88,1
DNF: Decouple and Feedback Network for Seeing in the Dark,"['Xin Jin', 'Ling-Hao Han', 'Zhen Li', 'Chun-Le Guo', 'Zhi Chai', 'Chongyi Li']","['Nankai University', 'Nankai University', 'Nankai University', None, 'Huawei Technologies Ltd.', ' Nanyang Technological University']",Not Found,China; Singapore,88,8
Observation-Centric SORT: Rethinking SORT for Robust Multi-Object Tracking,"['Jinkun Cao', 'Jiangmiao Pang', 'Xinshuo Weng', 'Rawal Khirodkar', 'Kris Kitani']","['Carnegie Mellon University', 'Shanghai AI Laboratory ', 'NVIDIA', 'Carnegie Mellon University', 'Carnegie Mellon University']","27 March, 2022",United States; China,3,3
Trace and Pace: Controllable Pedestrian Animation via Guided Trajectory Diffusion,"['Davis Rempe', 'Zhengyi Luo', 'Xue Bin Peng', 'Ye Yuan', 'Kris Kitani', 'Karsten Kreis', 'Sanja Fidler', 'Or Litany']","['NVIDIA', 'Carnegie Mellon University', 'Simon Fraser University', 'NVIDIA Research', 'Carnegie Mellon University', 'NVIDIA', 'Department of Computer Science, University of Toronto', 'NVIDIA / Technion']",April 2023,United States; Canada; Unknown; Israel,,49
Azimuth Super-Resolution for FMCW Radar in Autonomous Driving,"['Yu-Jhe Li', 'Shawn Hunt', 'Jinhyung Park', 'Matthew O’Toole', 'Kris Kitani']","['Carnegie Mellon University', 'Wayne State University', 'Carnegie Mellon University', 'Carnegie Mellon University', 'Carnegie Mellon University']",Not Found,United States,3,3
Bitstream-Corrupted JPEG Images Are Restorable: Two-Stage Compensation and Alignment Framework for Image Restoration,"['Wenyang Liu', 'Yi Wang', 'Kim-Hui Yap', 'Lap-Pui Chau']","['Nanyang Technological University', 'Nanyang Technological University', 'Nanyang Technological University', 'The Hong Kong Polytechnic University']",April 2023,Singapore; Hong Kong,8,56
MagicNet: Semi-Supervised Multi-Organ Segmentation via Magic-Cube Partition and Recovery,"['Duowen Chen', 'Yunhao Bai', 'Wei Shen', 'Qingli Li', 'Lequan Yu', 'Yan Wang']","['East China Normal University', '', None, 'East China Normal University', 'The University of Hong Kong', 'East China Normal University']","29 December, 2022",China; Hong Kong,200,200
Neural Residual Radiance Fields for Streamably Free-Viewpoint Videos,"['Liao Wang', 'Qiang Hu', 'Qihan He', 'Ziyu Wang', 'Jingyi Yu', 'Tinne Tuytelaars', 'Lan Xu', 'Minye Wu']","['', 'ShanghaiTech University', 'ShanghaiTech University', 'ShanghaiTech University', 'Shanghai Tech University', 'KU Leuven', None, 'KU Leuven']","10 April, 2023",China; Belgium,75,160
TTA-COPE: Test-Time Adaptation for Category-Level Object Pose Estimation,"['Taeyeop Lee', 'Jonathan Tremblay', 'Valts Blukis', 'Bowen Wen', 'Byeong-Uk Lee', 'Inkyu Shin', 'Stan Birchfield', 'In So Kweon', 'Kuk-Jin Yoon']","[None, 'NVIDIA', 'NVIDIA', 'NVIDIA', None, 'Korea Advanced Institute of Science & Technology', 'NVIDIA', 'Korea Advanced Institute of Science and Technology', None]",March 2023,United States; South Korea,,
Masked and Adaptive Transformer for Exemplar Based Image Translation,"['Chang Jiang', 'Fei Gao', 'Biao Ma', 'Yuhao Lin', 'Nannan Wang', 'Gang Xu']","['hangzhou dianzi university', 'Xidian University', 'Hangzhou Dianzi University', 'Hangzhou Dianzi University', 'Xidian University', 'Hangzhou Dianzi University']",March 2023,China,,
NAR-Former: Neural Architecture Representation Learning Towards Holistic Attributes Prediction,"['Yun Yi', 'Haokui Zhang', 'Wenze Hu', 'Nannan Wang', 'Xiaoyu Wang']","['Xidian University', 'Intellifusion', 'UCLA, University of California, Los Angeles', 'Xidian University', 'Snap Research']","15 November, 2022",China; United States,114,
Boosting Weakly-Supervised Temporal Action Localization With Text Information,"['Guozhang Li', 'De Cheng', 'Xinpeng Ding', 'Nannan Wang', 'Xiaoyu Wang', 'Xinbo Gao']","[""Xi'an University of Electronic Science and Technology"", 'Xidian University', 'Hong Kong University of Science and Technology', 'Xidian University', 'Snap Research', 'Xidian University']",May 2023,China; Hong Kong,,114
Imagic: Text-Based Real Image Editing With Diffusion Models,"['Bahjat Kawar', 'Shiran Zada', 'Oran Lang', 'Omer Tov', 'Huiwen Chang', 'Tali Dekel', 'Inbar Mosseri', 'Michal Irani']","['Technion', 'Research, Google', 'Google', 'Google', 'Google', 'Weizmann Institute of Science', 'Google', 'Weizmann Institute of Science']","17 October, 2022",Israel; Qatar; United States,49,244
MEDIC: Remove Model Backdoors via Importance Driven Cloning,"['Qiuling Xu', 'Guanhong Tao', 'Jean Honorio', 'Yingqi Liu', 'Shengwei An', 'Guangyu Shen', 'Siyuan Cheng', 'Xiangyu Zhang']","['Purdue University', 'Purdue University', 'Purdue University', 'Microsoft', 'Purdue University', 'Purdue University', 'Purdue University', ', Purdue University']",Not Found,United States,75,75
VDN-NeRF: Resolving Shape-Radiance Ambiguity via View-Dependence Normalization,"['Bingfan Zhu', 'Yanchao Yang', 'Xulong Wang', 'Youyi Zheng', 'Leonidas Guibas']","['Zhejiang University', 'University of Hong Kong', 'Zhejiang University', 'Zhejiang University', 'Stanford University']",March 2023,China; Hong Kong; United States,2,16
Feature Separation and Recalibration for Adversarial Robustness,"['Woo Jae Kim', 'Yoonki Cho', 'Junsik Jung', 'Sung-Eui Yoon']","['Korea Advanced Institute of Science and Technology (KAIST)', 'KAIST', 'KAIST', 'KAIST']",March 2023,South Korea,8,8
Learning Visual Representations via Language-Guided Sampling,"['Mohamed El Banani', 'Karan Desai', 'Justin Johnson']","['University of Michigan', None, 'University of Michigan']","23 February, 2023",United States,29,29
Cascaded Local Implicit Transformer for Arbitrary-Scale Super-Resolution,"['Hao-Wei Chen', 'Yu-Syuan Xu', 'Min-Fong Hong', 'Yi-Min Tsai', 'Hsien-Kai Kuo', 'Chun-Yi Lee']","['National Tsing Hua University', 'MediaTek', 'National Tsing Hua University', 'National Taiwan University', 'National Chiao Tung University', 'National Tsing Hua University']",March 2023,Taiwan,358,358
NIPQ: Noise Proxy-Based Integrated Pseudo-Quantization,"['Juncheol Shin', 'Junhyuk So', 'Sein Park', 'Seungyeop Kang', 'Sungjoo Yoo', 'Eunhyeok Park']","['Pohang University of Science and Technology', 'Pohang University of Science and Technology', 'Pohang University of Science and Technology', 'Seoul National University', None, 'POSTECH']","1 June, 2022",South Korea,,88
Stimulus Verification Is a Universal and Effective Sampler in Multi-Modal Human Trajectory Prediction,"['Jianhua Sun', 'Yuxuan Li', 'Liang Chai', 'Cewu Lu']","[None, 'Shanghai Jiao Tong University', 'Shanghai Jiao Tong University', 'Shanghai Jiao Tong University']",Not Found,China,5,5
3DAvatarGAN: Bridging Domains for Personalized Editable Avatars,"['Rameen Abdal', 'Hsin-Ying Lee', 'Peihao Zhu', 'Menglei Chai', 'Aliaksandr Siarohin', 'Peter Wonka', 'Sergey Tulyakov']","['Snap Inc. KAUST', 'Snap Inc.', 'KAUST', 'Google', 'Snap Inc.', 'KAUST', 'Snap Inc.']","6 January, 2023",Saudi Arabia; United States,106,
STMT: A Spatial-Temporal Mesh Transformer for MoCap-Based Action Recognition,"['Xiaoyu Zhu', 'Po-Yao Huang', 'Junwei Liang', 'Celso M. de Melo', 'Alexander G. Hauptmann']","['Carnegie Mellon University', 'Facebook', 'Hong Kong University of Science and Technology', 'University of Southern California', 'School of Computer Science, Carnegie Mellon University']","31 March, 2023",United States; Hong Kong,3,3
Probabilistic Prompt Learning for Dense Prediction,"['Hyeongjun Kwon', 'Taeyong Song', 'Somi Jeong', 'Jin Kim', 'Jinhyun Jang', 'Kwanghoon Sohn']","[None, 'Yonsei University', 'NAVER LABS', 'Yonsei University, Seoul, South Korea', 'Yonsei University', 'Yonsei University']",April 2023,South Korea,61,61
Visibility Constrained Wide-Band Illumination Spectrum Design for Seeing-in-the-Dark,"['Muyao Niu', 'Zhuoxiao Li', 'Zhihang Zhong', 'Yinqiang Zheng']","['The University of Tokyo', 'Univerisity of Tokyo', 'The University of Tokyo', None]",March 2023,Japan,85,85
Leapfrog Diffusion Model for Stochastic Trajectory Prediction,"['Weibo Mao', 'Chenxin Xu', 'Qi Zhu', 'Siheng Chen', 'Yanfeng Wang']","[None, 'Shanghai Jiao Tong University & National University of Singapore', 'Shanghai Jiaotong University', 'Shanghai Jiao Tong University', None]",March 2023,Singapore; China,5,5
EqMotion: Equivariant Multi-Agent Motion Prediction With Invariant Interaction Reasoning,"['Chenxin Xu', 'Robby T. Tan', 'Yuhong Tan', 'Siheng Chen', 'Yu Guang Wang', 'Xinchao Wang', 'Yanfeng Wang']","['Shanghai Jiao Tong University & National University of Singapore', 'National University of Singapore', 'Shanghai Jiaotong University', 'Shanghai Jiao Tong University', 'Shanghai Jiao Tong University', 'National University of Singapore', None]","20 March, 2023",Singapore; China,5,12
Multiscale Tensor Decomposition and Rendering Equation Encoding for View Synthesis,"['Kang Han', 'Wei Xiang']","['James Cook University', 'La Trobe University']","7 March, 2023",,,
X-Pruner: eXplainable Pruning for Vision Transformers,"['Lu Yu', 'Wei Xiang']","['James Cook University', 'La Trobe University']","8 March, 2023",,,
MDL-NAS: A Joint Multi-Domain Learning Framework for Vision Transformer,"['Shiguang Wang', 'Tao Xie', 'Jian Cheng', 'Xingcheng Zhang', 'Haijun Liu']","[None, None, 'University of Electronic Science and Technology of China', 'The Chinese University of Hong Kong', 'Chongqing University']",Not Found,China; Hong Kong,,292
Poly-PC: A Polyhedral Network for Multiple Point Cloud Tasks at Once,"['Tao Xie', 'Shiguang Wang', 'Ke Wang', 'Linqi Yang', 'Zhiqiang Jiang', 'Xingcheng Zhang', 'Kun Dai', 'Ruifeng Li', 'Jian Cheng']","[None, None, 'Robotics Institute', 'Harbin Institute of Technology', 'Harbin Institute of Technology', 'The Chinese University of Hong Kong', 'HIT', 'Harbin Institute of Technology', 'University of Electronic Science and Technology of China']",Not Found,China; Hong Kong; Bangladesh,,
Causally-Aware Intraoperative Imputation for Overall Survival Time Prediction,"['Xiang Li', 'Xuelin Qian', 'Litian Liang', 'Lingjie Kong', 'Qiaole Dong', 'Jiejun Chen', 'Dingxia Liu', 'Xiuzhong Yao', 'Yanwei Fu']","['Fudan University', None, 'Fudan University', 'Fudan University', 'Fudan University', None, 'Fudan Nniversity', 'Fudan University', None]",Not Found,China,16,16
Virtual Sparse Convolution for Multimodal 3D Object Detection,"['Hai Wu', 'Chenglu Wen', 'Shaoshuai Shi', 'Xin Li', 'Cheng Wang']","['Xiamen University', 'Xiamen University', 'Saarland Informatics Campus, Max-Planck Institute', None, 'Xiamen University']",March 2023,China,56,56
Learning Human-to-Robot Handovers From Point Clouds,"['Sammy Christen', 'Wei Yang', 'Claudia Pérez-D’Arpino', 'Otmar Hilliges', 'Dieter Fox', 'Yu-Wei Chao']","['ETH Zurich', 'NVIDIA', 'NVIDIA', None, 'University of Washington', 'NVIDIA']",March 2023,Switzerland; United States,31,
UniDexGrasp: Universal Robotic Dexterous Grasping via Learning Diverse Proposal Generation and Goal-Conditioned Policy,"['Yinzhen Xu', 'Weikang Wan', 'Jialiang Zhang', 'Haoran Liu', 'Zikang Shan', 'Hao Shen', 'Ruicheng Wang', 'Haoran Geng', 'Yijia Weng', 'Jiayi Chen', 'Tengyu Liu', 'Li Yi', 'He Wang']","['University of California, San Diego', 'Peking University', 'Peking University', 'Peking University', 'Peking University', 'Peking University', 'Peking University', 'Peking University', 'Stanford University', None, None, '', None]","1 March, 2023",United States; China,12,16
PartManip: Learning Cross-Category Generalizable Part Manipulation Policy From Point Cloud Observations,"['Haoran Geng', 'Ziming Li', 'Yiran Geng', 'Jiayi Chen', 'Hao Dong', 'He Wang']","['Peking University', 'Peking University', 'Peking University', None, None, None]",March 2023,China,3,3
GAPartNet: Cross-Category Domain-Generalizable Object Perception and Manipulation via Generalizable and Actionable Parts,"['Haoran Geng', 'Helin Xu', 'Chengyang Zhao', 'Chao Xu', 'Li Yi', 'Siyuan Huang', 'He Wang']","['Peking University', 'Tsinghua University', 'Peking University', 'University of California, Los Angeles', '', 'Beijing Institute of General Artificial Intelligence', None]","9 November, 2022",China; United States,3,
Progressive Disentangled Representation Learning for Fine-Grained Controllable Talking Head Synthesis,"['Duomin Wang', 'Yu Deng', 'Zixin Yin', 'Heung-Yeung Shum', 'Baoyuan Wang']","['', 'Xiaobing.ai', 'Hong Kong University of Science and Technology', 'Microsoft', 'Xiaobing.ai']",November 2022,China; Hong Kong; United States,,
UDE: A Unified Driving Engine for Human Motion Generation,"['Zixiang Zhou', 'Baoyuan Wang']","['xiaobing.ai', 'Xiaobing.ai']",November 2022,China,,
Learning Detailed Radiance Manifolds for High-Fidelity and 3D-Consistent Portrait Synthesis From Monocular Image,"['Yu Deng', 'Baoyuan Wang', 'Heung-Yeung Shum']","['Xiaobing.ai', 'Xiaobing.ai', 'Microsoft']","25 November, 2022",China; United States,,
Hand Avatar: Free-Pose Hand Animation and Rendering From Monocular Video,"['Xingyu Chen', 'Baoyuan Wang', 'Heung-Yeung Shum']","['Xiaobing.AI', 'Xiaobing.ai', 'Microsoft']","23 November, 2022",China; United States,,
Spectral Bayesian Uncertainty for Image Super-Resolution,"['Tao Liu', 'Jun Cheng', 'Shan Tan']","['Huazhong University of Science and Technology', 'Huazhong University of Science and Technology', 'Huazhong University of Science and Technology']",Not Found,China,,
Dense-Localizing Audio-Visual Events in Untrimmed Videos: A Large-Scale Benchmark and Baseline,"['Tiantian Geng', 'Teng Wang', 'Jinming Duan', 'Runmin Cong', 'Feng Zheng']","[None, None, 'Birmingham University', 'Shandong University', 'Southern University of Science and Technology']","22 March, 2023",China,,
Biomechanics-Guided Facial Action Unit Detection Through Force Modeling,"['Zijun Cui', 'Chenyi Kuang', 'Tian Gao', 'Kartik Talamadupula', 'Qiang Ji']","['University of Southern California', 'Rensselaer Polytechnic Institute', 'International Business Machines', 'IBM Research', 'Rensselaer Polytechnic Institute']",Not Found,United States,42,222
Understanding and Improving Visual Prompting: A Label-Mapping Perspective,"['Aochuan Chen', 'Yuguang Yao', 'Pin-Yu Chen', 'Yihua Zhang', 'Sijia Liu']","['Michigan State University', 'Michigan State University', None, 'Michigan State University', 'Michigan State University']","21 November, 2022",United States,114,114
Egocentric Audio-Visual Object Localization,"['Chao Huang', 'Yapeng Tian', 'Anurag Kumar', 'Chenliang Xu']","['Department of Computer Science, University of Rochester', 'University of Texas at Dallas', 'Facebook', 'University of Rochester']",March 2023,Unknown; United States,160,160
MIC: Masked Image Consistency for Context-Enhanced Domain Adaptation,"['Lukas Hoyer', 'Dengxin Dai', 'Haoran Wang', 'Luc Van Gool']","['ETH Zurich', '', 'Saarland Informatics Campus, Max-Planck Institute', 'ETH Zurich']","2 December, 2022",Switzerland,31,31
GFPose: Learning 3D Human Pose Prior With Gradient Fields,"['Hai Ci', 'Mingdong Wu', 'Wentao Zhu', 'Xiaoxuan Ma', 'Hao Dong', 'Fangwei Zhong', 'Yizhou Wang']","['Beijing Institute for General Artificial Intelligence', 'Center on Frontiers of Computing Studies,Peking University', None, '', None, 'Peking University', 'Peking University']",December 2022,China,,3
Quantum Multi-Model Fitting,"['Matteo Farina', 'Luca Magri', 'Willi Menapace', 'Elisa Ricci', 'Vladislav Golyanik', 'Federica Arrigoni']","['University of Trento', 'Polytechnic Institute of Milan', 'University of Trento', 'University of Trento', 'MPI for Informatics', 'Polytechnic Institute of Milan']",April 2025,Italy,185,
EventNeRF: Neural Radiance Fields From a Single Colour Event Camera,"['Viktor Rudnev', 'Mohamed Elgharib', 'Christian Theobalt', 'Vladislav Golyanik']","['Max-Planck Institute for Informatics, SIC', 'Saarland Informatics Campus, Max-Planck Institute', 'MPI Informatik', 'MPI for Informatics']","23 June, 2022",Germany; China,,
Self-Supervised Pre-Training With Masked Shape Prediction for 3D Scene Understanding,"['Li Jiang', 'Zetong Yang', 'Shaoshuai Shi', 'Vladislav Golyanik', 'Dengxin Dai', 'Bernt Schiele']","['Max Planck Institute for Informatics', 'The Chinese University of Hong Kong', 'Saarland Informatics Campus, Max-Planck Institute', 'MPI for Informatics', '', 'Max Planck Institute for Informatics']",May 2023,Germany; Hong Kong,,
Mofusion: A Framework for Denoising-Diffusion-Based Motion Synthesis,"['Rishabh Dabral', 'Muhammad Hamza Mughal', 'Vladislav Golyanik', 'Christian Theobalt']","['Saarland Informatics Campus, Max-Planck Institute', 'Saarland Informatics Campus, Max-Planck Institute', 'MPI for Informatics', 'MPI Informatik']","8 December, 2022",,,
CCuantuMM: Cycle-Consistent Quantum-Hybrid Matching of Multiple Shapes,"['Harshil Bhatia', 'Edith Tretschk', 'Zorah Lähner', 'Marcel Seelbach Benkner', 'Michael Moeller', 'Christian Theobalt', 'Vladislav Golyanik']","['Indian Institute of Technology, Jodhpur', 'Max-Planck Institute, Saarland Informatics Campus', None, 'University of Siegen', 'University of Siegen', 'MPI Informatik', 'MPI for Informatics']",March 2023,India; Germany,,
PivoTAL: Prior-Driven Supervision for Weakly-Supervised Temporal Action Localization,"['Mamshad Nayeem Rizve', 'Gaurav Mittal', 'Ye Yu', 'Matthew Hall', 'Sandra Sajeev', 'Mubarak Shah', 'Mei Chen']","['University of Central Florida', None, 'Microsoft', 'Microsoft', 'Microsoft', 'University of Central Florida', '']",Not Found,United States,49,49
Bias-Eliminating Augmentation Learning for Debiased Federated Learning,"['Yuan-Yi Xu', 'Ci-Siang Lin', 'Yu-Chiang Frank Wang']","['National Taiwan University', 'National Taiwan University', 'NVIDIA']",Not Found,Taiwan; United States,146,
GALIP: Generative Adversarial CLIPs for Text-to-Image Synthesis,"['Ming Tao', 'Bing-Kun Bao', 'Hao Tang', 'Changsheng Xu']","[None, None, 'ETH Zurich', None]",January 2023,Switzerland,31,31
Indiscernible Object Counting in Underwater Scenes,"['Guolei Sun', 'Zhaochong An', 'Yun Liu', 'Ce Liu', 'Christos Sakaridis', 'Deng-Ping Fan', 'Luc Van Gool']","[None, 'ETH Zurich', 'Institute for Infocomm Research, A*STAR', None, 'ETH Zurich', 'ETH Zurich', 'ETH Zurich']","23 April, 2023",Switzerland,31,31
Event-Based Frame Interpolation With Ad-Hoc Deblurring,"['Lei Sun', 'Christos Sakaridis', 'Jingyun Liang', 'Peng Sun', 'Jiezhang Cao', 'Kai Zhang', 'Qi Jiang', 'Kaiwei Wang', 'Luc Van Gool']","['Zhejiang University', 'ETH Zurich', 'ETH Zurich', 'Zhejiang University', 'ETH Zürich', None, None, 'Zhejiang University', 'ETH Zurich']","12 January, 2023",China; Switzerland,2,31
iDisc: Internal Discretization for Monocular Depth Estimation,"['Luigi Piccinelli', 'Christos Sakaridis', 'Fisher Yu']","['ETH Zurich', 'ETH Zurich', 'ETH Zurich']",April 2023,Switzerland,31,31
Quantitative Manipulation of Custom Attributes on 3D-Aware Image Synthesis,"['Hoseok Do', 'EunKyung Yoo', 'Taehyeong Kim', 'Chul Lee', 'Jin Young Choi']","['LG Electronics', 'Kwangwoon University', 'Seoul National University', 'Department of Computer Science, University of Toronto', 'Seoul National University']",Not Found,South Korea; Unknown; Canada,,20
IFSeg: Image-Free Semantic Segmentation via Vision-Language Model,"['Sukmin Yun', 'Seong Hyeon Park', 'Paul Hongsuck Seo', 'Jinwoo Shin']","[None, 'Korea Advanced Institute of Science & Technology', 'Google', 'Korea Advanced Institute of Science and Technology']",March 2023,South Korea; United States,,
Histopathology Whole Slide Image Analysis With Heterogeneous Graph Representation Learning,"['Tsai Hor Chan', 'Fernando Julio Cendra', 'Lan Ma', 'Guosheng Yin', 'Lequan Yu']","['The University of Hong Kong', 'The University of Hong Kong', 'TCL AI LAB', 'The University of Hong Kong', 'The University of Hong Kong']",July 2023,Hong Kong,26,26
Towards Unified Scene Text Spotting Based on Sequence Generation,"['Taeho Kil', 'Seonghyeon Kim', 'Sukmin Seo', 'Yoonsik Kim', 'Daehee Kim']","['Naver Cloud', 'NAVER', 'NAVER CLOUD', 'NAVER', 'NAVER']",April 2023,,,
Meta-Explore: Exploratory Hierarchical Vision-and-Language Navigation Using Scene Object Spectrum Grounding,"['Minyoung Hwang', 'Jaeyeon Jeong', 'Minsoo Kim', 'Yoonseon Oh', 'Songhwai Oh']","['Seoul National University', 'Seoul National University', 'Seoul National University', 'Hanyang University', 'Seoul National University']",March 2023,South Korea,20,20
ReCo: Region-Controlled Text-to-Image Generation,"['Zhengyuan Yang', 'Jianfeng Wang', 'Zhe Gan', 'Linjie Li', 'Kevin Lin', 'Chenfei Wu', 'Nan Duan', 'Zicheng Liu', 'Ce Liu', 'Michael Zeng', 'Lijuan Wang']","['Microsoft', 'Microsoft', 'Apple', 'Microsoft', 'Microsoft', 'Microsoft', 'Microsoft Research Asia', 'Microsoft', 'Microsoft', 'Microsoft', 'Microsoft']",November 2022,United States,,
An Empirical Study of End-to-End Video-Language Transformers With Masked Visual Modeling,"['Tsu-Jui Fu', 'Linjie Li', 'Zhe Gan', 'Kevin Lin', 'William Yang Wang', 'Lijuan Wang', 'Zicheng Liu']","[None, 'Microsoft', 'Apple', 'Microsoft', 'UC Santa Barbara', 'Microsoft', 'Microsoft']","4 September, 2022",United States,,
LAVENDER: Unifying Video-Language Understanding As Masked Language Modeling,"['Linjie Li', 'Zhe Gan', 'Kevin Lin', 'Chung-Ching Lin', 'Zicheng Liu', 'Ce Liu', 'Lijuan Wang']","['Microsoft', 'Apple', 'Microsoft', 'Microsoft', 'Microsoft', 'Microsoft', 'Microsoft']",June 2022,United States,,
Polarimetric iToF: Measuring High-Fidelity Depth Through Scattering Media,"['Daniel S. Jeon', 'Andréas Meuleman', 'Seung-Hwan Baek', 'Min H. Kim']","['KAIST', 'Korea Advanced Institute of Science and Technology', 'POSTECH', 'KAIST']",June 2023,South Korea,8,8
Meta-Tuning Loss Functions and Data Augmentation for Few-Shot Object Detection,"['Berkan Demirel', 'Orhun Buğra Baran', 'Ramazan Gokberk Cinbis']","['Middle East Technical University', 'METU', 'METU']",April 2023,Turkey,292,
KD-DLGAN: Data Limited Image Generation via Knowledge Distillation,"['Kaiwen Cui', 'Yingchen Yu', 'Fangneng Zhan', 'Shengcai Liao', 'Shijian Lu', 'Eric P. Xing']","[None, None, None, 'Inception Institute of Artificial Intelligence', 'Nanyang Technological University', 'Mohamed bin Zayed Univeristy of AI']",March 2023,Singapore,,
Multi-Object Manipulation via Object-Centric Neural Scattering Functions,"['Stephen Tian', 'Yancheng Cai', 'Hong-Xing Yu', 'Sergey Zakharov', 'Katherine Liu', 'Adrien Gaidon', 'Yunzhu Li', 'Jiajun Wu']","['Stanford University', None, 'Computer Science Department, Stanford University', 'Toyota Research Institute', 'Toyota Research Institute', 'Toyota Research Institute (TRI)', 'Stanford University', 'Stanford University']",June 2023,United States,16,16
Accidental Light Probes,"['Hong-Xing Yu', 'Samir Agarwala', 'Charles Herrmann', 'Richard Szeliski', 'Noah Snavely', 'Jiajun Wu', 'Deqing Sun']","['Computer Science Department, Stanford University', 'Stanford University', 'Google', 'Google', 'Google / Cornell', 'Stanford University', 'Google']","12 January, 2023",United States,16,
Randomized Adversarial Training via Taylor Expansion,"['Gaojie Jin', 'Xinping Yi', 'Dengyu Wu', 'Ronghui Mu', 'Xiaowei Huang']","['University of Liverpool', 'University of Liverpool', 'University of Liverpool', 'Lancaster University', 'University of Liverpool']",March 2023,United Kingdom,185,185
R2Former: Unified Retrieval and Reranking Transformer for Place Recognition,"['Sijie Zhu', 'Linjie Yang', 'Chen Chen', 'Mubarak Shah', 'Xiaohui Shen', 'Heng Wang']","[None, 'ByteDance Inc.', '', 'University of Central Florida', 'ByteDance', 'Bytedance']",Not Found,China; United States,,
TopNet: Transformer-Based Object Placement Network for Image Compositing,"['Sijie Zhu', 'Zhe Lin', 'Scott Cohen', 'Jason Kuen', 'Zhifei Zhang', 'Chen Chen']","[None, 'Adobe Research', 'Adobe Systems', 'Adobe Research', 'Adobe Research', '']",April 2023,,,
Natural Language-Assisted Sign Language Recognition,"['Ronglai Zuo', 'Fangyun Wei', 'Brian Mak']","[None, None, 'The Hong Kong University of Science and Technology']",March 2023,,,
Siamese DETR,"['Zeren Chen', 'Gengshi Huang', 'Wei Li', 'Jianing Teng', 'Kun Wang', 'Jing Shao', 'Chen Change Loy', 'Lu Sheng']","['Beihang University', 'SUN YAT-SEN UNIVERSITY', 'Nanyang Technological University', 'SUN YAT-SEN UNIVERSITY', None, 'SenseTime Group Limited', 'NANYANG TECHNOLOGICAL UNIVERSITY', 'Beihang University']","26 October, 2023",China; Singapore,49,49
Generating Aligned Pseudo-Supervision From Non-Aligned Data for Image Restoration in Under-Display Camera,"['Ruicheng Feng', 'Chongyi Li', 'Huaijin Chen', 'Shuai Li', 'Jinwei Gu', 'Chen Change Loy']","['Nanyang Technological University', ' Nanyang Technological University', 'Vayu Robotics', 'Massachusetts Institute of Technology', 'The Chinese University of Hong Kong', 'NANYANG TECHNOLOGICAL UNIVERSITY']",April 2023,Singapore; United States; Hong Kong,8,8
Aligning Bag of Regions for Open-Vocabulary Object Detection,"['Size Wu', 'Wenwei Zhang', 'Sheng Jin', 'Wentao Liu', 'Chen Change Loy']","['Nanyang Technological University', None, 'The University of Hong Kong', 'Sensetime', 'NANYANG TECHNOLOGICAL UNIVERSITY']",February 2023,Singapore; Hong Kong; China,8,8
Nighttime Smartphone Reflective Flare Removal Using Optical Center Symmetry Prior,"['Yuekun Dai', 'Yihang Luo', 'Shangchen Zhou', 'Chongyi Li', 'Chen Change Loy']","['Nanyang Technological University', 'Nanyang Technological University', 'Nanyang Technological University', ' Nanyang Technological University', 'NANYANG TECHNOLOGICAL UNIVERSITY']",March 2023,Singapore,8,8
CelebV-Text: A Large-Scale Facial Text-Video Dataset,"['Jianhui Yu', 'Hao Zhu', 'Liming Jiang', 'Chen Change Loy', 'Weidong Cai', 'Wayne Wu']","['University of Sydney', 'SenseTime Research', 'Nanyang Technological University', 'NANYANG TECHNOLOGICAL UNIVERSITY', 'The University of Sydney', None]",March 2023,Australia; Singapore,71,71
Correlational Image Modeling for Self-Supervised Visual Pre-Training,"['Wei Li', 'Jiahao Xie', 'Chen Change Loy']","['Nanyang Technological University', 'Nanyang Technological University', 'NANYANG TECHNOLOGICAL UNIVERSITY']","22 March, 2023",Singapore,8,8
Learning Generative Structure Prior for Blind Text Image Super-Resolution,"['Xiaoming Li', 'Wangmeng Zuo', 'Chen Change Loy']","['MMLab@NTU', 'Harbin Institute of Technology', 'NANYANG TECHNOLOGICAL UNIVERSITY']",March 2023,China; Singapore,,8
Cross-Image-Attention for Conditional Embeddings in Deep Metric Learning,"['Dmytro Kotovenko', 'Pingchuan Ma', 'Timo Milbich', 'Björn Ommer']","['Ludwig-Maximilians-Universität München', 'Ludwig-Maximilians-Universität München', 'Ludwig-Maximilians-Universität München', 'University of Munich']",Not Found,Germany,,
Robot Structure Prior Guided Temporal Attention for Camera-to-Robot Pose Estimation From Image Sequence,"['Yang Tian', 'Jiyao Zhang', 'Zekai Yin', 'Hao Dong']","['Peking University', None, 'Peking University', None]",July 2023,China,3,3
Distribution Shift Inversion for Out-of-Distribution Prediction,"['Runpeng Yu', 'Songhua Liu', 'Xingyi Yang', 'Xinchao Wang']","[None, None, 'National University of Singapore', 'National University of Singapore']",June 2023,Singapore,12,12
NeuralDome: A Neural Modeling Pipeline on Multi-View Human-Object Interactions,"['Juze Zhang', 'Haimin Luo', 'Hongdi Yang', 'Xinru Xu', 'Qianyang Wu', 'Ye Shi', 'Jingyi Yu', 'Lan Xu', 'Jingya Wang']","['ShanghaiTech University', 'Shanghaitech University', 'ShanghaiTech University', '上海科技大学', 'ShanghaiTech University', 'ShanghaiTech University', 'Shanghai Tech University', None, 'ShanghaiTech University']",December 2022,China,75,75
Fine-Tuned CLIP Models Are Efficient Video Learners,"['Hanoona Rasheed', 'Muhammad Uzair Khattak', 'Muhammad Maaz', 'Salman Khan', 'Fahad Shahbaz Khan']","['Mohamed bin Zayed University of Artificial Intelligence', None, 'Mohamed Bin Zayed University of Artificial Intelligence', 'Mohamed bin Zayed University of Artificial Intelligence', 'Inception Institute of Artificial Intelligence']","6 December, 2022",United Arab Emirates,,
Pointersect: Neural Rendering With Cloud-Ray Intersection,"['Jen-Hao Rick Chang', 'Wei-Yu Chen', 'Anurag Ranjan', 'Kwang Moo Yi', 'Oncel Tuzel']","['Apple', 'Carnegie Mellon University', 'Apple', 'University Of British Columbia', 'Apple']",April 2023,United States; Canada,,
Viewpoint Equivariance for Multi-View 3D Object Detection,"['Dian Chen', 'Jie Li', 'Vitor Guizilini', 'Rares Andrei Ambrus', 'Adrien Gaidon']","['Toyota Research Institute', 'NVIDIA', 'Toyota Research Institute', 'Toyota Research Institute', 'Toyota Research Institute (TRI)']","25 March, 2023",United States,,
MobileOne: An Improved One Millisecond Mobile Backbone,"['Pavan Kumar Anasosalu Vasu', 'James Gabriel', 'Jeff Zhu', 'Oncel Tuzel', 'Anurag Ranjan']","['Apple', 'Apple', 'Apple, Inc.', 'Apple', 'Apple']","8 June, 2022",United States,,
Conditional Image-to-Video Generation With Latent Flow Diffusion Models,"['Haomiao Ni', 'Changhao Shi', 'Kai Li', 'Sharon X. Huang', 'Martin Renqiang Min']","['Pennsylvania State University', 'University of California, San Diego', 'NEC Labs, America', 'Pennsylvania State University', 'NEC Laboratories America']",March 2023,United States; Egypt,75,
Scene-Aware Egocentric 3D Human Pose Estimation,"['Jian Wang', 'Diogo Luvizon', 'Weipeng Xu', 'Lingjie Liu', 'Kripasindhu Sarkar', 'Christian Theobalt']","['MPI-INF', 'Saarland Informatics Campus, Max-Planck Institute', 'Meta Reality Labs Research', 'Saarland Informatics Campus, Max-Planck Institute', 'Google', 'MPI Informatik']","20 December, 2022",United States,,
ObjectStitch: Object Compositing With Diffusion Model,"['Yizhi Song', 'Zhifei Zhang', 'Zhe Lin', 'Scott Cohen', 'Brian Price', 'Jianming Zhang', 'Soo Ye Kim', 'Daniel Aliaga']","['Purdue University', 'Adobe Research', 'Adobe Research', 'Adobe Systems', 'Adobe Research', 'Adobe Systems', 'Adobe Systems', 'Purdue University']",Not Found,United States,75,75
Towards Open-World Segmentation of Parts,"['Tai-Yu Pan', 'Qing Liu', 'Wei-Lun Chao', 'Brian Price']","['Ohio State University', 'Adobe Systems', 'Ohio State University', 'Adobe Research']",May 2023,United States,114,
SkyEye: Self-Supervised Bird’s-Eye-View Semantic Mapping Using Monocular Frontal View Images,"['Nikhil Gosala', 'Kürsat Petek', 'Paulo L. J. Drews-Jr', 'Wolfram Burgard', 'Abhinav Valada']","[None, None, 'Albert-Ludwigs-Universität Freiburg', 'University of Technology Nuremberg', 'Universität Freiburg']",February 2023,,,
Semantic-Promoted Debiasing and Background Disambiguation for Zero-Shot Instance Segmentation,"['Shuting He', 'Henghui Ding', 'Wei Jiang']","[None, None, 'Zhejiang University']",May 2023,China,2,2
DeSTSeg: Segmentation Guided Denoising Student-Teacher for Anomaly Detection,"['Xuan Zhang', 'Shiyu Li', 'Xi Li', 'Ping Huang', 'Jiulong Shan', 'Ting Chen']","['Computer Science and Technology', None, 'Apple', 'Tsinghua University, Tsinghua University', 'Apple', 'Tsinghua University']","21 November, 2022",China,,1
FitMe: Deep Photorealistic 3D Morphable Model Avatars,"['Alexandros Lattas', 'Stylianos Moschoglou', 'Stylianos Ploumpis', 'Baris Gecer', 'Jiankang Deng', 'Stefanos Zafeiriou']","['Imperial College London', 'Huawei Technologies Ltd.', 'Imperial College London', 'Huawei Technologies Ltd.', 'Huawei', 'Imperial College London']",May 2023,United Kingdom; China,114,114
Regularization of Polynomial Networks for Image Recognition,"['Grigorios G. Chrysos', 'Bohan Wang', 'Jiankang Deng', 'Volkan Cevher']","['Swiss Federal Institute of Technology Lausanne', 'Swiss Federal Institute of Technology Lausanne', 'Huawei', None]",March 2023,,,
Improving Fairness in Facial Albedo Estimation via Visual-Textual Cues,"['Xingyu Ren', 'Jiankang Deng', 'Chao Ma', 'Yichao Yan', 'Xiaokang Yang']","[None, 'Huawei', 'Shanghai Jiao Tong University', 'Shanghai Jiao Tong University', 'Shanghai Jiao Tong University, China']",Not Found,China,,5
MagicPony: Learning Articulated 3D Animals in the Wild,"['Shangzhe Wu', 'Ruining Li', 'Tomas Jakab', 'Christian Rupprecht', 'Andrea Vedaldi']","['Stanford University', 'University of Oxford', 'University of Oxford', 'University of Oxford', 'University of Oxford']","22 November, 2022",United States; United Kingdom,16,85
A Strong Baseline for Generalized Few-Shot Semantic Segmentation,"['Sina Hajimiri', 'Malik Boudiaf', 'Ismail Ben Ayed', 'Jose Dolz']","['École de technologie supérieure, Université du Québec', 'École de technologie supérieure', 'ETS Montreal', 'École de technologie supérieure']","25 November, 2022",Canada,,
Open-Set Likelihood Maximization for Few-Shot Learning,"['Malik Boudiaf', 'Etienne Bennequin', 'Myriam Tami', 'Antoine Toubhans', 'Pablo Piantanida', 'Celine Hudelot', 'Ismail Ben Ayed']","['École de technologie supérieure', 'Sicara', 'CentraleSupelec', 'Ecole Normale Supérieure de Paris', 'Université Paris-Saclay, CNRS ', 'CentraleSupelec', 'ETS Montreal']","19 January, 2023",France; Canada,,292
Recognizing Rigid Patterns of Unlabeled Point Clouds by Complete and Continuous Isometry Invariants With No False Negatives and No False Positives,"['Daniel Widdowson', 'Vitaliy Kurlin']","['University of Liverpool', 'University of Liverpool']",March 2023,United Kingdom,185,185
Hierarchical Prompt Learning for Multi-Task Learning,"['Yajing Liu', 'Yuning Lu', 'Hao Liu', 'Yaozu An', 'Zhuoran Xu', 'Zhuokun Yao', 'Baofeng Zhang', 'Zhiwei Xiong', 'Chenguang Gui']","['University of Science and Technology of China, Tsinghua University', 'University of Science and Technology of China', 'Hokkaido University', 'Beijing Institute of Technology', 'JD.com, Inc.', 'Tianjin University', 'Nanjing University of Posts and Telecommunications', None, 'Beijing University of Aeronautics and Astronautics']",Not Found,China; United States,1,
Teaching Structured Vision & Language Concepts to Vision & Language Models,"['Sivan Doveh', 'Assaf Arbelle', 'Sivan Harary', 'Eli Schwartz', 'Roei Herzig', 'Raja Giryes', 'Rogerio Feris', 'Rameswar Panda', 'Shimon Ullman', 'Leonid Karlinsky']","['IBM, Weizmann Institute of Science', 'IBM Research', 'IBM', 'Tel Aviv University', 'Tel Aviv University', 'Tel Aviv University', 'International Business Machines', 'MIT-IBM Watson AI Lab', 'Weizmann Institute of Science', 'IBM Research AI']","21 November, 2022",Israel; United States,244,
Few-Shot Learning With Visual Distribution Calibration and Cross-Modal Distribution Alignment,"['Runqi Wang', 'Hao Zheng', 'Xiaoyue Duan', 'Jianzhuang Liu', 'Yuning Lu', 'Tian Wang', 'Songcen Xu', 'Baochang Zhang']","['Beihang University', 'Tokyo Institute of Technology, Tokyo Institute of Technology', 'Beihang University', 'Huawei Technologies Ltd.', 'University of Science and Technology of China', 'Beihang University, China', ""Huawei Noah's Ark Lab"", 'Beihang University']",May 2023,China,49,49
Explaining Image Classifiers With Multiscale Directional Image Representation,"['Stefan Kolek', 'Robert Windesheim', 'Hector Andrade-Loarca', 'Gitta Kutyniok', 'Ron Levie']","[None, 'Ludwig-Maximilians-Universität München', 'Ludwig-Maximilians-Universität München', 'LMU München', 'Technion - Israel Institute of Technology, Technion']","22 November, 2022",Israel,,49
UTM: A Unified Multiple Object Tracking Model With Identity-Aware Feature Enhancement,"['Sisi You', 'Hantao Yao', 'Bing-Kun Bao', 'Changsheng Xu']","[None, None, None, None]",Not Found,,,
PlaneDepth: Self-Supervised Depth Estimation via Orthogonal Planes,"['Ruoyu Wang', 'Zehao Yu', 'Shenghua Gao']","['ShanghaiTech University', None, None]","4 October, 2022",China,75,75
Guiding Pseudo-Labels With Uncertainty Estimation for Source-Free Unsupervised Domain Adaptation,"['Mattia Litrico', 'Alessio Del Bue', 'Pietro Morerio']","['University of Catania', 'Istituto Italiano di Tecnologia (IIT)', 'Istituto Italiano di Tecnologia']","7 March, 2023",Italy,,
Learning To Exploit Temporal Structure for Biomedical Vision–Language Processing,"['Shruthi Bannur', 'Stephanie Hyland', 'Qianchu Liu', 'Fernando Pérez-García', 'Maximilian Ilse', 'Daniel C. Castro', 'Benedikt Boecking', 'Harshita Sharma', 'Kenza Bouzid', 'Anja Thieme', 'Anton Schwaighofer', 'Maria Wetscherek', 'Matthew P. Lungren', 'Aditya Nori', 'Javier Alvarez-Valle', 'Ozan Oktay']","['Microsoft Research', 'Microsoft Research', 'University of Cambridge', 'Microsoft Research', 'Microsoft', 'Microsoft Research', 'Carnegie Mellon University', 'Microsoft', 'Microsoft', 'Microsoft', 'Microsoft Research', 'Research, Microsoft', 'Microsoft', 'Microsoft Research', 'Microsoft', 'Research, Microsoft']","11 January, 2023",United States; United Kingdom; Qatar,,
BEV@DC: Bird’s-Eye View Assisted Training for Depth Completion,"['Wending Zhou', 'Xu Yan', 'Yinghong Liao', 'Yuankai Lin', 'Jin Huang', 'Gangming Zhao', 'Shuguang Cui', 'Zhen Li']","[None, None, 'The Chinese University of Hong Kong, Shenzhen', 'Huazhong University of Science and Technology', 'Cardiff University', 'The University of Hong Kong', 'The Chinese University of Hong Kong, Shenzhen', 'The Chinese University of Hong Kong, Shenzhen']",Not Found,Hong Kong; China; United Kingdom,26,26
Robust Single Image Reflection Removal Against Adversarial Attacks,"['Zhenbo Song', 'Zhenyuan Zhang', 'Kaihao Zhang', 'Wenhan Luo', 'Zhaoxin Fan', 'Wenqi Ren', 'Jianfeng Lu']","['Nanjing University of Science and Technology', 'Nanjing University of Science and Technology', 'Australian National University', 'SUN YAT-SEN UNIVERSITY', 'Renmin University of China, Tsinghua University', 'Sun Yat-Sen University', 'Nanjing university of Science & Technology']",Not Found,China; Australia,6,6
Dynamic Neural Network for Multi-Task Learning Searching Across Diverse Network Topologies,"['Wonhyeok Choi', 'Sunghoon Im']","['Daegu Gyeongbuk Institute of Science and Technology', 'DGIST']",March 2023,South Korea,,244
Change-Aware Sampling and Contrastive Learning for Satellite Images,"['Utkarsh Mall', 'Bharath Hariharan', 'Kavita Bala']","[None, 'Cornell University', 'Cornell University']",Not Found,United States,23,23
PaCa-ViT: Learning Patch-to-Cluster Attention in Vision Transformers,"['Ryan Grainger', 'Thomas Paniagua', 'Xi Song', 'Naresh Cuntoor', 'Mun Wai Lee', 'Tianfu Wu']","['North Carolina State University', None, 'Beijing Institute of Technology', 'BlueHalo Labs', 'BlueHalo', '']","22 March, 2022",United States; China,138,
Level-S$^2$fM: Structure From Motion on Neural Level Set of Implicit Surfaces,"['Yuxi Xiao', 'Nan Xue', 'Tianfu Wu', 'Gui-Song Xia']","['Wuhan University', None, '', 'Wuhan University']","22 November, 2022",China,31,31
How To Prevent the Continuous Damage of Noises To Model Training?,"['Xiaotian Yu', 'Yang Jiang', 'Tianqi Shi', 'Zunlei Feng', 'Yuexuan Wang', 'Mingli Song', 'Li Sun']","['Zhejiang University', 'Zhejiang University', 'Shanghai Jiaotong University', 'Zhejiang University', 'The University of Hong Kong', 'Zhejiang University', 'Zhejiang University']",Not Found,China; Hong Kong,2,2
SMAE: Few-Shot Learning for HDR Deghosting With Saturation-Aware Masked Autoencoders,"['Qingsen Yan', 'Song Zhang', 'Weiye Chen', 'Hao Tang', 'Yu Zhu', 'Jinqiu Sun', 'Luc Van Gool', 'Yanning Zhang']","[""Northwest Polytechnical University Xi'an"", 'Xidian University', ""Xi'an University of Electronic Science and Technology"", 'ETH Zurich', ""Northwest Polytechnical University Xi'an"", ""Northwest Polytechnical University Xi'an"", 'ETH Zurich', 'Northwestern Polytechnical University']",April 2023,China; Switzerland,,
A Unified HDR Imaging Method With Pixel and Patch Level,"['Qingsen Yan', 'Weiye Chen', 'Song Zhang', 'Yu Zhu', 'Jinqiu Sun', 'Yanning Zhang']","[""Northwest Polytechnical University Xi'an"", ""Xi'an University of Electronic Science and Technology"", 'Xidian University', ""Northwest Polytechnical University Xi'an"", ""Northwest Polytechnical University Xi'an"", 'Northwestern Polytechnical University']","14 April, 2023",China,,
Boosting Semi-Supervised Learning by Exploiting All Unlabeled Data,"['Yuhao Chen', 'Xin Tan', 'Borui Zhao', 'Zhaowei Chen', 'Renjie Song', 'Jiajun Liang', 'Xuequan Lu']","['Megvii Technology Inc.', 'East China Normal University', 'Megvii Technology Inc.', 'Megvii Technology Inc.', 'Megvii Technology Inc.', 'Megvii', None]",March 2023,China,,
Learning Open-Vocabulary Semantic Segmentation Models From Natural Language Supervision,"['Jilan Xu', 'Junlin Hou', 'Yuejie Zhang', 'Rui Feng', 'Yi Wang', 'Yu Qiao', 'Weidi Xie']","[None, 'Fudan University', 'Fudan University', 'Fudan University', 'Shanghai AI Laboratory', 'Shanghai Aritifcal Intelligence Laboratory', 'Shanghai Jiaotong University']","22 January, 2023",China,16,
Knowledge Combination To Learn Rotated Detection Without Rotated Annotation,"['Tianyu Zhu', 'Bryce Ferenczi', 'Pulak Purkait', 'Tom Drummond', 'Hamid Rezatofighi', 'Anton van den Hengel']","['Monash University', 'Monash University', None, 'University of Melbourne', 'Monash University', 'University of Adelaide']","4 April, 2023",Australia,38,
Reliability in Semantic Segmentation: Are We on the Right Track?,"['Pau de Jorge', 'Riccardo Volpi', 'Philip H.S. Torr', 'Grégory Rogez']","['University of Oxford, Naver Labs Europe', 'Naver Labs Europe', 'University of Oxford', 'Naver Labs Europe']",Not Found,United Kingdom; France,85,
K3DN: Disparity-Aware Kernel Estimation for Dual-Pixel Defocus Deblurring,"['Yan Yang', 'Liyuan Pan', 'Liu Liu', 'Miaomiao Liu']","['ANU', 'Beijing Institute of Technology', 'Huawei Technologies Ltd.', 'Australian National University']",Not Found,China; Australia,,88
A New Benchmark: On the Utility of Synthetic Data With Blender for Bare Supervised Learning and Downstream Domain Adaptation,"['Hui Tang', 'Kui Jia']","['South China University of Technology', 'South China University of Technology']","16 March, 2023",China,486,486
DATID-3D: Diversity-Preserved Domain Adaptation Using Text-to-Image Diffusion for 3D Generative Model,"['Gwanghyun Kim', 'Se Young Chun']","['Seoul National University', 'Seoul National University']","29 November, 2022",South Korea,20,20
Unbiased Multiple Instance Learning for Weakly Supervised Video Anomaly Detection,"['Hui Lv', 'Zhongqi Yue', 'Qianru Sun', 'Bin Luo', 'Zhen Cui', 'Hanwang Zhang']","[None, 'Nanyang Technological University', None, 'Alibaba Group', 'Nanjing University of Science and Technology', 'Nanyang Technological University']",March 2023,Singapore; China,8,8
Bootstrap Your Own Prior: Towards Distribution-Agnostic Novel Class Discovery,"['Muli Yang', 'Liancheng Wang', 'Cheng Deng', 'Hanwang Zhang']","['Xidian University', 'Xidian University', 'Xidian University', 'Nanyang Technological University']",Not Found,China; Singapore,114,8
Semantic Scene Completion With Cleaner Self,"['Fengyun Wang', 'Dong Zhang', 'Hanwang Zhang', 'Jinhui Tang', 'Qianru Sun']","[None, 'The Hong Kong University of Science and Technology', 'Nanyang Technological University', 'Nanjing University of Science and Technology', None]",March 2023,Singapore; China,,6
Visual Prompt Multi-Modal Tracking,"['Jiawen Zhu', 'Simiao Lai', 'Xin Chen', 'Dong Wang', 'Huchuan Lu']","['Dalian University of Technology', 'Dalian University of Technology', 'Dalian University of Technology', 'Dalian University of Technology', 'Dalian University of Technology']","19 March, 2023",China,,
AstroNet: When Astrocyte Meets Artificial Neural Network,"['Mengqiao Han', 'Liyuan Pan', 'Xiabi Liu']","['Beijing Institute of Technology', 'Beijing Institute of Technology', 'Beijing Institute of Technology']",Not Found,China,126,126
MCF: Mutual Correction Framework for Semi-Supervised Medical Image Segmentation,"['Yongchao Wang', 'Bin Xiao', 'Xiuli Bi', 'Weisheng Li', 'Xinbo Gao']","['Chongqing University of Post and Telecommunications', 'Chongqing University of Posts and Tel.', 'Chongqing University of Posts and Telecommunications', 'Chongqing University of Posts and Telecommunications', 'Chongqing University of Post and Telecommunications']",Not Found,China,292,292
3D Cinemagraphy From a Single Image,"['Xingyi Li', 'Zhiguo Cao', 'Huiqiang Sun', 'Jianming Zhang', 'Ke Xian', 'Guosheng Lin']","[None, '', None, 'Adobe Systems', 'Nanyang Technological University', 'Nanyang Technological University']",March 2023,Singapore,,8
Data-Free Knowledge Distillation via Feature Exchange and Activation Region Constraint,"['Shikang Yu', 'Jiachen Chen', 'Hu Han', 'Shuqiang Jiang']","['Institute of Computing Technology, Chinese Academy of Sciences', 'University of the Chinese Academy of Sciences', 'Institute of Computing Technology, Chinese Academy of Sciences', 'Institute of Computing Technology, Chinese Academy of Sciences']",Not Found,China,12,12
Decomposed Cross-Modal Distillation for RGB-Based Temporal Action Detection,"['Pilhyeon Lee', 'Taeoh Kim', 'Minho Shim', 'Dongyoon Wee', 'Hyeran Byun']","['Yonsei University', 'NAVER Cloud', 'NAVER / NAVER Cloud / CLOVA Vision', 'NAVER', 'Yonsei University']",March 2023,South Korea,61,61
DiffusionRig: Learning Personalized Priors for Facial Appearance Editing,"['Zheng Ding', 'Xuaner Zhang', 'Zhihao Xia', 'Lars Jebe', 'Zhuowen Tu', 'Xiuming Zhang']","['University of California, San Diego', 'Adobe', 'Adobe Systems', 'Adobe Systems', 'University of California, San Diego', 'Tesla']",April 2023,United States,12,
BiasBed – Rigorous Texture Bias Evaluation,"['Nikolai Kalischek', 'Rodrigo Caye Daudt', 'Torben Peters', 'Reinhard Furrer', 'Jan D. Wegner', 'Konrad Schindler']","['ETH Zurich', 'ETH Zurich', 'Photogrammetry and Remote Sensing', 'University of Zurich', 'University of Zurich', 'ETH Zurich']","23 November, 2022",Switzerland,31,31
Revisiting Multimodal Representation in Contrastive Learning: From Patch and Token Embeddings to Finite Discrete Tokens,"['Yuxiao Chen', 'Jianbo Yuan', 'Yu Tian', 'Shijie Geng', 'Xinyu Li', 'Ding Zhou', 'Dimitris N. Metaxas', 'Hongxia Yang']","['Rutgers University, New Brunswick', 'Bytedance', 'ByteDance Inc.', 'Rutgers University', 'Amazon', 'Bytedance', 'Rutgers', 'Duke University']",March 2023,United States; Australia; China,106,106
Ref-NPR: Reference-Based Non-Photorealistic Radiance Fields for Controllable Scene Stylization,"['Yuechen Zhang', 'Zexin He', 'Jinbo Xing', 'Xufeng Yao', 'Jiaya Jia']","[None, 'The Chinese University of Hong Kong', 'Department of Computer Science and Engineering, The Chinese University of Hong Kong', 'The Chinese University of Hong Kong', 'The Chinese University of Hong Kong']","6 December, 2022",Hong Kong,26,26
CodeTalker: Speech-Driven 3D Facial Animation With Discrete Motion Prior,"['Jinbo Xing', 'Menghan Xia', 'Yuechen Zhang', 'Xiaodong Cun', 'Jue Wang', 'Tien-Tsin Wong']","['Department of Computer Science and Engineering, The Chinese University of Hong Kong', 'Tencent AI Lab', None, 'Tencent AI Lab', 'Tencent AI Lab', 'The Chinese University of Hong Kong']","6 January, 2023",Hong Kong,26,26
A Bag-of-Prototypes Representation for Dataset-Level Applications,"['Weijie Tu', 'Weijian Deng', 'Tom Gedeon', 'Liang Zheng']","[None, 'Australian National University', 'Curtin University of Technology', 'Australian National University']",March 2023,Australia,88,88
Focused and Collaborative Feedback Integration for Interactive Image Segmentation,"['Qiaoqiao Wei', 'Hui Zhang', 'Jun-Hai Yong']","['Tsinghua University', 'Tsinghua University', 'Tsinghua University, Tsinghua University']",March 2023,China,1,1
(ML)$^2$P-Encoder: On Exploration of Channel-Class Correlation for Multi-Label Zero-Shot Learning,"['Ziming Liu', 'Song Guo', 'Xiaocheng Lu', 'Jingcai Guo', 'Jiewei Zhang', 'Yue Zeng', 'Fushuo Huo']","['The Hong Kong Polytechnic University', 'The Hong Kong Polytechnic University', 'Hong Kong Polytechnic University', 'The Hong Kong Polytechnic University', 'The Hong Kong Polytechnic University', 'Nanjing University', 'Hong Kong Polytechnic University']",Not Found,Hong Kong; China,56,56
Decomposed Soft Prompt Guided Fusion Enhancing for Compositional Zero-Shot Learning,"['Xiaocheng Lu', 'Song Guo', 'Ziming Liu', 'Jingcai Guo']","['Hong Kong Polytechnic University', 'The Hong Kong Polytechnic University', 'The Hong Kong Polytechnic University', 'The Hong Kong Polytechnic University']",November 2022,Hong Kong,56,56
Sampling Is Matter: Point-Guided 3D Human Mesh Reconstruction,"['Jeonghwan Kim', 'Mi-Gyeong Gwon', 'Hyunwoo Park', 'Hyukmin Kwon', 'Gi-Mun Um', 'Wonjun Kim']","['', None, 'Konkuk University', 'Electronics and Telecommunications Research Institute', 'Electronics and Telecommucations Research Institute', None]",April 2023,,,
Super-Resolution Neural Operator,"['Min Wei', 'Xuesong Zhang']","['Beijing University of Posts and Telecommunications', 'Beijing University of Posts and Telecommunications']","30 April, 2025",,,
RefTeacher: A Strong Baseline for Semi-Supervised Referring Expression Comprehension,"['Jiamu Sun', 'Gen Luo', 'Yiyi Zhou', 'Xiaoshuai Sun', 'Guannan Jiang', 'Zhiyu Wang', 'Rongrong Ji']","['Xiamen University', 'Xiamen University', 'Xiamen University', 'Xiamen University', 'Contemporary Amperex Technology Co., Limited', 'Contemporary Amperex Technology Co.,Limited', 'Xiamen University']",Not Found,China,56,56
JacobiNeRF: NeRF Shaping With Mutual Information Gradients,"['Xiaomeng Xu', 'Yanchao Yang', 'Kaichun Mo', 'Boxiao Pan', 'Li Yi', 'Leonidas Guibas']","['Tsinghua University', 'University of Hong Kong', 'NVIDIA Research', 'Stanford University', '', 'Stanford University']",April 2023,China; Hong Kong; United States,1,16
Category Query Learning for Human-Object Interaction Classification,"['Chi Xie', 'Fangao Zeng', 'Yue Hu', 'Shuang Liang', 'Yichen Wei']","['Tongji University', 'Megvii Technology Inc.', 'Shanghai Jiao Tong University', 'Tongji University', 'Hong Kong University of Science and Technology']",March 2023,China; Hong Kong,100,
Collaboration Helps Camera Overtake LiDAR in 3D Detection,"['Yue Hu', 'Yifan Lu', 'Runsheng Xu', 'Weidi Xie', 'Siheng Chen', 'Yanfeng Wang']","['Shanghai Jiao Tong University', 'Shanghai Jiaotong University', 'University of California, Los Angeles', 'Shanghai Jiaotong University', 'Shanghai Jiao Tong University', None]",March 2023,China; United States,5,5
Meta Omnium: A Benchmark for General-Purpose Learning-To-Learn,"['Ondrej Bohdal', 'Yinbing Tian', 'Yongshuo Zong', 'Ruchika Chavhan', 'Da Li', 'Henry Gouk', 'Li Guo', 'Timothy Hospedales']","['University of Edinburgh', None, 'School of Informatics, University of Edinburgh', 'University of Edinburgh, University of Edinburgh', 'Samsung AI Center, Cambridge', 'University of Edinburgh', 'Beijing University of Posts and Telecommunications', None]",May 2023,United Kingdom; South Korea,42,
ARCTIC: A Dataset for Dexterous Bimanual Hand-Object Manipulation,"['Zicong Fan', 'Omid Taheri', 'Dimitrios Tzionas', 'Muhammed Kocabas', 'Manuel Kaufmann', 'Michael J. Black', 'Otmar Hilliges']","['ETH Zürich', '', 'University of Amsterdam', 'Max Planck Institute for Intelligent Systems, Max-Planck Institute', 'ETH Zurich', 'University of Tübingen', None]","28 April, 2022",Switzerland; Netherlands; Germany,,138
Hi4D: 4D Instance Segmentation of Close Human Interaction,"['Yifei Yin', 'Chen Guo', 'Manuel Kaufmann', 'Juan Jose Zarate', 'Jie Song', 'Otmar Hilliges']","['ETH Zurich', 'ETH Zurich', 'ETH Zurich', 'Department of Computer Science, ETHZ - ETH Zurich', 'ETHZ - ETH Zurich', None]",March 2023,Switzerland; Unknown,31,31
Towards Better Stability and Adaptability: Improve Online Self-Training for Model Adaptation in Semantic Segmentation,"['Dong Zhao', 'Shuang Wang', 'Qi Zang', 'Dou Quan', 'Xiutiao Ye', 'Licheng Jiao']","[""Xi'an University of Electronic Science and Technology"", 'Xidian University', 'Xidian University', 'Xidian University', 'Xidian University', ""Xi'an University of Electronic Science and Technology""]",Not Found,China,,
MixSim: A Hierarchical Framework for Mixed Reality Traffic Simulation,"['Simon Suo', 'Kelvin Wong', 'Justin Xu', 'James Tu', 'Alexander Cui', 'Sergio Casas', 'Raquel Urtasun']","['Department of Computer Science, University of Toronto', 'Waabi', 'Waabi', 'Department of Computer Science, University of Toronto', 'Department of Computer Science, University of Toronto', 'Waabi', 'Waabi']",Not Found,Unknown; Canada,23,
Implicit Occupancy Flow Fields for Perception and Prediction in Self-Driving,"['Ben Agro', 'Quinlan Sykora', 'Sergio Casas', 'Raquel Urtasun']","['Waabi', 'Waabi', 'Waabi', 'Waabi']",August 2023,,,
Joint Appearance and Motion Learning for Efficient Rolling Shutter Correction,"['Bin Fan', 'Yuxin Mao', 'Mochu Xiang', 'Zhexiong Wan', 'Qi Liu']","[None, 'Northwestern Polytechnical University', 'Northwestern Polytechnical University', 'Northwestern Polytechnical University', ""Northwest Polytechnical University Xi'an""]",Not Found,China,,
A Generalized Framework for Video Instance Segmentation,"['Miran Heo', 'Sukjun Hwang', 'Jeongseok Hyun', 'Hanjung Kim', 'Seoung Wug Oh', 'Joon-Young Lee', 'Seon Joo Kim']","['', 'Adobe Research', 'Yonsei University', 'Yonsei University', 'Adobe Systems', 'Adobe Research', 'Yonsei University']","16 November, 2022",South Korea,,61
Soft-Landing Strategy for Alleviating the Task Discrepancy Problem in Temporal Action Localization Tasks,"['Hyolim Kang', 'Hanjung Kim', 'Joungbin An', 'Minsu Cho', 'Seon Joo Kim']","[None, 'Yonsei University', 'Yonsei University', 'POSTECH', 'Yonsei University']",November 2022,South Korea,61,61
Class Prototypes Based Contrastive Learning for Classifying Multi-Label and Fine-Grained Educational Videos,"['Rohit Gupta', 'Anirban Roy', 'Claire Christensen', 'Sujeong Kim', 'Sarah Gerard', 'Madeline Cincebeaux', 'Ajay Divakaran', 'Todd Grindal', 'Mubarak Shah']","['University of Central Florida', 'SRI International', 'SRI International', 'Department of Computer Science, University of North Carolina, Chapel Hill', 'SRI International', 'University of Wisconsin - Madison', 'SRI International', 'SRI International', 'University of Central Florida']",October 2025,United States; Unknown,49,49
Revisiting Residual Networks for Adversarial Robustness,"['Shihua Huang', 'Zhichao Lu', 'Kalyanmoy Deb', 'Vishnu Naresh Boddeti']","['Michigan State University', None, 'Michigan State University', None]",December 2022,United States,114,114
Mitigating Task Interference in Multi-Task Learning via Explicit Task Routing With Non-Learnable Primitives,"['Chuntao Ding', 'Zhichao Lu', 'Shangguang Wang', 'Ran Cheng', 'Vishnu Naresh Boddeti']","['Beijing Jiaotong University', None, 'Beijing University of Posts and Telecommunications', 'Southern Unviersity of Science and Technology', None]",August 2023,China,185,
Two-Shot Video Object Segmentation,"['Kun Yan', 'Xiao Li', 'Fangyun Wei', 'Jinglu Wang', 'Chenbin Zhang', 'Ping Wang', 'Yan Lu']","['Peking University', 'Microsoft Research Asia', None, 'Microsoft Research Asia', 'Peking University', 'Peking University', 'Microsoft Research Asia']",March 2023,China,3,
HouseDiffusion: Vector Floorplan Generation via a Diffusion Model With Discrete and Continuous Denoising,"['Mohammad Amin Shabani', 'Sepidehsadat Hosseini', 'Yasutaka Furukawa']","['Simon Fraser University', 'Simon Fraser University', 'Simon Fraser University']",November 2022,Canada,106,106
Panoptic Compositional Feature Field for Editable Scene Rendering With Network-Inferred Labels via Metric Learning,"['Xinhua Cheng', 'Yanmin Wu', 'Mengxi Jia', 'Qian Wang', 'Jian Zhang']","['Peking University', 'Peking University', 'Peking University ShenZhen Graduate School', 'Peking University', None]",Not Found,China,3,3
A Characteristic Function-Based Method for Bottom-Up Human Pose Estimation,"['Haoxuan Qu', 'Yujun Cai', 'Lin Geng Foo', 'Ajay Kumar', 'Jun Liu']","['Singapore University of Technology and Design', 'Meta', 'Singapore University of Technology and Design', 'The Hong Kong Polytechnic University', '']",Not Found,Singapore; United States; Hong Kong,,56
Energy-Efficient Adaptive 3D Sensing,"['Brevin Tilmon', 'Zhanghao Sun', 'Sanjeev J. Koppal', 'Yicheng Wu', 'Georgios Evangelidis', 'Ramzi Zahreddine', 'Gurunandan Krishnan', 'Sizhuo Ma', 'Jian Wang']","['University of Florida', 'Stanford University', 'University of Florida', 'Amazon', 'Snap Inc.', 'Snap Inc.', 'Snap Inc.', 'Snap Inc.', 'Snap Inc.']",Not Found,United States,146,
Consistent Direct Time-of-Flight Video Depth Super-Resolution,"['Zhanghao Sun', 'Wei Ye', 'Jinhui Xiong', 'Gyeongmin Choe', 'Jialiang Wang', 'Shuochen Su', 'Rakesh Ranjan']","['Stanford University', 'Meta', 'Meta', 'Meta Reality Labs', 'Facebook', 'Facebook Inc.', '']","15 November, 2022",United States,16,
DETRs With Hybrid Matching,"['Ding Jia', 'Yuhui Yuan', 'Haodi He', 'Xiaopei Wu', 'Haojun Yu', 'Weihong Lin', 'Lei Sun', 'Chao Zhang', 'Han Hu']","[None, 'Microsoft Research Asia', 'Stanford University', 'Zhejiang University', 'Peking University', 'Microsoft', 'Microsoft', None, 'Microsft Research Asia']","26 July, 2022",United States; China,,
Gradient Norm Aware Minimization Seeks First-Order Flatness and Improves Generalization,"['Xingxuan Zhang', 'Renzhe Xu', 'Han Yu', 'Hao Zou', 'Peng Cui']","['Tsinghua University', 'Tsinghua University', 'Tsinghua University', 'Tsinghua University, Tsinghua University', 'Tsinghua University, Tsinghua University']","3 March, 2023",China,1,1
EcoTTA: Memory-Efficient Continual Test-Time Adaptation via Self-Distilled Regularization,"['Junha Song', 'Jungsoo Lee', 'In So Kweon', 'Sungha Choi']","['KAIST, Qualcoom Inc', 'Korea Advanced Institute of Science & Technology', 'Korea Advanced Institute of Science and Technology', 'Qualcomm AI Research']","3 March, 2023",South Korea; United States,8,
Progressive Random Convolutions for Single Domain Generalization,"['Seokeon Choi', 'Debasmit Das', 'Sungha Choi', 'Seunghan Yang', 'Hyunsin Park', 'Sungrack Yun']","['Qualcomm AI Research', 'Qualcomm Inc.', 'Qualcomm AI Research', 'Qualcomm AI Research', 'QualComm', 'Qualcomm AI Research']",April 2023,United States,,
AutoLabel: CLIP-Based Framework for Open-Set Video Domain Adaptation,"['Giacomo Zara', 'Subhankar Roy', 'Paolo Rota', 'Elisa Ricci']","['University of Trento', 'Télécom ParisTech', 'University of Trento', 'University of Trento']","3 April, 2023",Italy,185,185
3D Line Mapping Revisited,"['Shaohui Liu', 'Yifan Yu', 'Rémi Pautrat', 'Marc Pollefeys', 'Viktor Larsson']","['ETH Zurich', None, None, None, 'Lund University']",March 2023,Switzerland; Sweden,31,486
DeepLSD: Line Segment Detection and Refinement With Deep Image Gradients,"['Rémi Pautrat', 'Daniel Barath', 'Viktor Larsson', 'Martin R. Oswald', 'Marc Pollefeys']","[None, 'ETHZ - ETH Zurich', 'Lund University', 'University of Amsterdam', None]","15 December, 2022",Switzerland; Sweden; Netherlands,31,66
Multi-View Adversarial Discriminator: Mine the Non-Causal Factors for Object Detection in Unseen Domains,"['Mingjun Xu', 'Lingyun Qin', 'Weijie Chen', 'Shiliang Pu', 'Lei Zhang']","['Chongqing University', 'Chongqing University', 'Hikvision Research Institute', 'Zhejiang University', 'Chongqing University']",April 2023,China,292,292
SegLoc: Learning Segmentation-Based Representations for Privacy-Preserving Visual Localization,"['Maxime Pietrantoni', 'Martin Humenberger', 'Torsten Sattler', 'Gabriela Csurka']","['Czech Institute of Informatics, Robotics and Cybernetics / Naver Labs Europe', 'Naver Labs Europe', 'Czech Technical University in Prague', None]",Not Found,France; Czech Republic,,185
RiDDLE: Reversible and Diversified De-Identification With Latent Encryptor,"['Dongze Li', 'Wei Wang', 'Kang Zhao', 'Jing Dong', 'Tieniu Tan']","['Institute of automation, Chinese academy of science, Chinese Academy of Sciences', 'Institute of automation, Chinese academy of science, Chinese Academy of Sciences', 'Shanghai Jiaotong University', 'Institute of automation, Chinese academy of science, Chinese Academy of Sciences', ' Institute of automation, Chinese academy of science']","9 March, 2023",China,12,
OpenScene: 3D Scene Understanding With Open Vocabularies,"['Songyou Peng', 'Kyle Genova', 'Chiyu “Max” Jiang', 'Andrea Tagliasacchi', 'Marc Pollefeys', 'Thomas Funkhouser']","['ETH Zurich & MPI Tübingen', 'Google', 'Waymo LLC', 'Simon Fraser University, Google Brain', None, 'Princeton University']","28 November, 2022",Switzerland; United States; Canada,31,75
Nerflets: Local Radiance Fields for Efficient Structure-Aware 3D Scene Representation From 2D Supervision,"['Xiaoshuai Zhang', 'Abhijit Kundu', 'Thomas Funkhouser', 'Leonidas Guibas', 'Hao Su', 'Kyle Genova']","['UC San Diego', 'Google', 'Princeton University', 'Stanford University', 'UCSD', 'Google']","6 March, 2023",United States,,
MobileNeRF: Exploiting the Polygon Rasterization Pipeline for Efficient Neural Field Rendering on Mobile Architectures,"['Zhiqin Chen', 'Thomas Funkhouser', 'Peter Hedman', 'Andrea Tagliasacchi']","['Simon Fraser University', 'Princeton University', 'Google', 'Simon Fraser University, Google Brain']","30 July, 2022",Canada; United States,106,106
Learning Emotion Representations From Verbal and Nonverbal Communication,"['Sitao Zhang', 'Yimu Pan', 'James Z. Wang']","['Pennsylvania State University', 'Pennsylvania State University', 'The Pennsylvania State University']",May 2023,United States,75,75
Understanding Masked Autoencoders via Hierarchical Latent Variable Models,"['Lingjing Kong', 'Martin Q. Ma', 'Guangyi Chen', 'Eric P. Xing', 'Yuejie Chi', 'Louis-Philippe Morency', 'Kun Zhang']","['Computer Science Department, School of Computer Science', 'Carnegie Mellon University', 'MBZUAI, CMU', 'Mohamed bin Zayed Univeristy of AI', 'Carnegie Mellon University', 'CMU', 'Carnegie Mellon University']",June 2023,United States; United Arab Emirates,,3
Iterative Vision-and-Language Navigation,"['Jacob Krantz', 'Shurjo Banerjee', 'Wang Zhu', 'Jason Corso', 'Peter Anderson', 'Stefan Lee', 'Jesse Thomason']","['Oregon State University', 'University of Michigan', 'University of Southern California', 'University of Michigan', 'Google', 'Oregon State University', 'University of Southern California']",April 2025,United States,160,42
Relational Context Learning for Human-Object Interaction Detection,"['Sanghyun Kim', 'Deunsol Jung', 'Minsu Cho']","['POSTECH', 'POSTECH', 'POSTECH']",April 2023,South Korea,88,88
ViewNet: A Novel Projection-Based Backbone With View Pooling for Few-Shot Point Cloud Classification,"['Jiajing Chen', 'Minmin Yang', 'Senem Velipasalar']","['Syracuse University', 'Syracuse University', 'Syracuse University']",Not Found,United States,358,358
"SDFusion: Multimodal 3D Shape Completion, Reconstruction, and Generation","['Yen-Chi Cheng', 'Hsin-Ying Lee', 'Sergey Tulyakov', 'Alexander G. Schwing', 'Liang-Yan Gui']","['UIUC               Snap Research', 'Snap Inc.', 'Snap Inc.', 'UIUC', 'UIUC']","8 December, 2022",United States,,
Understanding the Robustness of 3D Object Detection With Bird’s-Eye-View Representations in Autonomous Driving,"['Zijian Zhu', 'Yichi Zhang', 'Hai Chen', 'Yinpeng Dong', 'Shu Zhao', 'Wenbo Ding', 'Jiachen Zhong', 'Shibao Zheng']","['Shanghai Jiao Tong University', 'Tsinghua University', 'Anhui University', 'Tsinghua University', 'Anhui University', 'SAIC AI Lab', None, 'Shanghai Jiaotong University']","30 March, 2023",China,5,
Human Pose Estimation in Extremely Low-Light Conditions,"['Sohyun Lee', 'Jaesung Rim', 'Boseung Jeong', 'Geonu Kim', 'Byungju Woo', 'Haechan Lee', 'Sunghyun Cho', 'Suha Kwak']","['POSTECH', 'POSTECH', 'POSTECH', 'POSTECH', 'Pohang University of Science and Technology', 'Pohang University of Science and Technology', 'POSTECH', 'POSTECH']","22 July, 2024",South Korea,88,88
Boundary Unlearning: Rapid Forgetting of Deep Networks via Shifting the Decision Boundary,"['Min Chen', 'Weizhuo Gao', 'Gaoyang Liu', 'Kai Peng', 'Chen Wang']","['Huazhong University of Science and Technology', 'Huazhong University of Science and Technology', 'Simon Fraser University', 'Huazhong University of Science and Technology', 'Huazhong University of Science and Technology']",Not Found,China; Canada,,
Sliced Optimal Partial Transport,"['Yikun Bai', 'Bernhard Schmitzer', 'Matthew Thorpe', 'Soheil Kolouri']","['Vanderbilt University', 'Georg-August Universität Göttingen', 'University of Manchester', 'Vanderbilt University']","15 December, 2022",United States; United Kingdom,160,160
TruFor: Leveraging All-Round Clues for Trustworthy Image Forgery Detection and Localization,"['Fabrizio Guillaro', 'Davide Cozzolino', 'Avneesh Sud', 'Nicholas Dufour', 'Luisa Verdoliva']","['University of Naples Federico II', 'University of Naples Federico II', 'Google', 'Google', 'University Federico II of Naples']","21 December, 2022",Italy; United States,,
Pseudo-Label Guided Contrastive Learning for Semi-Supervised Medical Image Segmentation,"['Hritam Basak', 'Zhaozheng Yin']","['Stony Brook University', 'Stony Brook University']",Not Found,United States,56,56
SINE: SINgle Image Editing With Text-to-Image Diffusion Models,"['Zhixing Zhang', 'Ligong Han', 'Arnab Ghosh', 'Dimitris N. Metaxas', 'Jian Ren']","['Rutgers University', 'Rutgers University', 'Snap Inc.', 'Rutgers', 'Snap Inc.']","8 December, 2022",United States,106,
Leveraging per Image-Token Consistency for Vision-Language Pre-Training,"['Yunhao Gou', 'Tom Ko', 'Hansi Yang', 'James Kwok', 'Yu Zhang', 'Mingxuan Wang']","['Hong Kong University of Science and Technology', 'ByteDance AI Lab', 'Department of Computer Science and Engineering, Hong Kong University of Science and Technology', 'Department of Computer Science and Engineering, The Hong Kong University of Science and Technology', 'Southern University of Science and Technology', ', Chinese Academy of Sciences']","20 November, 2022",Hong Kong; China,,12
SeSDF: Self-Evolved Signed Distance Field for Implicit 3D Clothed Human Reconstruction,"['Yukang Cao', 'Kai Han', 'Kwan-Yee K. Wong']","['the University of Hong Kong', 'The University of Hong Kong', 'The University of Hong Kong']",April 2023,Hong Kong,26,26
Block Selection Method for Using Feature Norm in Out-of-Distribution Detection,"['Yeonguk Yu', 'Sungho Shin', 'Seongju Lee', 'Changhyun Jun', 'Kyoobin Lee']","['Gwangju Institute of Science and Technology', None, 'Gwangju Institute of Science and Technology', 'Gwangju Institute of Science and Technology', None]","5 December, 2022",South Korea,,
Relightable Neural Human Assets From Multi-View Gradient Illuminations,"['Taotao Zhou', 'Kai He', 'Di Wu', 'Teng Xu', 'Qixuan Zhang', 'Kuixiang Shao', 'Wenzheng Chen', 'Lan Xu', 'Jingyi Yu']","['', 'ShanghaiTech', 'ShanghaiTech University', 'LumiAni Technology Co., Ltd. / ShanghaiTech University', 'ShanghaiTech University', 'ShanghaiTech University', 'University of Toronto', None, 'Shanghai Tech University']","15 December, 2022",China; Canada,75,
Markerless Camera-to-Robot Pose Estimation via Self-Supervised Sim-to-Real Transfer,"['Jingpei Lu', 'Florian Richter', 'Michael C. Yip']","['University of California, San Diego', 'University of California, San Diego', 'University of California San Diego']","28 February, 2023",United States,12,12
DA-DETR: Domain Adaptive Detection Transformer With Information Fusion,"['Jingyi Zhang', 'Jiaxing Huang', 'Zhipeng Luo', 'Gongjie Zhang', 'Xiaoqin Zhang', 'Shijian Lu']","[None, 'Nanyang Technological University', 'Nanyang Technological University', 'Black Sesame Tech.', 'Wenzhou University', 'Nanyang Technological University']","31 March, 2021",Singapore,8,8
Towards Efficient Use of Multi-Scale Features in Transformer-Based Object Detectors,"['Gongjie Zhang', 'Zhipeng Luo', 'Zichen Tian', 'Jingyi Zhang', 'Xiaoqin Zhang', 'Shijian Lu']","['Black Sesame Tech.', 'Nanyang Technological University', 'Singapore Management University', None, 'Wenzhou University', 'Nanyang Technological University']","24 August, 2022",Singapore,,8
Understanding and Constructing Latent Modality Structures in Multi-Modal Representation Learning,"['Qian Jiang', 'Changyou Chen', 'Han Zhao', 'Liqun Chen', 'Qing Ping', 'Son Dinh Tran', 'Yi Xu', 'Belinda Zeng', 'Trishul Chilimbi']","['University of Illinois, Urbana Champaign', 'State University of New York, Buffalo', 'University of Illinois, Urbana Champaign', 'Amazon', 'Amazon', 'Amazon', 'Amazon', 'Amazon', 'Department of Computer Science, University of Wisconsin - Madison']",March 2023,United States; Brazil; Unknown,,66
NeRF in the Palm of Your Hand: Corrective Augmentation for Robotics via Novel-View Synthesis,"['Allan Zhou', 'Moo Jin Kim', 'Lirui Wang', 'Pete Florence', 'Chelsea Finn']","['Stanford University', 'Stanford University', None, 'Google', 'Stanford University']",January 2023,United States,16,16
HaLP: Hallucinating Latent Positives for Skeleton-Based Self-Supervised Learning of Actions,"['Anshul Shah', 'Aniket Roy', 'Ketul Shah', 'Shlok Mishra', 'David Jacobs', 'Anoop Cherian', 'Rama Chellappa']","['Johns Hopkins University', 'Johns Hopkins University', 'Johns Hopkins University', None, 'University of Maryland - College Park', None, 'Johns Hopkins University']",April 2023,United States,42,42
Better “CMOS” Produces Clearer Images: Learning Space-Variant Blur Estimation for Blind Image Super-Resolution,"['Xuhai Chen', 'Jiangning Zhang', 'Chao Xu', 'Yabiao Wang', 'Chengjie Wang', 'Yong Liu']","['Zhejiang University', 'Tencent Youtu Lab', 'Zhejiang University', 'Tencent Youtu Lab', 'Shanghai Jiao Tong University', 'Zhejiang University']",April 2023,China,2,2
Finding Geometric Models by Clustering in the Consensus Space,"['Daniel Barath', 'Denys Rozumnyi', 'Ivan Eichhardt', 'Levente Hajder', 'Jiri Matas']","['ETHZ - ETH Zurich', 'Department of Computer Science, Swiss Federal Institute of Technology', 'TMEIC', 'Eotvos Lorand University, Eotvos Lorand University', 'Czech Technical University, Prague']","25 March, 2021",Switzerland; Unknown; Czech Republic,31,185
3D-POP – An Automated Annotation Approach to Facilitate Markerless 2D-3D Tracking of Freely Moving Birds With Marker-Based Motion Capture,"['Hemal Naik', 'Alex Hoi Hang Chan', 'Junran Yang', 'Mathilde Delacoux', 'Iain D. Couzin', 'Fumihiro Kano', 'Máté Nagy']","['Max Planck Institute for Animal Behavior', 'Center for the Advanced Study for Collective Behaviour, University of Konstanz, Germany', 'Universität Konstanz', 'Universität Konstanz', 'Max Planck Institute of Animal Behavior & University of Konstanz', 'Universität Konstanz', 'Eötvös Lorand University']",March 2023,Germany,,
TimeBalance: Temporally-Invariant and Temporally-Distinctive Video Representations for Semi-Supervised Action Recognition,"['Ishan Rajendrakumar Dave', 'Mamshad Nayeem Rizve', 'Chen Chen', 'Mubarak Shah']","['University of Central Florida', 'University of Central Florida', '', 'University of Central Florida']",March 2023,United States,49,49
3D Human Mesh Estimation From Virtual Markers,"['Xiaoxuan Ma', 'Jiajun Su', 'Chunyu Wang', 'Wentao Zhu', 'Yizhou Wang']","['', 'Peking University', 'Microsoft', None, 'Peking University']","21 March, 2023",China; United States,3,3
Rethinking Feature-Based Knowledge Distillation for Face Recognition,"['Jingzhi Li', 'Zidong Guo', 'Hui Li', 'Seungju Han', 'Ji-won Baek', 'Min Yang', 'Ran Yang', 'Sungjoo Suh']","['Samsung', 'Samsung', 'Samsung R&amp;D Institute China Xi’an (SRCX)', 'Samsung Advanced Institute of Technology', 'Samsung', None, 'Samsung R&D Institute China Xi’an (SRCX)', 'Samsung']",Not Found,,,
Chat2Map: Efficient Scene Mapping From Multi-Ego Conversations,"['Sagnik Majumder', 'Hao Jiang', 'Pierre Moulon', 'Ethan Henderson', 'Paul Calamia', 'Kristen Grauman', 'Vamsi Krishna Ithapu']","['UT Austin & Meta AI', 'Facebook', 'Facebook', 'Meta', 'Facebook', 'University of Texas at Austin', 'Facebook Reality Labs']","4 January, 2023",United States,,
Novel-View Acoustic Synthesis,"['Changan Chen', 'Alexander Richard', 'Roman Shapovalov', 'Vamsi Krishna Ithapu', 'Natalia Neverova', 'Kristen Grauman', 'Andrea Vedaldi']","['University of Texas at Austin', 'Reality Labs Research, Meta', 'Meta', 'Facebook Reality Labs', 'Facebook AI Research', 'University of Texas at Austin', 'University of Oxford']",April 2025,United States; United Kingdom,49,85
High-Resolution Image Reconstruction With Latent Diffusion Models From Human Brain Activity,"['Yu Takagi', 'Shinji Nishimoto']","['Osaka University', 'Osaka University']",Not Found,Japan,244,244
Zero-Shot Referring Image Segmentation With Global-Local Context Features,"['Seonghoon Yu', 'Paul Hongsuck Seo', 'Jeany Son']","['GIST', 'Google', 'Gwangju Institute of Science and Technology']","31 March, 2023",South Korea; United States,244,
AVFormer: Injecting Vision Into Frozen Speech Models for Zero-Shot AV-ASR,"['Paul Hongsuck Seo', 'Arsha Nagrani', 'Cordelia Schmid']","['Google', 'Google ', 'Inria / Google']",March 2023,United States; France,,160
Learning Attention As Disentangler for Compositional Zero-Shot Learning,"['Shaozhe Hao', 'Kai Han', 'Kwan-Yee K. Wong']","['University of Hong Kong', 'The University of Hong Kong', 'The University of Hong Kong']",March 2023,Hong Kong,26,26
Mask-Free OVIS: Open-Vocabulary Instance Segmentation Without Manual Mask Annotations,"['Vibashan VS', 'Ning Yu', 'Chen Xing', 'Can Qin', 'Mingfei Gao', 'Juan Carlos Niebles', 'Vishal M. Patel', 'Ran Xu']","['Johns Hopkins University', 'Salesforce Research', 'SalesForce.com', 'Northeastern University', 'Apple', 'Salesforce Research', 'Johns Hopkins University', 'SalesForce.com']",March 2023,United States,42,
SE-ORNet: Self-Ensembling Orientation-Aware Network for Unsupervised Point Cloud Shape Correspondence,"['Jiacheng Deng', 'Chuxin Wang', 'Jiahao Lu', 'Jianfeng He', 'Tianzhu Zhang', 'Jiyang Yu', 'Zhe Zhang']","['University of Science and Technology of China', 'University of Science and Technology of China', 'University of Science and Technology of China', 'University of Science and Technology of China', 'University of Science and Technology of China, Tsinghua University', 'Beijing Institute of Technology', 'Beijing Institute of Technology']",April 2023,China,,126
Adaptive Spot-Guided Transformer for Consistent Local Feature Matching,"['Jiahuan Yu', 'Jiahao Chang', 'Jianfeng He', 'Tianzhu Zhang', 'Jiyang Yu', 'Feng Wu']","['University of Science and Technology of China', 'University of Science and Technology of China', 'University of Science and Technology of China', 'University of Science and Technology of China, Tsinghua University', 'Beijing Institute of Technology', 'University of Science and Technology of China']",March 2023,China,,
D2Former: Jointly Learning Hierarchical Detectors and Contextual Descriptors via Agent-Based Transformers,"['Jianfeng He', 'Yuan Gao', 'Tianzhu Zhang', 'Zhe Zhang', 'Feng Wu']","['University of Science and Technology of China', 'University of Science and Technology of China', 'University of Science and Technology of China, Tsinghua University', 'Beijing Institute of Technology', 'University of Science and Technology of China']",Not Found,China,,
Neural Koopman Pooling: Control-Inspired Temporal Dynamics Encoding for Skeleton-Based Action Recognition,"['Xinghan Wang', 'Xin Xu', 'Yadong Mu']","[None, None, 'Peking University']",Not Found,China,3,3
StyleGAN Salon: Multi-View Latent Optimization for Pose-Invariant Hairstyle Transfer,"['Sasikarn Khwanmuang', 'Pakkapon Phongthawee', 'Patsorn Sangkloy', 'Supasorn Suwajanakorn']","[None, 'Vidyasirimedhi Institute of Science and Technology', 'Georgia Institute of Technology', 'Vidyasirimedhi Institute of Science and Technology']","5 April, 2023",United States,,
Box-Level Active Detection,"['Mengyao Lyu', 'Jundong Zhou', 'Hui Chen', 'Yijie Huang', 'Dongdong Yu', 'Yaqian Li', 'Yandong Guo', 'Yuchen Guo', 'Liuyu Xiang', 'Guiguang Ding']","['Tsinghua University', 'Tsinghua University', 'Tsinghua University, Tsinghua University', 'Accenture', 'Institute of automation, Chinese academy of science, Chinese Academy of Sciences', 'OPPO Research Institute', 'OPPO Research Institute', 'Tsinghua University, Tsinghua University', 'Beijing University of Posts and Telecommunications', 'Tsinghua University']",August 2025,China,1,1
Neural Scene Chronology,"['Haotong Lin', 'Qianqian Wang', 'Ruojin Cai', 'Sida Peng', 'Hadar Averbuch-Elor', 'Xiaowei Zhou', 'Noah Snavely']","[None, 'Cornell University', 'Cornell University', None, 'Tel Aviv University', None, 'Google / Cornell']",June 2023,United States; Israel,23,
DynIBaR: Neural Dynamic Image-Based Rendering,"['Zhengqi Li', 'Qianqian Wang', 'Forrester Cole', 'Richard Tucker', 'Noah Snavely']","['Google', 'Cornell University', 'Google', 'Google', 'Google / Cornell']","20 November, 2022",United States,,
Omnimatte3D: Associating Objects and Their Effects in Unconstrained Monocular Video,"['Mohammed Suhail', 'Erika Lu', 'Zhengqi Li', 'Noah Snavely', 'Leonid Sigal', 'Forrester Cole']","['University of British Columbia', 'Google', 'Google', 'Google / Cornell', 'University Of British Columbia', 'Google']",Not Found,Canada; United States,75,
Controllable Light Diffusion for Portraits,"['David Futschik', 'Kelvin Ritland', 'James Vecore', 'Sean Fanello', 'Sergio Orts-Escolano', 'Brian Curless', 'Daniel Sýkora', 'Rohit Pandey']","['Czech Technical Univeresity in Prague, FEE', 'Google/McGill', 'Google', 'Google', 'Google', 'University of Washington', 'Czech Technical Univeresity in Prague', 'Google']",February 2025,Czech Republic; United States,,
TrojViT: Trojan Insertion in Vision Transformers,"['Mengxin Zheng', 'Qian Lou', 'Lei Jiang']","['Indiana University, Bloomington', 'University of Central Florida', 'Indiana University']","27 August, 2022",United States,160,160
WinCLIP: Zero-/Few-Shot Anomaly Classification and Segmentation,"['Jongheon Jeong', 'Yang Zou', 'Taewan Kim', 'Dongqing Zhang', 'Avinash Ravichandran', 'Onkar Dabeer']","['Korea Advanced Institute of Science and Technology', 'Amazon', 'Amazon', 'Amazon', 'Cruise', 'Amazon']",March 2023,South Korea,,
VolRecon: Volume Rendering of Signed Ray Distance Functions for Generalizable Multi-View Reconstruction,"['Yufan Ren', 'Fangjinhua Wang', 'Tong Zhang', 'Marc Pollefeys', 'Sabine Süsstrunk']","[None, None, 'EPFL', None, None]","15 December, 2022",Switzerland,49,49
DSVT: Dynamic Sparse Voxel Transformer With Rotated Sets,"['Haiyang Wang', 'Chen Shi', 'Shaoshuai Shi', 'Meng Lei', 'Sen Wang', 'Di He', 'Bernt Schiele', 'Liwei Wang']","['Peking University', 'Peking University', 'Saarland Informatics Campus, Max-Planck Institute', 'Peking University', 'Chongqing University', 'Peking University', 'Max Planck Institute for Informatics', 'Peking University']","15 January, 2023",China; Germany,3,3
Improving Robustness of Vision Transformers by Reducing Sensitivity To Patch Corruptions,"['Yong Guo', 'David Stutz', 'Bernt Schiele']","['Max-Planck Institute for Informatics', 'DeepMind', 'Max Planck Institute for Informatics']",Not Found,Germany,,
PolyFormer: Referring Image Segmentation As Sequential Polygon Generation,"['Jiang Liu', 'Hui Ding', 'Zhaowei Cai', 'Yuting Zhang', 'Ravi Kumar Satzoda', 'Vijay Mahadevan', 'R. Manmatha']","['Johns Hopkins University', 'AWS AI Labs', 'Amazon', 'Amazon', 'Amazon', 'Self', 'Amazon']","14 February, 2023",United States,42,
Affordances From Human Videos as a Versatile Representation for Robotics,"['Shikhar Bahl', 'Russell Mendonca', 'Lili Chen', 'Unnat Jain', 'Deepak Pathak']","['Carnegie Mellon University', 'Carnegie Mellon University', 'Carnegie Mellon University', 'Facebook AI Research', 'Carnegie Mellon University']",April 2023,United States,3,3
Improving Visual Grounding by Encouraging Consistent Gradient-Based Explanations,"['Ziyan Yang', 'Kushal Kafle', 'Franck Dernoncourt', 'Vicente Ordonez']","['Rice University', 'Adobe Systems', 'Adobe Systems', 'Rice University']","30 June, 2022",United States,126,126
The Differentiable Lens: Compound Lens Search Over Glass Surfaces and Materials for Object Detection,"['Geoffroi Côté', 'Fahim Mannan', 'Simon Thibault', 'Jean-François Lalonde', 'Felix Heide']","['Princeton University', '', 'Université Laval', 'Université Laval', 'Department of Computer Science, Princeton University']","8 December, 2022",United States; Canada; Unknown,75,75
Thermal Spread Functions (TSF): Physics-Guided Material Classification,"['Aniket Dashpute', 'Vishwanath Saragadam', 'Emma Alexander', 'Florian Willomitzer', 'Aggelos Katsaggelos', 'Ashok Veeraraghavan', 'Oliver Cossairt']","['Rice University, Northwestern University', 'Rice University', 'Northwestern University', 'Wyant College of Optical Sciences, University of Arizona', 'Northwestern University', 'William Marsh Rice University', 'Northwestern University']",April 2023,United States,75,75
WIRE: Wavelet Implicit Neural Representations,"['Vishwanath Saragadam', 'Daniel LeJeune', 'Jasper Tan', 'Guha Balakrishnan', 'Ashok Veeraraghavan', 'Richard G. Baraniuk']","['Rice University', 'Stanford University', 'Rice University', 'Rice University', 'William Marsh Rice University', 'William Marsh Rice University']",January 2023,United States,126,126
BEVFormer v2: Adapting Modern Image Backbones to Bird’s-Eye-View Recognition via Perspective Supervision,"['Chenyu Yang', 'Yuntao Chen', 'Hao Tian', 'Chenxin Tao', 'Xizhou Zhu', 'Zhaoxiang Zhang', 'Gao Huang', 'Hongyang Li', 'Yu Qiao', 'Lewei Lu', 'Jie Zhou', 'Jifeng Dai']","['Tsinghua University, Tsinghua University', 'CAIR, HKISI, CAS', 'Sensetime Research Institute', 'Tsinghua University, Tsinghua University', 'Shanghai AI Laboratory', 'Institute of automation, Chinese academy of science, Chinese Academy of Sciences', 'Tsinghua University, Tsinghua University', None, 'Shanghai Aritifcal Intelligence Laboratory', 'SenseTime', None, 'Tsinghua University, Tsinghua University']",November 2022,China; Egypt; United States,1,1
DrapeNet: Garment Generation and Self-Supervised Draping,"['Luca De Luigi', 'Ren Li', 'Benoît Guillard', 'Mathieu Salzmann', 'Pascal Fua']","['Eyecan.ai', 'EPFL', 'Swiss Federal Institute of Technology Lausanne', 'EPFL', 'Swiss Federal Institute of Technology Lausanne']","21 November, 2022",Switzerland,,
3D Spatial Multimodal Knowledge Accumulation for Scene Graph Prediction in Point Cloud,"['Mingtao Feng', 'Haoran Hou', 'Liang Zhang', 'Zijie Wu', 'Yulan Guo', 'Ajmal Mian']","['Xidian University', 'Xidian University', 'Xidian University', 'Hunan University', 'SUN YAT-SEN UNIVERSITY', 'University of Western Australia']",Not Found,China; Australia,114,244
Integrally Pre-Trained Transformer Pyramid Networks,"['Yunjie Tian', 'Lingxi Xie', 'Zhaozhi Wang', 'Longhui Wei', 'Xiaopeng Zhang', 'Jianbin Jiao', 'Yaowei Wang', 'Qi Tian', 'Qixiang Ye']","[None, 'Huawei Technologies Ltd.', 'University of Chinese Academy of Sciences', 'Huawei Cloud Technologies Ltd.', 'Huawei Technologies Ltd.', '', 'Pengcheng Laboratory', 'Huawei Technologies Ltd.', 'University of Chinese Academy of Sciences']","23 November, 2022",China,,12
DeepSolo: Let Transformer Decoder With Explicit Points Solo for Text Spotting,"['Maoyuan Ye', 'Jing Zhang', 'Shanshan Zhao', 'Juhua Liu', 'Tongliang Liu', 'Bo Du', 'Dacheng Tao']","['Wuhan University', 'The University of Sydney', 'JD Explore Academy', 'Wuhan University', 'Mohamed bin Zayed University of Artificial Intelligence', 'Wuhan University', None]","31 May, 2023",China; Australia; United Arab Emirates,31,31
Rethinking Video ViTs: Sparse Video Tubes for Joint Image and Video Learning,"['AJ Piergiovanni', 'Weicheng Kuo', 'Anelia Angelova']","['Google', 'Google', 'Google']",December 2022,United States,,
Optimal Transport Minimization: Crowd Localization on Density Maps for Semi-Supervised Counting,"['Wei Lin', 'Antoni B. Chan']","['City University of Hong Kong', 'City University of Hong Kong']",Not Found,Hong Kong,46,46
SAP-DETR: Bridging the Gap Between Salient Points and Queries-Based Transformer Detector for Fast Model Convergency,"['Yang Liu', 'Yao Zhang', 'Yixin Wang', 'Yang Zhang', 'Jiang Tian', 'Zhongchao Shi', 'Jianping Fan', 'Zhiqiang He']","[None, 'Institute of Computing Technology, Chinese Academy of Sciences', 'Stanford University', 'Lenovo Research', 'Lenovo Research', 'Lenovo Research', 'AI Lab at Lenovo Research', 'Lenovo Ltd.']","3 November, 2022",China; United States,12,
REVEAL: Retrieval-Augmented Visual-Language Pre-Training With Multi-Source Multimodal Knowledge Memory,"['Ziniu Hu', 'Ahmet Iscen', 'Chen Sun', 'Zirui Wang', 'Kai-Wei Chang', 'Yizhou Sun', 'Cordelia Schmid', 'David A. Ross', 'Alireza Fathi']","[None, 'Google', 'Brown University', 'Google Brain', 'University of California, Los Angeles', 'University of California, Los Angeles', 'Inria / Google', 'Google Research', 'Google']","10 December, 2022",United States; France,,
Blur Interpolation Transformer for Real-World Motion From Blur,"['Zhihang Zhong', 'Mingdeng Cao', 'Xiang Ji', 'Yinqiang Zheng', 'Imari Sato']","['The University of Tokyo', 'The University of Tokyo', 'The University of Tokyo', None, 'National Institute of Informatics']","21 November, 2022",Japan,85,114
High-Fidelity Event-Radiance Recovery via Transient Event Frequency,"['Jin Han', 'Yuta Asano', 'Boxin Shi', 'Yinqiang Zheng', 'Imari Sato']","['', 'National Institute of Informatics', None, None, 'National Institute of Informatics']",Not Found,Japan,114,114
Learning Event Guided High Dynamic Range Video Reconstruction,"['Yixin Yang', 'Jin Han', 'Jinxiu Liang', 'Imari Sato', 'Boxin Shi']","['Peking University', '', None, 'National Institute of Informatics', None]",Not Found,China; Japan,3,114
Bi-LRFusion: Bi-Directional LiDAR-Radar Fusion for 3D Dynamic Object Detection,"['Yingjie Wang', 'Jiajun Deng', 'Yao Li', 'Jinshui Hu', 'Cong Liu', 'Yu Zhang', 'Jianmin Ji', 'Wanli Ouyang', 'Yanyong Zhang']","['USTC', 'University of Sydney', 'University of Science and Technology of China', 'iFLYTEK', 'iFLYTEK', 'University of Science and Technology of China', 'University of Science and Technology of China', 'University of Sydney', 'Rutgers University, Newark']",June 2023,China; Australia; United States,11,106
Diffusion Video Autoencoders: Toward Temporally Consistent Face Video Editing via Disentangled Video Encoding,"['Gyeongman Kim', 'Hajin Shim', 'Hyunsu Kim', 'Yunjey Choi', 'Junho Kim', 'Eunho Yang']","['KAIST', 'Korea Advanced Institute of Science and Technology', 'NAVER', 'NAVER', 'NAVER', 'Korea Advanced Institute of Science & Technology']","6 December, 2022",South Korea,8,
DexArt: Benchmarking Generalizable Dexterous Manipulation With Articulated Objects,"['Chen Bao', 'Helin Xu', 'Yuzhe Qin', 'Xiaolong Wang']","['Shanghai Jiao Tong University', 'Tsinghua University', 'University of California, San Diego, University of California, San Diego', 'UCSD']",May 2023,China; United States,5,
Collaborative Static and Dynamic Vision-Language Streams for Spatio-Temporal Video Grounding,"['Zihang Lin', 'Chaolei Tan', 'Jian-Fang Hu', 'Zhi Jin', 'Tiancai Ye', 'Wei-Shi Zheng']","['SUN YAT-SEN UNIVERSITY', 'SUN YAT-SEN UNIVERSITY', 'SUN YAT-SEN UNIVERSITY', 'Sun Yat-sen University', 'Institute of Computing Technology, CAS', 'SUN YAT-SEN UNIVERSITY']",Not Found,China; United States,29,29
PersonNeRF: Personalized Reconstruction From Photo Collections,"['Chung-Yi Weng', 'Pratul P. Srinivasan', 'Brian Curless', 'Ira Kemelmacher-Shlizerman']","['Paul G. Allen School of Computer Science & Engineering, University of Washington', 'Google Research', 'University of Washington', 'Department of Computer Science, University of Washington']",February 2023,United States; Unknown,22,22
Teacher-Generated Spatial-Attention Labels Boost Robustness and Accuracy of Contrastive Models,"['Yushi Yao', 'Chang Ye', 'Junfeng He', 'Gamaleldin Elsayed']","['Carnegie Mellon University', 'Google', 'Google', 'Google DeepMind']",Not Found,United States; United Kingdom,3,
Superclass Learning With Representation Enhancement,"['Zeyu Gan', 'Suyun Zhao', 'Jinlong Kang', 'Liyuan Shang', 'Hong Chen', 'Cuiping Li']","['Renmin University of China', 'Renmin University of China', 'Renmin University of China', 'Renmin University of China', 'Renmin University of China', 'Renmin University of China']",Not Found,China,19,19
3D-Aware Multi-Class Image-to-Image Translation With NeRFs,"['Senmao Li', 'Joost van de Weijer', 'Yaxing Wang', 'Fahad Shahbaz Khan', 'Meiqin Liu', 'Jian Yang']","['Nankai University', 'Computer Vision Center Barcelona', 'Nankai University', 'Inception Institute of Artificial Intelligence', 'Beijing Jiaotong University', 'Nankai University']",March 2023,China,88,88
Towards Unsupervised Object Detection From LiDAR Point Clouds,"['Lunjun Zhang', 'Anqi Joyce Yang', 'Yuwen Xiong', 'Sergio Casas', 'Bin Yang', 'Mengye Ren', 'Raquel Urtasun']","[None, 'University of Toronto; Waabi', 'University of Toronto', 'Waabi', 'Department of Computer Science, University of Toronto', 'New York University', 'Waabi']",November 2023,Canada; United States,23,
Unbalanced Optimal Transport: A Unified Framework for Object Detection,"['Henri De Plaen', 'Pierre-François De Plaen', 'Johan A. K. Suykens', 'Marc Proesmans', 'Tinne Tuytelaars', 'Luc Van Gool']","['Department of Electrical Engineering, KU Leuven, Belgium, KU Leuven', None, 'KU Leuven', 'Department of Electrical Engineering, KU Leuven, Belgium, KU Leuven', 'KU Leuven', 'ETH Zurich']",July 2023,Belgium; Switzerland,160,31
ORCa: Glossy Objects As Radiance-Field Cameras,"['Kushagra Tiwary', 'Akshat Dave', 'Nikhil Behari', 'Tzofi Klinghoffer', 'Ashok Veeraraghavan', 'Ramesh Raskar']","['Massachusetts Institute of Technology', 'Rice University', 'Massachusetts Institute of Technology', 'Massachusetts Institute of Technology', 'William Marsh Rice University', 'Massachusetts Institute of Technology']","8 December, 2022",United States,27,27
Role of Transients in Two-Bounce Non-Line-of-Sight Imaging,"['Siddharth Somasundaram', 'Akshat Dave', 'Connor Henley', 'Ashok Veeraraghavan', 'Ramesh Raskar']","['Massachusetts Institute of Technology', 'Rice University', 'Massachusetts Institute of Technology', 'William Marsh Rice University', 'Massachusetts Institute of Technology']",April 2023,United States,27,27
Improving Table Structure Recognition With Visual-Alignment Sequential Coordinate Modeling,"['Yongshuai Huang', 'Ning Lu', 'Dapeng Chen', 'Yibo Li', 'Zecheng Xie', 'Shenggao Zhu', 'Liangcai Gao', 'Wei Peng']","['huawei', 'HUAWEI', 'Huawei Technologies Ltd.', 'Peking University', 'South China University of Technology', 'Huawei Cloud', 'Peking University', 'Huawei Technologies Ltd.']","13 March, 2023",China,,
Class Relationship Embedded Learning for Source-Free Unsupervised Domain Adaptation,"['Yixin Zhang', 'Zilei Wang', 'Weinan He']","['University of Science and Technology of China', 'University of Science and Technology of China', 'University of Science and Technology of China']",Not Found,China,,
A Rotation-Translation-Decoupled Solution for Robust and Efficient Visual-Inertial Initialization,"['Yijia He', 'Bo Xu', 'Zhanpeng Ouyang', 'Hongdong Li']","['Tencent XR Lab', '', 'Tencent XR Lab', 'Australian National University']",Not Found,Australia,,88
Towards Domain Generalization for Multi-View 3D Object Detection in Bird-Eye-View,"['Shuo Wang', 'Xinhai Zhao', 'Hai-Ming Xu', 'Zehui Chen', 'Dameng Yu', 'Jiahao Chang', 'Zhen Yang', 'Feng Zhao']","['University of Science and Technology of China', 'Shanghai Jiaotong University', 'The University of Adelaide', 'University of Science and Technology of China', 'Huawei Technologies Ltd.', 'University of Science and Technology of China', None, 'University of Science and Technology of China']",March 2023,China; Australia,,
Visual Recognition-Driven Image Restoration for Multiple Degradation With Intrinsic Semantics Recovery,"['Zizheng Yang', 'Jie Huang', 'Jiahao Chang', 'Man Zhou', 'Hu Yu', 'Jinghao Zhang', 'Feng Zhao']","['University of Science and Technology of China', 'University of Science and Technology of China', 'University of Science and Technology of China', 'University of Science and Technology of China', 'University of Science and Technology of China', 'University of Science and Technology of China', 'University of Science and Technology of China']",Not Found,China,,
Ingredient-Oriented Multi-Degradation Learning for Image Restoration,"['Jinghao Zhang', 'Jie Huang', 'Mingde Yao', 'Zizheng Yang', 'Hu Yu', 'Man Zhou', 'Feng Zhao']","['University of Science and Technology of China', 'University of Science and Technology of China', None, 'University of Science and Technology of China', 'University of Science and Technology of China', 'University of Science and Technology of China', 'University of Science and Technology of China']",Not Found,China,,
Ultra-High Resolution Segmentation With Ultra-Rich Context: A Novel Benchmark,"['Deyi Ji', 'Feng Zhao', 'Hongtao Lu', 'Mingyuan Tao', 'Jieping Ye']","[None, 'University of Science and Technology of China', 'Shanghai Jiao Tong University', 'Alibaba Group', 'Alibaba Group']",May 2023,China,,
Learning Sample Relationship for Exposure Correction,"['Jie Huang', 'Feng Zhao', 'Man Zhou', 'Jie Xiao', 'Naishan Zheng', 'Kaiwen Zheng', 'Zhiwei Xiong']","['University of Science and Technology of China', 'University of Science and Technology of China', 'University of Science and Technology of China', 'University of Science and Technology of China', 'University of Science and Technology of China', 'University of Science and Technology of China', None]",Not Found,China,,
gSDF: Geometry-Driven Signed Distance Functions for 3D Hand-Object Reconstruction,"['Zerui Chen', 'Shizhe Chen', 'Cordelia Schmid', 'Ivan Laptev']","['INRIA', 'INRIA', 'Inria / Google', 'INRIA Paris']",April 2023,France,160,160
EVA: Exploring the Limits of Masked Visual Representation Learning at Scale,"['Yuxin Fang', 'Wen Wang', 'Binhui Xie', 'Quan Sun', 'Ledell Wu', 'Xinggang Wang', 'Tiejun Huang', 'Xinlong Wang', 'Yue Cao']","['Huazhong University of Science and Technology', 'Zhejiang University', 'Beijing Institute of Technology', 'BAAI', None, 'Huazhong University of Science and Technology', 'Peking University', 'Beijing Academy of Artificial Intelligence', 'Beijing Academy of Artificial Intelligence']","14 November, 2022",China,,
PointConvFormer: Revenge of the Point-Based Convolution,"['Wenxuan Wu', 'Li Fuxin', 'Qi Shan']","[None, 'Oregon State University', 'Apple']","4 August, 2022",United States,160,
Compression-Aware Video Super-Resolution,"['Yingwei Wang', 'Takashi Isobe', 'Xu Jia', 'Xin Tao', 'Huchuan Lu', 'Yu-Wing Tai']","['Dalian University of Technology', 'Tsinghua University, Tsinghua University', 'Dalian University of Technology', 'Kuaishou', 'Dalian University of Technology', None]",June 2025,China,,
Mask-Free Video Instance Segmentation,"['Lei Ke', 'Martin Danelljan', 'Henghui Ding', 'Yu-Wing Tai', 'Chi-Keung Tang', 'Fisher Yu']","['HKUST &amp; ETH Zurich', 'ETH Zurich', None, None, 'The Hong Kong University of Science and Technology', 'ETH Zurich']",March 2023,Hong Kong; Switzerland,10,31
Learning Accurate 3D Shape Based on Stereo Polarimetric Imaging,"['Tianyu Huang', 'Haoang Li', 'Kejing He', 'Congying Sui', 'Bin Li', 'Yun-Hui Liu']","[None, 'Technische Universität München', 'The Chinese University of Hong Kong', 'The Chinese University of Hong Kong', 'The Chinese University of Hong Kong', 'The Chinese University of Hong Kong']",Not Found,Hong Kong,,26
MARLIN: Masked Autoencoder for Facial Video Representation LearnINg,"['Zhixi Cai', 'Shreya Ghosh', 'Kalin Stefanov', 'Abhinav Dhall', 'Jianfei Cai', 'Hamid Rezatofighi', 'Reza Haffari', 'Munawar Hayat']","[None, 'Curtin University', 'Monash University', 'Monash University', None, 'Monash University', 'Monash University', 'Monash University']","12 November, 2022",Australia,,38
CafeBoost: Causal Feature Boost To Eliminate Task-Induced Bias for Class Incremental Learning,"['Benliu Qiu', 'Hongliang Li', 'Haitao Wen', 'Heqian Qiu', 'Lanxiao Wang', 'Fanman Meng', 'Qingbo Wu', 'Lili Pan']","['University of Electronic Science and Technology of China', 'University of Electronic Science and Technology of China, Tsinghua University', 'University of Electronic Science and Technology of China', 'University of Electronic Science and Technology of China', 'University of Electronic Science and Technology of China', 'University of Electronic Science and Technology of China', 'University of Electronic Science and Technology of China', 'University of Electronic Science and Technology of China']",Not Found,China,,
EfficientSCI: Densely Connected Network With Space-Time Factorization for Large-Scale Video Snapshot Compressive Imaging,"['Lishun Wang', 'Miao Cao', 'Xin Yuan']","[None, None, 'Westlake University']","17 May, 2023",China,46,46
Auto-CARD: Efficient and Robust Codec Avatar Driving for Real-Time Mobile Telepresence,"['Yonggan Fu', 'Yuecheng Li', 'Chenghui Li', 'Jason Saragih', 'Peizhao Zhang', 'Xiaoliang Dai', 'Yingyan (Celine) Lin']","['Georgia Institute of Technology', 'Reality Labs Research', 'Meta Reality Labs', 'Facebook', 'Facebook', 'Facebook', 'Georgia Institute of Technology']","24 April, 2023",United States,18,18
Siamese Image Modeling for Self-Supervised Vision Representation Learning,"['Chenxin Tao', 'Xizhou Zhu', 'Weijie Su', 'Gao Huang', 'Bin Li', 'Jie Zhou', 'Yu Qiao', 'Xiaogang Wang', 'Jifeng Dai']","['Tsinghua University, Tsinghua University', 'Shanghai AI Laboratory', 'University of Science and Technology of China', 'Tsinghua University, Tsinghua University', 'University of Science and Technology of China', None, 'Shanghai Aritifcal Intelligence Laboratory', 'The Chinese University of Hong Kong', 'Tsinghua University, Tsinghua University']","2 June, 2022",China; Hong Kong,1,1
Learning To Retain While Acquiring: Combating Distribution-Shift in Adversarial Data-Free Knowledge Distillation,"['Gaurav Patel', 'Konda Reddy Mopuri', 'Qiang Qiu']","['', 'Indian Institute of Technology Hyderabad', 'Purdue University']",February 2023,United States,,75
Ground-Truth Free Meta-Learning for Deep Compressive Sampling,"['Xinran Qin', 'Yuhui Quan', 'Tongyao Pang', 'Hui Ji']","['South China University of Technology', 'South China University of Technology', 'National University of Singapore', 'National University of Singapore']",Not Found,China; Singapore,486,12
Neumann Network With Recursive Kernels for Single Image Defocus Deblurring,"['Yuhui Quan', 'Zicong Wu', 'Hui Ji']","['South China University of Technology', 'South China University of Technology', 'National University of Singapore']",Not Found,China; Singapore,486,12
Context-Aware Relative Object Queries To Unify Video Instance and Panoptic Segmentation,"['Anwesa Choudhuri', 'Girish Chowdhary', 'Alexander G. Schwing']","['University of Illinois at Urbana-Champaign', 'University of Illinois, Urbana Champaign', 'UIUC']",Not Found,United States,7,
Aligning Step-by-Step Instructional Diagrams to Video Demonstrations,"['Jiahao Zhang', 'Anoop Cherian', 'Yanbin Liu', 'Yizhak Ben-Shabat', 'Cristian Rodriguez', 'Stephen Gould']","['The Australian National University', None, 'Australian National University', 'Technion, Israel Institute of Technology', 'Australian National University', 'Australian National University']","24 March, 2023",Australia; Israel,88,88
High-Fidelity Guided Image Synthesis With Latent Diffusion Models,"['Jaskirat Singh', 'Stephen Gould', 'Liang Zheng']","['Australian National University', 'Australian National University', 'Australian National University']","14 February, 2023",Australia,88,88
Procedure-Aware Pretraining for Instructional Video Understanding,"['Honglu Zhou', 'Roberto Martín-Martín', 'Mubbasir Kapadia', 'Silvio Savarese', 'Juan Carlos Niebles']","['Rutgers University', 'University of Texas at Austin', 'Rutgers University ', 'Salesforce', 'Salesforce Research']",March 2023,United States,106,
Neural Part Priors: Learning To Optimize Part-Based Object Completion in RGB-D Scans,"['Aleksei Bokhovkin', 'Angela Dai']","['Technische Universität München', '']","17 March, 2022",,,
Hierarchical Video-Moment Retrieval and Step-Captioning,"['Abhay Zala', 'Jaemin Cho', 'Satwik Kottur', 'Xilun Chen', 'Barlas Oguz', 'Yashar Mehdad', 'Mohit Bansal']","['Department of Computer Science, University of North Carolina at Chapel Hill', 'UNC Chapel Hill', 'Facebook', 'Meta AI', 'Facebook AI', 'Facebook', 'University of North Carolina at Chapel Hill']",March 2023,Unknown; United States,56,56
Generative Semantic Segmentation,"['Jiaqi Chen', 'Jiachen Lu', 'Xiatian Zhu', 'Li Zhang']","[None, 'Fudan University', 'University of Surrey', '']",October 2025,China; United Kingdom,16,106
FAME-ViL: Multi-Tasking Vision-Language Model for Heterogeneous Fashion Tasks,"['Xiao Han', 'Xiatian Zhu', 'Licheng Yu', 'Li Zhang', 'Yi-Zhe Song', 'Tao Xiang']","['University of Surrey', 'University of Surrey', None, '', None, 'University of Surrey']",March 2023,United Kingdom,106,106
Efficient Movie Scene Detection Using State-Space Transformers,"['Md Mohaiminul Islam', 'Mahmudul Hasan', 'Kishan Shamsundar Athrey', 'Tony Braskich', 'Gedas Bertasius']","['UNC Chapel Hill', 'Comcast', 'Comcast Cable Communications LLC', 'Comcast', 'UNC Chapel Hill']","29 December, 2022",,,
Neuralangelo: High-Fidelity Neural Surface Reconstruction,"['Zhaoshuo Li', 'Thomas Müller', 'Alex Evans', 'Russell H. Taylor', 'Mathias Unberath', 'Ming-Yu Liu', 'Chen-Hsuan Lin']","['Johns Hopkins University', 'NVIDIA', 'NVIDIA', 'Johns Hopkins University', 'Johns Hopkins University', 'NVIDIA', None]","5 June, 2023",United States,42,
Sparse Multi-Modal Graph Transformer With Shared-Context Processing for Representation Learning of Giga-Pixel Images,"['Ramin Nakhli', 'Puria Azadi Moghadam', 'Haoyang Mi', 'Hossein Farahani', 'Alexander Baras', 'Blake Gilks', 'Ali Bashashati']","['University of British Columbia', 'University of British Columbia', 'Johns Hopkins School of Medicine', 'University of British Columbia', 'Johns Hopkins University', 'University of British Columbia', 'University of British Columbia']","1 March, 2023",Canada; United States,75,75
Spider GAN: Leveraging Friendly Neighbors To Accelerate GAN Training,"['Siddarth Asokan', 'Chandra Sekhar Seelamantula']","['Indian Institute of Science, Bangalore', 'Indian Institute of Science, Bangalore']",May 2023,India,,
ASPnet: Action Segmentation With Shared-Private Representation of Multiple Data Sources,"['Beatrice van Amsterdam', 'Abdolrahim Kadkhodamohammadi', 'Imanol Luengo', 'Danail Stoyanov']","['University College London, University of London', 'Medtronic PLC', 'Medtronic', 'University College London']",Not Found,United Kingdom,88,88
"Overlooked Factors in Concept-Based Explanations: Dataset Choice, Concept Learnability, and Human Capability","['Vikram V. Ramaswamy', 'Sunnie S. Y. Kim', 'Ruth Fong', 'Olga Russakovsky']","['Princeton University', '', 'Princeton University', 'Princeton']","19 July, 2022",United States,75,75
Multiple Instance Learning via Iterative Self-Paced Supervised Contrastive Learning,"['Kangning Liu', 'Weicheng Zhu', 'Yiqiu Shen', 'Sheng Liu', 'Narges Razavian', 'Krzysztof J. Geras', 'Carlos Fernandez-Granda']","['NEW YORK UNIVERSITY', 'New York University', 'New York University', 'New York University', 'New York University', 'NYU Grossman School of Medicine', 'New York University']","17 October, 2022",United States,38,38
Model Barrier: A Compact Un-Transferable Isolation Domain for Model Intellectual Property Protection,"['Lianyu Wang', 'Meng Wang', 'Daoqiang Zhang', 'Huazhu Fu']","['Nanjing University of Aeronautics and Astronautics', 'Institute of High Performance Computing,  A*STAR, Singapore', 'Nanjing University of Aeronautics and Astronautics', 'Institute of High Performance Computing, Singapore, A*STAR']",March 2023,China; Singapore,6,
FLEX: Full-Body Grasping Without Full-Body Grasps,"['Purva Tendulkar', 'Dídac Surís', 'Carl Vondrick']","[None, 'Columbia University', 'Columbia University']","21 November, 2022",United States,66,66
A Soma Segmentation Benchmark in Full Adult Fly Brain,"['Xiaoyu Liu', 'Bo Hu', 'Mingxing Li', 'Wei Huang', 'Yueyi Zhang', 'Zhiwei Xiong']","[None, None, 'University of Science and Technology of China', 'University of Science and Technology of China', None, None]",Not Found,China,,
NeuMap: Neural Coordinate Mapping by Auto-Transdecoder for Camera Localization,"['Shitao Tang', 'Sicong Tang', 'Andrea Tagliasacchi', 'Ping Tan', 'Yasutaka Furukawa']","['Simon Fraser University', 'Simon Fraser University', 'Simon Fraser University, Google Brain', 'Alibaba DAMO academy', 'Simon Fraser University']","20 November, 2022",Canada,106,106
Doubly Right Object Recognition: A Why Prompt for Visual Rationales,"['Chengzhi Mao', 'Revant Teotia', 'Amrutha Sundar', 'Sachit Menon', 'Junfeng Yang', 'Xin Wang', 'Carl Vondrick']","['Columbia University', 'Columbia University', 'Columbia University', 'Columbia University', 'Columbia University', 'Microsoft', 'Columbia University']","12 December, 2022",United States,66,66
Contrastive Semi-Supervised Learning for Underwater Image Restoration via Reliable Bank,"['Shirui Huang', 'Keyan Wang', 'Huan Liu', 'Jun Chen', 'Yunsong Li']","[None, None, 'Huawei Technologies Ltd.', 'McMaster University', '']","16 March, 2023",China; Canada,,244
Adaptive Human Matting for Dynamic Videos,"['Chung-Ching Lin', 'Jiang Wang', 'Kun Luo', 'Kevin Lin', 'Linjie Li', 'Lijuan Wang', 'Zicheng Liu']","['Microsoft', 'Microsoft', 'Microsoft', 'Microsoft', 'Microsoft', 'Microsoft', 'Microsoft']",April 2023,United States,,
Hi-LASSIE: High-Fidelity Articulated Shape and Skeleton Discovery From Sparse Image Ensemble,"['Chun-Han Yao', 'Wei-Chih Hung', 'Yuanzhen Li', 'Michael Rubinstein', 'Ming-Hsuan Yang', 'Varun Jampani']","['University of California at Merced', 'Waymo', 'Massachusetts Institute of Technology', 'Google', 'University of California at Merced', 'Google Research']","21 December, 2022",United States,,
Pix2map: Cross-Modal Retrieval for Inferring Street Maps From Images,"['Xindi Wu', 'KwunFung Lau', 'Francesco Ferroni', 'Aljoša Ošep', 'Deva Ramanan']","['Princeton University', 'CMU, Carnegie Mellon University', '', 'Carnegie Mellon University', 'Carnegie Mellon University']","10 January, 2023",United States,75,3
NewsNet: A Novel Dataset for Hierarchical Temporal Segmentation,"['Haoqian Wu', 'Keyu Chen', 'Haozhe Liu', 'Mingchen Zhuge', 'Bing Li', 'Ruizhi Qiao', 'Xiujun Shu', 'Bei Gan', 'Liangsheng Xu', 'Bo Ren', 'Mengmeng Xu', 'Wentian Zhang', 'Raghavendra Ramachandra', 'Chia-Wen Lin', 'Bernard Ghanem']","['Tencent YouTu Lab', 'Tencent Youtu Lab', 'King Abdullah University of Science and Technology', 'King Abdullah University of Science and Technology', 'King Abdullah University of Science and Technology', 'Tencent Youtu Lab', 'Tencent Toutu Lab', 'Tencent YouTu Lab', 'Tencent Youtu Lab', 'Tencent Youtu Lab', 'Meta AI', 'Shenzhen University', 'Norwegian University of Science and Technology (NTNU)', 'National Tsing Hua University', 'KAUST']",Not Found,China; Saudi Arabia; Norway; Taiwan,,106
Large-Capacity and Flexible Video Steganography via Invertible Neural Network,"['Chong Mou', 'Youmin Xu', 'Jiechong Song', 'Chen Zhao', 'Bernard Ghanem', 'Jian Zhang']","['Peking University', 'Peking University', None, 'King Abdullah University of Science and Technology (KAUST)', 'KAUST', None]",April 2023,China; Saudi Arabia,3,106
PVO: Panoptic Visual Odometry,"['Weicai Ye', 'Xinyue Lan', 'Shuo Chen', 'Yuhang Ming', 'Xingyuan Yu', 'Hujun Bao', 'Zhaopeng Cui', 'Guofeng Zhang']","['Zhejiang University', 'Zhejiang University', 'Zhejiang University', None, 'Zhejiang University', 'Zhejiang University', None, 'Zhejiang University']","4 July, 2022",China,2,2
Infinite Photorealistic Worlds Using Procedural Generation,"['Alexander Raistrick', 'Lahav Lipson', 'Zeyu Ma', 'Lingjie Mei', 'Mingzhe Wang', 'Yiming Zuo', 'Karhan Kayan', 'Hongyu Wen', 'Beining Han', 'Yihan Wang', 'Alejandro Newell', 'Hei Law', 'Ankit Goyal', 'Kaiyu Yang', 'Jia Deng']","['Princeton University', 'Princeton University', 'Princeton university', 'Princeton University', 'Department of Computer Science, Princeton University', 'Princeton University', 'Princeton University', 'Princeton University', 'Department of Computer Science, Princeton University', 'Princeton University', 'Princeton University', 'Princeton University', 'NVIDIA', 'California Institute of Technology', 'Princeton University']","15 June, 2023",United States; Unknown,75,75
3D Semantic Segmentation in the Wild: Learning Generalized Models for Adverse-Condition Point Clouds,"['Aoran Xiao', 'Jiaxing Huang', 'Weihao Xuan', 'Ruijie Ren', 'Kangcheng Liu', 'Dayan Guan', 'Abdulmotaleb El Saddik', 'Shijian Lu', 'Eric P. Xing']","['Nanyang Technological University', 'Nanyang Technological University', 'Waseda University', 'Technical University of Denmark', 'Nanyang Technological University', 'Mohamed bin Zayed University of Artificial Intelligence', 'Mohamed bin Zayed University of Artificial Intelligence', 'Nanyang Technological University', 'Mohamed bin Zayed Univeristy of AI']",April 2023,Singapore; Japan; United Arab Emirates,8,
Virtual Occlusions Through Implicit Depth,"['Jamie Watson', 'Mohamed Sayed', 'Zawar Qureshi', 'Gabriel J. Brostow', 'Sara Vicente', 'Oisin Mac Aodha', 'Michael Firman']","['Niantic', 'University College London, University of London', None, 'Department of Computer Science, University College London', 'Niantic', 'University of Edinburgh', 'Niantic, Inc.']",May 2023,United Kingdom; Unknown; United States,,
Improving Zero-Shot Generalization and Robustness of Multi-Modal Models,"['Yunhao Ge', 'Jie Ren', 'Andrew Gallagher', 'Yuxiao Wang', 'Ming-Hsuan Yang', 'Hartwig Adam', 'Laurent Itti', 'Balaji Lakshminarayanan', 'Jiaping Zhao']","['University of Southern California', 'Google', 'Google', 'Google', 'University of California at Merced', 'Google Research', 'USC', 'Google Brain', 'Google']","4 December, 2022",United States,42,
StarCraftImage: A Dataset for Prototyping Spatial Reasoning Methods for Multi-Agent Environments,"['Sean Kulinski', 'Nicholas R. Waytowich', 'James Z. Hare', 'David I. Inouye']","['Purdue University', 'US Army Research Laboratory', 'University of Connecticut', 'Purdue University']",January 2024,United States,75,75
DistilPose: Tokenized Pose Regression With Heatmap Distillation,"['Suhang Ye', 'Yingyi Zhang', 'Jie Hu', 'Liujuan Cao', 'Shengchuan Zhang', 'Lei Shen', 'Jun Wang', 'Shouhong Ding', 'Rongrong Ji']","['Xiamen University', 'Tencent Youtu Lab', 'Xiamen University', 'Xiamen University', None, 'Tencent AI Lab', None, 'Tencent Youtu Lab', 'Xiamen University']","4 March, 2023",China,56,56
LayoutDiffusion: Controllable Diffusion Model for Layout-to-Image Generation,"['Guangcong Zheng', 'Xianpan Zhou', 'Xuewei Li', 'Zhongang Qi', 'Ying Shan', 'Xi Li']","[None, None, 'Zhejiang University', 'Tencent PCG ARC Lab', 'Tencent', 'Zhejiang University']","30 March, 2023",China,2,2
VectorFloorSeg: Two-Stream Graph Attention Network for Vectorized Roughcast Floorplan Segmentation,"['Bingchen Yang', 'Haiyong Jiang', 'Hao Pan', 'Jun Xiao']","['University of Academy of Sciences', 'University of the Chinese Academy of Sciences', 'Microsoft Research', 'University of Chinese Academy of Sciences']",Not Found,China; United States,,12
Progressive Transformation Learning for Leveraging Virtual Images in Training,"['Yi-Ting Shen', 'Hyungtae Lee', 'Heesung Kwon', 'Shuvra S. Bhattacharyya']","['UMD ECE', 'DEVCOM Army Research Laboratory', 'DEVCOM Army Research Laboratory', 'University of Maryland, College Park']","3 November, 2022",United States,,15
OCELOT: Overlapped Cell on Tissue Dataset for Histopathology,"['Jeongun Ryu', 'Aaron Valero Puche', 'JaeWoong Shin', 'Seonwook Park', 'Biagio Brattoli', 'Jinhee Lee', 'Wonkyung Jung', 'Soo Ick Cho', 'Kyunghyun Paeng', 'Chan-Young Ock', 'Donggeun Yoo', 'Sérgio Pereira']","['Lunit Inc.', 'Lunit Inc.', 'Lunit Inc.', 'Lunit Inc.', 'Lunit Inc.', 'Korea Advanced Institute of Science and Technology', 'Lunit Inc.', 'Lunit Inc.', 'Lunit Inc.', 'Seoul National University', 'Lunit Inc.', 'Lunit Inc.']","23 March, 2023",South Korea,,
Self-Supervised Image-to-Point Distillation via Semantically Tolerant Contrastive Loss,"['Anas Mahmoud', 'Jordan S. K. Hu', 'Tianshu Kuai', 'Ali Harakeh', 'Liam Paull', 'Steven L. Waslander']","['University of Toronto', 'Waabi Innovation Inc.', 'Department of Computer Science, University of Toronto', 'Mila - Quebec AI Institute', 'University of Montreal', 'University of Toronto']","12 January, 2023",Canada; Unknown,23,23
BlackVIP: Black-Box Visual Prompting for Robust Transfer Learning,"['Changdae Oh', 'Hyeji Hwang', 'Hee-young Lee', 'YongTaek Lim', 'Geunyoung Jung', 'Jiyoung Jung', 'Hosik Choi', 'Kyungwoo Song']","['University of Seoul', 'university of seoul', 'University of Seoul', 'University of Seoul', 'University of Seoul', 'University of Seoul', 'University of Seoul', 'Yonsei University']","26 March, 2023",South Korea,,61
Super-CLEVR: A Virtual Benchmark To Diagnose Domain Robustness in Visual Reasoning,"['Zhuowan Li', 'Xingrui Wang', 'Elias Stengel-Eskin', 'Adam Kortylewski', 'Wufei Ma', 'Benjamin Van Durme', 'Alan L. Yuille']","['Johns Hopkins University', 'University of Southern California', 'Johns Hopkins University', 'University of Freiburg &amp; MPI-INF', 'Johns Hopkins University', 'Johns Hopkins University', 'Johns Hopkins University']","30 November, 2022",United States,42,42
A-Cap: Anticipation Captioning With Commonsense Knowledge,"['Duc Minh Vo', 'Quoc-An Luong', 'Akihiro Sugimoto', 'Hideki Nakayama']","['The University of Tokyo', 'NII, Tokyo Institute of Technology', None, 'The University of Tokyo']",April 2023,Japan,85,85
NoisyTwins: Class-Consistent and Diverse Image Generation Through StyleGANs,"['Harsh Rangwani', 'Lavish Bansal', 'Kartik Sharma', 'Tejan Karmali', 'Varun Jampani', 'R. Venkatesh Babu']","[None, 'Indian Institute of Technology (BHU), Varanasi', 'Indian Institute of Science Bangalore', 'Google', 'Google Research', 'Indian Institute of Science']",April 2023,India; United States,,
Semi-Supervised Parametric Real-World Image Harmonization,"['Ke Wang', 'Michaël Gharbi', 'He Zhang', 'Zhihao Xia', 'Eli Shechtman']","['Electrical Engineering and Computer Sciences, University of California, Berkeley', 'Massachusetts Institute of Technology', 'Adobe Systems', 'Adobe Systems', 'Adobe']",March 2023,United States,20,
ALTO: Alternating Latent Topologies for Implicit 3D Reconstruction,"['Zhen Wang', 'Shijie Zhou', 'Jeong Joon Park', 'Despoina Paschalidou', 'Suya You', 'Gordon Wetzstein', 'Leonidas Guibas', 'Achuta Kadambi']","['University of California, Los Angeles', 'University of California, Los Angeles', 'Stanford University', 'Stanford', 'University of Southern California', 'Stanford University', 'Stanford University', 'UCLA']",December 2022,United States,35,
LEGO-Net: Learning Regular Rearrangements of Objects in Rooms,"['Qiuhong Anna Wei', 'Sijie Ding', 'Jeong Joon Park', 'Rahul Sajnani', 'Adrien Poulenard', 'Srinath Sridhar', 'Leonidas Guibas']","[None, None, 'Stanford University', 'Brown University', 'Stanford University', None, 'Stanford University']","23 January, 2023",United States,16,16
SinGRAF: Learning a 3D Generative Radiance Field for a Single Scene,"['Minjung Son', 'Jeong Joon Park', 'Leonidas Guibas', 'Gordon Wetzstein']","[None, 'Stanford University', 'Stanford University', 'Stanford University']","30 November, 2022",United States,16,16
Camouflaged Instance Segmentation via Explicit De-Camouflaging,"['Naisong Luo', 'Yuwen Pan', 'Rui Sun', 'Tianzhu Zhang', 'Zhiwei Xiong', 'Feng Wu']","['University of Science and Technology of China', 'University of Science and Technology of China', 'University of Science and Technology of China', 'University of Science and Technology of China, Tsinghua University', None, 'University of Science and Technology of China']",Not Found,China,,
DualRel: Semi-Supervised Mitochondria Segmentation From a Prototype Perspective,"['Huayu Mai', 'Rui Sun', 'Tianzhu Zhang', 'Zhiwei Xiong', 'Feng Wu']","['University of Science and Technology of China', 'University of Science and Technology of China', 'University of Science and Technology of China, Tsinghua University', None, 'University of Science and Technology of China']",Not Found,China,,
Rethinking the Correlation in Few-Shot Segmentation: A Buoys View,"['Yuan Wang', 'Rui Sun', 'Tianzhu Zhang']","['University of Science and Technology of China', 'University of Science and Technology of China', 'University of Science and Technology of China, Tsinghua University']",Not Found,China,,1
Proposal-Based Multiple Instance Learning for Weakly-Supervised Temporal Action Localization,"['Huan Ren', 'Wenfei Yang', 'Tianzhu Zhang', 'Yongdong Zhang']","['University of Science and Technology of China', 'University of Science and Technology of China', 'University of Science and Technology of China, Tsinghua University', 'University of Science and Technology of China']",May 2023,China,,
Dynamic Generative Targeted Attacks With Pattern Injection,"['Weiwei Feng', 'Nanqing Xu', 'Tianzhu Zhang', 'Yongdong Zhang']","['University of Science and Technology of China', 'USTC', 'University of Science and Technology of China, Tsinghua University', 'University of Science and Technology of China']",Not Found,China,,
SCOOP: Self-Supervised Correspondence and Optimization-Based Scene Flow,"['Itai Lang', 'Dror Aiger', 'Forrester Cole', 'Shai Avidan', 'Michael Rubinstein']","['University of Chicago & Tel Aviv University', 'Google', 'Google', 'Tel-Aviv University', 'Google']","25 November, 2022",United States; Israel,71,
Sound to Visual Scene Generation by Audio-to-Visual Latent Alignment,"['Kim Sung-Bin', 'Arda Senocak', 'Hyunwoo Ha', 'Andrew Owens', 'Tae-Hyun Oh']","[None, 'KAIST', 'POSTECH', 'University of Michigan', None]",March 2023,South Korea; United States,8,29
AVFace: Towards Detailed Audio-Visual 4D Face Reconstruction,"['Aggelina Chatziagapi', 'Dimitris Samaras']","['Stony Brook University', 'Stony Brook University']","25 April, 2023",United States,56,56
Towards Compositional Adversarial Robustness: Generalizing Adversarial Training to Composite Semantic Perturbations,"['Lei Hsiung', 'Yun-Yun Tsai', 'Pin-Yu Chen', 'Tsung-Yi Ho']","['National Tsing Hua University', 'Columbia University', None, 'Department of Computer Science and Engineering, The Chinese University of Hong Kong']","8 February, 2022",Taiwan; United States; Hong Kong,358,26
How to Backdoor Diffusion Models?,"['Sheng-Yen Chou', 'Pin-Yu Chen', 'Tsung-Yi Ho']","['The Chinese University of Hong Kong', None, 'Department of Computer Science and Engineering, The Chinese University of Hong Kong']",Not Found,Hong Kong,26,26
Heterogeneous Continual Learning,"['Divyam Madaan', 'Hongxu Yin', 'Wonmin Byeon', 'Jan Kautz', 'Pavlo Molchanov']","['New York University', None, 'NVIDIA', None, None]",September 2025,United States,38,
Minimizing Maximum Model Discrepancy for Transferable Black-Box Targeted Attacks,"['Anqi Zhao', 'Tong Chu', 'Yahao Liu', 'Wen Li', 'Jingjing Li', 'Lixin Duan']","['University of Electronic Science and Technology of China', 'University of Electronic Science and Technology of China', 'University of Electronic Science and Technology of China', 'University of Electronic Science and Technology of China', 'University of Electronic Science and Technology of China', 'University of Electronic Science and Technology of China']",December 2022,China,,
DyNCA: Real-Time Dynamic Texture Synthesis Using Neural Cellular Automata,"['Ehsan Pajouheshgar', 'Yitao Xu', 'Tong Zhang', 'Sabine Süsstrunk']","['EPFL', 'EPFL - EPF Lausanne', 'EPFL', None]","21 November, 2022",Switzerland,49,49
Learning Correspondence Uncertainty via Differentiable Nonlinear Least Squares,"['Dominik Muhle', 'Lukas Koestler', 'Krishna Murthy Jatavallabhula', 'Daniel Cremers']","['Technical University of Munich', 'Technical University Munich', 'Massachusetts Institute of Technology', 'Technical University Munich']","16 May, 2023",Germany; United States,,
Novel Class Discovery for 3D Point Cloud Semantic Segmentation,"['Luigi Riz', 'Cristiano Saltori', 'Elisa Ricci', 'Fabio Poiesi']","['Fondazione Bruno Kessler', 'University of Trento', 'University of Trento', 'Fondazione Bruno Kessler']",March 2023,Italy,,
Safe Latent Diffusion: Mitigating Inappropriate Degeneration in Diffusion Models,"['Patrick Schramowski', 'Manuel Brack', 'Björn Deiseroth', 'Kristian Kersting']","['TU Darmstadt', 'Technische Universität Darmstadt', 'Technische Universität Darmstadt', 'TU Darmstadt']","9 November, 2022",Germany,100,100
Generative Bias for Robust Visual Question Answering,"['Jae Won Cho', 'Dong-Jin Kim', 'Hyeonggon Ryu', 'In So Kweon']","['Korea Advanced Institute of Science and Technology', 'Hanyang University', 'KAIST', 'Korea Advanced Institute of Science and Technology']","1 August, 2022",South Korea,,
DF-Platter: Multi-Face Heterogeneous Deepfake Dataset,"['Kartik Narayan', 'Harsh Agarwal', 'Kartik Thakral', 'Surbhi Mittal', 'Mayank Vatsa', 'Richa Singh']","['IIT Jodhpur', 'Indian Institute of Technology Jodhpur', 'Indian Institute of Technology Jodhpur', 'IIT Jodhpur', 'IIT Jodhpur', 'IIT Jodhpur']",Not Found,India,244,244
"Scalable, Detailed and Mask-Free Universal Photometric Stereo",['Satoshi Ikehata'],"['NII, Tokyo Institute of Technology']",March 2023,,,
Scaling Language-Image Pre-Training via Masking,"['Yanghao Li', 'Haoqi Fan', 'Ronghang Hu', 'Christoph Feichtenhofer', 'Kaiming He']","['Facebook', 'Facebook AI Research', 'Meta AI', 'Facebook', 'Facebook AI Research']","1 December, 2022",United States,,
TempSAL – Uncovering Temporal Information for Deep Saliency Prediction,"['Bahar Aydemir', 'Ludo Hoffstetter', 'Tong Zhang', 'Mathieu Salzmann', 'Sabine Süsstrunk']","['EPFL - EPF Lausanne', 'EPFL - EPF Lausanne', 'EPFL', 'EPFL', None]","5 January, 2023",Switzerland,49,49
Spatiotemporal Self-Supervised Learning for Point Clouds in the Wild,"['Yanhao Wu', 'Tong Zhang', 'Wei Ke', 'Sabine Süsstrunk', 'Mathieu Salzmann']","[""Xi'an Jiaotong University"", 'EPFL', ""Xi'an Jiaotong University"", None, 'EPFL']",March 2023,China; Switzerland,66,49
LOGO: A Long-Form Video Dataset for Group Action Quality Assessment,"['Shiyi Zhang', 'Wenxun Dai', 'Sujia Wang', 'Xiangwei Shen', 'Jiwen Lu', 'Jie Zhou', 'Yansong Tang']","[None, 'Tsinghua University, Tsinghua University', '', 'Tsinghua University, Tsinghua University', 'Tsinghua University', None, '']",April 2024,China,1,1
Learning Compact Representations for LiDAR Completion and Generation,"['Yuwen Xiong', 'Wei-Chiu Ma', 'Jingkang Wang', 'Raquel Urtasun']","['University of Toronto', 'Waabi AI', 'University of Toronto', 'Waabi']",November 2023,Canada,23,
Divide and Conquer: Answering Questions With Object Factorization and Compositional Reasoning,"['Shi Chen', 'Qi Zhao']","[None, 'University of Minnesota, Minneapolis']",March 2023,United States,126,126
StyleRF: Zero-Shot 3D Style Transfer of Neural Radiance Fields,"['Kunhao Liu', 'Fangneng Zhan', 'Yiwen Chen', 'Jiahui Zhang', 'Yingchen Yu', 'Abdulmotaleb El Saddik', 'Shijian Lu', 'Eric P. Xing']","[None, None, 'Nanyang Technological University', None, None, 'Mohamed bin Zayed University of Artificial Intelligence', 'Nanyang Technological University', 'Mohamed bin Zayed Univeristy of AI']","19 March, 2023",Singapore; United Arab Emirates,8,
Conditional Generation of Audio From Video via Foley Analogies,"['Yuexi Du', 'Ziyang Chen', 'Justin Salamon', 'Bryan Russell', 'Andrew Owens']","['Yale University', 'University of Michigan', 'Adobe Research', 'Adobe Research', 'University of Michigan']",April 2023,United States,146,29
Learning Semantic Relationship Among Instances for Image-Text Matching,"['Zheren Fu', 'Zhendong Mao', 'Yan Song', 'Yongdong Zhang']","['University of Science and Technology of China', None, 'University of Science and Technology of China', 'University of Science and Technology of China']",Not Found,China,,
Shepherding Slots to Objects: Towards Stable and Robust Object-Centric Learning,"['Jinwoo Kim', 'Janghyuk Choi', 'Ho-Jin Choi', 'Seon Joo Kim']","['Yonsei University', 'KAIST', 'KAIST', 'Yonsei University']",March 2023,South Korea,61,61
Unsupervised Continual Semantic Adaptation Through Neural Rendering,"['Zhizheng Liu', 'Francesco Milano', 'Jonas Frey', 'Roland Siegwart', 'Hermann Blum', 'Cesar Cadena']","['ETH Zurich', None, 'ETHZ - ETH Zurich', 'Swiss Federal Institute of Technology', 'Computer Vision and Geometry Lab, ETH Zürich', 'ETH Zurich']","25 November, 2022",Switzerland,31,31
OrienterNet: Visual Localization in 2D Public Maps With Neural Matching,"['Paul-Edouard Sarlin', 'Daniel DeTone', 'Tsun-Yi Yang', 'Armen Avetisyan', 'Julian Straub', 'Tomasz Malisiewicz', 'Samuel Rota Bulò', 'Richard Newcombe', 'Peter Kontschieder', 'Vasileios Balntas']","['ETH Zurich', 'Facebook', 'Facebook', 'Meta Reality Labs', 'Meta Reality Labs Research', 'Facebook', 'Meta', 'Department of Computer Science', 'Meta', 'Facebook Reality Labs']",April 2023,Switzerland; United States; Unknown,31,
CASP-Net: Rethinking Video Saliency Prediction From an Audio-Visual Consistency Perceptual Perspective,"['Junwen Xiong', 'Ganglai Wang', 'Peng Zhang', 'Wei Huang', 'Yufei Zha', 'Guangtao Zhai']","['Northwestern Polytechnical University', ""Northwest Polytechnical University Xi'an"", ""Northwest Polytechnical University Xi'an"", 'Nanchang University', 'Northwestern Polytechinical University', 'Shanghai Jiao Tong University']",Not Found,China,,5
OpenGait: Revisiting Gait Recognition Towards Better Practicality,"['Chao Fan', 'Junhao Liang', 'Chuanfu Shen', 'Saihui Hou', 'Yongzhen Huang', 'Shiqi Yu']","[None, 'Southern University of Science and Technology', 'HKU & SUSTech', 'Beijing Normal University', 'Beijing Normal University', 'Southern University of Science and Technology']","12 November, 2022",China,,
LidarGait: Benchmarking 3D Gait Recognition With Point Clouds,"['Chuanfu Shen', 'Chao Fan', 'Wei Wu', 'Rui Wang', 'George Q. Huang', 'Shiqi Yu']","['HKU & SUSTech', None, 'Southern University of Science and Technology', 'Southern University of Science and Technology', 'University of Hong Kong', 'Southern University of Science and Technology']","19 November, 2022",China; Hong Kong,100,
OneFormer: One Transformer To Rule Universal Image Segmentation,"['Jitesh Jain', 'Jiachen Li', 'Mang Tik Chiu', 'Ali Hassani', 'Nikita Orlov', 'Humphrey Shi']","['Indian Institution Technology Roorkee', 'University of Illinois, Urbana-Champaign', 'University of Illinois, Urbana Champaign', 'University of Oregon', 'Moscow Institute Physics and Technology', 'U of Oregon | UIUC | PAIR']","10 November, 2022",United States,,
Graph Transformer GANs for Graph-Constrained House Generation,"['Hao Tang', 'Zhenyu Zhang', 'Humphrey Shi', 'Bo Li', 'Ling Shao', 'Nicu Sebe', 'Radu Timofte', 'Luc Van Gool']","['ETH Zurich', None, 'U of Oregon | UIUC | PAIR', 'Tencent Youtu Lab', 'Inception Institute of Artificial Intelligence', 'University of Trento', 'University of Würzburg', 'ETH Zurich']",March 2023,Switzerland; China; Italy; Germany,31,31
Text-Guided Unsupervised Latent Transformation for Multi-Attribute Image Manipulation,"['Xiwen Wei', 'Zhen Xu', 'Cheng Liu', 'Si Wu', 'Zhiwen Yu', 'Hau San Wong']","['South China University of Technology', 'South China University of Technology', 'Shantou University', 'South China University of Technology', 'South China University of Technology', 'City University of Hong Kong']",Not Found,China; Hong Kong,486,46
A Unified Knowledge Distillation Framework for Deep Directed Graphical Models,"['Yizhuo Chen', 'Kaizhao Liang', 'Zhe Zeng', 'Shuochao Yao', 'Huajie Shao']","['Department of Computer Science, University of Illinois Urbana-Champaign', 'SambaNova Systems, Inc', 'University of California, Los Angeles', 'George Mason University', 'College of William and Mary']",Not Found,Unknown; United States,,200
GANHead: Towards Generative Animatable Neural Head Avatars,"['Sijing Wu', 'Yichao Yan', 'Yunhao Li', 'Yuhao Cheng', 'Wenhan Zhu', 'Ke Gao', 'Xiaobo Li', 'Guangtao Zhai']","['Shanghai Jiaotong University', 'Shanghai Jiao Tong University', 'Shanghai Jiao Tong University', 'Shanghai Jiaotong University', None, 'Alibaba Group', 'Alibaba Group', 'Shanghai Jiao Tong University']",April 2023,China,,5
MD-VQA: Multi-Dimensional Quality Assessment for UGC Live Videos,"['Zicheng Zhang', 'Wei Wu', 'Wei Sun', 'Danyang Tu', 'Wei Lu', 'Xiongkuo Min', 'Ying Chen', 'Guangtao Zhai']","['Shanghai Jiaotong University', 'Alibaba Group', 'Shanghai Jiaotong University', 'Shanghai Jiao Tong University', 'Shanghai Jiaotong University', 'Shanghai Jiao Tong University', 'Alibaba Group', 'Shanghai Jiao Tong University']","27 March, 2023",China,,5
Blind Image Quality Assessment via Vision-Language Correspondence: A Multitask Learning Perspective,"['Weixia Zhang', 'Guangtao Zhai', 'Ying Wei', 'Xiaokang Yang', 'Kede Ma']","['Shanghai Jiao Tong University', 'Shanghai Jiao Tong University', 'City University of Hong Kong', 'Shanghai Jiao Tong University, China', 'City University of Hong Kong']",March 2023,China; Hong Kong,5,46
Real-Time Neural Light Field on Mobile Devices,"['Junli Cao', 'Huan Wang', 'Pavlo Chemerys', 'Vladislav Shakhrai', 'Ju Hu', 'Yun Fu', 'Denys Makoviichuk', 'Sergey Tulyakov', 'Jian Ren']","['Snap, Inc.', 'Northeastern University', 'Snap Inc.', 'Snap Inc.', 'Snap Inc.', 'Northeastern University', 'Snap Inc.', 'Snap Inc.', 'Snap Inc.']","15 December, 2022",United States,,
Unsupervised Volumetric Animation,"['Aliaksandr Siarohin', 'Willi Menapace', 'Ivan Skorokhodov', 'Kyle Olszewski', 'Jian Ren', 'Hsin-Ying Lee', 'Menglei Chai', 'Sergey Tulyakov']","['Snap Inc.', 'University of Trento', 'KAUST', 'Snap Inc.', 'Snap Inc.', 'Snap Inc.', 'Google', 'Snap Inc.']",January 2023,United States; Italy; Saudi Arabia,,
Make-a-Story: Visual Memory Conditioned Consistent Story Generation,"['Tanzila Rahman', 'Hsin-Ying Lee', 'Jian Ren', 'Sergey Tulyakov', 'Shweta Mahajan', 'Leonid Sigal']","['University of British Columbia', 'Snap Inc.', 'Snap Inc.', 'Snap Inc.', 'University of British Columbia', 'University Of British Columbia']","23 November, 2022",Canada; United States,75,75
Unknown Sniffer for Object Detection: Don’t Turn a Blind Eye to Unknown Objects,"['Wenteng Liang', 'Feng Xue', 'Yihao Liu', 'Guofeng Zhong', 'Anlong Ming']","['Beijing University of Posts and Telecommunications', 'Beijing University of Posts and Telecommunications', 'Beijing University of Posts and Telecommunications', 'Chongqing University of Post and Telecommunications', 'Beijing University of Posts and Telecommunications']",Not Found,China,,
CF-Font: Content Fusion for Few-Shot Font Generation,"['Chi Wang', 'Min Zhou', 'Tiezheng Ge', 'Yuning Jiang', 'Hujun Bao', 'Weiwei Xu']","[None, 'Beijing University of Aeronautics and Astronautics', 'Alibaba Group', 'University of Science and Technology of China, Tsinghua University', 'Zhejiang University', 'Zhejiang University']","24 March, 2023",China,,2
Combining Implicit-Explicit View Correlation for Light Field Semantic Segmentation,"['Ruixuan Cong', 'Da Yang', 'Rongshan Chen', 'Sizhe Wang', 'Zhenglong Cui', 'Hao Sheng']","['', 'Beihang University', 'Beijing University of Aeronautics and Astronautics', ""Xi'an Jiaotong University"", 'Beijing University of Aeronautics and Astronautics', '']",Not Found,China,49,
Local Connectivity-Based Density Estimation for Face Clustering,"['Junho Shin', 'Hyo-Jun Lee', 'Hyunseop Kim', 'Jong-Hyeon Baek', 'Daehyun Kim', 'Yeong Jun Koh']","['Chungnam National University', 'ChungNam National university', 'Chungnam National University', 'Chungnam National University', 'Chungnam National University', 'Chungnam National University']",Not Found,,,
BAAM: Monocular 3D Pose and Shape Reconstruction With Bi-Contextual Attention Module and Attention-Guided Modeling,"['Hyo-Jun Lee', 'Hanul Kim', 'Su-Min Choi', 'Seong-Gyun Jeong', 'Yeong Jun Koh']","['ChungNam National university', 'Seoul National University of Science and Technology', 'Chungnam National University', '42dot.ai', 'Chungnam National University']",Not Found,South Korea,,
Autonomous Manipulation Learning for Similar Deformable Objects via Only One Demonstration,"['Yu Ren', 'Ronghan Chen', 'Yang Cong']","[None, None, 'Chinese Academy of Sciences']",Not Found,China,12,12
Efficient Loss Function by Minimizing the Detrimental Effect of Floating-Point Errors on Gradient-Based Attacks,"['Yunrui Yu', 'Cheng-Zhong Xu']","['UM', 'University of Macau']",Not Found,United States; Macau,66,114
Efficient RGB-T Tracking via Cross-Modality Distillation,"['Tianlu Zhang', 'Hongyuan Guo', 'Qiang Jiao', 'Qiang Zhang', 'Jungong Han']","['XiDian University', ""Xi'an University of Electronic Science and Technology"", 'Xidian University', 'Xidian Univesity', 'Aberystwyth University']",Not Found,China; United Kingdom,114,486
Fair Federated Medical Image Segmentation via Client Contribution Estimation,"['Meirui Jiang', 'Holger R. Roth', 'Wenqi Li', 'Dong Yang', 'Can Zhao', 'Vishwesh Nath', 'Daguang Xu', 'Qi Dou', 'Ziyue Xu']","['The Chinese University of Hong Kong', 'NVIDIA', 'Nvidia', 'NVIDIA', 'NVIDIA', 'NVIDIA', 'NVIDIA', 'The Chinese University of Hong Kong', 'NVIDIA']",March 2023,Hong Kong; United States,26,
Revisiting Temporal Modeling for CLIP-Based Image-to-Video Knowledge Transferring,"['Ruyang Liu', 'Jingjia Huang', 'Ge Li', 'Jiashi Feng', 'Xinglong Wu', 'Thomas H. Li']","['Peking University', 'ByteDance Inc.', 'Peking University Shenzhen Graduate School', 'ByteDance', 'Jilin University', 'AIIT, Peking University']",January 2023,China,3,3
Turning a CLIP Model Into a Scene Text Detector,"['Wenwen Yu', 'Yuliang Liu', 'Wei Hua', 'Deqiang Jiang', 'Bo Ren', 'Xiang Bai']","['Huazhong University of Science and Technology', 'Huazhong University of Science and Technology', 'Huazhong University of Science and Technology', 'Tencent YouTu Lab', 'Tencent Youtu Lab', 'Huazhong University of Science and Technology']","28 February, 2023",China,,
Canonical Fields: Self-Supervised Learning of Pose-Canonicalized Neural Fields,"['Rohith Agaram', 'Shaurya Dewan', 'Rahul Sajnani', 'Adrien Poulenard', 'Madhava Krishna', 'Srinath Sridhar']","[None, 'International Institute of Information Technology, Hyderabad, International Institute of Information Technology Hyderabad', 'Brown University', 'Stanford University', 'IIIT Hyderabad', None]","5 December, 2022",India; United States,,222
BUOL: A Bottom-Up Framework With Occupancy-Aware Lifting for Panoptic 3D Scene Reconstruction From a Single Image,"['Tao Chu', 'Pan Zhang', 'Qiong Liu', 'Jiaqi Wang']","['South China University of Technology', 'Shanghai Artificial Intelligence Laboratory', 'South China University of Technology', 'Shanghai AI Laboratory']","1 June, 2023",China,486,
Cloud-Device Collaborative Adaptation to Continual Changing Environments in the Real-World,"['Yulu Gan', 'Mingjie Pan', 'Rongyu Zhang', 'Zijian Ling', 'Lingran Zhao', 'Jiaming Liu', 'Shanghang Zhang']","['Peking University', 'Peking University', 'The Chinese University of Hong Kong, Shenzhen', 'Imperial College London', 'Peking University', 'Peking University', 'Peking University']",December 2022,China; Hong Kong; United Kingdom,3,3
Implicit Diffusion Models for Continuous Super-Resolution,"['Sicheng Gao', 'Xuhui Liu', 'Bohan Zeng', 'Sheng Xu', 'Yanjing Li', 'Xiaoyan Luo', 'Jianzhuang Liu', 'Xiantong Zhen', 'Baochang Zhang']","[None, 'Beihang University', 'Beijing University of Aeronautics and Astronautics', 'Beihang University', 'Beihang University', 'Beihang University', 'Huawei Technologies Ltd.', 'University of Amsterdam', 'Beihang University']","29 March, 2023",China; Netherlands,49,49
AttriCLIP: A Non-Incremental Learner for Incremental Knowledge Learning,"['Runqi Wang', 'Xiaoyue Duan', 'Guoliang Kang', 'Jianzhuang Liu', 'Shaohui Lin', 'Songcen Xu', 'Jinhu Lü', 'Baochang Zhang']","['Beihang University', 'Beihang University', 'Beihang University', 'Huawei Technologies Ltd.', 'East China Normal University', ""Huawei Noah's Ark Lab"", 'Beihang University', 'Beihang University']","19 May, 2023",China,49,49
SmartAssign: Learning a Smart Knowledge Assignment Strategy for Deraining and Desnowing,"['Yinglong Wang', 'Chao Ma', 'Jianzhuang Liu']","['Huawei Technologies Ltd.', 'Shanghai Jiao Tong University', 'Huawei Technologies Ltd.']",Not Found,China,,
Actionlet-Dependent Contrastive Learning for Unsupervised Skeleton-Based Action Recognition,"['Lilang Lin', 'Jiahang Zhang', 'Jiaying Liu']","['Peking University', 'Peking University', 'Peking University']","20 March, 2023",China,3,3
Multiclass Confidence and Localization Calibration for Object Detection,"['Bimsara Pathiraja', 'Malitha Gunawardhana', 'Muhammad Haris Khan']","[None, 'Mohamed bin Zayed University of Artificial Intelligence', None]",June 2023,United Arab Emirates,,
Long-Term Visual Localization With Mobile Sensors,"['Shen Yan', 'Yu Liu', 'Long Wang', 'Zehong Shen', 'Zhen Peng', 'Haomin Liu', 'Maojun Zhang', 'Guofeng Zhang', 'Xiaowei Zhou']","['National University of Defense Technology', 'National University of Defense Technology', 'Sensetime', 'Zhejiang University', 'Sensetime', 'Sensetime', 'National University of Defense Technology', 'Zhejiang University', None]",April 2023,China,,2
Efficient and Explicit Modelling of Image Hierarchies for Image Restoration,"['Yawei Li', 'Yuchen Fan', 'Xiaoyu Xiang', 'Denis Demandolx', 'Rakesh Ranjan', 'Radu Timofte', 'Luc Van Gool']","['ETH Zurich', 'Facebook', 'Meta', 'Meta', '', 'University of Würzburg', 'ETH Zurich']","1 March, 2023",Switzerland; United States; Germany,31,31
Bidirectional Copy-Paste for Semi-Supervised Medical Image Segmentation,"['Yunhao Bai', 'Duowen Chen', 'Qingli Li', 'Wei Shen', 'Yan Wang']","['', 'East China Normal University', 'East China Normal University', None, 'East China Normal University']",April 2025,China,200,200
Class Balanced Adaptive Pseudo Labeling for Federated Semi-Supervised Learning,"['Ming Li', 'Qingli Li', 'Yan Wang']","['East China Normal University', 'East China Normal University', 'East China Normal University']",Not Found,China,200,200
AutoRecon: Automated 3D Object Discovery and Reconstruction,"['Yuang Wang', 'Xingyi He', 'Sida Peng', 'Haotong Lin', 'Hujun Bao', 'Xiaowei Zhou']","[None, 'Zhejiang University', None, None, 'Zhejiang University', None]",May 2023,China,2,2
PiMAE: Point Cloud and Image Interactive Masked Autoencoders for 3D Object Detection,"['Anthony Chen', 'Kevin Zhang', 'Renrui Zhang', 'Zihan Wang', 'Yuheng Lu', 'Yandong Guo', 'Shanghang Zhang']","['Peking University', 'Peking University', 'MMLab of CUHK &amp;amp;amp; Shanghai AI Laboratory', 'Beijing University of Aeronautics and Astronautics', 'Peking University', 'OPPO Research Institute', 'Peking University']",March 2023,China; Finland,3,3
Open-Vocabulary Point-Cloud Object Detection Without 3D Annotation,"['Yuheng Lu', 'Chenfeng Xu', 'Xiaobao Wei', 'Xiaodong Xie', 'Masayoshi Tomizuka', 'Kurt Keutzer', 'Shanghang Zhang']","['Peking University', 'University of California Berkeley', 'Beijing University of Aeronautics and Astronautics', 'Peking University', 'University of California, Berkeley', 'EECS, UC Berkeley', 'Peking University']","3 April, 2023",China; United States,3,3
TensoIR: Tensorial Inverse Rendering,"['Haian Jin', 'Isabella Liu', 'Peijia Xu', 'Xiaoshuai Zhang', 'Songfang Han', 'Sai Bi', 'Xiaowei Zhou', 'Zexiang Xu', 'Hao Su']","['Zhejiang University', 'UC San Diego', 'University of Florida', 'UC San Diego', 'University of California, San Diego', 'Adobe Systems', None, 'Adobe Research', 'UCSD']","24 April, 2023",China; United States,2,
Look Around for Anomalies: Weakly-Supervised Anomaly Detection via Context-Motion Relational Learning,"['MyeongAh Cho', 'Minjung Kim', 'Sangwon Hwang', 'Chaewon Park', 'Kyungjae Lee', 'Sangyoun Lee']","['Yonsei university', 'Yonsei University', 'Autonomous Driving Center, Hyundai Motor Company R&D Division', 'Yonsei University', 'Yong In University', 'Yonsei University']",Not Found,South Korea,61,61
RepMode: Learning to Re-Parameterize Diverse Experts for Subcellular Structure Prediction,"['Donghao Zhou', 'Chunbin Gu', 'Junde Xu', 'Furui Liu', 'Qiong Wang', 'Guangyong Chen', 'Pheng-Ann Heng']","['Shenzhen Institute of Advanced Technology, Chinese Academy of Sciences', 'Zhejiang University', 'University of the Chinese Academy of Sciences', None, 'Shenzhen Institutes of Advanced Technology, Chinese Academy of Sciences, Chinese Academy of Sciences', 'Zhejiang Lab', 'The Chinese University of Hong Kong']","20 December, 2022",China; Hong Kong,12,26
NeUDF: Leaning Neural Unsigned Distance Fields With Volume Rendering,"['Yu-Tao Liu', 'Li Wang', 'Jie Yang', 'Weikai Chen', 'Xiaoxu Meng', 'Bo Yang', 'Lin Gao']","[None, ', Chinese Academy of Sciences', 'Institute of Computing Technology, Chinese Academy of Sciences', 'Tencent America', 'Tencent', 'Tencent America', None]",April 2023,China,12,
NeAT: Learning Neural Implicit Surfaces With Arbitrary Topologies From Multi-View Images,"['Xiaoxu Meng', 'Weikai Chen', 'Bo Yang']","['Tencent', 'Tencent America', 'Tencent America']",March 2023,China,,
On the Convergence of IRLS and Its Variants in Outlier-Robust Estimation,"['Liangzu Peng', 'Christian Kümmerle', 'René Vidal']","['Johns Hopkins University', 'University of North Carolina at Charlotte', 'Amazon']",Not Found,United States,42,
Metadata-Based RAW Reconstruction via Implicit Neural Functions,"['Leyi Li', 'Huijie Qiao', 'Qi Ye', 'Qinmin Yang']","['', 'Institute of Zoology, Chinese Academy of Science', 'Zhejiang University', 'Zhejiang University']",Not Found,China,,2
Adaptive Patch Deformation for Textureless-Resilient Multi-View Stereo,"['Yuesong Wang', 'Zhaojie Zeng', 'Tao Guan', 'Wei Yang', 'Zhuo Chen', 'Wenkai Liu', 'Luoyuan Xu', 'Yawei Luo']","[None, 'Huazhong University of Science and Technology', 'Huazhong University of Science and Technology', 'Huazhong University of Science and Technology', 'Huazhong University of Science and Technology', 'Huazhong University of Science and Technology', 'Huazhong University of Science and Technology', 'Zhejiang University, Tsinghua University']",Not Found,China,,1
RobustNeRF: Ignoring Distractors With Robust Losses,"['Sara Sabour', 'Suhani Vora', 'Daniel Duckworth', 'Ivan Krasin', 'David J. Fleet', 'Andrea Tagliasacchi']","['Google', 'Google', 'Google', 'Google Research', 'University of Toronto & Google Brain', 'Simon Fraser University, Google Brain']","1 February, 2023",United States; Canada,,106
DiffCollage: Parallel Generation of Large Content With Diffusion Models,"['Qinsheng Zhang', 'Jiaming Song', 'Xun Huang', 'Yongxin Chen', 'Ming-Yu Liu']","['Georgia Institute of Technology', 'NVIDIA', 'NVIDIA', 'Georgia Institute of Technology', 'NVIDIA']",March 2023,United States,18,
Point Cloud Forecasting as a Proxy for 4D Occupancy Forecasting,"['Tarasha Khurana', 'Peiyun Hu', 'David Held', 'Deva Ramanan']","['Carnegie Mellon University', 'Apple', 'Carnegie Mellon University', 'Carnegie Mellon University']","25 February, 2023",United States,3,3
Improving Cross-Modal Retrieval With Set of Diverse Embeddings,"['Dongwon Kim', 'Namyup Kim', 'Suha Kwak']","['POSTECH', 'POSTECH', 'POSTECH']","30 November, 2022",South Korea,88,88
PointCMP: Contrastive Mask Prediction for Self-Supervised Learning on Point Cloud Videos,"['Zhiqiang Shen', 'Xiaoxiao Sheng', 'Longguang Wang', 'Yulan Guo', 'Qiong Liu', 'Xi Zhou']","['Shanghai Jiao Tong University', 'Shanghai Jiao Tong University', 'National University of Defense Technology', 'SUN YAT-SEN UNIVERSITY', 'Cloudwalk', 'cloudwalk']",May 2023,China,5,
3D Human Pose Estimation With Spatio-Temporal Criss-Cross Attention,"['Zhenhua Tang', 'Zhaofan Qiu', 'Yanbin Hao', 'Richang Hong', 'Ting Yao']","[None, 'University of Science and Technology of China', '', 'Hefei University of Technology', 'JD AI Research']",Not Found,China,,
Mapping Degeneration Meets Label Evolution: Learning Infrared Small Target Detection With Single Point Supervision,"['Xinyi Ying', 'Li Liu', 'Yingqian Wang', 'Ruojing Li', 'Nuo Chen', 'Zaiping Lin', 'Weidong Sheng', 'Shilin Zhou']","['National University of Defence Technology', 'University of Oulu', None, 'National University of Defense Technology', 'National University of Defense Technology', 'National University of Defense Technology', 'National University of Defense Technology', 'National University of Defense Technology']","3 April, 2023",China,,
Object Pop-Up: Can We Infer 3D Objects and Their Poses From Human Interactions Alone?,"['Ilya A. Petrov', 'Riccardo Marin', 'Julian Chibane', 'Gerard Pons-Moll']","['', 'Eberhard-Karls-Universität Tübingen', 'Saarland Informatics Campus, Max-Planck Institute', 'University of Tübingen']",Not Found,Germany,,138
Real-Time Controllable Denoising for Image and Video,"['Zhaoyang Zhang', 'Yitong Jiang', 'Wenqi Shao', 'Xiaogang Wang', 'Ping Luo', 'Kaimo Lin', 'Jinwei Gu']","['The Chinese University of Hong Kong', '', 'The Chinese University of Hong Kong', 'The Chinese University of Hong Kong', 'The University of Hong Kong', 'national university of singaore, National University of Singapore', 'The Chinese University of Hong Kong']",March 2023,Hong Kong; Singapore,26,26
Probabilistic Debiasing of Scene Graphs,"['Bashirul Azam Biswas', 'Qiang Ji']","[None, 'Rensselaer Polytechnic Institute']","11 November, 2022",United States,222,222
Weak-Shot Object Detection Through Mutual Knowledge Transfer,"['Xuanyi Du', 'Weitao Wan', 'Chong Sun', 'Chen Li']","['Tencent', 'Tencent Inc.', 'WeChat AI', 'Tencent']",Not Found,China,,
Beyond Appearance: A Semantic Controllable Self-Supervised Learning Framework for Human-Centric Visual Tasks,"['Weihua Chen', 'Xianzhe Xu', 'Jian Jia', 'Hao Luo', 'Yaohua Wang', 'Fan Wang', 'Rong Jin', 'Xiuyu Sun']","['Alibaba Group', 'Alibaba Group', 'Alibaba Group', 'Alibaba Group', 'Alibaba Group', 'Alibaba Group', 'Alibaba Group', 'Alibaba Group']",March 2023,,,
Recurrence Without Recurrence: Stable Video Landmark Detection With Deep Equilibrium Models,"['Paul Micaelli', 'Arash Vahdat', 'Hongxu Yin', 'Jan Kautz', 'Pavlo Molchanov']","['University of Edinburgh', 'NVIDIA Research', None, None, None]",April 2023,United Kingdom; United States,42,
SPIn-NeRF: Multiview Segmentation and Perceptual Inpainting With Neural Radiance Fields,"['Ashkan Mirzaei', 'Tristan Aumentado-Armstrong', 'Kosta Derpanis', 'Jonathan Kelly', 'Marcus A. Brubaker', 'Igor Gilitschenski', 'Alex Levinshtein']","[None, 'Department of Computer Science, University of Toronto', 'York University/Samsung', 'Toronto University', 'Samsung AI', 'University of Toronto', 'Samsung']","22 November, 2022",Unknown; Canada; South Korea,23,
DeepMAD: Mathematical Architecture Design for Deep Convolutional Neural Network,"['Xuan Shen', 'Yaohua Wang', 'Ming Lin', 'Yilun Huang', 'Hao Tang', 'Xiuyu Sun', 'Yanzhi Wang']","['Northeastern University', 'Alibaba Group', 'Amazon', 'Alibaba Group', 'ETH Zurich', 'Alibaba Group', 'Northeastern University']","5 March, 2023",United States; Switzerland,35,35
CutMIB: Boosting Light Field Super-Resolution via Multi-View Image Blending,"['Zeyu Xiao', 'Yutong Liu', 'Ruisheng Gao', 'Zhiwei Xiong']","[None, 'University of Science and Technology of China', 'University of Science and Technology of China', None]",Not Found,China,,
Adaptive Channel Sparsity for Federated Learning Under System Heterogeneity,"['Dongping Liao', 'Xitong Gao', 'Yiren Zhao', 'Cheng-Zhong Xu']","['University of Macau', 'Shenzhen Institutes of Advanced Technology, Chinese Academy of Sciences', 'Imperial College London', 'University of Macau']",Not Found,Macau; China; United Kingdom,114,114
Uncertainty-Aware Optimal Transport for Semantically Coherent Out-of-Distribution Detection,"['Fan Lu', 'Kai Zhu', 'Wei Zhai', 'Kecheng Zheng', 'Yang Cao']","['ustc', 'University of Science and Technology of China', 'University of Science and Technology of China', 'Ant Group', 'University of Science and Technology of China']","18 March, 2023",China,11,
ScaleFL: Resource-Adaptive Federated Learning With Heterogeneous Clients,"['Fatih Ilhan', 'Gong Su', 'Ling Liu']","['Georgia Institute of Technology', 'IBM, International Business Machines', 'Georgia Institute of Technology']",Not Found,United States,18,18
NVTC: Nonlinear Vector Transform Coding,"['Runsen Feng', 'Zongyu Guo', 'Weiping Li', 'Zhibo Chen']","['University of Science and Technology of China', 'University of Science and Technology of China', 'University of Science and Technology of China', 'University of Science and Technology of China']",May 2023,China,,
Slimmable Dataset Condensation,"['Songhua Liu', 'Jingwen Ye', 'Runpeng Yu', 'Xinchao Wang']","[None, 'National University of Singapore', None, 'National University of Singapore']",Not Found,Singapore,12,12
HRDFuse: Monocular 360° Depth Estimation by Collaboratively Learning Holistic-With-Regional Depth Distributions,"['Hao Ai', 'Zidong Cao', 'Yan-Pei Cao', 'Ying Shan', 'Lin Wang']","['The Hong Kong University of Science and Technology (Guangzhou Campus)', 'Hong Kong University of Science and Technology', 'Tencent ARC Lab', 'Tencent', 'Hong Kong University of Science and Technology']","21 March, 2023",Hong Kong; China,,
Exploring Intra-Class Variation Factors With Learnable Cluster Prompts for Semi-Supervised Image Synthesis,"['Yunfei Zhang', 'Xiaoyang Huo', 'Tianyi Chen', 'Si Wu', 'Hau San Wong']","['', 'South China University of Technology', 'Nanyang Technological University', 'South China University of Technology', 'City University of Hong Kong']",Not Found,China; Singapore; Hong Kong,486,46
MetaCLUE: Towards Comprehensive Visual Metaphors Research,"['Arjun R. Akula', 'Brendan Driscoll', 'Pradyumna Narayana', 'Soravit Changpinyo', 'Zhiwei Jia', 'Suyash Damle', 'Garima Pruthi', 'Sugato Basu', 'Leonidas Guibas', 'William Freeman', 'Yuanzhen Li', 'Varun Jampani']","['Google', 'University of Michigan - Ann Arbor', 'Google', 'Google Research', 'University of California, San Diego', 'Google', 'Indian Institute of Technology, Guwahati', 'Google', 'Stanford University', 'MIT and Google', 'Massachusetts Institute of Technology', 'Google Research']","19 December, 2022",United States; India,,
Unsupervised 3D Shape Reconstruction by Part Retrieval and Assembly,"['Xianghao Xu', 'Paul Guerrero', 'Matthew Fisher', 'Siddhartha Chaudhuri', 'Daniel Ritchie']","['Brown University', 'Adobe Systems', 'Adobe Research', 'Adobe Systems', 'Brown University']",March 2023,United States,88,88
Event-Based Video Frame Interpolation With Cross-Modal Asymmetric Bidirectional Motion Fields,"['Taewoo Kim', 'Yujeong Chae', 'Hyun-Kurl Jang', 'Kuk-Jin Yoon']","['', 'KAIST', None, None]",February 2025,South Korea,8,8
Weakly Supervised Semantic Segmentation via Adversarial Learning of Classifier and Reconstructor,"['Hyeokjun Kweon', 'Sung-Hoon Yoon', 'Kuk-Jin Yoon']","[None, None, None]",Not Found,,,
Cross-Guided Optimization of Radiance Fields With Multi-View Image Super-Resolution for High-Resolution Novel View Synthesis,"['Youngho Yoon', 'Kuk-Jin Yoon']","[None, None]",Not Found,,,
Reconstructing Animatable Categories From Videos,"['Gengshan Yang', 'Chaoyang Wang', 'N. Dinesh Reddy', 'Deva Ramanan']","['School of Computer Science, Carnegie Mellon University', 'School of Computer Science, Carnegie Mellon University', 'Carnegie Mellon University', 'Carnegie Mellon University']",May 2023,United States,3,3
Removing Objects From Neural Radiance Fields,"['Silvan Weder', 'Guillermo Garcia-Hernando', 'Áron Monszpart', 'Marc Pollefeys', 'Gabriel J. Brostow', 'Michael Firman', 'Sara Vicente']","['Swiss Federal Institute of Technology', 'Niantic', 'Niantic Inc.', None, 'Department of Computer Science, University College London', 'Niantic, Inc.', 'Niantic']","17 May, 2023",Unknown; United Kingdom; United States,,
Planning-Oriented Autonomous Driving,"['Yihan Hu', 'Jiazhi Yang', 'Li Chen', 'Keyu Li', 'Chonghao Sima', 'Xizhou Zhu', 'Siqi Chai', 'Senyao Du', 'Tianwei Lin', 'Wenhai Wang', 'Lewei Lu', 'Xiaosong Jia', 'Qiang Liu', 'Jifeng Dai', 'Yu Qiao', 'Hongyang Li']","['University of California, San Diego', 'Shanghai AI Laboratory', 'Shanghai AI Laboratory', ""Xi'an University of Electronic Science and Technology"", 'Shanghai AI Lab', 'Shanghai AI Laboratory', 'CMU, Carnegie Mellon University', 'Horizon Robotics', 'Horizon Robotics', 'Shanghai AI Laboratory', 'SenseTime', 'Shanghai Jiao Tong University', None, 'Tsinghua University, Tsinghua University', 'Shanghai Aritifcal Intelligence Laboratory', None]",March 2024,United States; China,12,
BEDLAM: A Synthetic Dataset of Bodies Exhibiting Detailed Lifelike Animated Motion,"['Michael J. Black', 'Priyanka Patel', 'Joachim Tesch', 'Jinlong Yang']","['University of Tübingen', 'Max-Planck Institute', 'Max Planck Institute for Intelligent Systems', 'Google']",June 2023,Germany; United States,138,
Detecting Backdoors in Pre-Trained Encoders,"['Shiwei Feng', 'Guanhong Tao', 'Siyuan Cheng', 'Guangyu Shen', 'Xiangzhe Xu', 'Yingqi Liu', 'Kaiyuan Zhang', 'Shiqing Ma', 'Xiangyu Zhang']","['Purdue University, West Lafayette', 'Purdue University', 'Purdue University', 'Purdue University', 'Purdue University', 'Microsoft', 'Computer Science, Purdue University', 'Rutgers University', ', Purdue University']",March 2023,United States,75,75
Data-Efficient Large Scale Place Recognition With Graded Similarity Supervision,"['María Leyva-Vallina', 'Nicola Strisciuglio', 'Nicolai Petkov']","['University of Groningen', 'University of Twente', 'University of Groningen']","21 March, 2023",Netherlands,292,292
Back to the Source: Diffusion-Driven Adaptation To Test-Time Corruption,"['Jin Gao', 'Jialing Zhang', 'Xihui Liu', 'Trevor Darrell', 'Evan Shelhamer', 'Dequan Wang']","['Shanghai Jiaotong University', 'Shanghai Jiaotong University', 'The University of Hong Kong', 'Electrical Engineering & Computer Science Department', 'DeepMind', 'Shanghai Jiao Tong University']",Not Found,China; Hong Kong,,5
Where Is My Wallet? Modeling Object Proposal Sets for Egocentric Visual Query Localization,"['Mengmeng Xu', 'Yanghao Li', 'Cheng-Yang Fu', 'Bernard Ghanem', 'Tao Xiang', 'Juan-Manuel Pérez-Rúa']","['Meta AI', 'Facebook', 'Facebook', 'KAUST', 'University of Surrey', 'Meta AI']",Not Found,United States; Saudi Arabia; United Kingdom,,
VisFusion: Visibility-Aware Online 3D Scene Reconstruction From Videos,"['Huiyu Gao', 'Wei Mao', 'Miaomiao Liu']","['Australian National University', 'Australian National University', 'Australian National University']",April 2023,Australia,88,88
CoMFormer: Continual Learning in Semantic and Panoptic Segmentation,"['Fabio Cermelli', 'Matthieu Cord', 'Arthur Douillard']","['Politecnico di Torino', None, 'DeepMind']",November 2022,Italy,,
NeMo: Learning 3D Neural Motion Fields From Multiple Video Instances of the Same Action,"['Kuan-Chieh Wang', 'Zhenzhen Weng', 'Maria Xenochristou', 'João Pedro Araújo', 'Jeffrey Gu', 'Karen Liu', 'Serena Yeung']","['Stanford University', 'Stanford University', 'Stanford University', 'Computer Science Department, Stanford University', 'Stanford University', 'Computer Science Department, Stanford University', 'Stanford']",Not Found,United States,16,16
Seeing Beyond the Brain: Conditional Diffusion Model With Sparse Masked Modeling for Vision Decoding,"['Zijiao Chen', 'Jiaxin Qing', 'Tiange Xiang', 'Wan Lin Yue', 'Juan Helen Zhou']","['', 'The Chinese University of Hong Kong', 'Stanford University', 'National University of Singapore', 'National University of Singapore']","13 November, 2022",Hong Kong; United States; Singapore,26,12
Boosting Video Object Segmentation via Space-Time Correspondence Learning,"['Yurong Zhang', 'Liulei Li', 'Wenguan Wang', 'Rong Xie', 'Li Song', 'Wenjun Zhang']","['Shanghai Jiao Tong University', 'Zhejiang University', 'Zhejiang University', 'Shanghai Jiaotong University', 'Shanghai Jiao Tong University', 'Shanghai Jiaotong University']",April 2023,China,5,
Exploring and Utilizing Pattern Imbalance,"['Shibin Mei', 'Chenglong Zhao', 'Shengchao Yuan', 'Bingbing Ni']","[None, 'Shanghai Jiao Tong University', 'Shanghai Jiaotong University', 'Shanghai Jiao Tong University']",Not Found,China,5,5
TransFlow: Transformer As Flow Learner,"['Yawen Lu', 'Qifan Wang', 'Siqi Ma', 'Tong Geng', 'Yingjie Victor Chen', 'Huaijin Chen', 'Dongfang Liu']","['Purdue University;           Rochester Institute of Tech', 'Meta AI', 'Westlake.edu.cn', 'University of Rochester', 'Purdue University', 'Vayu Robotics', 'Rochester Institute of Technology']",April 2023,United States,75,75
Detecting and Grounding Multi-Modal Media Manipulation,"['Rui Shao', 'Tianxing Wu', 'Ziwei Liu']","['Harbin Institute of Technology', 'Nanyang Technological University', 'Nanyang Technological University']",June 2025,China; Singapore,23,8
Learning and Aggregating Lane Graphs for Urban Automated Driving,"['Martin Büchner', 'Jannik Zürn', 'Ion-George Todoran', 'Abhinav Valada', 'Wolfram Burgard']","['Albert-Ludwigs-Universität Freiburg', None, 'Woven Planet', 'Universität Freiburg', 'University of Technology Nuremberg']","13 February, 2023",,,
"ULIP: Learning a Unified Representation of Language, Images, and Point Clouds for 3D Understanding","['Le Xue', 'Mingfei Gao', 'Chen Xing', 'Roberto Martín-Martín', 'Jiajun Wu', 'Caiming Xiong', 'Ran Xu', 'Juan Carlos Niebles', 'Silvio Savarese']","[None, 'Apple', 'SalesForce.com', 'University of Texas at Austin', 'Stanford University', 'Salesforce Research', 'SalesForce.com', 'Salesforce Research', 'Salesforce']","9 December, 2022",United States,,
FeatER: An Efficient Network for Human Reconstruction via Feature Map-Based TransformER,"['Ce Zheng', 'Matias Mendieta', 'Taojiannan Yang', 'Guo-Jun Qi', 'Chen Chen']","['University of Central Florida', 'University of Central Florida', 'University of Central Florida', 'University of Central Florida', '']","30 May, 2022",United States,49,49
Text2Scene: Text-Driven Indoor Scene Stylization With Part-Aware Details,"['Inwoo Hwang', 'Hyeonwoo Kim', 'Young Min Kim']","['Seoul National University', 'Seoul National University', 'Seoul National University']",August 2023,South Korea,20,20
GANmouflage: 3D Object Nondetection With Texture Fields,"['Rui Guo', 'Jasmine Collins', 'Oscar de Lima', 'Andrew Owens']","['University of Michigan - Ann Arbor', 'University of California Berkeley', 'University of Michigan - Ann Arbor', 'University of Michigan']","18 January, 2022",United States,29,29
Vision Transformer With Super Token Sampling,"['Huaibo Huang', 'Xiaoqiang Zhou', 'Jie Cao', 'Ran He', 'Tieniu Tan']","[None, 'University of Science and Technology of China', None, None, ' Institute of automation, Chinese academy of science']","20 November, 2022",China,,
Reproducible Scaling Laws for Contrastive Language-Image Learning,"['Mehdi Cherti', 'Romain Beaumont', 'Ross Wightman', 'Mitchell Wortsman', 'Gabriel Ilharco', 'Cade Gordon', 'Christoph Schuhmann', 'Ludwig Schmidt', 'Jenia Jitsev']","['Forschungszentrum Jülich (FZJ), Jülich Supercomputing Centre (JSC)', 'LIMSI-CNRS / Université Paris-Sud', 'Simon Fraser University', 'University of Washington, Seattle', 'Department of Computer Science, University of Washington', 'University of California, Berkeley', 'Universität Vienna', 'University of Washington', 'Juelich Supercomputing Center, Research Center Juelich; LAION']","14 December, 2022",France,,
Interactive Segmentation of Radiance Fields,"['Rahul Goel', 'Dhawal Sirikonda', 'Saurabh Saini', 'P. J. Narayanan']","['IIIT Hyderabad', 'International Institute of Information Technology Hyderabad', 'International Institute of Information Technology Hyderabad', 'IIIT Hyderabad']",August 2023,India,222,222
V2X-Seq: A Large-Scale Sequential Dataset for Vehicle-Infrastructure Cooperative Perception and Forecasting,"['Haibao Yu', 'Wenxian Yang', 'Hongzhi Ruan', 'Zhenwei Yang', 'Yingjuan Tang', 'Xu Gao', 'Xin Hao', 'Yifeng Shi', 'Yifeng Pan', 'Ning Sun', 'Juan Song', 'Jirui Yuan', 'Ping Luo', 'Zaiqing Nie']","['University of Hong Kong', 'Tsinghua University, Tsinghua University', 'University of Chinese Academy of Sciences', 'University of Science and Technology Beijing', 'Beijing Institute of Technology', 'Baidu', 'Beijing Institute of Technology', 'Baidu', 'Baidu', 'BCAVT', 'China Software Testing Center', 'Tsinghua University, Tsinghua University', 'The University of Hong Kong', 'Tsinghua University, Tsinghua University']",May 2023,Hong Kong; China,26,1
GeoMAE: Masked Geometric Target Prediction for Self-Supervised Point Cloud Pre-Training,"['Xiaoyu Tian', 'Haoxi Ran', 'Yue Wang', 'Hang Zhao']","['School of Software, Tsinghua University', 'Carnegie Mellon University', 'Massachusetts Institute of Technology', 'Tsinghua University']",May 2023,China; United States,1,1
GP-VTON: Towards General Purpose Virtual Try-On via Collaborative Local-Flow Global-Parsing Learning,"['Zhenyu Xie', 'Zaiyu Huang', 'Xin Dong', 'Fuwei Zhao', 'Haoye Dong', 'Xijin Zhang', 'Feida Zhu', 'Xiaodan Liang']","['SUN YAT-SEN UNIVERSITY', 'SUN YAT-SEN UNIVERSITY', 'Tsinghua University, Tsinghua University', 'SUN YAT-SEN UNIVERSITY', 'Carnegie Mellon University', 'Tsinghua University, Tsinghua University', 'ByteDance', 'Sun Yat-sen University']",March 2023,China; United States,29,29
One-Shot High-Fidelity Talking-Head Synthesis With Deformable Neural Radiance Field,"['Weichuang Li', 'Longhao Zhang', 'Dong Wang', 'Bin Zhao', 'Zhigang Wang', 'Mulin Chen', 'Bang Zhang', 'Zhongjian Wang', 'Liefeng Bo', 'Xuelong Li']","['Shanghai AI Laboratory', 'Alibaba Group', 'Shanghai AI Laboratory', ""Northwest Polytechnical University Xi'an"", 'Shanghai AI  Lab', ""Northwest Polytechnical University Xi'an"", 'Alibaba Group', None, 'University of Washington', 'Northwestern Polytechnical University']",April 2023,China; United States,,
LSTFE-Net:Long Short-Term Feature Enhancement Network for Video Small Object Detection,"['Jinsheng Xiao', 'Yuanxu Wu', 'Yunhua Chen', 'Shurui Wang', 'Zhongyuan Wang', 'Jiayi Ma']","['Wuhan University', 'Wuhan University', 'Guangdong University of Technology', 'Wuhan University', 'Wuhan University', 'Wuhan University']",Not Found,China,31,31
Decoupled Multimodal Distilling for Emotion Recognition,"['Yong Li', 'Yuanzhi Wang', 'Zhen Cui']","['School of Computer Science and Engineering, Nanjing University of Science and Technology', 'Nanjing University of Science and Technology', 'Nanjing University of Science and Technology']",March 2023,China,6,6
Discrete Point-Wise Attack Is Not Enough: Generalized Manifold Adversarial Attack for Face Recognition,"['Qian Li', 'Yuxiao Hu', 'Ye Liu', 'Dongxiao Zhang', 'Xin Jin', 'Yuntian Chen']","['Dalian University of Technology', None, 'Shanghai Jiaotong University', 'Eastern Institute for Advanced Study', 'Eastern Institute for Advanced Study', 'Eastern Institute for Advanced Study']","18 December, 2022",China,,
Towards All-in-One Pre-Training via Maximizing Multi-Modal Mutual Information,"['Weijie Su', 'Xizhou Zhu', 'Chenxin Tao', 'Lewei Lu', 'Bin Li', 'Gao Huang', 'Yu Qiao', 'Xiaogang Wang', 'Jie Zhou', 'Jifeng Dai']","['University of Science and Technology of China', 'Shanghai AI Laboratory', 'Tsinghua University, Tsinghua University', 'SenseTime', 'University of Science and Technology of China', 'Tsinghua University, Tsinghua University', 'Shanghai Aritifcal Intelligence Laboratory', 'The Chinese University of Hong Kong', None, 'Tsinghua University, Tsinghua University']","17 November, 2022",China; Hong Kong,,1
Bi-Directional Distribution Alignment for Transductive Zero-Shot Learning,"['Zhicai Wang', 'Yanbin Hao', 'Tingting Mu', 'Ouxiang Li', 'Shuo Wang', 'Xiangnan He']","['', '', 'University of Manchester', 'University of Science and Technology of China', None, 'University of Science and Technology of China']","15 March, 2023",United Kingdom; China,146,
AGAIN: Adversarial Training With Attribution Span Enlargement and Hybrid Feature Fusion,"['Shenglin Yin', 'Kelu Yao', 'Sheng Shi', 'Yangzhou Du', 'Zhen Xiao']","[None, ', Chinese Academy of Sciences', ""Northwest University Xi'an"", 'Lenovo', 'Peking University']",Not Found,China,12,3
Promoting Semantic Connectivity: Dual Nearest Neighbors Contrastive Learning for Unsupervised Domain Generalization,"['Yuchen Liu', 'Yaoming Wang', 'Yabo Chen', 'Wenrui Dai', 'Chenglin Li', 'Junni Zou', 'Hongkai Xiong']","[None, None, 'Shanghai Jiaotong University', 'Shanghai Jiao Tong University', 'Shanghai Jiao Tong University', 'Shanghai Jiao Tong University', 'Shanghai Jiao Tong University']",Not Found,China,,5
Generalized Relation Modeling for Transformer Tracking,"['Shenyuan Gao', 'Chunluan Zhou', 'Jun Zhang']","[None, 'Wormpex AI Research', 'The Hong Kong University of Science and Technology']","29 March, 2023",,,
3D Video Object Detection With Learnable Object-Centric Global Optimization,"['Jiawei He', 'Yuntao Chen', 'Naiyan Wang', 'Zhaoxiang Zhang']","['Institute of automation, Chinese Academy of Sciences', 'CAIR, HKISI, CAS', 'The Hong Kong University of Science and Technology', 'Institute of automation, Chinese academy of science, Chinese Academy of Sciences']",March 2023,China; Egypt; United States,12,12
Flexible-Cm GAN: Towards Precise 3D Dose Prediction in Radiotherapy,"['Riqiang Gao', 'Bin Lou', 'Zhoubing Xu', 'Dorin Comaniciu', 'Ali Kamen']","['Siemens Healthineers', 'Siemens Healthineers', 'Siemens Healthineers', 'Siemens Healthineers', 'Siemens Healthineers']",Not Found,,,
CR-FIQA: Face Image Quality Assessment by Learning Sample Relative Classifiability,"['Fadi Boutros', 'Meiling Fang', 'Marcel Klemt', 'Biying Fu', 'Naser Damer']","['Fraunhofer Institute for Computer Graphics Research', 'Fraunhofer IGD', 'Fraunhofer Institute for Computer Graphics Research IGD', 'Fraunhofer IGD', 'Fraunhofer Institute for Computer Graphics Research IGD']","13 December, 2021",,,
Exploiting Completeness and Uncertainty of Pseudo Labels for Weakly Supervised Video Anomaly Detection,"['Chen Zhang', 'Guorong Li', 'Yuankai Qi', 'Shuhui Wang', 'Laiyun Qing', 'Qingming Huang', 'Ming-Hsuan Yang']","[None, 'University of Chinese Academy of Sciences', 'The University of Adelaide', 'Institute of Computing Technology, Chinese Academy of Sciences', 'University of the Chinese Academy of Sciences', 'University of Chinese Academy of Sciences', 'University of California at Merced']",December 2022,China; Australia,12,
Deep Dive Into Gradients: Better Optimization for 3D Object Detection With Gradient-Corrected IoU Supervision,"['Qi Ming', 'Lingjuan Miao', 'Zhe Ma', 'Lin Zhao', 'Zhiqiang Zhou', 'Xuhui Huang', 'Yuanpei Chen', 'Yufei Guo']","['Beijing Institute of Technology', 'Beijing Institute of Technology', 'Intelligent science and technology academy limited of CASIC', 'Beijing Institute of Technology', 'Beijing Institute of Technology', 'Intelligent Science and Technology Academy of CASIC', 'Baidu', 'Intelligent Science & Technology Academy of CASIC']",Not Found,China,126,
PeakConv: Learning Peak Receptive Field for Radar Semantic Segmentation,"['Liwen Zhang', 'Xinyan Zhang', 'Youcheng Zhang', 'Yufei Guo', 'Yuanpei Chen', 'Xuhui Huang', 'Zhe Ma']","['Harbin Institute of Technology', 'Harbin Institute of Technology', 'Electronic Engineering, Tsinghua University, Tsinghua University', 'Intelligent Science & Technology Academy of CASIC', 'Baidu', 'Intelligent Science and Technology Academy of CASIC', 'Intelligent science and technology academy limited of CASIC']",Not Found,China,23,
TWINS: A Fine-Tuning Framework for Improved Transferability of Adversarial Robustness and Generalization,"['Ziquan Liu', 'Yi Xu', 'Xiangyang Ji', 'Antoni B. Chan']","['UCL', 'Dalian University of Technology', 'Tsinghua University', 'City University of Hong Kong']",March 2023,China; Hong Kong,,46
Learning Video Representations From Large Language Models,"['Yue Zhao', 'Ishan Misra', 'Philipp Krähenbühl', 'Rohit Girdhar']","['UT Austin', 'Facebook', 'University of Texas at Austin', 'Meta']",December 2022,United States,,
Cut and Learn for Unsupervised Object Detection and Instance Segmentation,"['Xudong Wang', 'Rohit Girdhar', 'Stella X. Yu', 'Ishan Misra']","['Electrical Engineering & Computer Science Department, University of California Berkeley', 'Meta', None, 'Facebook']",January 2023,United States,20,
ImageBind: One Embedding Space To Bind Them All,"['Rohit Girdhar', 'Alaaeldin El-Nouby', 'Zhuang Liu', 'Mannat Singh', 'Kalyan Vasudev Alwala', 'Armand Joulin', 'Ishan Misra']","['Meta', 'University of Guelph', 'FAIR, Meta AI', 'Meta AI', 'Facebook', 'Facebook', 'Facebook']","9 May, 2023",United States; Canada,,
OmniMAE: Single Model Masked Pretraining on Images and Videos,"['Rohit Girdhar', 'Alaaeldin El-Nouby', 'Mannat Singh', 'Kalyan Vasudev Alwala', 'Armand Joulin', 'Ishan Misra']","['Meta', 'University of Guelph', 'Meta AI', 'Facebook', 'Facebook', 'Facebook']","16 June, 2022",United States; Canada,,
Universal Instance Perception As Object Discovery and Retrieval,"['Bin Yan', 'Yi Jiang', 'Jiannan Wu', 'Dong Wang', 'Ping Luo', 'Zehuan Yuan', 'Huchuan Lu']","['Dalian University of Technology', 'bytedance', 'University of Hong Kong', 'Dalian University of Technology', 'The University of Hong Kong', 'Nanjing University', 'Dalian University of Technology']","12 March, 2023",China; Hong Kong,,
GM-NeRF: Learning Generalizable Model-Based Neural Radiance Fields From Multi-View Images,"['Jianchuan Chen', 'Wentao Yi', 'Liqian Ma', 'Xu Jia', 'Huchuan Lu']","['Dalian University of Technology', 'Dalian University of Technology', 'ZMO AI', 'Dalian University of Technology', 'Dalian University of Technology']",March 2023,China,,
SeqTrack: Sequence to Sequence Learning for Visual Object Tracking,"['Xin Chen', 'Houwen Peng', 'Dong Wang', 'Huchuan Lu', 'Han Hu']","['Dalian University of Technology', 'Microsoft Research', 'Dalian University of Technology', 'Dalian University of Technology', 'Microsft Research Asia']",Not Found,China; United States,,
ARKitTrack: A New Diverse Dataset for Tracking Using Mobile RGB-D Data,"['Haojie Zhao', 'Junsong Chen', 'Lijun Wang', 'Huchuan Lu']","[None, 'Dalian University of Technology', 'Dalian University of Technology', 'Dalian University of Technology']",March 2023,China,,
Recognizability Embedding Enhancement for Very Low-Resolution Face Recognition and Quality Estimation,"['Jacky Chen Long Chai', 'Tiong-Sik Ng', 'Cheng-Yaw Low', 'Jaewoo Park', 'Andrew Beng Jin Teoh']","['Yonsei University', 'Yonsei University', 'Institute for Basic Science, South Korea', 'Yonsei University', None]",April 2023,South Korea,61,61
Common Pets in 3D: Dynamic New-View Synthesis of Real-Life Deformable Categories,"['Samarth Sinha', 'Roman Shapovalov', 'Jeremy Reizenstein', 'Ignacio Rocco', 'Natalia Neverova', 'Andrea Vedaldi', 'David Novotny']","['University of Toronto, Toronto University', 'Meta', 'The university of Warwick', 'Facebook', 'Facebook AI Research', 'University of Oxford', 'Facebook']",November 2022,Canada; United States; United Kingdom,23,
Improving Generalization of Meta-Learning With Inverted Regularization at Inner-Level,"['Lianzhe Wang', 'Shiji Zhou', 'Shanghang Zhang', 'Xu Chu', 'Heng Chang', 'Wenwu Zhu']","['Tsinghua University', 'Tsinghua-Berkeley Shenzhen Institute, Tsinghua University', 'Peking University', 'Tsinghua University, Tsinghua University', 'Tsinghua-Berkeley Shenzhen Institute', 'Tsinghua University, Tsinghua University']",Not Found,China,1,1
Visual Language Pretrained Multiple Instance Zero-Shot Transfer for Histopathology Images,"['Ming Y. Lu', 'Bowen Chen', 'Andrew Zhang', 'Drew F. K. Williamson', 'Richard J. Chen', 'Tong Ding', 'Long Phi Le', 'Yung-Sung Chuang', 'Faisal Mahmood']","['Massachusetts Institute of Technology', ""Brigham and Women's Hospital"", 'MIT', 'Massachusetts General Hospital, Harvard University', 'Harvard University', 'Harvard University', 'Massachusetts General Hospital, Harvard University', 'Massachusetts Institute of Technology', 'Harvard University']",June 2023,United States,27,88
Zero-Shot Noise2Noise: Efficient Image Denoising Without Any Data,"['Youssef Mansour', 'Reinhard Heckel']","[None, 'Technical University Munich']","20 March, 2023",,,
Egocentric Auditory Attention Localization in Conversations,"['Fiona Ryan', 'Hao Jiang', 'Abhinav Shukla', 'James M. Rehg', 'Vamsi Krishna Ithapu']","['Georgia Institute of Technology', 'Facebook', 'Facebook', 'Georgia Institute of Technology', 'Facebook Reality Labs']",March 2023,United States,18,
Therbligs in Action: Video Understanding Through Motion Primitives,"['Eadom Dessalene', 'Michael Maynord', 'Cornelia Fermüller', 'Yiannis Aloimonos']","['University of Maryland, College Park', 'University of Maryland, College Park', 'University of Maryland, College Park', 'University of Maryland, College Park']",April 2023,United States,15,15
Learning Analytical Posterior Probability for Human Mesh Recovery,"['Qi Fang', 'Kang Chen', 'Yinghui Fan', 'Qing Shuai', 'Jiefeng Li', 'Weidong Zhang']","[None, '', '', 'Zhejiang University', 'Shanghai Jiao Tong University', 'Netease Games AI Lab']",Not Found,China,2,
Vision Transformers Are Parameter-Efficient Audio-Visual Learners,"['Yan-Bo Lin', 'Yi-Lin Sung', 'Jie Lei', 'Mohit Bansal', 'Gedas Bertasius']","['University of North Carolina at Chapel Hill', 'UNC Chapel Hill', 'Meta', 'University of North Carolina at Chapel Hill', 'UNC Chapel Hill']","15 December, 2022",United States,56,
Perspective Fields for Single Image Camera Calibration,"['Linyi Jin', 'Jianming Zhang', 'Yannick Hold-Geoffroy', 'Oliver Wang', 'Kevin Blackburn-Matzen', 'Matthew Sticha', 'David F. Fouhey']","[None, 'Adobe Systems', 'Adobe Research', 'Adobe Research', 'Adobe Systems', 'University of Michigan - Ann Arbor', 'University of Michigan']","6 December, 2022",United States,,29
CoralStyleCLIP: Co-Optimized Region and Layer Selection for Image Editing,"['Ambareesh Revanur', 'Debraj Basu', 'Shradha Agrawal', 'Dhwanit Agarwal', 'Deepak Pai']","[None, 'Adobe', None, 'Adobe Systems', 'Adobe Systems']",March 2023,,,
LEMaRT: Label-Efficient Masked Region Transform for Image Harmonization,"['Sheng Liu', 'Cong Phuoc Huynh', 'Cong Chen', 'Maxim Arap', 'Raffay Hamid']","['Amazon', 'Amazon', 'Amazon', 'Amazon', 'Amazon']",April 2023,,,
Adversarial Normalization: I Can Visualize Everything (ICE),"['Hoyoung Choi', 'Seungwan Jin', 'Kyungsik Han']","['Hanyang University', 'Hanyang University', 'Hanyang University']",Not Found,South Korea,222,222
Gated Stereo: Joint Depth Estimation From Gated and Wide-Baseline Active Stereo Cues,"['Stefanie Walz', 'Mario Bijelic', 'Andrea Ramazzina', 'Amanpreet Walia', 'Fahim Mannan', 'Felix Heide']","['Mercedes-Benz AG', 'Princeton University', 'Saarland University, Universität des Saarlandes', 'Samsung Research America', '', 'Department of Computer Science, Princeton University']",May 2023,United States; Germany; Unknown,,75
Building Rearticulable Models for Arbitrary 3D Objects From 4D Point Clouds,"['Shaowei Liu', 'Saurabh Gupta', 'Shenlong Wang']","['University of Illinois at Urbana-Champaign', 'University of Illinois, Urbana Champaign', 'University of Illinois, Urbana Champaign']",June 2023,United States,7,
GazeNeRF: 3D-Aware Gaze Redirection With Neural Radiance Fields,"['Alessandro Ruzzi', 'Xiangwei Shi', 'Xi Wang', 'Gengyan Li', 'Shalini De Mello', 'Hyung Jin Chang', 'Xucong Zhang', 'Otmar Hilliges']","['Department of Computer Science, ETH Zurich', 'Delft University of Technology', '', 'ETHZ - ETH Zurich', 'NVIDIA Research', '', None, None]","8 December, 2022",Unknown; Switzerland; Netherlands; United States,31,
Disentangling Writer and Character Styles for Handwriting Generation,"['Gang Dai', 'Yifan Zhang', 'Qingfeng Wang', 'Qing Du', 'Zhuliang Yu', 'Zhuoman Liu', 'Shuangping Huang']","[None, 'National University of Singapore', 'SCUT', 'South China University of Technology', 'South China University of Technology', 'Hong Kong Polytechnic University', 'South China University of Technology']","26 March, 2023",Singapore; China; Hong Kong,12,486
MP-Former: Mask-Piloted Transformer for Image Segmentation,"['Hao Zhang', 'Feng Li', 'Huaizhe Xu', 'Shijia Huang', 'Shilong Liu', 'Lionel M. Ni', 'Lei Zhang']","['The Hong Kong University of Science and Technology', 'The Hong Kong University of Science and Technology', 'Hong Kong University of Science and Technology', 'The Chinese University of Hong Kong', 'Tsinghua University, Tsinghua University', 'The Hong Kong University of Science and Technology (Guangzhou))', 'International Digital Economy Academy (IDEA)']","13 March, 2023",Hong Kong; China,,
Lite DETR: An Interleaved Multi-Scale Encoder for Efficient DETR,"['Feng Li', 'Ailing Zeng', 'Shilong Liu', 'Hao Zhang', 'Hongyang Li', 'Lei Zhang', 'Lionel M. Ni']","['The Hong Kong University of Science and Technology', 'UCLA', 'Tsinghua University, Tsinghua University', 'The Hong Kong University of Science and Technology', 'South China University of Technology', 'International Digital Economy Academy (IDEA)', 'The Hong Kong University of Science and Technology (Guangzhou))']",March 2023,China,,
OmniCity: Omnipotent City Understanding With Multi-Level and Multi-View Images,"['Weijia Li', 'Yawen Lai', 'Linning Xu', 'Yuanbo Xiangli', 'Jinhua Yu', 'Conghui He', 'Gui-Song Xia', 'Dahua Lin']","['Sun Yat-sen University', 'Peking University', 'The Chinese University of Hong Kong', '', 'Sun Yat-sen University, school of Geospatial Engineering and Science', None, 'Wuhan University', 'The Chinese University of Hong Kong']","1 August, 2022",China; Hong Kong,29,26
YOLOv7: Trainable Bag-of-Freebies Sets New State-of-the-Art for Real-Time Object Detectors,"['Chien-Yao Wang', 'Alexey Bochkovskiy', 'Hong-Yuan Mark Liao']","['Institute of Information Science, Academia Sinica', 'Apple', 'Academia Sinica']",July 2022,,,
Learning Procedure-Aware Video Representation From Instructional Videos and Their Narrations,"['Yiwu Zhong', 'Licheng Yu', 'Yang Bai', 'Shangwen Li', 'Xueting Yan', 'Yin Li']","['University of Wisconsin, Madison', None, 'Facebook', 'Meta Platform, Inc.', 'Facebook', 'University of Wisconsin, Madison']",March 2023,United States,66,66
Affordance Grounding From Demonstration Video To Target Image,"['Joya Chen', 'Difei Gao', 'Kevin Qinghong Lin', 'Mike Zheng Shou']","['National University of Singapore', None, 'national university of singaore, National University of Singapore', '']",March 2023,Singapore,12,12
A Large-Scale Robustness Analysis of Video Action Recognition Models,"['Madeline Chantry Schiappa', 'Naman Biyani', 'Prudvi Kamtam', 'Shruti Vyas', 'Hamid Palangi', 'Vibhav Vineet', 'Yogesh S. Rawat']","['CRCV, University of Central Florida', 'Indian Institute of Technology, Kanpur, Dhirubhai Ambani Institute Of Information and Communication Technology', 'University of Central Florida', 'University of Central Florida', 'Microsoft Research', 'Microsoft', 'University of Central Florida']","4 July, 2022",United States; India,49,49
Solving 3D Inverse Problems Using Pre-Trained 2D Diffusion Models,"['Hyungjin Chung', 'Dohoon Ryu', 'Michael T. McCann', 'Marc L. Klasky', 'Jong Chul Ye']","['Korea Advanced Institute of Science and Technology', 'Korea Advanced Institute of Science & Technology', 'Los Alamos National Laboratory', 'Los Alamos National Laboratory', 'Korea Advanced Institute of Science and Technology']",November 2022,South Korea,,
Parallel Diffusion Models of Operator and Image for Blind Inverse Problems,"['Hyungjin Chung', 'Jeongsol Kim', 'Sehui Kim', 'Jong Chul Ye']","['Korea Advanced Institute of Science and Technology', 'Korea Advanced Institute of Science and Technology', 'Korea Advanced Institute of Science & Technology', 'Korea Advanced Institute of Science and Technology']",November 2022,South Korea,,
Transformer-Based Unified Recognition of Two Hands Manipulating Objects,"['Hoseong Cho', 'Chanwoo Kim', 'Jihyeon Kim', 'Seongyeong Lee', 'Elkhan Ismayilzada', 'Seungryul Baek']","[None, 'Ulsan National Institute of Science and Technology', 'Ulsan National Institute of Science and Technology', 'NCSOFT', 'Ulsan National Institute of Science and Technology', 'UNIST']",Not Found,South Korea,,185
ARO-Net: Learning Implicit Fields From Anchored Radial Observations,"['Yizhi Wang', 'Zeyu Huang', 'Ariel Shamir', 'Hui Huang', 'Hao Zhang', 'Ruizhen Hu']","['Simon Fraser University', 'Shenzhen University', 'Reichman University', 'Shenzhen University', 'Simon Fraser University', 'Shenzhen University']","19 December, 2022",Canada; China; Israel,106,75
PIVOT: Prompting for Video Continual Learning,"['Andrés Villa', 'Juan León Alcázar', 'Motasem Alfarra', 'Kumail Alhamoud', 'Julio Hurtado', 'Fabian Caba Heilbron', 'Alvaro Soto', 'Bernard Ghanem']","[None, 'King Abdullah University of Science and Technology', 'KAUST', 'King Abdullah University of Science and Technology', 'University of Pisa', 'Adobe Research', 'Universidad Católica de Chile', 'KAUST']","9 December, 2022",Saudi Arabia; Italy,,106
Rate Gradient Approximation Attack Threats Deep Spiking Neural Networks,"['Tong Bu', 'Jianhao Ding', 'Zecheng Hao', 'Zhaofei Yu']","[None, 'Peking University', 'Peking University', 'Peking University']",Not Found,China,3,3
ISBNet: A 3D Point Cloud Instance Segmentation Network With Instance-Aware Sampling and Box-Aware Dynamic Convolution,"['Tuan Duc Ngo', 'Binh-Son Hua', 'Khoi Nguyen']","['VinAI Research', 'VinAI Research', 'VinAI Research']","1 March, 2023",Vietnam,,
Object Detection With Self-Supervised Scene Adaptation,"['Zekun Zhang', 'Minh Hoai']","['Stony Brook University', 'State University of New York, Stony Brook']",Not Found,United States,56,
Megahertz Light Steering Without Moving Parts,"['Adithya Pediredla', 'Srinivasa G. Narasimhan', 'Maysamreza Chamanzar', 'Ioannis Gkioulekas']","['Dartmouth College', 'Carnegie Mellon University', 'Carnegie Mellon University', 'Carnegie Mellon University']",Not Found,United States,185,3
SurfelNeRF: Neural Surfel Radiance Fields for Online Photorealistic Reconstruction of Indoor Scenes,"['Yiming Gao', 'Yan-Pei Cao', 'Ying Shan']","['Tencent', 'Tencent ARC Lab', 'Tencent']",April 2023,China,,
Dream3D: Zero-Shot Text-to-3D Synthesis Using 3D Shape Prior and Text-to-Image Diffusion Models,"['Jiale Xu', 'Xintao Wang', 'Weihao Cheng', 'Yan-Pei Cao', 'Ying Shan', 'Xiaohu Qie', 'Shenghua Gao']","['ShanghaiTech University', 'Tencent', 'Tencent ARC', 'Tencent ARC Lab', 'Tencent', 'Tencent', None]","28 December, 2022",China,75,
ObjectMatch: Robust Registration Using Canonical Object Correspondences,"['Can Gümeli', 'Angela Dai', 'Matthias Nießner']","['', '', 'Technical University of Munich']","4 December, 2022",Germany,,
PanelNet: Understanding 360 Indoor Environment via Panel Representation,"['Haozheng Yu', 'Lu He', 'Bing Jian', 'Weiwei Feng', 'Shan Liu']","['Tencent Media Lab', 'Tencent Media Lab', 'Tencent Media Lab', 'Tencent Media Lab', 'Tencent Media Lab']",May 2023,,,
Selective Structured State-Spaces for Long-Form Video Understanding,"['Jue Wang', 'Wentao Zhu', 'Pichao Wang', 'Xiang Yu', 'Linda Liu', 'Mohamed Omar', 'Raffay Hamid']","['Amazon', 'Amazon', 'Amazon', None, 'Amazon', 'Amazon', 'Amazon']",March 2023,,,
Movies2Scenes: Using Movie Metadata To Learn Scene Representation,"['Shixing Chen', 'Chun-Hao Liu', 'Xiang Hao', 'Xiaohan Nie', 'Maxim Arap', 'Raffay Hamid']","['Amazon', 'Amazon', 'Amazon', 'Amazon', 'Amazon', 'Amazon']","21 February, 2022",,,
PMatch: Paired Masked Image Modeling for Dense Geometric Matching,"['Shengjie Zhu', 'Xiaoming Liu']","['Michigan State University', None]",March 2023,United States,114,114
TeSLA: Test-Time Self-Learning With Automatic Adversarial Augmentation,"['Devavrat Tomar', 'Guillaume Vray', 'Behzad Bozorgtabar', 'Jean-Philippe Thiran']","['EPFL', 'EPFL', 'CHUV - University Hospital Lausanne', 'Swiss Federal Institute of Technology Lausanne']",March 2023,Switzerland,49,
RIFormer: Keep Your Vision Backbone Effective but Removing Token Mixer,"['Jiahao Wang', 'Songyang Zhang', 'Yong Liu', 'Taiqiang Wu', 'Yujiu Yang', 'Xihui Liu', 'Kai Chen', 'Ping Luo', 'Dahua Lin']","['Shanghai AI Lab', 'Shanghai AI Laboratory', None, 'Tsinghua University, Tsinghua University', 'Tsinghua University', 'The University of Hong Kong', 'Shanghai AI Laboratory', 'The University of Hong Kong', 'The Chinese University of Hong Kong']",April 2023,China; Hong Kong,,26
Masked Scene Contrast: A Scalable Framework for Unsupervised 3D Representation Learning,"['Xiaoyang Wu', 'Xin Wen', 'Xihui Liu', 'Hengshuang Zhao']","['University of Hong Kong', 'The University of Hong Kong', 'The University of Hong Kong', 'The University of Hong Kong']",March 2023,Hong Kong,26,26
AdaMAE: Adaptive Masking for Efficient Spatiotemporal Learning With Masked Autoencoders,"['Wele Gedara Chaminda Bandara', 'Naman Patel', 'Ali Gholami', 'Mehdi Nikkhah', 'Motilal Agrawal', 'Vishal M. Patel']","['Johns Hopkins University', 'Zippin', 'Simon Fraser University', 'Zippin', 'University of Maryland, College Park', 'Johns Hopkins University']",November 2022,United States; Canada,42,42
3D Human Keypoints Estimation From Point Clouds in the Wild Without Human Labels,"['Zhenzhen Weng', 'Alexander S. Gorban', 'Jingwei Ji', 'Mahyar Najibi', 'Yin Zhou', 'Dragomir Anguelov']","['Stanford University', 'Waymo', 'Waymo LLC', 'Google', 'Waymo', 'Waymo']",June 2023,United States,16,
ViP3D: End-to-End Visual Trajectory Prediction via 3D Agent Queries,"['Junru Gu', 'Chenxu Hu', 'Tianyuan Zhang', 'Xuanyao Chen', 'Yilun Wang', 'Yue Wang', 'Hang Zhao']","[None, 'Tsinghua University', 'Carnegie Mellon University', 'Fudan University', 'Li Auto', 'Massachusetts Institute of Technology', 'Tsinghua University']","2 August, 2022",China; United States,1,1
SparseViT: Revisiting Activation Sparsity for Efficient High-Resolution Vision Transformer,"['Xuanyao Chen', 'Zhijian Liu', 'Haotian Tang', 'Li Yi', 'Hang Zhao', 'Song Han']","['Fudan University', 'Massachusetts Institute of Technology', 'Massachusetts Institute of Technology', '', 'Tsinghua University', 'Massachusetts Institute of Technology']",March 2023,China; United States,16,27
Neural Pixel Composition for 3D-4D View Synthesis From Multi-Views,"['Aayush Bansal', 'Michael Zollhöfer']","['School of Computer Science, Carnegie Mellon University', 'Facebook']",July 2022,United States,3,
Self-Supervised Representation Learning for CAD,"['Benjamin T. Jones', 'Michael Hu', 'Milin Kodnongbua', 'Vladimir G. Kim', 'Adriana Schulz']","['University of Washington', 'University of Washington', 'University of Washington', 'Adobe Systems', 'University of Washington']",October 2022,United States,22,22
Vision Transformers Are Good Mask Auto-Labelers,"['Shiyi Lan', 'Xitong Yang', 'Zhiding Yu', 'Zuxuan Wu', 'Jose M. Alvarez', 'Anima Anandkumar']","['NVIDIA CORPORATION', 'Meta', 'NVIDIA', 'Fudan University', 'NVIDIA', 'California Institute of Technology']",January 2023,United States; China,,185
VoxFormer: Sparse Voxel Transformer for Camera-Based 3D Semantic Scene Completion,"['Yiming Li', 'Zhiding Yu', 'Christopher Choy', 'Chaowei Xiao', 'Jose M. Alvarez', 'Sanja Fidler', 'Chen Feng', 'Anima Anandkumar']","['New York University', 'NVIDIA', 'Stanford University', 'Arizona State University', 'NVIDIA', 'Department of Computer Science, University of Toronto', 'New York University', 'California Institute of Technology']","23 February, 2023",United States; Unknown; Canada,38,185
Knowledge Distillation for 6D Pose Estimation by Aligning Distributions of Local Predictions,"['Shuxuan Guo', 'Yinlin Hu', 'Jose M. Alvarez', 'Mathieu Salzmann']","['EPFL', 'Magic Leap', 'NVIDIA', 'EPFL']","30 May, 2022",Switzerland; United States,49,49
Benchmarking Self-Supervised Learning on Diverse Pathology Datasets,"['Mingu Kang', 'Heon Song', 'Seonwook Park', 'Donggeun Yoo', 'Sérgio Pereira']","['Lunit Inc.', 'Lunit Inc.', 'Lunit Inc.', 'Lunit Inc.', 'Lunit Inc.']","9 December, 2022",,,
Learning To Fuse Monocular and Multi-View Cues for Multi-Frame Depth Estimation in Dynamic Scenes,"['Rui Li', 'Dong Gong', 'Wei Yin', 'Hao Chen', 'Yu Zhu', 'Kaixuan Wang', 'Xiaozhi Chen', 'Jinqiu Sun', 'Yanning Zhang']","[None, 'University of New South Wales', ' Shenzhen DJI Sciences and Technologies Ltd.', 'Zhejiang University', ""Northwest Polytechnical University Xi'an"", 'Hong Kong University of Science and Technology', 'DJI Innovations', ""Northwest Polytechnical University Xi'an"", 'Northwestern Polytechnical University']",April 2023,Australia; China; Hong Kong,,
VILA: Learning Image Aesthetics From User Comments With Vision-Language Pretraining,"['Junjie Ke', 'Keren Ye', 'Jiahui Yu', 'Yonghui Wu', 'Peyman Milanfar', 'Feng Yang']","[None, 'Google', 'Google Brain', ', University of California, Riverside', 'Peyman Milanfar', 'Google Research']","24 March, 2023",United States,,
Are Deep Neural Networks SMARTer Than Second Graders?,"['Anoop Cherian', 'Kuan-Chuan Peng', 'Suhas Lohit', 'Kevin A. Smith', 'Joshua B. Tenenbaum']","[None, 'Mitsubishi Electric Research Laboratories (MERL)', 'Mitsubishi Electric Research Labs', 'Massachusetts Institute of Technology', 'MIT']",Not Found,United States,,222
C-SFDA: A Curriculum Learning Aided Self-Training Framework for Efficient Source Free Domain Adaptation,"['Nazmul Karim', 'Niluthpol Chowdhury Mithun', 'Abhinav Rajvanshi', 'Han-pang Chiu', 'Supun Samarasekera', 'Nazanin Rahnavard']","['University of Central Florida', 'SRI International', 'SRI International', 'SRI International', 'SRI International', 'University of Central Florida']",March 2023,United States,49,49
Re2TAL: Rewiring Pretrained Video Backbones for Reversible Temporal Action Localization,"['Chen Zhao', 'Shuming Liu', 'Karttikeya Mangalam', 'Bernard Ghanem']","['King Abdullah University of Science and Technology (KAUST)', 'KAUST', 'University of California Berkeley', 'KAUST']",Not Found,Saudi Arabia; United States,106,106
Detecting Backdoors During the Inference Stage Based on Corruption Robustness Consistency,"['Xiaogeng Liu', 'Minghui Li', 'Haoyu Wang', 'Shengshan Hu', 'Dengpan Ye', 'Hai Jin', 'Libing Wu', 'Chaowei Xiao']","['Huazhong University of Science and Technology', 'Huazhong University of Science and Technology', 'Huazhong University of Science and Technology', 'Huazhong University of Science and Technology', 'Wuhan University', 'Huazhong University of Science and Technology', 'Wuhan University', 'Arizona State University']",March 2023,China; United States,,114
BEVHeight: A Robust Framework for Vision-Based Roadside 3D Object Detection,"['Lei Yang', 'Kaicheng Yu', 'Tao Tang', 'Jun Li', 'Kun Yuan', 'Li Wang', 'Xinyu Zhang', 'Peng Chen']","['Tsinghua University', 'Alibaba Group', 'SYSU', 'Jilin University', 'Peking University', 'Tsinghua University, Tsinghua University', None, 'Alibaba Group']","15 March, 2023",China,1,
expOSE: Accurate Initialization-Free Projective Factorization Using Exponential Regularization,"['José Pedro Iglesias', 'Amanda Nilsson', 'Carl Olsson']","[None, 'Lund University / Lund Institute of Technology', 'Lund University']",Not Found,Sweden,486,486
Unite and Conquer: Plug & Play Multi-Modal Synthesis Using Diffusion Models,"['Nithin Gopalakrishnan Nair', 'Wele Gedara Chaminda Bandara', 'Vishal M. Patel']","['Johns Hopkins University', 'Johns Hopkins University', 'Johns Hopkins University']","1 December, 2022",United States,42,42
Open-Vocabulary Attribute Detection,"['María A. Bravo', 'Sudhanshu Mittal', 'Simon Ging', 'Thomas Brox']","[None, None, 'Albert-Ludwigs-Universität Freiburg', 'University of Freiburg']",August 2025,Germany,,185
Preserving Linear Separability in Continual Learning by Backward Feature Projection,"['Qiao Gu', 'Dongsub Shim', 'Florian Shkurti']","['University of Toronto', 'LG AI Research', 'Department of Computer Science, University of Toronto']","25 March, 2023",Canada; Unknown,23,23
GINA-3D: Learning To Generate Implicit Neural Assets in the Wild,"['Bokui Shen', 'Xinchen Yan', 'Charles R. Qi', 'Mahyar Najibi', 'Boyang Deng', 'Leonidas Guibas', 'Yin Zhou', 'Dragomir Anguelov']","['Stanford University', 'Waymo Research', 'Waymo', 'Google', 'Stanford University', 'Stanford University', 'Waymo', 'Waymo']","4 April, 2023",United States,16,
Affection: Learning Affective Explanations for Real-World Visual Data,"['Panos Achlioptas', 'Maks Ovsjanikov', 'Leonidas Guibas', 'Sergey Tulyakov']","['Steel Perlot', 'Ecole Polytechnique, France', 'Stanford University', 'Snap Inc.']",October 2022,United States,,
SCADE: NeRFs from Space Carving With Ambiguity-Aware Depth Estimates,"['Mikaela Angelina Uy', 'Ricardo Martin-Brualla', 'Leonidas Guibas', 'Ke Li']","['Stanford University', 'Google', 'Stanford University', 'Simon Fraser University']",March 2023,United States; Canada,16,106
Visual Programming: Compositional Visual Reasoning Without Training,"['Tanmay Gupta', 'Aniruddha Kembhavi']","['Allen Institute for Artificial Intelligence', 'Allen Institute for Artificial Intelligence']",November 2022,,,
Multi-Realism Image Compression With a Conditional Generator,"['Eirikur Agustsson', 'David Minnen', 'George Toderici', 'Fabian Mentzer']","['Google Iceland', 'Google', 'Google', 'Google']","28 December, 2022",United States,,
Clothed Human Performance Capture With a Double-Layer Neural Radiance Fields,"['Kangkan Wang', 'Guofeng Zhang', 'Suxu Cong', 'Jian Yang']","['Nanjing University of Science and Technology', 'Zhejiang University', 'Nanjing University of Science and Technology', 'Nanjing University of Science and Technology']",Not Found,China,6,6
Learning Weather-General and Weather-Specific Features for Image Restoration Under Multiple Adverse Weather Conditions,"['Yurui Zhu', 'Tianyu Wang', 'Xueyang Fu', 'Xuanyu Yang', 'Xin Guo', 'Jifeng Dai', 'Yu Qiao', 'Xiaowei Hu']","['University of Science and Technology of China', 'The Chinese University of Hong Kong & Adobe Research', 'University of Science and Technology of China', 'Shanghai Jiaotong University', 'University of Science and Technology of China', 'Tsinghua University, Tsinghua University', 'Shanghai Aritifcal Intelligence Laboratory', 'Shanghai AI Laboratory']",Not Found,China; Hong Kong,,
H2ONet: Hand-Occlusion-and-Orientation-Aware Network for Real-Time 3D Hand Mesh Reconstruction,"['Hao Xu', 'Tianyu Wang', 'Xiao Tang', 'Chi-Wing Fu']","[None, 'The Chinese University of Hong Kong & Adobe Research', 'Department of Computer Science and Engineering, The Chinese University of Hong Kong', 'The Chinese University of Hong Kong']",Not Found,Hong Kong,26,26
Event-Based Blurry Frame Interpolation Under Blind Exposure,"['Wenming Weng', 'Yueyi Zhang', 'Zhiwei Xiong']","[None, None, None]",Not Found,,,
Achieving a Better Stability-Plasticity Trade-Off via Auxiliary Networks in Continual Learning,"['Sanghwan Kim', 'Lorenzo Noci', 'Antonio Orvieto', 'Thomas Hofmann']","['ETHZ - ETH Zurich', 'ETHZ - ETH Zurich', 'Swiss Federal Institute of Technology', 'Swiss Federal Institute of Technology']","16 March, 2023",Switzerland,31,
Re-Basin via Implicit Sinkhorn Differentiation,"['Fidel A. Guerrero Peña', 'Heitor Rapela Medeiros', 'Thomas Dubail', 'Masih Aminbeidokhti', 'Eric Granger', 'Marco Pedersoli']","['École de Technologie Supérieure', 'École de technologie supérieure, Université du Québec', 'École de technologie supérieure, Université du Québec', 'École de technologie supérieure, Université du Québec', None, 'École de technologie supérieure']",December 2022,Canada,,
Efficient Scale-Invariant Generator With Column-Row Entangled Pixel Synthesis,"['Thuan Hoang Nguyen', 'Thanh Van Le', 'Anh Tran']","['Ho Chi Minh City University of Technology', 'VinAI Research', None]","24 March, 2023",Vietnam,,
3D Video Loops From Asynchronous Input,"['Li Ma', 'Xiaoyu Li', 'Jing Liao', 'Pedro V. Sander']","[None, 'Tencent AI Lab', 'City University of Hong Kong', 'Hong Kong University of Science and Technology']","9 March, 2023",Hong Kong,,
BASiS: Batch Aligned Spectral Embedding Space,"['Or Streicher', 'Ido Cohen', 'Guy Gilboa']","['Technion - Israel Institute of Technology, Technion - Israel Institute of Technology', 'Technion - Israel Institute of Technology', None]","30 November, 2022",Israel,49,49
Temporal Interpolation Is All You Need for Dynamic Neural Radiance Fields,"['Sungheon Park', 'Minjung Son', 'Seokhwan Jang', 'Young Chun Ahn', 'Ji-Yeon Kim', 'Nahyup Kang']","[None, None, 'Samsung Advanced Institute of Technology', 'Samsung Advanced Institute of Technology', 'Samsung', 'Samsung Advanced Institute of Technology']","18 February, 2023",South Korea,,
DiGA: Distil To Generalize and Then Adapt for Domain Adaptive Semantic Segmentation,"['Fengyi Shen', 'Akhil Gurram', 'Ziyuan Liu', 'He Wang', 'Alois Knoll']","['Technische Universität München', 'Universitat Autonoma de Barcelona', 'Technische Universität München', None, 'Technical University Munich']",April 2023,,,
Open-Vocabulary Semantic Segmentation With Mask-Adapted CLIP,"['Feng Liang', 'Bichen Wu', 'Xiaoliang Dai', 'Kunpeng Li', 'Yinan Zhao', 'Hang Zhang', 'Peizhao Zhang', 'Peter Vajda', 'Diana Marculescu']","['The University of Texas at Austin', 'Facebook', 'Facebook', 'Meta', 'Facebook', 'Cruise', 'Facebook', 'Facebook', 'The University of Texas at Austin']","8 October, 2022",United States,49,49
Mask3D: Pre-Training 2D Vision Transformers by Learning Masked 3D Priors,"['Ji Hou', 'Xiaoliang Dai', 'Zijian He', 'Angela Dai', 'Matthias Nießner']","['Facebook', 'Facebook', ', University of California, Los Angeles', '', 'Technical University of Munich']",February 2023,United States; Germany,,
Privacy-Preserving Representations Are Not Enough: Recovering Scene Content From Camera Poses,"['Kunal Chelani', 'Torsten Sattler', 'Fredrik Kahl', 'Zuzana Kukelova']","[None, 'Czech Technical University in Prague', 'Chalmers University', 'Czech Technical University in Prague']",May 2023,Czech Republic,185,185
PointCert: Point Cloud Classification With Deterministic Certified Robustness Guarantees,"['Jinghuai Zhang', 'Jinyuan Jia', 'Hongbin Liu', 'Neil Zhenqiang Gong']","['Duke University', 'University of Illinois Urbana-Champaign', 'Duke University', 'Duke University']",March 2023,United States,106,106
Revealing the Dark Secrets of Masked Image Modeling,"['Zhenda Xie', 'Zigang Geng', 'Jingcheng Hu', 'Zheng Zhang', 'Han Hu', 'Yue Cao']","['Tsinghua University, Tsinghua University', 'University of Science and Technology of China', 'Tsinghua University, Tsinghua University', 'Microsoft', 'Microsft Research Asia', 'Beijing Academy of Artificial Intelligence']","26 May, 2022",China; United States,1,
Human Pose As Compositional Tokens,"['Zigang Geng', 'Chunyu Wang', 'Yixuan Wei', 'Ze Liu', 'Houqiang Li', 'Han Hu']","['University of Science and Technology of China', 'Microsoft', 'Tsinghua University, Tsinghua University', 'University of Science and Technology of China', 'University of Science and Technology of China', 'Microsft Research Asia']",March 2023,China; United States,,
Fusing Pre-Trained Language Models With Multimodal Prompts Through Reinforcement Learning,"['Youngjae Yu', 'Jiwan Chung', 'Heeseung Yun', 'Jack Hessel', 'Jae Sung Park', 'Ximing Lu', 'Rowan Zellers', 'Prithviraj Ammanabrolu', 'Ronan Le Bras', 'Gunhee Kim', 'Yejin Choi']","['Yonsei University', 'Yonsei University', 'Seoul National University', 'Allen Institute for Artificial Intelligence', 'University of Washington', 'Department of Computer Science, University of Washington', 'OpenAI', 'Allen Institute for Artificial Intelligence', 'Allen Institute for Artificial Intelligence', 'Seoul National University', 'Computer Science and Engineering, University of Washington']",Not Found,South Korea; United States; Unknown,61,22
Meta Compositional Referring Expression Segmentation,"['Li Xu', 'Mark He Huang', 'Xindi Shang', 'Zehuan Yuan', 'Ying Sun', 'Jun Liu']","['Singapore University of Technology and Design', 'Singapore University of Technology and Design (SUTD)', 'National University of Singapore', 'Nanjing University', 'I2R, A*STAR', '']","10 April, 2023",Singapore; China,,
SDC-UDA: Volumetric Unsupervised Domain Adaptation Framework for Slice-Direction Continuous Cross-Modality Medical Image Segmentation,"['Hyungseob Shin', 'Hyeongyu Kim', 'Sewon Kim', 'Yohan Jun', 'Taejoon Eo', 'Dosik Hwang']","['Yonsei University', 'Yonsei University', 'NAVER Cloud Corporation', 'Massachusetts General Hospital, Harvard Medical School', 'Yonsei University', 'Yonsei University']",May 2023,South Korea,61,61
Balanced Spherical Grid for Egocentric View Synthesis,"['Changwoon Choi', 'Sang Min Kim', 'Young Min Kim']","['Seoul National University', 'Seoul National University', 'Seoul National University']","22 March, 2023",South Korea,20,20
OvarNet: Towards Open-Vocabulary Object Attribute Recognition,"['Keyan Chen', 'Xiaolong Jiang', 'Yao Hu', 'Xu Tang', 'Yan Gao', 'Jianqi Chen', 'Weidi Xie']","[None, 'Xiaohongshu', 'Zhejiang University', 'Shanghaitech University', 'Chinese Academy of Sciences', 'Beihang University', 'Shanghai Jiaotong University']",January 2023,China,,
AutoAD: Movie Description in Context,"['Tengda Han', 'Max Bain', 'Arsha Nagrani', 'Gül Varol', 'Weidi Xie', 'Andrew Zisserman']","['University of Oxford, University of Oxford', 'VGG, University of Oxford', 'Google ', 'Ecole des Ponts ParisTech', 'Shanghai Jiaotong University', 'University of Oxford']",March 2023,United Kingdom; United States; France; China,85,85
Visual Recognition by Request,"['Chufeng Tang', 'Lingxi Xie', 'Xiaopeng Zhang', 'Xiaolin Hu', 'Qi Tian']","['Tsinghua University', 'Huawei Technologies Ltd.', 'Huawei Technologies Ltd.', 'Tsinghua University, Tsinghua University', 'Huawei Technologies Ltd.']","28 July, 2022",China,1,
Wavelet Diffusion Models Are Fast and Scalable Image Generators,"['Hao Phung', 'Quan Dao', 'Anh Tran']","['VinAI', 'Monash University', None]","29 November, 2022",Australia,,38
HOLODIFFUSION: Training a 3D Diffusion Model Using 2D Images,"['Animesh Karnewar', 'Andrea Vedaldi', 'David Novotny', 'Niloy J. Mitra']","['University College London, University of London', 'University of Oxford', 'Facebook', 'University College London']","29 March, 2023",United Kingdom; United States,88,88
TopDiG: Class-Agnostic Topological Directional Graph Extraction From Remote Sensing Images,"['Bingnan Yang', 'Mi Zhang', 'Zhan Zhang', 'Zhili Zhang', 'Xiangyun Hu']","['Wuhan University', 'Wuhan University', 'Wuhan University', 'Wuhan University', 'Wuhan University']",Not Found,China,31,31
Progressive Backdoor Erasing via Connecting Backdoor and Adversarial Attacks,"['Bingxu Mu', 'Zhenxing Niu', 'Le Wang', 'Xue Wang', 'Qiguang Miao', 'Rong Jin', 'Gang Hua']","[None, ""Xi'an University"", ""Xi'an Jiaotong University"", 'Pennsylvania State University', 'Xidian University', 'Alibaba Group', 'Wormpex AI Research']","13 February, 2022",China; United States,,
Normalizing Flow Based Feature Synthesis for Outlier-Aware Object Detection,"['Nishant Kumar', 'Siniša Šegvić', 'Abouzar Eslami', 'Stefan Gumhold']","['TU Dresden', 'UniZg-FER', 'Technische Universität München', 'TU Dresden']","1 February, 2023",Germany,222,222
Side Adapter Network for Open-Vocabulary Semantic Segmentation,"['Mengde Xu', 'Zheng Zhang', 'Fangyun Wei', 'Han Hu', 'Xiang Bai']","[None, 'Microsoft', None, 'Microsft Research Asia', 'Huazhong University of Science and Technology']","23 February, 2023",United States; China,,
TOPLight: Lightweight Neural Networks With Task-Oriented Pretraining for Visible-Infrared Recognition,"['Hao Yu', 'Xu Cheng', 'Wei Peng']","['Nanjing University of Information Science and Technology', 'Nanjing University of Information Science and Technology', 'Stanford University']",Not Found,China; United States,6,16
PIP-Net: Patch-Based Intuitive Prototypes for Interpretable Image Classification,"['Meike Nauta', 'Jörg Schlötterer', 'Maurice van Keulen', 'Christin Seifert']","['University of Twente', 'University of Duisburg-Essen', 'University of Twente', 'University of Duisburg-Essen']",Not Found,Netherlands; Germany,292,358
Blemish-Aware and Progressive Face Retouching With Limited Paired Data,"['Lianxin Xie', 'Wen Xue', 'Zhen Xu', 'Si Wu', 'Zhiwen Yu', 'Hau San Wong']","['South China University of Technology', 'South China University of Technology', 'South China University of Technology', 'South China University of Technology', 'South China University of Technology', 'City University of Hong Kong']",Not Found,China; Hong Kong,486,46
Self-Guided Diffusion Models,"['Vincent Tao Hu', 'David W. Zhang', 'Yuki M. Asano', 'Gertjan J. Burghouts', 'Cees G. M. Snoek']","[None, None, 'University of Amsterdam', 'TNO', 'University of Amsterdam']",October 2025,Netherlands,66,66
Leveraging Temporal Context in Low Representational Power Regimes,"['Camilo L. Fosco', 'SouYoung Jin', 'Emilie Josephs', 'Aude Oliva']","['MIT', 'Dartmouth College', 'Massachusetts Institute of Technology', 'Massachusetts Institute of Technology']",Not Found,United States,222,27
Multi-Granularity Archaeological Dating of Chinese Bronze Dings Based on a Knowledge-Guided Relation Graph,"['Rixin Zhou', 'Jiafu Wei', 'Qian Zhang', 'Ruihua Qi', 'Xi Yang', 'Chuntao Li']","['Jilin University', 'Jilin University', 'Jilin University', 'Jilin University', 'Jilin University', 'Jilin University']","27 March, 2023",China,114,114
Depth Estimation From Indoor Panoramas With Neural Scene Representation,"['Wenjie Chang', 'Yueyi Zhang', 'Zhiwei Xiong']","[None, None, None]",Not Found,,,
Progressive Spatio-Temporal Alignment for Efficient Event-Based Motion Estimation,"['Xueyan Huang', 'Yueyi Zhang', 'Zhiwei Xiong']","['University of Science and Technology of China', None, None]",Not Found,China,,
Learning Expressive Prompting With Residuals for Vision Transformers,"['Rajshekhar Das', 'Yonatan Dukler', 'Avinash Ravichandran', 'Ashwin Swaminathan']","['Carnegie Mellon University', 'AWS AI', 'Cruise', 'University of Maryland, College Park']",March 2023,United States,3,15
Sharpness-Aware Gradient Matching for Domain Generalization,"['Pengfei Wang', 'Zhaoxiang Zhang', 'Zhen Lei', 'Lei Zhang']","[None, 'Institute of automation, Chinese academy of science, Chinese Academy of Sciences', 'Institute of Automation,  Chinese Academy of Sciences', 'The Hong Kong Polytechnic University']",March 2023,China; Hong Kong,12,56
UV Volumes for Real-Time Rendering of Editable Free-View Human Performance,"['Yue Chen', 'Xuan Wang', 'Xingyu Chen', 'Qi Zhang', 'Xiaoyu Li', 'Yu Guo', 'Jue Wang', 'Fei Wang']","[""Xi'an Jiaotong University"", 'Tencent AI Lab', ""Xi'an Jiaotong University"", 'Tencent AI Lab', 'Tencent AI Lab', ""Xi'an Jiaotong University"", 'Tencent AI Lab', ""Xi'an Jiaotong University""]","27 March, 2022",China,66,66
Local-to-Global Registration for Bundle-Adjusting Neural Radiance Fields,"['Yue Chen', 'Xingyu Chen', 'Xuan Wang', 'Qi Zhang', 'Yu Guo', 'Ying Shan', 'Fei Wang']","[""Xi'an Jiaotong University"", ""Xi'an Jiaotong University"", 'Tencent AI Lab', 'Tencent AI Lab', ""Xi'an Jiaotong University"", 'Tencent', ""Xi'an Jiaotong University""]","21 November, 2022",China,66,66
Weakly Supervised Video Emotion Detection and Prediction via Cross-Modal Temporal Erasing Network,"['Zhicheng Zhang', 'Lijuan Wang', 'Jufeng Yang']","['Nankai University', 'TEG', None]",Not Found,China,88,
BEV-LaneDet: An Efficient 3D Lane Detection Based on Virtual Camera via Key-Points,"['Ruihao Wang', 'Jian Qin', 'Kaiying Li', 'Yaochen Li', 'Dong Cao', 'Jintao Xu']","[None, '', 'HAOMO.AI', ""Xi'an Jiaotong University"", 'Institute of automation, Chinese academy of science, Chinese Academy of Sciences', ""Xi'an Jiaotong University""]",Not Found,China,,66
Text-Visual Prompting for Efficient 2D Temporal Video Grounding,"['Yimeng Zhang', 'Xin Chen', 'Jinghan Jia', 'Sijia Liu', 'Ke Ding']","['Michigan State University & Applied ML, Intel', 'Intel Corp', 'Michigan State University', 'Michigan State University', 'Intel']","8 March, 2023",United States,114,
NIKI: Neural Inverse Kinematics With Invertible Neural Networks for 3D Human Pose and Shape Estimation,"['Jiefeng Li', 'Siyuan Bian', 'Qi Liu', 'Jiasheng Tang', 'Fan Wang', 'Cewu Lu']","['Shanghai Jiao Tong University', 'Shanghai Jiao Tong University', 'Shanghai Jiaotong University', 'Alibaba Group', 'Alibaba Group', 'Shanghai Jiao Tong University']",May 2023,China,5,5
Learning Transferable Spatiotemporal Representations From Natural Script Knowledge,"['Ziyun Zeng', 'Yuying Ge', 'Xihui Liu', 'Bin Chen', 'Ping Luo', 'Shu-Tao Xia', 'Yixiao Ge']","['Tsinghua University', 'University of Hong Kong', 'The University of Hong Kong', 'Harbin Institute of Technology, Shenzhen', 'The University of Hong Kong', 'Shenzhen International Graduate School, Tsinghua University', 'Tencent']","30 September, 2022",China; Hong Kong,1,
Diffusion-Based Signed Distance Fields for 3D Shape Generation,"['Jaehyeok Shim', 'Changwoo Kang', 'Kyungdon Joo']","['UNIST', 'UNIST', None]",Not Found,South Korea,185,185
HDR Imaging With Spatially Varying Signal-to-Noise Ratios,"['Yiheng Chi', 'Xingguang Zhang', 'Stanley H. Chan']","['Purdue University', 'Purdue University', 'Purdue University, USA']","30 March, 2023",United States; Israel,75,75
ConvNeXt V2: Co-Designing and Scaling ConvNets With Masked Autoencoders,"['Sanghyun Woo', 'Shoubhik Debnath', 'Ronghang Hu', 'Xinlei Chen', 'Zhuang Liu', 'In So Kweon', 'Saining Xie']","['KAIST', 'FAIR, Meta', 'Meta AI', 'Facebook', 'FAIR, Meta AI', 'Korea Advanced Institute of Science and Technology', 'Facebook']",January 2023,South Korea; United States,8,
Audio-Visual Grouping Network for Sound Localization From Mixtures,"['Shentong Mo', 'Yapeng Tian']","['CMU, Carnegie Mellon University', 'University of Texas at Dallas']",March 2023,United States,3,146
Self-Supervised Learning From Images With a Joint-Embedding Predictive Architecture,"['Mahmoud Assran', 'Quentin Duval', 'Ishan Misra', 'Piotr Bojanowski', 'Pascal Vincent', 'Michael Rabbat', 'Yann LeCun', 'Nicolas Ballas']","['Meta', 'Facebook', 'Facebook', 'Facebook', 'University of Montreal', 'McGill University', 'Facebook', 'Facebook']","19 January, 2023",United States; Canada,,
Shortcomings of Top-Down Randomization-Based Sanity Checks for Evaluations of Deep Neural Network Explanations,"['Alexander Binder', 'Leander Weber', 'Sebastian Lapuschkin', 'Grégoire Montavon', 'Klaus-Robert Müller', 'Wojciech Samek']","['University of Oslo, Norway', 'Fraunhofer Heinrich-Hertz Institute', 'Fraunhofer HHI', 'Freie Universität Berlin', 'Google', 'Fraunhofer HHI']",November 2022,Norway; United States,,
Structured Kernel Estimation for Photon-Limited Deconvolution,"['Yash Sanghvi', 'Zhiyuan Mao', 'Stanley H. Chan']","['Purdue University', '', 'Purdue University, USA']",March 2023,United States; Israel,75,75
Hard Patches Mining for Masked Image Modeling,"['Haochen Wang', 'Kaiyou Song', 'Junsong Fan', 'Yuxi Wang', 'Jin Xie', 'Zhaoxiang Zhang']","['Institute of Automation, Chinese Academy of Sciences', 'Megvii Technology Inc.', 'Centre for Artificial Intelligence and Robotics (CAIR) Hong Kong Institute of Science & Innovation Chinese Academy of Sciences', 'Institute of automation, Chinese academy of science, Chinese Academy of Sciences', 'Megvii Technology Inc.', 'Institute of automation, Chinese academy of science, Chinese Academy of Sciences']",April 2023,China,12,12
Multi-Mode Online Knowledge Distillation for Self-Supervised Visual Representation Learning,"['Kaiyou Song', 'Jin Xie', 'Shan Zhang', 'Zimeng Luo']","['Megvii Technology Inc.', 'Megvii Technology Inc.', 'Tianjin University', 'Megvii Technology Inc.']","13 April, 2023",China,,
Decentralized Learning With Multi-Headed Distillation,"['Andrey Zhmoginov', 'Mark Sandler', 'Nolan Miller', 'Gus Kristiansen', 'Max Vladymyrov']","['Google', 'Google', 'University of Southern California', 'Google', 'Google']",November 2022,United States,,
Open-World Multi-Task Control Through Goal-Aware Representation Learning and Adaptive Horizon Prediction,"['Shaofei Cai', 'Zihao Wang', 'Xiaojian Ma', 'Anji Liu', 'Yitao Liang']","['Peking University', 'Peking University', 'University of California, Los Angeles', 'University of California, Los Angeles', 'Peking University']","21 January, 2023",China; United States,3,3
Learning Transformation-Predictive Representations for Detection and Description of Local Features,"['Zihao Wang', 'Chunxu Wu', 'Yifei Yang', 'Zhen Li']","['Peking University', 'Beijing Institute of Technology', 'Beijing Institute of Technology', 'Beijing Institute of Technology']",Not Found,China,3,126
Graph Representation for Order-Aware Visual Transformation,"['Yue Qiu', 'Yanjun Sun', 'Fumiya Matsuzawa', 'Kenji Iwata', 'Hirokatsu Kataoka']","['AIST, National Institute of Advanced Industrial Science and Technology', '', 'AIST, University of Tsukuba', 'AIST, National Institute of Advanced Industrial Science and Technology', 'National Institute of Advanced Industrial Science and Technology (AIST)']",Not Found,South Korea; Japan,,
MoDi: Unconditional Motion Synthesis From Diverse Data,"['Sigal Raab', 'Inbal Leibovitch', 'Peizhuo Li', 'Kfir Aberman', 'Olga Sorkine-Hornung', 'Daniel Cohen-Or']","[None, 'Tel Aviv University', 'Department of Computer Science, ETHZ - ETH Zurich', 'Google', 'ETH Zurich', 'Google']","16 June, 2022",Israel; Unknown; Switzerland; United States,71,
PSVT: End-to-End Multi-Person 3D Pose and Shape Estimation With Progressive Video Transformers,"['Zhongwei Qiu', 'Qiansheng Yang', 'Jian Wang', 'Haocheng Feng', 'Junyu Han', 'Errui Ding', 'Chang Xu', 'Dongmei Fu', 'Jingdong Wang']","['University of Science and Technology Beijing', 'Baidu', 'Baidu', 'Baidu', 'Baidu', 'Baidu Inc.', 'University of Sydney', 'University of Science and Technology Beijing', 'Baidu']",March 2023,Australia,,
Style Projected Clustering for Domain Generalized Semantic Segmentation,"['Wei Huang', 'Chang Chen', 'Yong Li', 'Jiacheng Li', 'Cheng Li', 'Fenglong Song', 'Youliang Yan', 'Zhiwei Xiong']","['University of Science and Technology of China', 'Huawei Technologies Ltd.', 'Huawei Technologies Ltd.', None, 'Huawei Technologies Ltd.', 'Huawei Technologies Ltd.', 'Huawei Technologies Ltd.', None]",Not Found,China,,
Learning Steerable Function for Efficient Image Resampling,"['Jiacheng Li', 'Chang Chen', 'Wei Huang', 'Zhiqiang Lang', 'Fenglong Song', 'Youliang Yan', 'Zhiwei Xiong']","[None, 'Huawei Technologies Ltd.', 'University of Science and Technology of China', 'Huawei Noah’s Ark Lab', 'Huawei Technologies Ltd.', 'Huawei Technologies Ltd.', None]",Not Found,China,,
Enhanced Multimodal Representation Learning With Cross-Modal KD,"['Mengxi Chen', 'Linyu Xing', 'Yu Wang', 'Ya Zhang']","['Shanghai Jiaotong University', None, 'Shanghai Jiaotong University', 'Shanghai Jiao Tong University']",June 2023,China,,5
Improving Graph Representation for Point Cloud Segmentation via Attentive Filtering,"['Nan Zhang', 'Zhiyi Pan', 'Thomas H. Li', 'Wei Gao', 'Ge Li']","['', 'Peking University', 'AIIT, Peking University', 'Shenzhen Graduate School, Peking University ', 'Peking University Shenzhen Graduate School']",Not Found,China,3,3
BoxTeacher: Exploring High-Quality Pseudo Labels for Weakly Supervised Instance Segmentation,"['Tianheng Cheng', 'Xinggang Wang', 'Shaoyu Chen', 'Qian Zhang', 'Wenyu Liu']","['Huazhong University of Science and Technology', 'Huazhong University of Science and Technology', 'Huazhong University of Science and Technology', 'Horizon Robotics', 'Huazhong University of Science and Technology']","11 October, 2022",China,,
Zero-Shot Dual-Lens Super-Resolution,"['Ruikang Xu', 'Mingde Yao', 'Zhiwei Xiong']","[None, None, None]",Not Found,,,
Toward RAW Object Detection: A New Benchmark and a New Model,"['Ruikang Xu', 'Chang Chen', 'Jingyang Peng', 'Cheng Li', 'Yibin Huang', 'Fenglong Song', 'Youliang Yan', 'Zhiwei Xiong']","[None, 'Huawei Technologies Ltd.', 'Huawei Technologies Ltd.', 'Huawei Technologies Ltd.', 'Institute of automation, Chinese academy of science, Chinese Academy of Sciences', 'Huawei Technologies Ltd.', 'Huawei Technologies Ltd.', None]",Not Found,China,,
MAGVIT: Masked Generative Video Transformer,"['Lijun Yu', 'Yong Cheng', 'Kihyuk Sohn', 'José Lezama', 'Han Zhang', 'Huiwen Chang', 'Alexander G. Hauptmann', 'Ming-Hsuan Yang', 'Yuan Hao', 'Irfan Essa', 'Lu Jiang']","['School of Computer Science, Carnegie Mellon University', 'Google', 'Google', 'Google Research', 'Rutgers University', 'Google', 'School of Computer Science, Carnegie Mellon University', 'University of California at Merced', 'Google', 'Georgia Institute of Technology', 'Google / CMU']","9 December, 2022",United States,3,
Continuous Landmark Detection With 3D Queries,"['Prashanth Chandran', 'Gaspard Zoss', 'Paulo Gotardo', 'Derek Bradley']","[None, 'Disney Research, Disney', 'Google', 'DisneyResearch|Studios']",Not Found,United States,,
ToThePoint: Efficient Contrastive Learning of 3D Point Clouds via Recycling,"['Xinglin Li', 'Jiajing Chen', 'Jinhui Ouyang', 'Hanhui Deng', 'Senem Velipasalar', 'Di Wu']","['Hunan University', 'Syracuse University', 'Hunan University', 'Hunan University', 'Syracuse University', 'Hunan University']",Not Found,China; United States,222,222
FashionSAP: Symbols and Attributes Prompt for Fine-Grained Fashion Vision-Language Pre-Training,"['Yunpeng Han', 'Lisai Zhang', 'Qingcai Chen', 'Zhijian Chen', 'Zhonghua Li', 'Jianxin Yang', 'Zhao Cao']","['Harbin Institute of Technology(Shenzhen)', 'Computer Science', 'Harbin Institute of Technology (Shenzhen)', None, 'National University of Singapore', 'Huawei Technologies Ltd.', 'Huawei Technologies Ltd.']",April 2023,China; Singapore,23,
Neural Voting Field for Camera-Space 3D Hand Pose Estimation,"['Lin Huang', 'Chung-Ching Lin', 'Kevin Lin', 'Lin Liang', 'Lijuan Wang', 'Junsong Yuan', 'Zicheng Liu']","['State University of New York at Buffalo', 'Microsoft', 'Microsoft', 'Microsoft', 'Microsoft', 'State University of New York at Buffalo', 'Microsoft']",May 2023,United States,,
On Calibrating Semantic Segmentation Models: Analyses and an Algorithm,"['Dongdong Wang', 'Boqing Gong', 'Liqiang Wang']","['University of Central Florida', 'Google', 'University of Central Florida']","22 December, 2022",United States,49,49
Multimodal Prompting With Missing Modalities for Visual Recognition,"['Yi-Lun Lee', 'Yi-Hsuan Tsai', 'Wei-Chen Chiu', 'Chen-Yu Lee']","['National Yang Ming Chiao Tung University', 'Google', None, None]","6 March, 2023",Taiwan; United States,,
The Dialog Must Go On: Improving Visual Dialog via Generative Self-Training,"['Gi-Cheon Kang', 'Sungdong Kim', 'Jin-Hwa Kim', 'Donghyun Kwak', 'Byoung-Tak Zhang']","['Seoul National University', 'KAIST AI', 'NAVER AI Lab', 'NAVER', 'Seoul National University']","25 May, 2022",South Korea,20,20
MetaPortrait: Identity-Preserving Talking Head Generation With Fast Personalized Adaptation,"['Bowen Zhang', 'Chenyang Qi', 'Pan Zhang', 'Bo Zhang', 'HsiangTao Wu', 'Dong Chen', 'Qifeng Chen', 'Yong Wang', 'Fang Wen']","[None, 'Hong Kong University of Science and Technology', 'Shanghai Artificial Intelligence Laboratory', 'Microsoft', 'Microsoft', 'Microsoft', 'Hong Kong University of Science and Technology', 'University of Science and Technology of China', 'Microsoft']","15 December, 2022",Hong Kong; China; United States,,
Perception and Semantic Aware Regularization for Sequential Confidence Calibration,"['Zhenghua Peng', 'Yu Luo', 'Tianshui Chen', 'Keke Xu', 'Shuangping Huang']","['South China University of Technology', None, 'Guangdong University of Technology', 'South China University of Technology', 'South China University of Technology']",May 2023,China,486,486
Trainable Projected Gradient Method for Robust Fine-Tuning,"['Junjiao Tian', 'Zecheng He', 'Xiaoliang Dai', 'Chih-Yao Ma', 'Yen-Cheng Liu', 'Zsolt Kira']","['Georgia Institute of Technology', 'Princeton University', 'Facebook', 'Facebook', 'Georgia Institute of Technology', 'Georgia Institute of Technology']","19 March, 2023",United States,18,18
HAAV: Hierarchical Aggregation of Augmented Views for Image Captioning,"['Chia-Wen Kuo', 'Zsolt Kira']","['Georgia Tech', 'Georgia Institute of Technology']",May 2023,United States,,18
Masked Images Are Counterfactual Samples for Robust Fine-Tuning,"['Yao Xiao', 'Ziyi Tang', 'Pengxu Wei', 'Cong Liu', 'Liang Lin']","['Sun Yat-sen University', 'SUN YAT-SEN UNIVERSITY', None, 'Sun Yat-sen University', 'Sun Yat-sen University']","6 March, 2023",China,29,29
SparseFusion: Distilling View-Conditioned Diffusion for 3D Reconstruction,"['Zhizhuo Zhou', 'Shubham Tulsiani']","['CMU, Carnegie Mellon University', 'Carnegie Mellon University']","1 December, 2022",United States,3,3
One-Shot Model for Mixed-Precision Quantization,"['Ivan Koryakovskiy', 'Alexandra Yakovleva', 'Valentin Buchnev', 'Temur Isaev', 'Gleb Odinokikh']","['Huawei Technologies Co. Ltd.', 'Huawei Technologies Ltd.', 'Huawei Technologies Ltd.', 'Lomonosov Moscow State University', 'Huawei Technologies Ltd.']",Not Found,China,,
The Resource Problem of Using Linear Layer Leakage Attack in Federated Learning,"['Joshua C. Zhao', 'Ahmed Roushdy Elkordy', 'Atul Sharma', 'Yahya H. Ezzeldin', 'Salman Avestimehr', 'Saurabh Bagchi']","['Purdue University', 'University of Southern California', 'Purdue University', 'University of Southern California', 'University of Southern California', 'KeyByte LLC']",March 2023,United States,75,
OCTET: Object-Aware Counterfactual Explanations,"['Mehdi Zemni', 'Mickaël Chen', 'Éloi Zablocki', 'Hédi Ben-Younes', 'Patrick Pérez', 'Matthieu Cord']","['Ecole Normale Superieure', 'Valeo', 'Valeo', 'Valeo', None, None]","22 November, 2022",France,292,
MixMAE: Mixed and Masked Autoencoder for Efficient Pretraining of Hierarchical Vision Transformers,"['Jihao Liu', 'Xin Huang', 'Jinliang Zheng', 'Yu Liu', 'Hongsheng Li']","['The Chinese University of Hong Kong', None, 'Sensetime Research', 'The Chinese University of Hong Kong', 'The Chinese University of Hong Kong']","26 May, 2022",Hong Kong,26,26
Shakes on a Plane: Unsupervised Depth Estimation From Unstabilized Photography,"['Ilya Chugunov', 'Yuxuan Zhang', 'Felix Heide']","['Princeton University', 'Princeton University', 'Department of Computer Science, Princeton University']","22 December, 2022",United States; Unknown,75,75
Hubs and Hyperspheres: Reducing Hubness and Improving Transductive Few-Shot Learning With Hyperspherical Embeddings,"['Daniel J. Trosten', 'Rwiddhi Chakraborty', 'Sigurd Løkse', 'Kristoffer Knutsen Wickstrøm', 'Robert Jenssen', 'Michael C. Kampffmeyer']","['Department of Physics and Technology, UiT The Arctic University of Norway', None, 'UiT The Arctic University of Tromsø', 'University of Tromsø', 'UiT The Arctic University of Norway', 'UiT The Arctic University of Norway']",March 2023,Norway,244,244
On the Effects of Self-Supervision and Contrastive Alignment in Deep Multi-View Clustering,"['Daniel J. Trosten', 'Sigurd Løkse', 'Robert Jenssen', 'Michael C. Kampffmeyer']","['Department of Physics and Technology, UiT The Arctic University of Norway', 'UiT The Arctic University of Tromsø', 'UiT The Arctic University of Norway', 'UiT The Arctic University of Norway']",March 2023,Norway,244,244
DeepVecFont-v2: Exploiting Transformers To Synthesize Vector Fonts With Higher Quality,"['Yuqing Wang', 'Yizhi Wang', 'Longhui Yu', 'Yuesheng Zhu', 'Zhouhui Lian']","[None, 'Simon Fraser University', 'Peking University', 'City University of Hong Kong', 'Peking University']",March 2023,Canada; China; Hong Kong,106,3
Blowing in the Wind: CycleNet for Human Cinemagraphs From Still Images,"['Hugo Bertiche', 'Niloy J. Mitra', 'Kuldeep Kulkarni', 'Chun-Hao P. Huang', 'Tuanfeng Y. Wang', 'Meysam Madadi', 'Sergio Escalera', 'Duygu Ceylan']","['Universitat de Barcelona', 'University College London', 'Adobe Systems', 'Adobe Systems', None, 'Computer Vision Center, Universitat Autònoma de Barcelona', 'Computer Vision Center (UAB) & University of Barcelona,', 'Adobe Systems']",March 2023,United Kingdom; Spain,,
Reconstructing Signing Avatars From Video Using Linguistic Priors,"['Maria-Paola Forte', 'Peter Kulits', 'Chun-Hao P. Huang', 'Vasileios Choutas', 'Dimitrios Tzionas', 'Katherine J. Kuchenbecker', 'Michael J. Black']","['Max-Planck-Institute for Intelligent Systems, Max-Planck Institute', 'Max Planck Institute for Intelligent Systems, Max-Planck Institute', 'Adobe Systems', 'Facebook', 'University of Amsterdam', 'Max Planck Institute for Intelligent Systems', 'University of Tübingen']",April 2023,Germany; United States; Netherlands,,138
Four-View Geometry With Unknown Radial Distortion,"['Petr Hruby', 'Viktor Korotynskiy', 'Timothy Duff', 'Luke Oeding', 'Marc Pollefeys', 'Tomas Pajdla', 'Viktor Larsson']","['Department of Computer Science, ETHZ - ETH Zurich', None, 'University of Washington', 'Auburn University', None, 'CIIRC - Czech Technical University in Prague', 'Lund University']",Not Found,Unknown; Switzerland; United States; Czech Republic; Sweden,31,486
Both Style and Distortion Matter: Dual-Path Unsupervised Domain Adaptation for Panoramic Semantic Segmentation,"['Xu Zheng', 'Jinjing Zhu', 'Yexin Liu', 'Zidong Cao', 'Chong Fu', 'Lin Wang']","['Northeastern University', 'Hong Kong University of Science and Technology', 'The Hong Kong University of Science and Technology', 'Hong Kong University of Science and Technology', 'Northeastern University', 'Hong Kong University of Science and Technology']",March 2023,United States; Hong Kong,35,
PoseFormerV2: Exploring Frequency Domain for Efficient and Robust 3D Human Pose Estimation,"['Qitao Zhao', 'Ce Zheng', 'Mengyuan Liu', 'Pichao Wang', 'Chen Chen']","['Shandong University', 'University of Central Florida', 'SUN YAT-SEN UNIVERSITY', 'Amazon', '']",March 2023,China; United States,160,
DiGeo: Discriminative Geometry-Aware Learning for Generalized Few-Shot Object Detection,"['Jiawei Ma', 'Yulei Niu', 'Jincheng Xu', 'Shiyuan Huang', 'Guangxing Han', 'Shih-Fu Chang']","['Columbia University', 'Columbia University', 'Columbia University', 'Columbia University', 'Columbia University', 'Columbia University']",March 2023,United States,66,66
Fuzzy Positive Learning for Semi-Supervised Semantic Segmentation,"['Pengchong Qiao', 'Zhidan Wei', 'Yu Wang', 'Zhennan Wang', 'Guoli Song', 'Fan Xu', 'Xiangyang Ji', 'Chang Liu', 'Jie Chen']","[None, 'Peking University', '', 'Peng Cheng Laboratory', 'Peng Cheng Laboratory', 'Peng Cheng Laboratory', 'Tsinghua University', 'Tsinghua University, Tsinghua University', 'Peking University']","16 October, 2022",China,3,3
Out-of-Distributed Semantic Pruning for Robust Semi-Supervised Learning,"['Yu Wang', 'Pengchong Qiao', 'Chang Liu', 'Guoli Song', 'Xiawu Zheng', 'Jie Chen']","['', None, 'Tsinghua University, Tsinghua University', 'Peng Cheng Laboratory', 'PengCheng Lab', 'Peking University']","29 May, 2023",China,1,3
Domain Generalized Stereo Matching via Hierarchical Visual Transformation,"['Tianyu Chang', 'Xun Yang', 'Tianzhu Zhang', 'Meng Wang']","['University of Science and Technology of China', 'University of Science and Technology of China', 'University of Science and Technology of China, Tsinghua University', 'Hefei University of Technology']",Not Found,China,,
Quality-Aware Pre-Trained Models for Blind Image Quality Assessment,"['Kai Zhao', 'Kun Yuan', 'Ming Sun', 'Mading Li', 'Xing Wen']","['Kuaishou Technology Inc.', 'Kuaishou Technology', 'Kuaishou Tech', 'Kuaishou Technology', 'Kuaishou Technology']","1 March, 2023",,,
Fine-Grained Audible Video Description,"['Xuyang Shen', 'Dong Li', 'Jinxing Zhou', 'Zhen Qin', 'Bowen He', 'Xiaodong Han', 'Aixuan Li', 'Mochu Xiang', 'Lingpeng Kong', 'Meng Wang', 'Yu Qiao', 'Yiran Zhong']","['OpenNLPLab', 'Shanghai AI Lab', 'Hefei University of Technology', 'sensetime', 'Technische Universität München', 'sensetime', 'Northwestern Polytechnical University', 'Northwestern Polytechnical University', 'Department of Computer Science, The University of Hong Kong', 'Hefei University of Technology', 'Shanghai Aritifcal Intelligence Laboratory', 'SenseTime']",March 2023,China; Unknown; Hong Kong,,
Modeling the Distributional Uncertainty for Salient Object Detection Models,"['Xinyu Tian', 'Jing Zhang', 'Mochu Xiang', 'Yuchao Dai']","['Australian National University', ""Northwestern Polytechnical University, Northwest Polytechnical University Xi'an"", 'Northwestern Polytechnical University', '']",Not Found,Australia; China,88,
Masked Representation Learning for Domain Generalized Stereo Matching,"['Zhibo Rao', 'Bangshu Xiong', 'Mingyi He', 'Mochu Xiang', 'Renjie He', 'Zhelun Shen', 'Xing Li']","['NanChang HangKong University', 'Nanchang Hangkong University', 'Northwestern Polytechnical University, Tsinghua University', 'Northwestern Polytechnical University', ""Northwest Polytechnical University Xi'an"", 'Peking University', 'Northwestern Polytechnical University']",Not Found,China,,
Physically Realizable Natural-Looking Clothing Textures Evade Person Detectors via 3D Modeling,"['Zhanhao Hu', 'Wenda Chu', 'Xiaopei Zhu', 'Hui Zhang', 'Bo Zhang', 'Xiaolin Hu']","[None, 'Tsinghua University', 'Tsinghua University', 'Beijing Institute of Fashion Technology', 'Tsinghua University, Tsinghua University', 'Tsinghua University, Tsinghua University']","4 July, 2023",China,1,1
Decoupling MaxLogit for Out-of-Distribution Detection,"['Zihan Zhang', 'Xiang Xiang']","['Huazhong University of Science and Technology', 'Huazhong University of Science and Technology']",Not Found,China,,
Federated Learning With Data-Agnostic Distribution Fusion,"['Jian-hui Duan', 'Wenzhong Li', 'Derun Zou', 'Ruichen Li', 'Sanglu Lu']","['Nanjing University', 'Nanjing University', 'Nanjing University', 'Nanjing University', 'Nanjing University']",Not Found,China,6,6
OVTrack: Open-Vocabulary Multiple Object Tracking,"['Siyuan Li', 'Tobias Fischer', 'Lei Ke', 'Henghui Ding', 'Martin Danelljan', 'Fisher Yu']","[None, 'ETH Zurich', 'HKUST &amp; ETH Zurich', None, 'ETH Zurich', 'ETH Zurich']",April 2023,Switzerland,31,31
CaPriDe Learning: Confidential and Private Decentralized Learning Based on Encryption-Friendly Distillation Loss,"['Nurbek Tastan', 'Karthik Nandakumar']","[None, 'Mohamed Bin Zayed University of Artificial Intelligence']",Not Found,United Arab Emirates,,
StyLess: Boosting the Transferability of Adversarial Examples,"['Kaisheng Liang', 'Bin Xiao']","[None, 'The Hong Kong Polytechnic University']",April 2023,Hong Kong,56,56
HOICLIP: Efficient Knowledge Transfer for HOI Detection With Vision-Language Models,"['Shan Ning', 'Longtian Qiu', 'Yongfei Liu', 'Xuming He']","[None, 'ShanghaiTech University', 'Shanghaitech University', 'ShanghaiTech University']","28 March, 2023",China,75,75
HandsOff: Labeled Dataset Generation With No Additional Human Annotations,"['Austin Xu', 'Mariya I. Vasileva', 'Achal Dave', 'Arjun Seshadri']","['Georgia Institute of Technology', 'Kaiber.ai', 'Amazon', 'Stanford University']","23 December, 2022",United States,18,16
Feature Shrinkage Pyramid for Camouflaged Object Detection With Transformers,"['Zhou Huang', 'Hang Dai', 'Tian-Zhu Xiang', 'Shuo Wang', 'Huai-Xin Chen', 'Jie Qin', 'Huan Xiong']","['University of Electronic Science and Technology of China', 'University of Glasgow', 'G42', None, 'University of Electronic Science and Technology of China, Tsinghua University', 'Nanjing University of Aeronautics and Astronautics', 'Mohamed bin Zayed University of Artificial Intelligence (MBZUAI)']",March 2023,China; United Kingdom; United Arab Emirates,,31
Improving Visual Representation Learning Through Perceptual Understanding,"['Samyakh Tukra', 'Frederick Hoffman', 'Ken Chatfield']","['Imperial College London', 'tractable', 'Tractable']","29 December, 2022",United Kingdom,114,
Automatic High Resolution Wire Segmentation and Removal,"['Mang Tik Chiu', 'Xuaner Zhang', 'Zijun Wei', 'Yuqian Zhou', 'Eli Shechtman', 'Connelly Barnes', 'Zhe Lin', 'Florian Kainz', 'Sohrab Amirghodsi', 'Humphrey Shi']","['University of Illinois, Urbana Champaign', 'Adobe', 'Adobe Systems', 'University of Illinois, Urbana-Champaign', 'Adobe', 'Adobe Systems', 'Adobe Research', 'Technische Universität München', 'Adobe', 'U of Oregon | UIUC | PAIR']",April 2023,United States,,
PixHt-Lab: Pixel Height Based Light Effect Generation for Image Compositing,"['Yichen Sheng', 'Jianming Zhang', 'Julien Philip', 'Yannick Hold-Geoffroy', 'Xin Sun', 'He Zhang', 'Lu Ling', 'Bedrich Benes']","['Purdue University', 'Adobe Systems', 'Adobe Research', 'Adobe Research', 'Adobe Systems', 'Adobe Systems', 'Purdue University', 'Purdue University']",March 2023,United States,75,75
Visual Atoms: Pre-Training Vision Transformers With Sinusoidal Waves,"['Sora Takashima', 'Ryo Hayamizu', 'Nakamasa Inoue', 'Hirokatsu Kataoka', 'Rio Yokota']","['Tokyo Institute of Technology, AIST', 'Tokyo Denki University, Tokyo Institute of Technology', 'Tokyo Institute of Technology', 'National Institute of Advanced Industrial Science and Technology (AIST)', 'Tokyo Institute of Technology']",March 2023,South Korea,,
Zero-Shot Generative Model Adaptation via Image-Specific Prompt Learning,"['Jiayi Guo', 'Chaofei Wang', 'You Wu', 'Eric Zhang', 'Kai Wang', 'Xingqian Xu', 'Shiji Song', 'Humphrey Shi', 'Gao Huang']","['Tsinghua University, Tsinghua University', 'Tsinghua University, Tsinghua University', 'University of the Chinese Academy of Sciences', 'University of Oregon', None, 'University of Illinois, Urbana Champaign', 'Tsinghua University, Tsinghua University', 'U of Oregon | UIUC | PAIR', 'Tsinghua University, Tsinghua University']",April 2023,China; United States,1,1
CoWs on Pasture: Baselines and Benchmarks for Language-Driven Zero-Shot Object Navigation,"['Samir Yitzhak Gadre', 'Mitchell Wortsman', 'Gabriel Ilharco', 'Ludwig Schmidt', 'Shuran Song']","['Columbia University', 'University of Washington, Seattle', 'Department of Computer Science, University of Washington', 'University of Washington', 'Columbia University']","19 March, 2022",United States; Unknown,66,66
Enhancing Deformable Local Features by Jointly Learning To Detect and Describe Keypoints,"['Guilherme Potje', 'Felipe Cadar', 'André Araujo', 'Renato Martins', 'Erickson R. Nascimento']","['Federal University of Minas Gerais', 'Universidade Federal de Minas Gerais, Universidade Federal de Minas Gerais', 'Google Research', 'Université de Bourgogne', 'Microsoft']",April 2023,United States,,
PRISE: Demystifying Deep Lucas-Kanade With Strongly Star-Convex Constraints for Multimodel Image Alignment,"['Yiqing Zhang', 'Xinming Huang', 'Ziming Zhang']","['Worcester Polytechnic Institute', 'Worcester Polytechnic Institute', None]",March 2023,United States,244,244
G-MSM: Unsupervised Multi-Shape Matching With Graph-Based Affinity Priors,"['Marvin Eisenberger', 'Aysim Toker', 'Laura Leal-Taixé', 'Daniel Cremers']","['Technical University Munich', 'Technical University Munich', 'TUM', 'Technical University Munich']",December 2022,,,
Power Bundle Adjustment for Large-Scale 3D Reconstruction,"['Simon Weber', 'Nikolaus Demmel', 'Tin Chon Chan', 'Daniel Cremers']","['Technische Universität München', 'Technical University Munich', 'Technische Universität München', 'Technical University Munich']","27 April, 2022",,,
Behind the Scenes: Density Fields for Single View Reconstruction,"['Felix Wimbauer', 'Nan Yang', 'Christian Rupprecht', 'Daniel Cremers']","['Technical University of Munich', 'Facebook', 'University of Oxford', 'Technical University Munich']","18 January, 2023",Germany; United States; United Kingdom,,
Rawgment: Noise-Accounted RAW Augmentation Enables Recognition in a Wide Variety of Environments,"['Masakazu Yoshimura', 'Junji Otsuka', 'Atsushi Irie', 'Takeshi Ohashi']","['Sony Group Corporation', 'Sony Group Corporation', 'Sony Group Corporation', 'Sony Group Corporation']","28 October, 2022",,,
Relational Space-Time Query in Long-Form Videos,"['Xitong Yang', 'Fu-Jen Chu', 'Matt Feiszli', 'Raghav Goyal', 'Lorenzo Torresani', 'Du Tran']","['Meta', 'Facebook', 'Meta AI', 'University of British Columbia', 'Facebook', None]",Not Found,United States; Canada,,
Semidefinite Relaxations for Robust Multiview Triangulation,"['Linus Härenstam-Nielsen', 'Niclas Zeller', 'Daniel Cremers']","['Technische Universität München', 'Karlsruhe University of Applied Sciences', 'Technical University Munich']","26 January, 2023",,,
Adjustment and Alignment for Unbiased Open Set Domain Adaptation,"['Wuyang Li', 'Jie Liu', 'Bo Han', 'Yixuan Yuan']","['City University of Hong Kong', 'City University of Hong Kong', 'HKBU', 'The Chinese University of Hong Kong']",Not Found,Hong Kong,46,26
Learning Federated Visual Prompt in Null Space for MRI Reconstruction,"['Chun-Mei Feng', 'Bangjun Li', 'Xinxing Xu', 'Yong Liu', 'Huazhu Fu', 'Wangmeng Zuo']","[None, 'Shandong University', 'Institute of High Performance Computing', 'Institute of High Performance Computing, Singapore, A*STAR', 'Institute of High Performance Computing, Singapore, A*STAR', 'Harbin Institute of Technology']","28 March, 2023",China; Singapore,160,23
Domain Expansion of Image Generators,"['Yotam Nitzan', 'Michaël Gharbi', 'Richard Zhang', 'Taesung Park', 'Jun-Yan Zhu', 'Daniel Cohen-Or', 'Eli Shechtman']","['Tel Aviv University', 'Massachusetts Institute of Technology', 'Adobe Systems', 'Adobe Systems', 'Carnegie Mellon University', 'Google', 'Adobe']","12 January, 2023",Israel; United States,71,
NULL-Text Inversion for Editing Real Images Using Guided Diffusion Models,"['Ron Mokady', 'Amir Hertz', 'Kfir Aberman', 'Yael Pritch', 'Daniel Cohen-Or']","['Tel Aviv University', 'Tel Aviv University', 'Google', 'Google Research', 'Google']",November 2022,Israel; United States,71,
Backdoor Defense via Deconfounded Representation Learning,"['Zaixi Zhang', 'Qi Liu', 'Zhicai Wang', 'Zepu Lu', 'Qingyong Hu']","[None, 'University of Science and Technology of China', '', 'University of Science and Technology of China', 'Department of Computer Science and Engineering, Hong Kong University of Science and Technology']",March 2023,China; Hong Kong,,
Complementary Intrinsics From Neural Radiance Fields and CNNs for Outdoor Scene Relighting,"['Siqi Yang', 'Xuanning Cui', 'Yongjie Zhu', 'Jiajun Tang', 'Si Li', 'Zhaofei Yu', 'Boxin Shi']","['Peking University', 'Peking University', 'Beijing University of Posts and Telecommunications', 'Peking University', 'Beijing University of Posts and Telecommunications', 'Peking University', None]",Not Found,China,3,3
HumanGen: Generating Human Radiance Fields With Explicit Priors,"['Suyi Jiang', 'Haoran Jiang', 'Ziyu Wang', 'Haimin Luo', 'Wenzheng Chen', 'Lan Xu']","[None, 'ShanghaiTech University', 'ShanghaiTech University', 'Shanghaitech University', 'University of Toronto', None]",December 2022,China; Canada,75,23
NeRDi: Single-View NeRF Synthesis With Language-Guided Diffusion As General Image Priors,"['Congyue Deng', 'Chiyu “Max” Jiang', 'Charles R. Qi', 'Xinchen Yan', 'Yin Zhou', 'Leonidas Guibas', 'Dragomir Anguelov']","['Stanford University', 'Waymo LLC', 'Waymo', 'Waymo Research', 'Waymo', 'Stanford University', 'Waymo']",December 2022,United States,16,
SPARF: Neural Radiance Fields From Sparse and Noisy Poses,"['Prune Truong', 'Marie-Julie Rakotosaona', 'Fabian Manhardt', 'Federico Tombari']","[None, 'Google', 'Google', 'Google, TUM']","21 November, 2022",United States,,
Devil’s on the Edges: Selective Quad Attention for Scene Graph Generation,"['Deunsol Jung', 'Sanghyun Kim', 'Won Hwa Kim', 'Minsu Cho']","['POSTECH', 'POSTECH', 'POSTECH', 'POSTECH']",April 2023,South Korea,88,88
Finetune Like You Pretrain: Improved Finetuning of Zero-Shot Vision Models,"['Sachin Goyal', 'Ananya Kumar', 'Sankalp Garg', 'Zico Kolter', 'Aditi Raghunathan']","['Carnegie Mellon University', 'Stanford University', 'Carnegie Mellon University', 'Carnegie Mellon University', 'Carnegie Mellon University']",December 2022,United States,3,3
REC-MV: REconstructing 3D Dynamic Cloth From Monocular Videos,"['Lingteng Qiu', 'Guanying Chen', 'Jiapeng Zhou', 'Mutian Xu', 'Junle Wang', 'Xiaoguang Han']","['The Chinease University of Hongkong, Shenzhen', 'The Chinese University of Hong Kong, Shenzhen', 'The Chinese University of Hong Kong, Shen Zhen', None, 'Tencent', 'The Chinese University of Hong Kong, Shenzhen']","23 May, 2023",China; Hong Kong,,26
MM-3DScene: 3D Scene Understanding by Customizing Masked Modeling With Informative-Preserved Reconstruction and Self-Distilled Consistency,"['Mingye Xu', 'Mutian Xu', 'Tong He', 'Wanli Ouyang', 'Yali Wang', 'Xiaoguang Han', 'Yu Qiao']","[None, None, 'Shanghai AI Lab', 'University of Sydney', 'SIAT, Chinese Academy of Sciences', 'The Chinese University of Hong Kong, Shenzhen', 'Shanghai Aritifcal Intelligence Laboratory']","19 December, 2022",China; Australia; Hong Kong,,
MVImgNet: A Large-Scale Dataset of Multi-View Images,"['Xianggang Yu', 'Mutian Xu', 'Yidan Zhang', 'Haolin Liu', 'Chongjie Ye', 'Yushuang Wu', 'Zizheng Yan', 'Chenming Zhu', 'Zhangyang Xiong', 'Tianyou Liang', 'Guanying Chen', 'Shuguang Cui', 'Xiaoguang Han']","['The Chinese University of Hong Kong, Shenzhen', None, 'Chinese University of Hong Kong, Shenzhen', 'The Chinese University of Hong Kong, Shenzhen', 'The Chinese University of Hong Kong, Shenzhen', 'The Chinese University of Hong Kong (Shenzhen)', 'CUHKSZ', 'The Chinese University Of Hong Kong, Shenzhen', '', 'The Chinese University of Hong Kong (Shenzhen)', 'The Chinese University of Hong Kong, Shenzhen', 'The Chinese University of Hong Kong, Shenzhen', 'The Chinese University of Hong Kong, Shenzhen']",March 2023,Hong Kong; China,26,26
UniSim: A Neural Closed-Loop Sensor Simulator,"['Ze Yang', 'Yun Chen', 'Jingkang Wang', 'Sivabalan Manivasagam', 'Wei-Chiu Ma', 'Anqi Joyce Yang', 'Raquel Urtasun']","['University of Toronto', 'Department of Computer Science, University of Toronto', 'University of Toronto', 'Waabi, University of Toronto', 'Waabi AI', 'University of Toronto; Waabi', 'Waabi']",August 2023,Canada,23,
SFD2: Semantic-Guided Feature Detection and Description,"['Fei Xue', 'Ignas Budvytis', 'Roberto Cipolla']","[None, 'University of Cambridge', 'University of Cambridge']","28 April, 2023",United Kingdom,61,61
Towards Effective Visual Representations for Partial-Label Learning,"['Shiyu Xia', 'Jiaqi Lv', 'Ning Xu', 'Gang Niu', 'Xin Geng']","['Southeast University', 'RIKEN', 'Southeast University', 'RIKEN', 'Southeast University']",May 2023,China,38,38
ReLight My NeRF: A Dataset for Novel View Synthesis and Relighting of Real World Objects,"['Marco Toschi', 'Riccardo De Matteo', 'Riccardo Spezialetti', 'Daniele De Gregorio', 'Luigi Di Stefano', 'Samuele Salti']","['eyecan.ai', 'University of Bologna', 'University of Bologna', 'eyecan.ai', 'University of Bologna', 'University of Bologna']",April 2023,Italy,,
HARP: Personalized Hand Reconstruction From a Monocular RGB Video,"['Korrawe Karunratanakul', 'Sergey Prokudin', 'Otmar Hilliges', 'Siyu Tang']","['ETH Zurich', 'ETHZ - ETH Zurich', None, 'Department of Computer Science, Swiss Federal Institute of Technology']","19 December, 2022",Switzerland; Unknown,31,
Making Vision Transformers Efficient From a Token Sparsification View,"['Shuning Chang', 'Pichao Wang', 'Ming Lin', 'Fan Wang', 'David Junhao Zhang', 'Rong Jin', 'Mike Zheng Shou']","['National University of Singapore', 'Amazon', 'Amazon', 'Alibaba Group', 'National University of Singapore', 'Alibaba Group', '']","15 March, 2023",Singapore,12,
MIST: Multi-Modal Iterative Spatial-Temporal Transformer for Long-Form Video Question Answering,"['Difei Gao', 'Luowei Zhou', 'Lei Ji', 'Linchao Zhu', 'Yi Yang', 'Mike Zheng Shou']","[None, 'Google', 'Research, Microsoft', None, 'Zhejiang University', '']",December 2022,United States; Qatar; China,,2
Position-Guided Text Prompt for Vision-Language Pre-Training,"['Jinpeng Wang', 'Pan Zhou', 'Mike Zheng Shou', 'Shuicheng Yan']","[None, 'Sea Group', '', 'Sea Ltd.']","19 December, 2022",,,
Multimodality Helps Unimodality: Cross-Modal Few-Shot Learning With Multimodal Models,"['Zhiqiu Lin', 'Samuel Yu', 'Zhiyi Kuang', 'Deepak Pathak', 'Deva Ramanan']","['Carnegie Mellon University', 'Carnegie Mellon University', None, 'Carnegie Mellon University', 'Carnegie Mellon University']","16 January, 2023",United States,3,3
Polarized Color Image Denoising,"['Zhuoxiao Li', 'Haiyang Jiang', 'Mingdeng Cao', 'Yinqiang Zheng']","['Univerisity of Tokyo', None, 'The University of Tokyo', None]","1 July, 2022",Japan,,85
Multi Domain Learning for Motion Magnification,"['Jasdeep Singh', 'Subrahmanyam Murala', 'G. Sankara Raju Kosuru']","[None, 'I I T Ropar, India', 'I I T Ropar, India']",Not Found,United States,,
SeaThru-NeRF: Neural Radiance Fields in Scattering Media,"['Deborah Levy', 'Amit Peleg', 'Naama Pearl', 'Dan Rosenbaum', 'Derya Akkaynak', 'Simon Korman', 'Tali Treibitz']","['University of Haifa', 'Technion - Israel Institute of Technology, Technion', 'University of Haifa', 'University of Haifa', 'University of Haifa', 'University of Haifa', 'Technion - Israel Institute of Technology, Technion']",April 2023,Israel,486,49
DIFu: Depth-Guided Implicit Function for Clothed Human Reconstruction,"['Dae-Young Song', 'HeeKyung Lee', 'Jeongil Seo', 'Donghyeon Cho']","['Electronics and Telecommunications Research Institute', 'Information and Communications University', 'ETRI', 'Chungnam National University']",Not Found,,,
Panoptic Lifting for 3D Scene Understanding With Neural Fields,"['Yawar Siddiqui', 'Lorenzo Porzi', 'Samuel Rota Bulò', 'Norman Müller', 'Matthias Nießner', 'Angela Dai', 'Peter Kontschieder']","['Technical University Munich', 'Facebook', 'Meta', None, 'Technical University of Munich', '', 'Meta']",December 2022,United States; Germany,,
DualVector: Unsupervised Vector Font Synthesis With Dual-Part Representation,"['Ying-Tian Liu', 'Zhifei Zhang', 'Yuan-Chen Guo', 'Matthew Fisher', 'Zhaowen Wang', 'Song-Hai Zhang']","['Tsinghua University, Tsinghua University', 'Adobe Research', 'Tsinghua University', 'Adobe Research', 'Adobe Research', 'Tsinghua University, Tsinghua University']",May 2023,China,1,1
SVGformer: Representation Learning for Continuous Vector Graphics Using Transformers,"['Defu Cao', 'Zhaowen Wang', 'Jose Echevarria', 'Yan Liu']","['University of Southern California', 'Adobe Research', 'Adobe Research', 'University of Southern California']",Not Found,United States,42,42
GeoVLN: Learning Geometry-Enhanced Visual Representation With Slot Attention for Vision-and-Language Navigation,"['Jingyang Huo', 'Qiang Sun', 'Boyan Jiang', 'Haitao Lin', 'Yanwei Fu']","['', 'Fudan University', 'Fudan University', 'Fudan University', None]","26 May, 2023",China,16,16
MAIR: Multi-View Attention Inverse Rendering With 3D Spatially-Varying Lighting Estimation,"['JunYong Choi', 'SeokYeong Lee', 'Haesol Park', 'Seung-Won Jung', 'Ig-Jae Kim', 'Junghyun Cho']","['Korea University', 'Korea University', 'Korea Institute of Science and Technology', 'Korea University', 'Korea Institute of Science and Technology', 'KIST']","22 March, 2023",South Korea,75,
Learning 3D Scene Priors With 2D Supervision,"['Yinyu Nie', 'Angela Dai', 'Xiaoguang Han', 'Matthias Nießner']","[None, '', 'The Chinese University of Hong Kong, Shenzhen', 'Technical University of Munich']",November 2022,Hong Kong; China; Germany,26,
ProTéGé: Untrimmed Pretraining for Video Temporal Grounding by Video Temporal Grounding,"['Lan Wang', 'Gaurav Mittal', 'Sandra Sajeev', 'Ye Yu', 'Matthew Hall', 'Vishnu Naresh Boddeti', 'Mei Chen']","[None, None, 'Microsoft', 'Microsoft', 'Microsoft', None, '']",Not Found,United States,,
Video Compression With Entropy-Constrained Neural Representations,"['Carlos Gomes', 'Roberto Azevedo', 'Christopher Schroers']","['ETHZ - ETH Zurich', 'Disney Research, Disney', 'Disney Research|Studios, Disney']",Not Found,Switzerland,31,
Learning From Unique Perspectives: User-Aware Saliency Modeling,"['Shi Chen', 'Nachiappan Valliappan', 'Shaolei Shen', 'Xinyu Ye', 'Kai Kohlhoff', 'Junfeng He']","[None, 'University of Texas, Austin', 'Google', 'Google', 'Google Research', 'Google']",Not Found,United States,,
Learning 3D Representations From 2D Pre-Trained Models via Image-to-Point Masked Autoencoders,"['Renrui Zhang', 'Liuhui Wang', 'Yu Qiao', 'Peng Gao', 'Hongsheng Li']","['MMLab of CUHK &amp;amp;amp; Shanghai AI Laboratory', 'Peking University', 'Shanghai Aritifcal Intelligence Laboratory', 'The Chinese University of Hong Kong', 'The Chinese University of Hong Kong']",December 2022,Finland; Hong Kong,,26
Starting From Non-Parametric Networks for 3D Point Cloud Analysis,"['Renrui Zhang', 'Liuhui Wang', 'Yali Wang', 'Peng Gao', 'Hongsheng Li', 'Jianbo Shi']","['MMLab of CUHK &amp;amp;amp; Shanghai AI Laboratory', 'Peking University', 'SIAT, Chinese Academy of Sciences', 'The Chinese University of Hong Kong', 'The Chinese University of Hong Kong', None]","14 March, 2023",Finland; China,,26
NeRFLix: High-Quality Neural View Synthesis by Learning a Degradation-Driven Inter-Viewpoint MiXer,"['Kun Zhou', 'Wenbo Li', 'Yi Wang', 'Tao Hu', 'Nianjuan Jiang', 'Xiaoguang Han', 'Jiangbo Lu']","['The Chinese University of Hong Kong (Shenzhen）', 'The Chinese University of Hong Kong', 'Shanghai AI Laboratory', None, 'Smartmore', 'The Chinese University of Hong Kong, Shenzhen', 'SmartMore Corporation']","13 March, 2023",China; Hong Kong,26,
Point2Pix: Photo-Realistic Point Cloud Rendering via Neural Radiance Fields,"['Tao Hu', 'Xiaogang Xu', 'Shu Liu', 'Jiaya Jia']","[None, 'Zhejiang Lab', 'The Chinese University of Hong Kong', 'The Chinese University of Hong Kong']",March 2023,Hong Kong,,26
TriVol: Point Cloud Rendering via Triple Volumes,"['Tao Hu', 'Xiaogang Xu', 'Ruihang Chu', 'Jiaya Jia']","[None, 'Zhejiang Lab', None, 'The Chinese University of Hong Kong']",March 2023,Hong Kong,,26
DR2: Diffusion-Based Robust Degradation Remover for Blind Face Restoration,"['Zhixin Wang', 'Ziying Zhang', 'Xiaoyun Zhang', 'Huangjie Zheng', 'Mingyuan Zhou', 'Ya Zhang', 'Yanfeng Wang']","['Shang Hai Jiao Tong University', 'Shanghai Jiaotong University', 'Shanghai Jiao Tong University', 'University of Texas, Austin', 'The University of Texas at Austin', 'Shanghai Jiao Tong University', None]","13 March, 2023",China; United States,,5
ABLE-NeRF: Attention-Based Rendering With Learnable Embeddings for Neural Radiance Field,"['Zhe Jun Tang', 'Tat-Jen Cham', 'Haiyu Zhao']","['Nanyang Technological University', 'Nanyang Technological University', 'Sensetime International PTE LTD']",March 2023,Singapore,8,
Exploring Structured Semantic Prior for Multi Label Recognition With Incomplete Labels,"['Zixuan Ding', 'Ao Wang', 'Hui Chen', 'Qiang Zhang', 'Pengzhang Liu', 'Yongjun Bao', 'Weipeng Yan', 'Jungong Han']","[None, 'Tsinghua University, Tsinghua University', 'Tsinghua University, Tsinghua University', 'Xidian Univesity', 'jd.com', 'Peking University', 'University of Waterloo', 'Aberystwyth University']","23 March, 2023",China; Canada; United Kingdom,1,486
LG-BPN: Local and Global Blind-Patch Network for Self-Supervised Real-World Denoising,"['Zichun Wang', 'Ying Fu', 'Ji Liu', 'Yulun Zhang']","[None, None, 'Baidu', 'ETH Zürich']",April 2023,Switzerland,,
CLIP2Scene: Towards Label-Efficient 3D Scene Understanding by CLIP,"['Runnan Chen', 'Youquan Liu', 'Lingdong Kong', 'Xinge Zhu', 'Yuexin Ma', 'Yikang Li', 'Yuenan Hou', 'Yu Qiao', 'Wenping Wang']","['The University of Hong Kong', 'Hochschule Bremerhaven', 'National University of Singapore', 'The Chinese University of Hong Kong', 'ShanghaiTech University', 'IDG Capital', 'Shanghai AI Laboratory', 'Shanghai Aritifcal Intelligence Laboratory', 'Texas A&M University - College Station']","12 January, 2023",Hong Kong; Singapore; China; United States,26,61
FlexiViT: One Model for All Patch Sizes,"['Lucas Beyer', 'Pavel Izmailov', 'Alexander Kolesnikov', 'Mathilde Caron', 'Simon Kornblith', 'Xiaohua Zhai', 'Matthias Minderer', 'Michael Tschannen', 'Ibrahim Alabdulmohsin', 'Filip Pavetic']","['Google Brain/DM Zürich', 'New York University', 'Google', 'Google', 'Google', 'Google', 'Google', 'Google DeepMind', 'Google', 'Google']","15 December, 2022",United States; United Kingdom,,
CLIPPO: Image-and-Language Understanding From Pixels Only,"['Michael Tschannen', 'Basil Mustafa', 'Neil Houlsby']","['Google DeepMind', 'Google', 'Google']","15 December, 2022",United Kingdom; United States,,
DistractFlow: Improving Optical Flow Estimation via Realistic Distractions and Pseudo-Labeling,"['Jisoo Jeong', 'Hong Cai', 'Risheek Garrepalli', 'Fatih Porikli']","['Qualcomm Inc, QualComm', 'Qualcomm AI Research', 'Qualcomm Inc, QualComm', 'QualComm']",March 2023,United States,,
"BUFFER: Balancing Accuracy, Efficiency, and Generalizability in Point Cloud Registration","['Sheng Ao', 'Qingyong Hu', 'Hanyun Wang', 'Kai Xu', 'Yulan Guo']","[None, 'University of Oxford', 'Information Engineering University', 'National University of Defense Technology', 'SUN YAT-SEN UNIVERSITY']",Not Found,United Kingdom; China,85,29
DivClust: Controlling Diversity in Deep Clustering,"['Ioannis Maniadis Metaxas', 'Georgios Tzimiropoulos', 'Ioannis Patras']","['Queen Mary University of London', 'Queen Mary University London', 'Queen Mary University of London']",April 2023,United Kingdom,146,146
On Data Scaling in Masked Image Modeling,"['Zhenda Xie', 'Zheng Zhang', 'Yue Cao', 'Yutong Lin', 'Yixuan Wei', 'Qi Dai', 'Han Hu']","['Tsinghua University, Tsinghua University', 'Microsoft', 'Beijing Academy of Artificial Intelligence', ""Xi'an Jiaotong University"", 'Tsinghua University, Tsinghua University', 'Microsoft Research Asia', 'Microsft Research Asia']",May 2023,China; United States,1,
Masked Image Training for Generalizable Deep Image Denoising,"['Haoyu Chen', 'Jinjin Gu', 'Yihao Liu', 'Salma Abdel Magid', 'Chao Dong', 'Qiong Wang', 'Hanspeter Pfister', 'Lei Zhu']","['Hong Kong University of Science and Technology (Guangzhou)', 'University of Sydney', None, 'Harvard University', 'SIAT', 'Shenzhen Institutes of Advanced Technology, Chinese Academy of Sciences, Chinese Academy of Sciences', 'Harvard University', 'Hong Kong University of Science and Technology (Guangzhou) & HKUST']",March 2023,China; Australia; United States; Hong Kong,,10
ScaleKD: Distilling Scale-Aware Knowledge in Small Object Detector,"['Yichen Zhu', 'Qiqi Zhou', 'Ning Liu', 'Zhiyuan Xu', 'Zhicai Ou', 'Xiaofeng Mou', 'Jian Tang']","['Midea Group', 'Shanghai University of Electric Power', None, 'Midea', 'AI Innovation Center, Midea Group', 'Midea Group', 'Midea Group']",Not Found,,,
Shape-Aware Text-Driven Layered Video Editing,"['Yao-Chih Lee', 'Ji-Ze Genevieve Jang', 'Yi-Ting Chen', 'Elizabeth Qiu', 'Jia-Bin Huang']","['University of Maryland, College Park', 'University of Maryland Institute for Advanced Computer Studies, University of Maryland, College Park', None, 'Department of Computer Science, University of Maryland, College Park', 'University of Maryland, College Park']",January 2023,United States; Unknown,15,15
Generalizable Implicit Neural Representations via Instance Pattern Composers,"['Chiheon Kim', 'Doyup Lee', 'Saehoon Kim', 'Minsu Cho', 'Wook-Shin Han']","['Kakao Brain', 'Kakao Brain', 'Kakao Brain', 'POSTECH', 'POSTECH']","23 November, 2022",South Korea,,88
Behavioral Analysis of Vision-and-Language Navigation Agents,"['Zijiao Yang', 'Arjun Majumdar', 'Stefan Lee']","['Oregon State University', 'Georgia Institute of Technology', 'Oregon State University']",July 2023,United States,160,160
HierVL: Learning Hierarchical Video-Language Embeddings,"['Kumar Ashutosh', 'Rohit Girdhar', 'Lorenzo Torresani', 'Kristen Grauman']","[None, 'Meta', 'Facebook', 'University of Texas at Austin']","5 January, 2023",United States,,49
Learning Geometry-Aware Representations by Sketching,"['Hyundo Lee', 'Inwoo Hwang', 'Hyunsung Go', 'Won-Seok Choi', 'Kibeom Kim', 'Byoung-Tak Zhang']","['Seoul National University', 'Seoul National University', 'Seoul National University', 'Seoul National University', 'Seoul National University', 'Seoul National University']",April 2023,South Korea,20,20
Pruning Parameterization With Bi-Level Optimization for Efficient Semantic Segmentation on the Edge,"['Changdi Yang', 'Pu Zhao', 'Yanyu Li', 'Wei Niu', 'Jiexiong Guan', 'Hao Tang', 'Minghai Qin', 'Bin Ren', 'Xue Lin', 'Yanzhi Wang']","['Northeastern University', 'Northeastern University', 'Northeastern University', 'College of William and Mary', 'College of William and Mary', 'ETH Zurich', 'Western Digital Corporation', 'Department of Computer Science, College of William and Mary', None, 'Northeastern University']",Not Found,United States; Switzerland; Unknown,35,35
Unsupervised Deep Probabilistic Approach for Partial Point Cloud Registration,"['Guofeng Mei', 'Hao Tang', 'Xiaoshui Huang', 'Weijie Wang', 'Juan Liu', 'Jian Zhang', 'Luc Van Gool', 'Qiang Wu']","['University of Technology Sydney', 'ETH Zurich', 'Shanghai AI Laboratory', 'University of Trento', 'Beijing Institute of Technology', 'University of Technology Sydney', 'ETH Zurich', 'University of Technology Sydney']",March 2023,Australia; Switzerland; China; Italy,138,138
StyleIPSB: Identity-Preserving Semantic Basis of StyleGAN for High Fidelity Face Swapping,"['Diqiong Jiang', 'Dan Song', 'Ruofeng Tong', 'Min Tang']","[None, 'Tianjin University', None, 'College of Computer Science and Technology, Zhejiang University']",Not Found,China,100,2
Federated Domain Generalization With Generalization Adjustment,"['Ruipeng Zhang', 'Qinwei Xu', 'Jiangchao Yao', 'Ya Zhang', 'Qi Tian', 'Yanfeng Wang']","['Shanghai Jiao Tong University', 'Shanghai Jiao Tong University', 'Shanghai Jiaotong University', 'Shanghai Jiao Tong University', 'Huawei Technologies Ltd.', None]",Not Found,China,5,
STMixer: A One-Stage Sparse Action Detector,"['Tao Wu', 'Mengqi Cao', 'Ziteng Gao', 'Gangshan Wu', 'Limin Wang']","[None, 'Nanjing University', 'National University of Singapore', 'Nanjing University', 'Nanjing University']",April 2024,China; Singapore,6,6
Learning Discriminative Representations for Skeleton Based Action Recognition,"['Huanyu Zhou', 'Qingjie Liu', 'Yunhong Wang']","['Beijing University of Aeronautics and Astronautics', None, 'Beihang University']","7 March, 2023",China,,49
On the Effectiveness of Partial Variance Reduction in Federated Learning With Heterogeneous Data,"['Bo Li', 'Mikkel N. Schmidt', 'Tommy S. Alstrøm', 'Sebastian U. Stich']","[None, 'Technical University of Denmark', 'Technical University of Denmark', 'CISPA Helmholtz Center for Information Security']","5 December, 2022",Germany,,126
Seeing With Sound: Long-range Acoustic Beamforming for Multimodal Scene Understanding,"['Praneeth Chakravarthula', 'Jim Aldon D’Souza', 'Ethan Tseng', 'Joe Bartusek', 'Felix Heide']","['Department of Computer Science, Princeton University', 'Torc Robotics', 'Princeton University', 'Columbia University', 'Department of Computer Science, Princeton University']",Not Found,Unknown; United States,75,75
Unicode Analogies: An Anti-Objectivist Visual Reasoning Challenge,"['Steven Spratley', 'Krista A. Ehinger', 'Tim Miller']","['The University of Melbourne', 'The University of Melbourne', 'The University of Melbourne']",Not Found,Australia,49,49
Slide-Transformer: Hierarchical Vision Transformer With Local Self-Attention,"['Xuran Pan', 'Tianzhu Ye', 'Zhuofan Xia', 'Shiji Song', 'Gao Huang']","['Tsinghua University, Tsinghua University', 'Tsinghua University', 'Department of Automation, Tsinghua University', 'Tsinghua University, Tsinghua University', 'Tsinghua University, Tsinghua University']",April 2023,China,1,1
Dual-Bridging With Adversarial Noise Generation for Domain Adaptive rPPG Estimation,"['Jingda Du', 'Si-Qi Liu', 'Bochao Zhang', 'Pong C. Yuen']","['Hong Kong Baptist University', 'HKBU    SRIBD', 'Hong Kong Baptist University', 'Hong Kong Baptist Unviersity']",Not Found,Hong Kong,138,
L-CoIns: Language-Based Colorization With Instance Awareness,"['Zheng Chang', 'Shuchen Weng', 'Peixuan Zhang', 'Yu Li', 'Si Li', 'Boxin Shi']","['Beijing University of Posts and Telecommunications', 'Peking University', 'Beijing University of Posts and Telecommunications', 'International Digital Economy Academy', 'Beijing University of Posts and Telecommunications', None]",Not Found,China,,
Diversity-Aware Meta Visual Prompting,"['Qidong Huang', 'Xiaoyi Dong', 'Dongdong Chen', 'Weiming Zhang', 'Feifei Wang', 'Gang Hua', 'Nenghai Yu']","['University of Science and Technology of China', 'Microsoft', 'Microsoft Research', 'University of Science and Technology of China', 'University of Science and Technology of China', 'Wormpex AI Research', 'University of Science and Technology of China']",March 2023,China; United States,,
Tunable Convolutions With Parametric Multi-Loss Optimization,"['Matteo Maggioni', 'Thomas Tanay', 'Francesca Babiloni', 'Steven McDonagh', 'Aleš Leonardis']","['Huawei Technologies Ltd.', 'Huawei Technologies Ltd.', 'Huawei Technologies Ltd.', 'Huawei Technologies R&D', 'University of Birmingham']",April 2023,China; United Kingdom,,200
Efficient View Synthesis and 3D-Based Multi-Frame Denoising With Multiplane Feature Representations,"['Thomas Tanay', 'Aleš Leonardis', 'Matteo Maggioni']","['Huawei Technologies Ltd.', 'University of Birmingham', 'Huawei Technologies Ltd.']","31 March, 2023",China; United Kingdom,,
An Image Quality Assessment Dataset for Portraits,"['Nicolas Chahine', 'Stefania Calarasanu', 'Davide Garcia-Civiero', 'Théo Cayla', 'Sira Ferradans', 'Jean Ponce']","['DXOMARK/INRIA', 'DXOMARK', 'Dxomark', 'Enseirb Matmeca', 'Suez Corp', 'Ecole Normale Supérieure de Paris']",April 2023,France,160,
FREDOM: Fairness Domain Adaptation Approach to Semantic Scene Understanding,"['Thanh-Dat Truong', 'Ngan Le', 'Bhiksha Raj', 'Jackson Cothren', 'Khoa Luu']","['University of Arkansas', 'University of Arkansas, Fayetteville', 'Carnegie Mellon University', 'University of Arkansas - Fayetteville', 'University of Arkansas']",April 2023,United States,486,486
High-Fidelity Generalized Emotional Talking Face Generation With Multi-Modal Emotion Space Learning,"['Chao Xu', 'Junwei Zhu', 'Jiangning Zhang', 'Yue Han', 'Wenqing Chu', 'Ying Tai', 'Chengjie Wang', 'Zhifeng Xie', 'Yong Liu']","['Zhejiang University', 'Tencent Youtu Lab', 'Tencent Youtu Lab', None, 'Baidu', 'Tencent', 'Shanghai Jiao Tong University', 'shanghai university', 'Zhejiang University']","4 May, 2023",China,2,2
MonoATT: Online Monocular 3D Object Detection With Adaptive Token Transformer,"['Yunsong Zhou', 'Hongzi Zhu', 'Quan Liu', 'Shan Chang', 'Minyi Guo']","['Shanghai Jiao Tong University', 'Shanghai Jiao Tong University', 'Shanghai Jiaotong University', 'Donghua University, Shanghai', 'Shanghai Jiaotong University']",March 2023,China,5,
Learning Visibility Field for Detailed 3D Human Reconstruction and Relighting,"['Ruichen Zheng', 'Peng Li', 'Haoqian Wang', 'Tao Yu']","['Tsinghua University', 'Tsinghua University', 'Tsinghua University, Tsinghua University', 'Tsinghua University, Tsinghua University']",April 2023,China,1,1
Complexity-Guided Slimmable Decoder for Efficient Deep Video Compression,"['Zhihao Hu', 'Dong Xu']","['Beihang University', 'University of Hong Kong']",Not Found,China; Hong Kong,49,26
Glocal Energy-Based Learning for Few-Shot Open-Set Recognition,"['Haoyu Wang', 'Guansong Pang', 'Peng Wang', 'Lei Zhang', 'Wei Wei', 'Yanning Zhang']","['', 'Singapore Management University', 'University of Wollonong', 'Northwestern Polytechnical University', 'Northwestern Polytechnical University', 'Northwestern Polytechnical University']",April 2023,Singapore; China,27,
MACARONS: Mapping and Coverage Anticipation With RGB Online Self-Supervision,"['Antoine Guédon', 'Tom Monnier', 'Pascal Monasse', 'Vincent Lepetit']","['Ecole des Ponts ParisTech', 'École des Ponts ParisTech', 'Ecole des Ponts ParisTech', 'Ecole des Ponts ParisTech']","6 March, 2023",France,,
Conjugate Product Graphs for Globally Optimal 2D-3D Shape Matching,"['Paul Roetzer', 'Zorah Lähner', 'Florian Bernard']","[None, None, 'University of Bonn']","21 November, 2022",Germany,222,222
Real-Time Multi-Person Eyeblink Detection in the Wild for Untrimmed Video,"['Wenzheng Zeng', 'Yang Xiao', 'Sicheng Wei', 'Jinfang Gan', 'Xintao Zhang', 'Zhiguo Cao', 'Zhiwen Fang', 'Joey Tianyi Zhou']","[None, 'Huazhong University of Science and Technology', 'Huazhong University of Science and Technology', 'Huazhong University of Science and Technology', 'Huazhong University of Science and Technology', '', 'Southern Medical University', 'National University of Singapore ']","28 March, 2023",China; Singapore,,12
RUST: Latent Neural Scene Representations From Unposed Imagery,"['Mehdi S. M. Sajjadi', 'Aravindh Mahendran', 'Thomas Kipf', 'Etienne Pot', 'Daniel Duckworth', 'Mario Lučić', 'Klaus Greff']","['Google', 'Google', 'Google Research', 'Google', 'Google', 'Google', 'Google']","25 November, 2022",United States,,
Humans As Light Bulbs: 3D Human Reconstruction From Thermal Reflection,"['Ruoshi Liu', 'Carl Vondrick']","['Columbia University', 'Columbia University']",May 2023,United States,66,66
What You Can Reconstruct From a Shadow,"['Ruoshi Liu', 'Sachit Menon', 'Chengzhi Mao', 'Dennis Park', 'Simon Stent', 'Carl Vondrick']","['Columbia University', 'Columbia University', 'Columbia University', 'Toyota Research Institute', 'Woven Planet', 'Columbia University']",Not Found,United States,66,66
Uncertainty-Aware Vision-Based Metric Cross-View Geolocalization,"['Florian Fervers', 'Sebastian Bullinger', 'Christoph Bodensteiner', 'Michael Arens', 'Rainer Stiefelhagen']","['Fraunhofer IOSB', 'Fraunhofer IOSB', 'Fraunhofer IOSB', 'Karlsruher Institut für Technologie', 'Karlsruhe Institute of Technology']","22 November, 2022",Germany,,200
Stare at What You See: Masked Image Modeling Without Reconstruction,"['Hongwei Xue', 'Peng Gao', 'Hongyang Li', 'Yu Qiao', 'Hao Sun', 'Houqiang Li', 'Jiebo Luo']","['University of Science and Technology of China', 'The Chinese University of Hong Kong', None, 'Shanghai Aritifcal Intelligence Laboratory', 'University of Chinese Academy of Sciences', 'University of Science and Technology of China', 'University of Rochester']","16 November, 2022",China; Hong Kong; United States,,160
"Network-Free, Unsupervised Semantic Segmentation With Synthetic Images","['Qianli Feng', 'Raghudeep Gadde', 'Wentong Liao', 'Eduard Ramon', 'Aleix Martinez']","['Amazon', 'Amazon', 'Amazon', 'Amazon', 'Amazon; The Ohio State University']",Not Found,United States,,114
Q-DETR: An Efficient Low-Bit Quantized Detection Transformer,"['Sheng Xu', 'Yanjing Li', 'Mingbao Lin', 'Peng Gao', 'Guodong Guo', 'Jinhu Lü', 'Baochang Zhang']","['Beihang University', 'Beihang University', 'Xiamen University', 'The Chinese University of Hong Kong', 'West Virginia University; UNIUBI Research', 'Beihang University', 'Beihang University']",April 2023,China,49,49
Progressively Optimized Local Radiance Fields for Robust View Synthesis,"['Andréas Meuleman', 'Yu-Lun Liu', 'Chen Gao', 'Jia-Bin Huang', 'Changil Kim', 'Min H. Kim', 'Johannes Kopf']","['Korea Advanced Institute of Science and Technology', '', 'Meta', 'University of Maryland, College Park', 'Facebook', 'KAIST', 'Facebook']",March 2023,South Korea; United States,,
Hierarchical Neural Memory Network for Low Latency Event Processing,"['Ryuhei Hamaguchi', 'Yasutaka Furukawa', 'Masaki Onishi', 'Ken Sakurada']","['AIST, National Institute of Advanced Industrial Science and Technology', 'Simon Fraser University', 'AIST, National Institute of Advanced Industrial Science and Technology', 'AIST, National Institute of Advanced Industrial Science and Technology']",May 2023,South Korea; Canada,,
Attention-Based Point Cloud Edge Sampling,"['Chengzhi Wu', 'Junwei Zheng', 'Julius Pfrommer', 'Jürgen Beyerer']","['Karlsruhe Institute of Technology', 'Karlsruhe Institute of Technology', 'Karlsruher Institut für Technologie', 'Karlsruher Institut für Technologie']","28 February, 2023",Germany,200,
Initialization Noise in Image Gradients and Saliency Maps,"['Ann-Christin Woerl', 'Jan Disselhoff', 'Michael Wand']","['', 'Johannes Gutenberg-University Mainz', 'University of Mainz']",Not Found,Germany,,358
A Light Touch Approach to Teaching Transformers Multi-View Geometry,"['Yash Bhalgat', 'João F. Henriques', 'Andrew Zisserman']","['Visual Geometry Group, University of Oxford', 'University of Oxford', 'University of Oxford']","28 November, 2022",United Kingdom,85,85
Active Finetuning: Exploiting Annotation Budget in the Pretraining-Finetuning Paradigm,"['Yichen Xie', 'Han Lu', 'Junchi Yan', 'Xiaokang Yang', 'Masayoshi Tomizuka', 'Wei Zhan']","['University of California, Berkeley', 'Shanghai Jiao Tong University', 'Shanghai Jiao Tong University', 'Shanghai Jiao Tong University, China', 'University of California, Berkeley', 'University of California Berkeley']",March 2023,United States; China,20,20
DynamicStereo: Consistent Dynamic Depth From Stereo Videos,"['Nikita Karaev', 'Ignacio Rocco', 'Benjamin Graham', 'Natalia Neverova', 'Andrea Vedaldi', 'Christian Rupprecht']","['University of Oxford', 'Facebook', 'Meta', 'Facebook AI Research', 'University of Oxford', 'University of Oxford']",May 2023,United Kingdom; United States,85,85
RealFusion: 360° Reconstruction of Any Object From a Single Image,"['Luke Melas-Kyriazi', 'Iro Laina', 'Christian Rupprecht', 'Andrea Vedaldi']","['VGG, University of Oxford', 'University of Oxford', 'University of Oxford', 'University of Oxford']","21 February, 2023",United Kingdom,85,85
PC2: Projection-Conditioned Point Cloud Diffusion for Single-Image 3D Reconstruction,"['Luke Melas-Kyriazi', 'Christian Rupprecht', 'Andrea Vedaldi']","['VGG, University of Oxford', 'University of Oxford', 'University of Oxford']",Not Found,United Kingdom,85,85
Learning Conditional Attributes for Compositional Zero-Shot Learning,"['Qingsheng Wang', 'Lingqiao Liu', 'Chenchen Jing', 'Hao Chen', 'Guoqiang Liang', 'Peng Wang', 'Chunhua Shen']","['', None, 'Beijing Institute of Technology', 'Zhejiang University', 'Northwest Polytechnical University', 'Northwestern Polytechnical University', 'Zhejiang University']","29 May, 2023",China,126,2
Masked Autoencoders Enable Efficient Knowledge Distillers,"['Yutong Bai', 'Zeyu Wang', 'Junfei Xiao', 'Chen Wei', 'Huiyu Wang', 'Alan L. Yuille', 'Yuyin Zhou', 'Cihang Xie']","['Johns Hopkins University', 'University of California, Santa Cruz', 'Johns Hopkins University', 'Johns Hopkins University', 'Facebook', 'Johns Hopkins University', 'UC Santa Cruz', 'University of California, Santa Cruz']","25 August, 2022",United States,42,138
DINN360: Deformable Invertible Neural Network for Latitude-Aware 360° Image Rescaling,"['Yichen Guo', 'Mai Xu', 'Lai Jiang', 'Leonid Sigal', 'Yunjin Chen']","['', 'Beihang University, Tsinghua University', 'University of British Columbia', 'University Of British Columbia', 'Alibaba Group']",Not Found,China; Canada,1,
One-Stage 3D Whole-Body Mesh Recovery With Component Aware Transformer,"['Jing Lin', 'Ailing Zeng', 'Haoqian Wang', 'Lei Zhang', 'Yu Li']","['Tsinghua University, Tsinghua University', 'UCLA', 'Tsinghua University, Tsinghua University', 'International Digital Economy Academy (IDEA)', 'International Digital Economy Academy']",March 2023,China,1,
Human-Art: A Versatile Human-Centric Dataset Bridging Natural and Artificial Scenes,"['Xuan Ju', 'Ailing Zeng', 'Jianan Wang', 'Qiang Xu', 'Lei Zhang']","['', 'UCLA', None, 'The Chinese University of Hong Kong', 'International Digital Economy Academy (IDEA)']","5 March, 2023",Hong Kong,,
Optimization-Inspired Cross-Attention Transformer for Compressive Sensing,"['Jiechong Song', 'Chong Mou', 'Shiqi Wang', 'Siwei Ma', 'Jian Zhang']","[None, 'Peking University', 'City University of Hong Kong', 'Peking University', None]",April 2023,China; Hong Kong,3,3
Understanding Imbalanced Semantic Segmentation Through Neural Collapse,"['Zhisheng Zhong', 'Jiequan Cui', 'Yibo Yang', 'Xiaoyang Wu', 'Xiaojuan Qi', 'Xiangyu Zhang', 'Jiaya Jia']","['The Chinese University of Hong Kong', 'The Chinese University of Hong Kong', 'JD Explore Academy', 'University of Hong Kong', 'University of Oxford', 'MEGVII Technology', 'The Chinese University of Hong Kong']",January 2023,Hong Kong; United Kingdom,26,26
Hierarchical Dense Correlation Distillation for Few-Shot Segmentation,"['Bohao Peng', 'Zhuotao Tian', 'Xiaoyang Wu', 'Chengyao Wang', 'Shu Liu', 'Jingyong Su', 'Jiaya Jia']","['The Chinese University of Hong Kong', 'The Chinese University of Hong Kong', 'University of Hong Kong', 'Department of Computer Science and Engineering, The Chinese University of Hong Kong', 'The Chinese University of Hong Kong', 'Harbin Institute of Technology', 'The Chinese University of Hong Kong']",June 2023,Hong Kong; China,26,26
Transformer-Based Learned Optimization,"['Erik Gärtner', 'Luke Metz', 'Mykhaylo Andriluka', 'C. Daniel Freeman', 'Cristian Sminchisescu']","['Lund University & RADiCAL', 'Google', 'Google', 'Google Research', 'Lund University']",October 2025,Sweden; United States,486,486
NeuFace: Realistic 3D Neural Face Rendering From Multi-View Images,"['Mingwu Zheng', 'Haiyu Zhang', 'Hongyu Yang', 'Di Huang']","['Beihang University', 'BUAA', 'Beihang University', 'Beihang University']","24 March, 2023",China,49,49
Residual Degradation Learning Unfolding Framework With Mixing Priors Across Spectral and Spatial for Compressive Spectral Imaging,"['Yubo Dong', 'Dahua Gao', 'Tian Qiu', 'Yuyan Li', 'Minxi Yang', 'Guangming Shi']","[None, 'Xidian University', 'Xidian University', 'Xidian University', 'Xidian University', 'Xidian University']","13 November, 2022",China,114,114
Revisiting Rolling Shutter Bundle Adjustment: Toward Accurate and Fast Solution,"['Bangyan Liao', 'Delin Qu', 'Yifei Xue', 'Huiqing Zhang', 'Yizhen Lao']","['Hunan University', 'Fudan University', 'University of Twente', 'Hunan University', 'Hunan University']","18 September, 2022",China; Netherlands,222,222
SMPConv: Self-Moving Point Representations for Continuous Convolution,"['Sanghyeon Kim', 'Eunbyung Park']","['', 'SKKU']",April 2023,,,
"Diffusion-Based Generation, Optimization, and Planning in 3D Scenes","['Siyuan Huang', 'Zan Wang', 'Puhao Li', 'Baoxiong Jia', 'Tengyu Liu', 'Yixin Zhu', 'Wei Liang', 'Song-Chun Zhu']","['Beijing Institute of General Artificial Intelligence', None, 'Department of Automation, Tsinghua University', 'University of California, Los Angeles', None, 'Peking University', 'Beijing Institute of Technology', 'UCLA']",January 2023,China; United States,,
LayoutDM: Transformer-Based Diffusion Model for Layout Generation,"['Shang Chai', 'Liansheng Zhuang', 'Fengying Yan']","['University of Science and Technology of China', 'University of Science and Technology of China', 'Tianjin University']",May 2023,China,,100
Decoupling-and-Aggregating for Image Exposure Correction,"['Yang Wang', 'Long Peng', 'Liang Li', 'Yang Cao', 'Zheng-Jun Zha']","['South University of Science and Technology of China', 'USTC', None, 'University of Science and Technology of China', 'University of Science and Technology of China']",Not Found,China,,
JAWS: Just a Wild Shot for Cinematic Transfer in Neural Radiance Fields,"['Xi Wang', 'Robin Courant', 'Jinglei Shi', 'Eric Marchand', 'Marc Christie']","['LIX, École Polytechnique', 'École Polytechnique', 'Nankai University', 'IRISA, Université de Rennes', 'IRISA, INRIA Rennes Bretagne Atlantique']",March 2023,China; France,,160
SplineCam: Exact Visualization and Characterization of Deep Network Geometry and Decision Boundaries,"['Ahmed Imtiaz Humayun', 'Randall Balestriero', 'Guha Balakrishnan', 'Richard G. Baraniuk']","['Rice University', 'Facebook', 'Rice University', 'William Marsh Rice University']","24 February, 2023",United States,126,126
Learning To Measure the Point Cloud Reconstruction Loss in a Representation Space,"['Tianxin Huang', 'Zhonggan Ding', 'Jiangning Zhang', 'Ying Tai', 'Zhenyu Zhang', 'Mingang Chen', 'Chengjie Wang', 'Yong Liu']","['Tencent youtu lab', 'Huazhong University of Science and Technology', 'Tencent Youtu Lab', 'Tencent', None, 'Shanghai Development Center of Computer Software Technology', 'Shanghai Jiao Tong University', 'Zhejiang University']",Not Found,China,,2
Learning Neural Proto-Face Field for Disentangled 3D Face Modeling in the Wild,"['Zhenyu Zhang', 'Renwang Chen', 'Weijian Cao', 'Ying Tai', 'Chengjie Wang']","[None, 'Shanghai Jiaotong University', 'Tencent Youtu Lab', 'Tencent', 'Shanghai Jiao Tong University']",Not Found,China,,5
Alias-Free Convnets: Fractional Shift Invariance via Polynomial Activations,"['Hagay Michaeli', 'Tomer Michaeli', 'Daniel Soudry']","['Technion - Israel Institute of Technology, Technion - Israel Institute of Technology', 'Technion', 'Technion - Israel Institute of Technology, Technion']","14 March, 2023",Israel,49,49
ACL-SPC: Adaptive Closed-Loop System for Self-Supervised Point Cloud Completion,"['Sangmin Hong', 'Mohsen Yavartanoo', 'Reyhaneh Neshatavar', 'Kyoung Mu Lee']","['Seoul National University', None, None, 'Seoul National University']","2 March, 2023",South Korea,20,20
FEND: A Future Enhanced Distribution-Aware Contrastive Learning Framework for Long-Tail Trajectory Prediction,"['Yuning Wang', 'Pu Zhang', 'Lei Bai', 'Jianru Xue']","[""Xi'an Jiaotong University"", ""Xi'an Jiaotong University"", 'Shanghai AI Laboratory', ""Xi'an Jiaotong University, Tsinghua University""]",March 2023,China,66,1
Annealing-Based Label-Transfer Learning for Open World Object Detection,"['Yuqing Ma', 'Hainan Li', 'Zhange Zhang', 'Jinyang Guo', 'Shanghang Zhang', 'Ruihao Gong', 'Xianglong Liu']","['Beijing University of Aeronautics and Astronautics', 'Beijing University of Aeronautics and Astronautics', 'Beijing University of Aeronautics and Astronautics', 'Beijing University of Aeronautics and Astronautics', 'Peking University', 'SenseTime', 'BUAA']",Not Found,China,,
Instance-Aware Domain Generalization for Face Anti-Spoofing,"['Qianyu Zhou', 'Ke-Yue Zhang', 'Taiping Yao', 'Xuequan Lu', 'Ran Yi', 'Shouhong Ding', 'Lizhuang Ma']","['Shanghai Jiao Tong University', 'Tencent', 'Tencent Youtu Lab', None, 'Shanghai Jiao Tong University', 'Tencent Youtu Lab', 'Dept. of Computer Sci. & Eng., Shanghai Jiao Tong University']",April 2023,China,5,5
Geometric Visual Similarity Learning in 3D Medical Image Self-Supervised Pre-Training,"['Yuting He', 'Guanyu Yang', 'Rongjun Ge', 'Yang Chen', 'Jean-Louis Coatrieux', 'Boyu Wang', 'Shuo Li']","['Southeast University', 'Southeast University', 'Nanjing University of Aeronautics and Astronautics', 'Southeast University', 'Southeast University', 'University of Western Ontario', 'Case Western Reserve University']",March 2023,China; United States,38,292
Unsupervised Deep Asymmetric Stereo Matching With Spatially-Adaptive Self-Similarity,"['Taeyong Song', 'Sunok Kim', 'Kwanghoon Sohn']","['Yonsei University', 'Korea Aerospace University', 'Yonsei University']",Not Found,South Korea,61,61
No One Left Behind: Improving the Worst Categories in Long-Tailed Learning,"['Yingxiao Du', 'Jianxin Wu']","[None, 'Nanjing University']","6 March, 2023",China,6,6
FlatFormer: Flattened Window Attention for Efficient Point Cloud Transformer,"['Zhijian Liu', 'Xinyu Yang', 'Haotian Tang', 'Shang Yang', 'Song Han']","['Massachusetts Institute of Technology', 'Shanghai Jiaotong University', 'Massachusetts Institute of Technology', 'Massachusetts Institute of Technology', 'Massachusetts Institute of Technology']","20 January, 2023",United States; China,27,27
Sample-Level Multi-View Graph Clustering,"['Yuze Tan', 'Yixi Liu', 'Shudong Huang', 'Wentao Feng', 'Jiancheng Lv']","[None, 'Sichuan University', 'Sichuan University', 'Sichuan University', 'Sichuan University']",Not Found,China,126,126
Unlearnable Clusters: Towards Label-Agnostic Unlearnable Examples,"['Jiaming Zhang', 'Xingjun Ma', 'Qi Yi', 'Jitao Sang', 'Yu-Gang Jiang', 'Yaowei Wang', 'Changsheng Xu']","[None, 'Deakin University', 'Beijing Jiaotong University', 'Beijing Jiaotong University', 'Fudan University', 'Pengcheng Laboratory', None]","30 December, 2022",China,,
Multi-Label Compound Expression Recognition: C-EXPR Database & Network,['Dimitrios Kollias'],['Queen Mary University of London'],Not Found,United Kingdom,146,146
Multi-Concept Customization of Text-to-Image Diffusion,"['Nupur Kumari', 'Bingliang Zhang', 'Richard Zhang', 'Eli Shechtman', 'Jun-Yan Zhu']","[None, 'Tsinghua University, Tsinghua University', 'Adobe Systems', 'Adobe', 'Carnegie Mellon University']","8 December, 2022",China; United States,1,3
Tri-Perspective View for Vision-Based 3D Semantic Occupancy Prediction,"['Yuanhui Huang', 'Wenzhao Zheng', 'Yunpeng Zhang', 'Jie Zhou', 'Jiwen Lu']","['Tsinghua University', 'Tsinghua University, Tsinghua University', 'PhiGent Robotics', None, 'Tsinghua University']","15 February, 2023",China,1,1
Fine-Grained Image-Text Matching by Cross-Modal Hard Aligning Network,"['Zhengxin Pan', 'Fangyu Wu', 'Bailing Zhang']","[None, 'Zhejiang University', 'Dean at Zhejiang University NIT']",Not Found,China,2,2
Parameter Efficient Local Implicit Image Function Network for Face Segmentation,"['Mausoom Sarkar', 'Nikitha SR', 'Mayur Hemani', 'Rishabh Jain', 'Balaji Krishnamurthy']","[None, 'Indian Institute of Technology, Madras, Dhirubhai Ambani Institute Of Information and Communication Technology', None, 'Adobe Systems', 'Adobe Systems']",March 2023,India,,
Revisiting Reverse Distillation for Anomaly Detection,"['Tran Dinh Tien', 'Anh Tuan Nguyen', 'Nguyen Hoang Tran', 'Ta Duc Huy', 'Soan T.M. Duong', 'Chanh D. Tr. Nguyen', 'Steven Q. H. Truong']","['VinBrain JSC', 'VinBrain JSC.', 'VinBrain Joint Stock Company', 'VinBrain JSC.', 'VinBrain, VinGroup, Vietnam', 'VinBrain', 'Vinbrain JSC']",Not Found,,,
Perception-Oriented Single Image Super-Resolution Using Optimal Objective Estimation,"['Seung Ho Park', 'Young Su Moon', 'Nam Ik Cho']","['Seoul National University / Samsung Electronics', 'Samsung Electronis', None]","24 November, 2022",South Korea,20,
VGFlow: Visibility Guided Flow Network for Human Reposing,"['Rishabh Jain', 'Krishna Kumar Singh', 'Mayur Hemani', 'Jingwan Lu', 'Mausoom Sarkar', 'Duygu Ceylan', 'Balaji Krishnamurthy']","['Adobe Systems', 'Adobe Systems', None, 'Adobe Research', None, 'Adobe Systems', 'Adobe Systems']","13 November, 2022",,,
Turning Strengths Into Weaknesses: A Certified Robustness Inspired Attack Framework Against Graph Neural Networks,"['Binghui Wang', 'Meng Pang', 'Yun Dong']","['Illinois Institute of Technology', 'Nanchang University', 'Iowa State University']",March 2023,United States,292,200
Center Focusing Network for Real-Time LiDAR Panoptic Segmentation,"['Xiaoyan Li', 'Gang Zhang', 'Boyue Wang', 'Yongli Hu', 'Baocai Yin']","['Beijing University of Technology', 'Alibaba Group', 'Beijing University of Technology', 'Beijing University of Technology', 'Beijing University of Technology']",November 2023,,,
Harmonious Teacher for Cross-Domain Object Detection,"['Jinhong Deng', 'Dongli Xu', 'Wen Li', 'Lixin Duan']","['University of Electronic Science and Technology of China', 'University of Sydney', 'University of Electronic Science and Technology of China', 'University of Electronic Science and Technology of China']",Not Found,China; Australia,,
SelfME: Self-Supervised Motion Learning for Micro-Expression Recognition,"['Xinqi Fan', 'Xueli Chen', 'Mingjie Jiang', 'Ali Raza Shahid', 'Hong Yan']","['City University of Hong Kong', 'City University of Hong Kong', 'City University of Hong Kong', 'City University of Hong Kong', 'City University of Hong Kong']",Not Found,Hong Kong,46,46
Mask-Guided Matting in the Wild,"['Kwanyong Park', 'Sanghyun Woo', 'Seoung Wug Oh', 'In So Kweon', 'Joon-Young Lee']","[None, 'KAIST', 'Adobe Systems', 'Korea Advanced Institute of Science and Technology', 'Adobe Research']",Not Found,South Korea,8,
Self-Positioning Point-Based Transformer for Point Cloud Understanding,"['Jinyoung Park', 'Sanghyeok Lee', 'Sihyeon Kim', 'Yunyang Xiong', 'Hyunwoo J. Kim']","['Korea University', 'Korea University', 'Korea University', 'Facebook', 'Korea University']",March 2023,South Korea; United States,75,75
Few-Shot Geometry-Aware Keypoint Localization,"['Xingzhe He', 'Gaurav Bharaj', 'David Ferman', 'Helge Rhodin', 'Pablo Garrido']","[None, 'Flawless AI', 'Flawless AI', 'UBC', 'Flawless AI']",March 2023,,,
Instant Multi-View Head Capture Through Learnable Registration,"['Timo Bolkart', 'Tianye Li', 'Michael J. Black']","['Google', 'Epic Games, Inc.', 'University of Tübingen']",June 2023,United States; Germany,,138
Trade-Off Between Robustness and Accuracy of Vision Transformers,"['Yanxi Li', 'Chang Xu']","['University of Sydney', 'University of Sydney']",Not Found,Australia,71,71
A Loopback Network for Explainable Microvascular Invasion Classification,"['Shengxuming Zhang', 'Tianqi Shi', 'Yang Jiang', 'Xiuming Zhang', 'Jie Lei', 'Zunlei Feng', 'Mingli Song']","['Zhejiang University', 'Shanghai Jiaotong University', 'Zhejiang University', None, 'Zhejiang University of Technology', 'Zhejiang University', 'Zhejiang University']",Not Found,China,2,2
Implicit Identity Leakage: The Stumbling Block to Improving Deepfake Detection Generalization,"['Shichao Dong', 'Jin Wang', 'Renhe Ji', 'Jiajun Liang', 'Haoqiang Fan', 'Zheng Ge']","['Megvii Technology Inc.', 'Institute of Computing Technology, Chinese Academy of Sciences / Megvii Technology', 'Megvii', 'Megvii', 'Megvii Technology Inc.', 'Megvii Technology Inc.']","26 October, 2022",China,,
Joint Token Pruning and Squeezing Towards More Aggressive Compression of Vision Transformers,"['Siyuan Wei', 'Tianzhu Ye', 'Shen Zhang', 'Yao Tang', 'Jiajun Liang']","['Megvii Technology Inc.', 'Tsinghua University', 'Megvii Technology Inc.', 'Megvii Technology Inc.', 'Megvii']",April 2023,China,,
KERM: Knowledge Enhanced Reasoning for Vision-and-Language Navigation,"['Xiangyang Li', 'Zihan Wang', 'Jiahao Yang', 'Yaowei Wang', 'Shuqiang Jiang']","[None, None, 'Institute of Computing Technology, Chinese Academy of Sciences', 'Pengcheng Laboratory', 'Institute of Computing Technology, Chinese Academy of Sciences']",March 2023,China,12,12
Image Quality-Aware Diagnosis via Meta-Knowledge Co-Embedding,"['Haoxuan Che', 'Siyu Chen', 'Hao Chen']","['Hong Kong University of Science and Technology', 'Hong Kong University of Science and Technology', 'The Hong Kong University of Science and Technology']","27 March, 2023",Hong Kong,,
Masked Jigsaw Puzzle: A Versatile Position Embedding for Vision Transformers,"['Bin Ren', 'Yahui Liu', 'Yue Song', 'Wei Bi', 'Rita Cucchiara', 'Nicu Sebe', 'Wei Wang']","['University of Pisa, University of Trento', 'University of Trento', 'University of Trento', 'Tencent AI Lab', 'Università di Modena e Reggio Emilia', 'University of Trento', 'Beijing Jiaotong University']","25 May, 2022",Italy; China,185,185
Search-Map-Search: A Frame Selection Paradigm for Action Recognition,"['Mingjun Zhao', 'Yakun Yu', 'Xiaoli Wang', 'Lei Yang', 'Di Niu']","['University of Alberta', 'University of Alberta', 'Beijing University of Post and Telecommunication, Tsinghua University', 'University of Florida', 'University of Alberta']",April 2023,Canada; China; United States,114,114
DISC: Learning From Noisy Labels via Dynamic Instance-Specific Selection and Correction,"['Yifan Li', 'Hu Han', 'Shiguang Shan', 'Xilin Chen']","['Key Laboratory of Intelligent Information Processing of Chinese Academy of Sciences (CAS), Institute of Computing Technology, CAS', 'Institute of Computing Technology, Chinese Academy of Sciences', 'Institute of Computing Technology, Chinese Academy of Sciences', None]",Not Found,China; United States,12,12
Renderable Neural Radiance Map for Visual Navigation,"['Obin Kwon', 'Jeongho Park', 'Songhwai Oh']","['Seoul National University', 'Seoul National University', 'Seoul National University']",October 2024,South Korea,20,20
Learning the Distribution of Errors in Stereo Matching for Joint Disparity and Uncertainty Estimation,"['Liyan Chen', 'Weihan Wang', 'Philippos Mordohai']","['Stevens Institute of Technology', 'Stevens Institute of Technology', 'Stevens Institute of Technology']",April 2023,United States,146,146
Learning To Generate Image Embeddings With User-Level Differential Privacy,"['Zheng Xu', 'Maxwell Collins', 'Yuxiao Wang', 'Liviu Panait', 'Sewoong Oh', 'Sean Augenstein', 'Ting Liu', 'Florian Schroff', 'H. Brendan McMahan']","['Google Research', None, 'Google', 'Google Research', 'University of Washington', 'Google', 'Google Research', 'Google', 'Google']","19 November, 2022",United States,,
Persistent Nature: A Generative Model of Unbounded 3D Worlds,"['Lucy Chai', 'Richard Tucker', 'Zhengqi Li', 'Phillip Isola', 'Noah Snavely']","['Massachusetts Institute of Technology', 'Google', 'Google', None, 'Google / Cornell']",March 2023,United States,27,
Improving Vision-and-Language Navigation by Generating Future-View Image Semantics,"['Jialu Li', 'Mohit Bansal']","['Department of Computer Science, University of North Carolina at Chapel Hill', 'University of North Carolina at Chapel Hill']",April 2023,Unknown; United States,56,56
Galactic: Scaling End-to-End Reinforcement Learning for Rearrangement at 100k Steps-per-Second,"['Vincent-Pierre Berges', 'Andrew Szot', 'Devendra Singh Chaplot', 'Aaron Gokaslan', 'Roozbeh Mottaghi', 'Dhruv Batra', 'Eric Undersander']","['Meta', 'Georgia Institute of Technology', 'Carnegie Mellon University', 'Cornell University', 'Meta', 'FAIR (Meta) and Georgia Tech', 'Meta']",June 2023,United States,,
Deep Semi-Supervised Metric Learning With Mixed Label Propagation,"['Furen Zhuang', 'Pierre Moulin']","['University of Illinois at Urbana-Champaign', 'University of Illinois at Urbana-Champaign']",Not Found,United States,7,7
Unbiased Scene Graph Generation in Videos,"['Sayak Nag', 'Kyle Min', 'Subarna Tripathi', 'Amit K. Roy-Chowdhury']","['University of California, Riverside', 'Intel Labs', 'Intel Corporation', 'University of California, Riverside']","1 March, 2025",United States,160,160
Neural Rate Estimator and Unsupervised Learning for Efficient Distributed Image Analytics in Split-DNN Models,"['Nilesh Ahuja', 'Parual Datta', 'Bhavya Kanzariya', 'V. Srinivasa Somayazulu', 'Omesh Tickoo']","['Intel', 'Intel', 'Intel Labs | IIT Hyderabad', 'Intel', 'Intel']",Not Found,India,,
RealImpact: A Dataset of Impact Sound Fields for Real Objects,"['Samuel Clarke', 'Ruohan Gao', 'Mason Wang', 'Mark Rau', 'Julia Xu', 'Jui-Hsien Wang', 'Doug L. James', 'Jiajun Wu']","['Stanford University', 'Stanford University', 'Stanford University', 'Stanford University', 'Stanford University', 'Adobe Systems', 'Computer Science Department, Stanford University', 'Stanford University']",June 2023,United States,16,16
RMLVQA: A Margin Loss Approach for Visual Question Answering With Language Biases,"['Abhipsa Basu', 'Sravanti Addepalli', 'R. Venkatesh Babu']","['Indian Institute of Science', 'Indian Institute of Science', 'Indian Institute of Science']",Not Found,,,
Lookahead Diffusion Probabilistic Models for Refining Mean Estimation,"['Guoqiang Zhang', 'Kenta Niwa', 'W. Bastiaan Kleijn']","[None, 'NTT Corporation', 'Google']",April 2023,United States,,
Learning Articulated Shape With Keypoint Pseudo-Labels From Web Images,"['Anastasis Stathopoulos', 'Georgios Pavlakos', 'Ligong Han', 'Dimitris N. Metaxas']","['Rutgers University, Newark', 'University of California, Berkeley', 'Rutgers University', 'Rutgers']",April 2023,United States,106,106
Modular Memorability: Tiered Representations for Video Memorability Prediction,"['Théo Dumont', 'Juan Segundo Hevia', 'Camilo L. Fosco']","['National Technological University of Singapore', 'Memorable', 'MIT']",Not Found,United States,,222
Shifted Diffusion for Text-to-Image Generation,"['Yufan Zhou', 'Bingchen Liu', 'Yizhe Zhu', 'Xiao Yang', 'Changyou Chen', 'Jinhui Xu']","['State University of New York, Buffalo', 'Bytedance Inc.', 'Rutgers University', 'Bytedance', 'State University of New York, Buffalo', 'State University of New York, Buffalo']","23 November, 2022",Brazil; China; United States,,
CLIP-S4: Language-Guided Self-Supervised Semantic Segmentation,"['Wenbin He', 'Suphanut Jamonnak', 'Liang Gou', 'Liu Ren']","['Bosch', 'Bosch', 'Bosch Research, BCAI', 'Bosch Research']",Not Found,South Africa,,
Attribute-Preserving Face Dataset Anonymization via Latent Code Optimization,"['Simone Barattin', 'Christos Tzelepis', 'Ioannis Patras', 'Nicu Sebe']","['University of Trento', 'Queen Mary University London', 'Queen Mary University of London', 'University of Trento']",March 2023,Italy; United Kingdom,185,185
MetaViewer: Towards a Unified Multi-View Representation,"['Ren Wang', 'Haoliang Sun', 'Yuling Ma', 'Xiaoming Xi', 'Yilong Yin']","[None, 'Shandong University', 'Shandong University', 'Shandong University', 'Shandong University']",March 2023,China,160,160
Sequential Training of GANs Against GAN-Classifiers Reveals Correlated “Knowledge Gaps” Present Among Independently Trained GAN Instances,"['Arkanath Pathak', 'Nicholas Dufour']","['Google', 'Google']",March 2023,United States,,
Improving Robustness of Semantic Segmentation to Motion-Blur Using Class-Centric Augmentation,"['Aakanksha Aakanksha', 'A. N. Rajagopalan']","['Indian Institute of Technology Madras', 'Indian Institute of Technology Madras']",Not Found,,,
Instance-Specific and Model-Adaptive Supervision for Semi-Supervised Semantic Segmentation,"['Zhen Zhao', 'Sifan Long', 'Jimin Pi', 'Jingdong Wang', 'Luping Zhou']","['University of Sydney', 'Jilin University', 'Google Research', 'Baidu', 'University of Sydney']",November 2022,Australia; China; United States,71,71
MotionDiffuser: Controllable Multi-Agent Motion Prediction Using Diffusion,"['Chiyu “Max” Jiang', 'Andre Cornman', 'Cheolho Park', 'Benjamin Sapp', 'Yin Zhou', 'Dragomir Anguelov']","['Waymo LLC', 'Stanford University', 'Waymo', 'Waymo', 'Waymo', 'Waymo']",June 2023,United States,,
Train-Once-for-All Personalization,"['Hong-You Chen', 'Yandong Li', 'Yin Cui', 'Mingda Zhang', 'Wei-Lun Chao', 'Li Zhang']","['Ohio State University', 'Google Research', 'Google', 'Google', 'Ohio State University', 'Department of Computer Science, University of Washington']","22 May, 2024",United States; Unknown,114,22
Seasoning Model Soups for Robustness to Adversarial and Natural Distribution Shifts,"['Francesco Croce', 'Sylvestre-Alvise Rebuffi', 'Evan Shelhamer', 'Sven Gowal']","['University of Tübingen', 'DeepMind', 'DeepMind', 'DeepMind']",February 2023,Germany,138,
You Do Not Need Additional Priors or Regularizers in Retinex-Based Low-Light Image Enhancement,"['Huiyuan Fu', 'Wenkai Zheng', 'Xiangyu Meng', 'Xin Wang', 'Chuanming Wang', 'Huadong Ma']","['Beijing University of Posts and Telecommunications', 'Beijing University of Posts and Telecommunications', 'Beijing University of Posts and Telecommunications', 'State University of New York at Stony Brook', 'Beijing University of Posts and Telecommunications', 'Beijing University of Post and Telecommunication, Tsinghua University']",Not Found,United States; China,,1
Uncovering the Disentanglement Capability in Text-to-Image Diffusion Models,"['Qiucheng Wu', 'Yujian Liu', 'Handong Zhao', 'Ajinkya Kale', 'Trung Bui', 'Tong Yu', 'Zhe Lin', 'Yang Zhang', 'Shiyu Chang']","['University of California, Santa Barbara', 'University of California, Santa Barbara', 'Adobe Systems', 'Adobe Systems', 'Adobe Research', 'Adobe Research', 'Adobe Research', 'International Business Machines', 'UC Santa Barbara']",December 2022,United States,88,
Semantic-Conditional Diffusion Networks for Image Captioning,"['Jianjie Luo', 'Yehao Li', 'Yingwei Pan', 'Ting Yao', 'Jianlin Feng', 'Hongyang Chao', 'Tao Mei']","[None, 'JD AI Research', None, 'JD AI Research', 'SUN YAT-SEN UNIVERSITY', 'SUN YAT-SEN UNIVERSITY', 'JD Explore Academy']",December 2022,China,,
Co-SLAM: Joint Coordinate and Sparse Parametric Encodings for Neural Real-Time SLAM,"['Hengyi Wang', 'Jingwen Wang', 'Lourdes Agapito']","['University College London, University of London', 'University College London', 'University College London']",April 2023,United Kingdom,88,88
CAP: Robust Point Cloud Classification via Semantic and Structural Modeling,"['Daizong Ding', 'Erling Jiang', 'Yuanmin Huang', 'Mi Zhang', 'Wenxuan Li', 'Min Yang']","['Fudan University', 'Fudan University', 'Fudan University', 'Fudan University', 'Huazhong University of Science and Technology', 'Fudan University']",Not Found,China,16,16
Jedi: Entropy-Based Localization and Removal of Adversarial Patches,"['Bilel Tarchoun', 'Anouar Ben Khalifa', 'Mohamed Ali Mahjoub', 'Nael Abu-Ghazaleh', 'Ihsen Alouani']","[""Ecole Nationale d'Ingénieurs de Sousse"", 'Université de Sousse, Ecole Nationale d’Ingénieurs de Sousse, LATIS- Laboratory of Advanced Technology and Intelligent Systems, 4023, Sousse, Tunisie.', 'Université du Centre, Sousse', ', University of California, Riverside', ""The Queen's University Belfast""]",April 2023,United States; United Kingdom,,292
Generating Features With Increased Crop-Related Diversity for Few-Shot Object Detection,"['Jingyi Xu', 'Hieu Le', 'Dimitris Samaras']","['State University of New York at Stony Brook', 'EPFL', 'Stony Brook University']",April 2023,United States; Switzerland,,56
iCLIP: Bridging Image Classification and Contrastive Language-Image Pre-Training for Visual Recognition,"['Yixuan Wei', 'Yue Cao', 'Zheng Zhang', 'Houwen Peng', 'Zhuliang Yao', 'Zhenda Xie', 'Han Hu', 'Baining Guo']","['Tsinghua University, Tsinghua University', 'Beijing Academy of Artificial Intelligence', 'Microsoft', 'Microsoft Research', 'Tsinghua University', 'Tsinghua University, Tsinghua University', 'Microsft Research Asia', 'Microsoft Research']",Not Found,China; United States,1,
Coreset Sampling From Open-Set for Fine-Grained Self-Supervised Learning,"['Sungnyun Kim', 'Sangmin Bae', 'Se-Young Yun']","[None, None, 'KAIST']","20 March, 2023",South Korea,8,8
Adaptive Data-Free Quantization,"['Biao Qian', 'Yang Wang', 'Richang Hong', 'Meng Wang']","[None, 'Hefei University of Technology', 'Hefei University of Technology', 'Hefei University of Technology']","7 July, 2024",China,,
High-Frequency Stereo Matching Network,"['Haoliang Zhao', 'Huizhou Zhou', 'Yongjun Zhang', 'Jie Chen', 'Yitong Yang', 'Yong Zhao']","[None, 'Guangdong University of Technology', None, 'Peking University', 'Guizhou University', 'Peking University Shenzhen Graduate School']",Not Found,China,,3
Masked Autoencoding Does Not Help Natural Language Supervision at Scale,"['Floris Weers', 'Vaishaal Shankar', 'Angelos Katharopoulos', 'Yinfei Yang', 'Tom Gunter']","['Apple', 'Apple', 'Apple', 'Apple', 'Apple']","18 January, 2023",,,
Diffusion Art or Digital Forgery? Investigating Data Replication in Diffusion Models,"['Gowthami Somepalli', 'Vasu Singla', 'Micah Goldblum', 'Jonas Geiping', 'Tom Goldstein']","['University of Maryland, College Park', 'University of Maryland, College Park', 'New York University', 'University of Maryland, College Park', 'University of Maryland, College Park']",Not Found,United States,15,15
Principles of Forgetting in Domain-Incremental Semantic Segmentation in Adverse Weather Conditions,"['Tobias Kalb', 'Jürgen Beyerer']","['Porsche Engineering', 'Karlsruher Institut für Technologie']","24 March, 2023",,,
Two-Way Multi-Label Loss,['Takumi Kobayashi'],['National Institute of Advanced Industrial Science and Technology (AIST)'],Not Found,,,
Transferable Adversarial Attacks on Vision Transformers With Token Gradient Regularization,"['Jianping Zhang', 'Yizhan Huang', 'Weibin Wu', 'Michael R. Lyu']","['The Chinese University of Hong Kong', 'Department of Computer Science and Engineering, The Chinese University of Hong Kong', 'SUN YAT-SEN UNIVERSITY', 'The Chinese University of Hong Kong']","28 March, 2023",Hong Kong; China,26,26
Robust 3D Shape Classification via Non-Local Graph Attention Network,"['Shengwei Qin', 'Zhong Li', 'Ligang Liu']","[None, 'Huzhou University', 'University of Science and Technology of China']",Not Found,China,,
Single View Scene Scale Estimation Using Scale Field,"['Byeong-Uk Lee', 'Jianming Zhang', 'Yannick Hold-Geoffroy', 'In So Kweon']","[None, 'Adobe Systems', 'Adobe Research', 'Korea Advanced Institute of Science and Technology']",Not Found,South Korea,,
Solving Relaxations of MAP-MRF Problems: Combinatorial In-Face Frank-Wolfe Directions,['Vladimir Kolmogorov'],['Institute of Science and Technology'],"19 October, 2020",,,
AUNet: Learning Relations Between Action Units for Face Forgery Detection,"['Weiming Bai', 'Yufan Liu', 'Zhipeng Zhang', 'Bing Li', 'Weiming Hu']","[None, 'Institute of automation, Chinese academy of science, Chinese Academy of Sciences', 'Didi Research', 'Institute of automation, Chinese academy of science, Chinese Academy of Sciences', 'Institute of automation, Chinese academy of science']",Not Found,China,12,
Learning a 3D Morphable Face Reflectance Model From Low-Cost Data,"['Yuxuan Han', 'Zhibo Wang', 'Feng Xu']","['Tsinghua University', 'SenseTime Research', 'Tsinghua University, Tsinghua University']",March 2023,China,1,1
Frame-Event Alignment and Fusion Network for High Frame Rate Tracking,"['Jiqing Zhang', 'Yuanchen Wang', 'Wenxi Liu', 'Meng Li', 'Jinpeng Bai', 'Baocai Yin', 'Xin Yang']","['Dalian University of Technology', 'Dalian University of Technology', 'College of Computer and Data Science, Fuzhou University', 'HiSilicon(Shanghai) Technologies Co.,Ltd', 'Aviation Key Laboratory of Science and Technology on Air Combat System', 'Beijing University of Technology', 'Dalian University of Technology']",May 2023,China,,
You Need Multiple Exiting: Dynamic Early Exiting for Accelerating Unified Vision Language Model,"['Shengkun Tang', 'Yaqing Wang', 'Zhenglun Kong', 'Tianchi Zhang', 'Yao Li', 'Caiwen Ding', 'Yanzhi Wang', 'Yi Liang', 'Dongkuan Xu']","['North Carolina State University', 'Research, Google', 'Northeastern University', 'University of Michigan - Ann Arbor', 'University of North Carolina, Chapel Hill', 'University of Connecticut', 'Northeastern University', 'Google Research', 'North Carolina State University']","20 November, 2022",United States; Qatar,138,138
CLIP2: Contrastive Language-Image-Point Pretraining From Real-World Point Cloud Data,"['Yihan Zeng', 'Chenhan Jiang', 'Jiageng Mao', 'Jianhua Han', 'Chaoqiang Ye', 'Qingqiu Huang', 'Dit-Yan Yeung', 'Zhen Yang', 'Xiaodan Liang', 'Hang Xu']","['Huawei Technologies Ltd.', 'Hong Kong University of Science and Technology', 'CUHK', 'Huawei Technologies Ltd.', 'Huawei Technologies Ltd.', 'The Chinese University of Hong Kong', 'Hong Kong University of Science and Technology', None, 'Sun Yat-sen University', 'Huawei Noah‘s Ark Lab']",Not Found,China; Hong Kong,,
Learning To Generate Language-Supervised and Open-Vocabulary Scene Graph Using Pre-Trained Visual-Semantic Space,"['Yong Zhang', 'Yingwei Pan', 'Ting Yao', 'Rui Huang', 'Tao Mei', 'Chang-Wen Chen']","['The Chinese University  of Hong Kong, Shenzhen', None, 'JD AI Research', 'The Chinese University of Hong Kong, Shenzhen', 'JD Explore Academy', 'The Hong Kong Polytechnic University']",Not Found,Hong Kong; China,26,56
Introducing Competition To Boost the Transferability of Targeted Adversarial Examples Through Clean Feature Mixup,"['Junyoung Byun', 'Myung-Joon Kwon', 'Seungju Cho', 'Yoonji Kim', 'Changick Kim']","['Korea Advanced Institute of Science and Technology', 'Korea Advanced Institute of Science and Technology', 'Korea Advanced Institute of Science & Technology (KAIST)', 'Korea Advanced Institute of Science and Technology', 'Korea Advanced Institute of Science and Technology']",May 2023,South Korea,,
DINER: Disorder-Invariant Implicit Neural Representation,"['Shaowen Xie', 'Hao Zhu', 'Zhen Liu', 'Qi Zhang', 'You Zhou', 'Xun Cao', 'Zhan Ma']","[None, '', 'Nanjing University', 'Tencent AI Lab', 'Nanjing University', 'Nanjing University', 'Nanjing University']",November 2022,China,6,6
DualRefine: Self-Supervised Depth and Pose Estimation Through Iterative Epipolar Sampling and Refinement Toward Equilibrium,"['Antyanta Bangunharcana', 'Ahmed Magd', 'Kyung-Soo Kim']","[None, 'Korea Advanced Institute of Science and Technology', 'KAIST']","7 April, 2023",South Korea,,8
Manipulating Transfer Learning for Property Inference,"['Yulong Tian', 'Fnu Suya', 'Anshuman Suri', 'Fengyuan Xu', 'David Evans']","['Nanjing University', 'University of Virginia', 'University of Virginia', 'National Key Lab for Novel Software Technology, Nanjing University', 'University of Virginia']",March 2023,China; United States,6,75
Image as a Foreign Language: BEiT Pretraining for Vision and Vision-Language Tasks,"['Wenhui Wang', 'Hangbo Bao', 'Li Dong', 'Johan Bjorck', 'Zhiliang Peng', 'Qiang Liu', 'Kriti Aggarwal', 'Owais Khan Mohammed', 'Saksham Singhal', 'Subhojit Som', 'Furu Wei']","['Microsoft', 'Harbin Institute of Technology', 'Microsoft Research', 'Microsoft', None, ', Chinese Academy of Sciences', 'Microsoft', 'Indian Institute of Technology, Bombay', 'Microsoft', 'Georgia Institute of Technology', 'Microsoft Research']","22 August, 2022",United States; China; India,,
MaskCon: Masked Contrastive Learning for Coarse-Labelled Dataset,"['Chen Feng', 'Ioannis Patras']","['Queen Mary University of London', 'Queen Mary University of London']",March 2023,United Kingdom,146,146
Leveraging Inter-Rater Agreement for Classification in the Presence of Noisy Labels,"['Maria Sofia Bucarelli', 'Lucas Cassano', 'Federico Siciliano', 'Amin Mantrach', 'Fabrizio Silvestri']","['Sapienza University of Roma', 'Amazon', 'Sapienza University of Rome', 'Amazon', 'Sapienza University of Rome']",Not Found,Italy,,160
Logical Implications for Visual Question Answering Consistency,"['Sergio Tascon-Morales', 'Pablo Márquez-Neila', 'Raphael Sznitman']","['University of Bern', 'University of Bern', 'University of Bern']",March 2023,Switzerland,358,358
Independent Component Alignment for Multi-Task Learning,"['Dmitry Senushkin', 'Nikolay Patakin', 'Arseny Kuznetsov', 'Anton Konushin']","['Samsung Research', 'Skolkovo Institute of Science and Technology', 'Samsung', 'Samsung']",May 2023,South Korea,,
Open Vocabulary Semantic Segmentation With Patch Aligned Contrastive Learning,"['Jishnu Mukhoti', 'Tsung-Yu Lin', 'Omid Poursaeed', 'Rui Wang', 'Ashish Shah', 'Philip H.S. Torr', 'Ser-Nam Lim']","['University of Oxford', 'Department of Computer Science, University of Massachusetts, Amherst', 'Meta AI', 'Facebook', 'Meta', 'University of Oxford', 'Meta AI']",December 2022,United Kingdom; Unknown; United States,85,
MMG-Ego4D: Multimodal Generalization in Egocentric Action Recognition,"['Xinyu Gong', 'Sreyas Mohan', 'Naina Dhingra', 'Jean-Charles Bazin', 'Yilei Li', 'Zhangyang Wang', 'Rakesh Ranjan']","[None, 'Meta', None, 'Meta', 'Facebook', 'University of Texas at Austin', '']",Not Found,United States,,49
Deep Deterministic Uncertainty: A New Simple Baseline,"['Jishnu Mukhoti', 'Andreas Kirsch', 'Joost van Amersfoort', 'Philip H.S. Torr', 'Yarin Gal']","['University of Oxford', 'University of Oxford', 'University of Oxford', 'University of Oxford', 'University of Oxford']",Not Found,United Kingdom,85,85
SViTT: Temporal Learning of Sparse Video-Text Transformers,"['Yi Li', 'Kyle Min', 'Subarna Tripathi', 'Nuno Vasconcelos']","['University of California San Diego', 'Intel Labs', 'Intel Corporation', 'University of California San Diego']",April 2023,United States,12,12
ERNIE-ViLG 2.0: Improving Text-to-Image Diffusion Model With Knowledge-Enhanced Mixture-of-Denoising-Experts,"['Zhida Feng', 'Zhenyu Zhang', 'Xintong Yu', 'Yewei Fang', 'Lanxin Li', 'Xuyi Chen', 'Yuxiang Lu', 'Jiaxiang Liu', 'Weichong Yin', 'Shikun Feng', 'Yu Sun', 'Li Chen', 'Hao Tian', 'Hua Wu', 'Haifeng Wang']","['Wuhan University of Science and Technology', 'Baidu Inc.', 'Baidu', 'Suzhou University', 'Baidu', 'Baidu', 'Baidu', 'Baidu', 'Baidu', 'Baidu', 'Baidu', 'Wuan University of Science and Technology', 'Baidu Research', 'Baidu', 'Baidu']","27 October, 2022",China,31,
Cross-Modal Implicit Relation Reasoning and Aligning for Text-to-Image Person Retrieval,"['Ding Jiang', 'Mang Ye']","['Wuhan University', 'Wuhan University']",March 2023,China,31,31
Open-Set Representation Learning Through Combinatorial Embedding,"['Geeho Kim', 'Junoh Kang', 'Bohyung Han']","['Seoul National University', 'Seoul National University', 'Seoul National University']","29 June, 2021",South Korea,20,20
DSFNet: Dual Space Fusion Network for Occlusion-Robust 3D Dense Face Alignment,"['Heyuan Li', 'Bo Wang', 'Yu Cheng', 'Mohan Kankanhalli', 'Robby T. Tan']","['National University of Singapore', None, 'National University of Singapore', 'National University of Singapore', 'National University of Singapore']",May 2023,Singapore,12,12
Seeing What You Said: Talking Face Generation Guided by a Lip Reading Expert,"['Jiadong Wang', 'Xinyuan Qian', 'Malu Zhang', 'Robby T. Tan', 'Haizhou Li']","[None, 'University of Science and Technology Beijing', 'University of Electronic Science and Technology of China', 'National University of Singapore', 'The Chinese University of Hong Kong (Shenzhen); National University of Singapore']",March 2023,Hong Kong; Singapore,,12
Hierarchical Semantic Contrast for Scene-Aware Video Anomaly Detection,"['Shengyang Sun', 'Xiaojin Gong']","['Zhejiang University', 'Zhejiang University']",March 2023,China,2,2
HypLiLoc: Towards Effective LiDAR Pose Regression With Hyperbolic Fusion,"['Sijie Wang', 'Qiyu Kang', 'Rui She', 'Wei Wang', 'Kai Zhao', 'Yang Song', 'Wee Peng Tay']","['Nanyang Technological University', 'Nanyang Technological University', 'Tsinghua University, Tsinghua University', 'University of Oxford', 'Nanyang Technological University', None, 'Nanyang Technological University']","3 April, 2023",Singapore; China; United Kingdom,8,8
Learning Orthogonal Prototypes for Generalized Few-Shot Semantic Segmentation,"['Sun-Ao Liu', 'Yiheng Zhang', 'Zhaofan Qiu', 'Hongtao Xie', 'Yongdong Zhang', 'Ting Yao']","[None, 'JD Explore Academy', 'University of Science and Technology of China', 'University of Science and Technology of China', 'University of Science and Technology of China', 'JD AI Research']",Not Found,China,,
Local-Guided Global: Paired Similarity Representation for Visual Reinforcement Learning,"['Hyesong Choi', 'Hunsang Lee', 'Wonil Song', 'Sangryul Jeon', 'Kwanghoon Sohn', 'Dongbo Min']","['Ewha Womans University', 'Yonsei University', 'Yonsei Univ.', 'Electrical Engineering and Computer Science, University of Michigan - Ann Arbor', 'Yonsei University', 'Ewha Womans University']",Not Found,South Korea; United States,,
Boosting Accuracy and Robustness of Student Models via Adaptive Adversarial Distillation,"['Bo Huang', 'Mingyang Chen', 'Yi Wang', 'Junda Lu', 'Minhao Cheng', 'Wei Wang']","['The Hong Kong University of Science and Technology', 'Hong Kong University of Science and Technology', 'Dongguan University of Technology', 'Macquarie University', 'Hong Kong University of Science and Technology', 'The Hong Kong University of Science and Technology']",Not Found,Hong Kong; Australia,,
Hyperspherical Embedding for Point Cloud Completion,"['Junming Zhang', 'Haomeng Zhang', 'Ram Vasudevan', 'Matthew Johnson-Roberson']","['University of Michigan', 'University of Michigan', 'University of Michigan - Ann Arbor', 'Carnegie Mellon University']",July 2023,United States,29,3
Efficient Hierarchical Entropy Model for Learned Point Cloud Compression,"['Rui Song', 'Chunyang Fu', 'Shan Liu', 'Ge Li']","['Peking University', 'Peking University', 'Tencent Media Lab', 'Peking University Shenzhen Graduate School']",Not Found,China,3,3
Improving the Transferability of Adversarial Samples by Path-Augmented Method,"['Jianping Zhang', 'Jen-tse Huang', 'Wenxuan Wang', 'Yichen Li', 'Weibin Wu', 'Xiaosen Wang', 'Yuxin Su', 'Michael R. Lyu']","['The Chinese University of Hong Kong', 'The Chinese University of Hong Kong', 'The Chinese University of Hong Kong', 'Department of Computer Science and Engineering, The Chinese University of Hong Kong', 'SUN YAT-SEN UNIVERSITY', 'Huazhong University of Science and Technology', 'SUN YAT-SEN UNIVERSITY', 'The Chinese University of Hong Kong']",March 2023,Hong Kong; China,26,26
SIEDOB: Semantic Image Editing by Disentangling Object and Background,"['Wuyang Luo', 'Su Yang', 'Xinjian Zhang', 'Weishan Zhang']","[None, 'Fudan University', 'Fudan University', 'China University of Petroleum']",March 2023,China,16,
GradMA: A Gradient-Memory-Based Accelerated Federated Learning With Alleviated Catastrophic Forgetting,"['Kangyang Luo', 'Xiang Li', 'Yunshi Lan', 'Ming Gao']","['East China Normal University', 'East China Normal University', 'East China Normal University', 'East China Normal University']","27 February, 2023",China,200,200
Few-Shot Class-Incremental Learning via Class-Aware Bilateral Distillation,"['Linglan Zhao', 'Jing Lu', 'Yunlu Xu', 'Zhanzhan Cheng', 'Dashan Guo', 'Yi Niu', 'Xiangzhong Fang']","[None, 'Hikvision Research Institute', 'Shanghai Jiao Tong University', 'Hikvision Research Institute', 'Shanghai Jiao Tong University', 'Hikvision Research Institute', 'Shanghai Jiao Tong University']",Not Found,China,,5
Neural Lens Modeling,"['Wenqi Xian', 'Aljaž Božič', 'Noah Snavely', 'Christoph Lassner']","['', 'Facebook', 'Google / Cornell', 'Epic Games']",March 2025,United States,,
A Probabilistic Framework for Lifelong Test-Time Adaptation,"['Dhanajit Brahma', 'Piyush Rai']","['Indian Institute of Technology Kanpur, India', 'IIT Kanpur, IIT Kanpur']","19 December, 2022",United States; India,,222
ZBS: Zero-Shot Background Subtraction via Instance-Level Background Modeling and Foreground Selection,"['Yongqi An', 'Xu Zhao', 'Tao Yu', 'Haiyun Guo', 'Chaoyang Zhao', 'Ming Tang', 'Jinqiao Wang']","['Institute of Automation，Chinese Academy of Sciences', ', Institute of automation, Chinese academy of science', 'Institute of automation, Chinese academy of science, Chinese Academy of Sciences', 'Institute of automation, Chinese Academy of Sciences', ', Institute of automation, Chinese academy of science', 'Institute of automation, Chinese academy of science, Chinese Academy of Sciences', 'Institute of Automation, Chinese Academy of Sciences']",March 2023,China,12,12
DeAR: Debiasing Vision-Language Models With Additive Residuals,"['Ashish Seth', 'Mayur Hemani', 'Chirag Agarwal']","['Indian Institute of Technology, Madras', None, 'Harvard University']",March 2023,India; United States,,88
Deep Depth Estimation From Thermal Image,"['Ukcheol Shin', 'Jinsun Park', 'In So Kweon']","[None, 'Pusan National University', 'Korea Advanced Institute of Science and Technology']",March 2025,South Korea,,
3D GAN Inversion With Facial Symmetry Prior,"['Fei Yin', 'Yong Zhang', 'Xuan Wang', 'Tengfei Wang', 'Xiaoyu Li', 'Yuan Gong', 'Yanbo Fan', 'Xiaodong Cun', 'Ying Shan', 'Cengiz Oztireli', 'Yujiu Yang']","['Electronic Engineering, Tsinghua University, Tsinghua University', 'Tencent AI Lab', 'Tencent AI Lab', 'The Hong Kong University of Science and Technology', 'Tencent AI Lab', 'Tsinghua University', 'Tencent AI Lab', 'Tencent AI Lab', 'Tencent', 'University of Cambridge', 'Tsinghua University']","30 November, 2022",China; United Kingdom,1,1
You Are Catching My Attention: Are Vision Transformers Bad Learners Under Backdoor Attacks?,"['Zenghui Yuan', 'Pan Zhou', 'Kai Zou', 'Yu Cheng']","[None, 'Huazhong University of Science and Technology', 'Protagolabs Inc', None]",Not Found,China,,
Generalization Matters: Loss Minima Flattening via Parameter Hybridization for Efficient Online Knowledge Distillation,"['Tianli Zhang', 'Mengqi Xue', 'Jiangtao Zhang', 'Haofei Zhang', 'Yu Wang', 'Lechao Cheng', 'Jie Song', 'Mingli Song']","['Zhejiang University', 'Zhejiang University City College', '', 'Zhejiang University', 'Zhejiang University', 'Zhejiang Lab', 'Zhejiang University', 'Zhejiang University']",March 2023,China,2,2
BiasAdv: Bias-Adversarial Augmentation for Model Debiasing,"['Jongin Lim', 'Youngdong Kim', 'Byungjai Kim', 'Chanho Ahn', 'Jinwoo Shin', 'Eunho Yang', 'Seungju Han']","['Samsung Advanced Institute of Technology', 'Samsung', 'Samsung Advanced Institute of Science and Technology', 'Samsung Advanced Institute of Technology', 'Korea Advanced Institute of Science and Technology', 'Korea Advanced Institute of Science & Technology', 'Samsung Advanced Institute of Technology']",Not Found,South Korea,,
PartMix: Regularization Strategy To Learn Part Discovery for Visible-Infrared Person Re-Identification,"['Minsu Kim', 'Seungryong Kim', 'Jungin Park', 'Seongheon Park', 'Kwanghoon Sohn']","['Yonsei University', 'Korea University', 'Yonsei University', 'Yonsei University', 'Yonsei University']",April 2023,South Korea,61,61
DART: Diversify-Aggregate-Repeat Training Improves Generalization of Neural Networks,"['Samyak Jain', 'Sravanti Addepalli', 'Pawan Kumar Sahu', 'Priyam Dey', 'R. Venkatesh Babu']","['', 'Indian Institute of Science', 'Indian Institute of Technology (ISM) DHANBAD', 'Qualcomm Inc', 'Indian Institute of Science']","28 February, 2023",,,
Towards High-Quality and Efficient Video Super-Resolution via Spatial-Temporal Data Overfitting,"['Gen Li', 'Jie Ji', 'Minghai Qin', 'Wei Niu', 'Bin Ren', 'Fatemeh Afghah', 'Linke Guo', 'Xiaolong Ma']","['Clemson University', 'Clemson University', 'Western Digital Corporation', 'College of William and Mary', 'Department of Computer Science, College of William and Mary', 'Clemson University', 'Clemson University', 'Clemson University']","14 March, 2023",United States; Unknown,244,244
Towards Practical Plug-and-Play Diffusion Models,"['Hyojun Go', 'Yunsung Lee', 'Jin-Young Kim', 'Seunghyun Lee', 'Myeongho Jeong', 'Hyun Seung Lee', 'Seungtaek Choi']","['Riiid', 'Riiid', 'Yonsei University', 'Korea Advanced Institute of Science and Technology', 'Riiid', 'Korea University', 'Riiid']","12 December, 2022",South Korea,,
PMR: Prototypical Modal Rebalance for Multimodal Learning,"['Yunfeng Fan', 'Wenchao Xu', 'Haozhao Wang', 'Junxiao Wang', 'Song Guo']","['The Hong Kong Polytechnic University', 'The Hong Kong Polytechnic University', 'Huazhong University of Science and Technology', 'KAUST', 'The Hong Kong Polytechnic University']",November 2022,Hong Kong; China; Saudi Arabia,56,56
Decoupling Learning and Remembering: A Bilevel Memory Framework With Knowledge Projection for Task-Incremental Learning,"['Wenju Sun', 'Qingyong Li', 'Jing Zhang', 'Wen Wang', 'Yangli-ao Geng']","[None, 'Beijing Jiaotong University', 'Beijing Jiaotong University', 'Beijing Jiaotong University', 'Tsinghua University, Tsinghua University']",Not Found,China,185,1
Exemplar-FreeSOLO: Enhancing Unsupervised Instance Segmentation With Exemplars,"['Taoseef Ishtiak', 'Qing En', 'Yuhong Guo']","['Carleton University', 'Carleton University', 'Carleton University']",Not Found,Canada,292,292
Visual Query Tuning: Towards Effective Usage of Intermediate Representations for Parameter and Memory Efficient Transfer Learning,"['Cheng-Hao Tu', 'Zheda Mai', 'Wei-Lun Chao']","['The Ohio State University, Columbus', 'Ohio State University, Columbus', 'Ohio State University']","6 December, 2022",United States,114,114
PEFAT: Boosting Semi-Supervised Medical Image Classification via Pseudo-Loss Estimation and Feature Adversarial Training,"['Qingjie Zeng', 'Yutong Xie', 'Zilin Lu', 'Yong Xia']","[""Northwest Polytechnical University Xi'an"", 'University of Adelaide', ""Northwest Polytechnical University Xi'an"", 'Northwestern Polytechnical University']",Not Found,China; Australia,,
Privacy-Preserving Adversarial Facial Features,"['Zhibo Wang', 'He Wang', 'Shuaifan Jin', 'Wenwen Zhang', 'Jiahui Hu', 'Yan Wang', 'Peng Sun', 'Wei Yuan', 'Kaixin Liu', 'Kui Ren']","['Zhejiang University', 'Zhejiang University', 'Zhejiang University', 'Alibaba Group', 'Zhejiang University', 'Alibaba Group', 'Hunan University', 'Wuhan University', 'Megvii Technology Inc.', 'Zhejiang University']",May 2023,China,2,2
MAGVLT: Masked Generative Vision-and-Language Transformer,"['Sungwoong Kim', 'Daejin Jo', 'Donghoon Lee', 'Jongmin Kim']","['Korea University', 'Kakao Brain', 'Kakao Brain', 'Kakao Brain']",March 2023,South Korea,75,
Deep Random Projector: Accelerated Deep Image Prior,"['Taihui Li', 'Hengkang Wang', 'Zhong Zhuang', 'Ju Sun']","['University of Minnesota, Minneapolis', 'University of Minnesota, Minneapolis', 'University of Minnesota, Minneapolis', 'University of Minnesota, Twin Cities']",Not Found,United States,126,126
BEV-Guided Multi-Modality Fusion for Driving Perception,"['Yunze Man', 'Liang-Yan Gui', 'Yu-Xiong Wang']","['Department of Computer Science, University of Illinois at Urbana-Champaign', 'UIUC', None]",Not Found,Unknown; United States,7,
Dealing With Cross-Task Class Discrimination in Online Continual Learning,"['Yiduo Guo', 'Bing Liu', 'Dongyan Zhao']","[None, 'University of Illinois at Chicago', 'Peking University']",May 2023,United States; China,46,3
Tree Instance Segmentation With Temporal Contour Graph,"['Adnan Firoze', 'Cameron Wingren', 'Raymond A. Yeh', 'Bedrich Benes', 'Daniel Aliaga']","['Purdue University', 'Purdue University', 'Purdue University', 'Purdue University', 'Purdue University']",Not Found,United States,75,75
Rethinking Few-Shot Medical Segmentation: A Vector Quantization View,"['Shiqi Huang', 'Tingfa Xu', 'Ning Shen', 'Feng Mu', 'Jianan Li']","['Beijing Institute of Technology', 'Beijing Institute of Technology, Tsinghua University', 'Beijing Institute of Technology', 'Beijing Institute of Technology', 'National University of Singapore']",Not Found,China; Singapore,126,12
NeFII: Inverse Rendering for Reflectance Decomposition With Near-Field Indirect Illumination,"['Haoqian Wu', 'Zhipeng Hu', 'Lincheng Li', 'Yongqiang Zhang', 'Changjie Fan', 'Xin Yu']","['NetEase Fuxi AI Lab', 'Leihuo Game, NetEase', '', 'NetEase Fuxi AI Lab', 'Netease, Fuxi AI Lab', 'University of Queensland']","29 March, 2023",Australia,,185
Bridging the Gap Between Model Explanations in Partially Annotated Multi-Label Classification,"['Youngwook Kim', 'Jae Myung Kim', 'Jieun Jeong', 'Cordelia Schmid', 'Zeynep Akata', 'Jungwoo Lee']","['Seoul National University', 'University of Tuebingen', None, 'Inria / Google', 'University of Tübingen', 'Seoul National University']",April 2023,South Korea; Germany; France,20,20
SlowLiDAR: Increasing the Latency of LiDAR-Based Detection Using Adversarial Examples,"['Han Liu', 'Yuhao Wu', 'Zhiyuan Yu', 'Yevgeniy Vorobeychik', 'Ning Zhang']","['Washington University, Saint Louis', 'Washington University, Saint Louis', 'Washington University, Saint Louis', 'Washington University, St. Louis', 'Washington University, Saint Louis']",Not Found,United States,,
Unsupervised Intrinsic Image Decomposition With LiDAR Intensity,"['Shogo Sato', 'Yasuhiro Yao', 'Taiga Yoshida', 'Takuhiro Kaneko', 'Shingo Ando', 'Jun Shimamura']","['NTT Human Informatics Laboratories', 'The University of Tokyo, Tokyo University', 'NTT', 'NTT Corporation', 'Shonan Institute of Technology', 'NTT Human Informatics Laboratories']",March 2024,Japan,,
RIATIG: Reliable and Imperceptible Adversarial Text-to-Image Generation With Natural Prompts,"['Han Liu', 'Yuhao Wu', 'Shixuan Zhai', 'Bo Yuan', 'Ning Zhang']","['Washington University, Saint Louis', 'Washington University, Saint Louis', 'Washington University, Saint Louis', 'Rutgers University', 'Washington University, Saint Louis']",Not Found,United States,,
Single Image Backdoor Inversion via Robust Smoothed Classifiers,"['Mingjie Sun', 'Zico Kolter']","['Computer Science Department, Carnegie Mellon University', 'Carnegie Mellon University']","28 February, 2023",United States,3,3
SynthVSR: Scaling Up Visual Speech Recognition With Synthetic Supervision,"['Xubo Liu', 'Egor Lakomkin', 'Konstantinos Vougioukas', 'Pingchuan Ma', 'Honglie Chen', 'Ruiming Xie', 'Morrie Doulaty', 'Niko Moritz', 'Jachym Kolar', 'Stavros Petridis', 'Maja Pantic', 'Christian Fuegen']","['University of Surrey', 'Facebook', 'Facebook', 'Imperial College London', 'Facebook', 'Facebook', 'Facebook', 'Meta', 'Facebook', 'Facebook', 'Facebook', 'Facebook/ Meta']","30 March, 2023",United Kingdom; United States,106,
Train/Test-Time Adaptation With Retrieval,"['Luca Zancato', 'Alessandro Achille', 'Tian Yu Liu', 'Matthew Trager', 'Pramuditha Perera', 'Stefano Soatto']","['AWS AI Labs', 'California Institute of Technology', 'University of California, Los Angeles', 'Amazon', 'Amazon', 'AWS']",March 2023,United States,,
Hierarchical Fine-Grained Image Forgery Detection and Localization,"['Xiao Guo', 'Xiaohong Liu', 'Zhiyuan Ren', 'Steven Grosz', 'Iacopo Masi', 'Xiaoming Liu']","['Michigan State University', 'Shanghai Jiao Tong University', 'Michigan State University', 'Michigan State University', 'Sapienza, University of Rome', None]",October 2024,United States; China; Italy,114,160
MammalNet: A Large-Scale Video Benchmark for Mammal Recognition and Behavior Understanding,"['Jun Chen', 'Ming Hu', 'Darren J. Coker', 'Michael L. Berumen', 'Blair Costelloe', 'Sara Beery', 'Anna Rohrbach', 'Mohamed Elhoseiny']","['KAUST', 'Monash University', 'King Abdullah University of Science and Technology', 'King Abdullah University of Science and Technology', 'Max Planck Institute of Animal Behavior', 'Caltech', 'University of California Berkeley', 'KAUST']",June 2023,Saudi Arabia; Australia; United States,106,106
Towards Fast Adaptation of Pretrained Contrastive Models for Multi-Channel Video-Language Retrieval,"['Xudong Lin', 'Simran Tiwari', 'Shiyuan Huang', 'Manling Li', 'Mike Zheng Shou', 'Heng Ji', 'Shih-Fu Chang']","[None, 'Columbia University', 'Columbia University', None, '', 'University of Illinois, Urbana-Champaign', 'Columbia University']","4 June, 2022",United States,66,66
Contrastive Mean Teacher for Domain Adaptive Object Detectors,"['Shengcao Cao', 'Dhiraj Joshi', 'Liang-Yan Gui', 'Yu-Xiong Wang']","['University of Illinois at Urbana-Champaign', 'IBM Research', 'UIUC', None]",May 2023,United States,7,
TMO: Textured Mesh Acquisition of Objects With a Mobile Device by Using Differentiable Rendering,"['Jaehoon Choi', 'Dongki Jung', 'Taejae Lee', 'Sangwook Kim', 'Youngdong Jung', 'Dinesh Manocha', 'Donghwan Lee']","['University of Maryland, College Park', 'Naver Labs', 'NaverLabs', 'Naver Labs', 'Naver Labs', 'University of Maryland, College Park', 'Naver Labs']",March 2023,United States,15,
InstantAvatar: Learning Avatars From Monocular Video in 60 Seconds,"['Tianjian Jiang', 'Xu Chen', 'Jie Song', 'Otmar Hilliges']","[None, 'Swiss Federal Institute of Technology', 'ETHZ - ETH Zurich', None]",December 2022,Switzerland,,31
Neural Volumetric Memory for Visual Locomotion Control,"['Ruihan Yang', 'Ge Yang', 'Xiaolong Wang']","[None, 'Massachusetts Institute of Technology', 'UCSD']",April 2023,United States,27,
Efficient On-Device Training via Gradient Filtering,"['Yuedong Yang', 'Guihong Li', 'Radu Marculescu']","[None, 'University of Texas, Austin', 'University of Texas, Austin']","31 December, 2022",United States,,
SmartBrush: Text and Shape Guided Object Inpainting With Diffusion Model,"['Shaoan Xie', 'Zhifei Zhang', 'Zhe Lin', 'Tobias Hinz', 'Kun Zhang']","['Carnegie Mellon University', 'Adobe Research', 'Adobe Research', 'Adobe Systems', 'Carnegie Mellon University']",December 2022,United States,3,3
NIFF: Alleviating Forgetting in Generalized Few-Shot Object Detection via Neural Instance Feature Forging,"['Karim Guirguis', 'Johannes Meier', 'George Eskandar', 'Matthias Kayser', 'Bin Yang', 'Jürgen Beyerer']","['', 'Technical University Munich', 'Universität Stuttgart', 'Robert Bosch GmbH', 'University of Stuttgart', 'Karlsruher Institut für Technologie']",March 2023,Germany,,
Unpaired Image-to-Image Translation With Shortest Path Regularization,"['Shaoan Xie', 'Yanwu Xu', 'Mingming Gong', 'Kun Zhang']","['Carnegie Mellon University', 'Boston University, Boston University', 'University of Melbourne', 'Carnegie Mellon University']",Not Found,United States; Australia,3,3
NeRFLight: Fast and Light Neural Radiance Fields Using a Shared Feature Grid,"['Fernando Rivas-Manzaneque', 'Jorge Sierra-Acosta', 'Adrian Penate-Sanchez', 'Francesc Moreno-Noguer', 'Angela Ribeiro']","[None, 'Arquimea Research Center', 'Universidad de Las Palmas de Gran Canaria', 'Universidad Politécnica de Cataluna', 'Spanish National Research Council']",Not Found,,,
PEAL: Prior-Embedded Explicit Attention Learning for Low-Overlap Point Cloud Registration,"['Junle Yu', 'Luwei Ren', 'Yu Zhang', 'Wenhui Zhou', 'Lili Lin', 'Guojun Dai']","[None, 'Hangzhou Dianzi University', 'Nanjing University', 'Hangzhou Dianzi University', 'Zhejiang Gongshang University', 'Hangzhou Dianzi University']",Not Found,China,,
Transforming Radiance Field With Lipschitz Network for Photorealistic 3D Scene Stylization,"['Zicheng Zhang', 'Yinglu Liu', 'Congying Han', 'Yingwei Pan', 'Tiande Guo', 'Ting Yao']","[None, 'JD AI', 'University of  Chinese Academy of Sciences', None, 'University of the Chinese Academy of Sciences', 'JD AI Research']",March 2023,China,,
Test Time Adaptation With Regularized Loss for Weakly Supervised Salient Object Detection,['Olga Veksler'],['University of Waterloo'],Not Found,Canada,42,42
Fantastic Breaks: A Dataset of Paired 3D Scans of Real-World Broken Objects and Their Complete Counterparts,"['Nikolas Lamb', 'Cameron Palmer', 'Benjamin Molloy', 'Sean Banerjee', 'Natasha Kholgade Banerjee']","['Clarkson University', 'Clarkson University', 'Clarkson University', 'Clarkson University', 'Clarkson University']","24 March, 2023",,,
InstructPix2Pix: Learning To Follow Image Editing Instructions,"['Tim Brooks', 'Aleksander Holynski', 'Alexei A. Efros']","['OpenAI', 'UC Berkeley & Google Research', 'UC Berkeley']","17 November, 2022",United States,,
Cross-Domain 3D Hand Pose Estimation With Dual Modalities,"['Qiuxia Lin', 'Linlin Yang', 'Angela Yao']","[None, 'National University of Singapore', 'National University of Singapore']",Not Found,Singapore,12,12
Source-Free Video Domain Adaptation With Spatial-Temporal-Historical Consistency Learning,"['Kai Li', 'Deep Patel', 'Erik Kruus', 'Martin Renqiang Min']","['NEC Labs, America', 'NEC Laboratories America', 'NEC-Labs', 'NEC Laboratories America']",Not Found,Egypt,,
PIDNet: A Real-Time Semantic Segmentation Network Inspired by PID Controllers,"['Jiacong Xu', 'Zixiang Xiong', 'Shankar P. Bhattacharyya']","['Johns Hopkins University', 'Texas A&M University', 'Texas A &amp; M University']","4 June, 2022",United States; United Kingdom,42,
SmallCap: Lightweight Image Captioning Prompted With Retrieval Augmentation,"['Rita Ramos', 'Bruno Martins', 'Desmond Elliott', 'Yova Kementchedjhieva']","['Instituto Superior Técnico', 'InstituInstituto Superior Técnico', 'University of Copenhagen', 'University of Copenhagen']","30 September, 2022",Denmark,,88
Hidden Gems: 4D Radar Scene Flow Learning Using Cross-Modal Supervision,"['Fangqiang Ding', 'Andras Palffy', 'Dariu M. Gavrila', 'Chris Xiaoxuan Lu']","['University of Edinburgh', 'Delft University of Technology', 'Delft University of Technology', None]","1 March, 2023",United Kingdom; Netherlands,42,
Learning To Render Novel Views From Wide-Baseline Stereo Pairs,"['Yilun Du', 'Cameron Smith', 'Ayush Tewari', 'Vincent Sitzmann']","['Massachusetts Institute of Technology', 'University of California, San Diego', 'Massachusetts Institute of Technology', 'Massachusetts Institute of Technology']",April 2023,United States,27,27
Neural Texture Synthesis With Guided Correspondence,"['Yang Zhou', 'Kaijian Chen', 'Rongjun Xiao', 'Hui Huang']","['Shenzhen University', 'Shenzhen University', None, 'Shenzhen University']",Not Found,China,75,75
AShapeFormer: Semantics-Guided Object-Level Active Shape Encoding for 3D Object Detection via Transformers,"['Zechuan Li', 'Hongshan Yu', 'Zhengeng Yang', 'Tongjia Chen', 'Naveed Akhtar']","['Hunan University', 'Hunan University', 'Hunan University', 'Hunan University', 'UNIVERSITY OF WESTERN AUSTRALIA']",Not Found,China; Australia,222,244
Robust Test-Time Adaptation in Dynamic Scenarios,"['Longhui Yuan', 'Binhui Xie', 'Shuang Li']","['Beijing Institute of Technology', 'Beijing Institute of Technology', 'Beijing Institute of Technology']",October 2023,China,126,126
AnchorFormer: Point Cloud Completion From Discriminative Nodes,"['Zhikai Chen', 'Fuchen Long', 'Zhaofan Qiu', 'Ting Yao', 'Wengang Zhou', 'Jiebo Luo', 'Tao Mei']","[None, 'JD.com', 'University of Science and Technology of China', 'JD AI Research', 'University of Science and Technology of China', 'University of Rochester', 'JD Explore Academy']",Not Found,China; United States,,
Bias in Pruned Vision Models: In-Depth Analysis and Countermeasures,"['Eugenia Iofinova', 'Alexandra Peste', 'Dan Alistarh']","['Institute of Science and Technology Austria', 'Institute of Science and Technology Austria', 'Institute of Science and Technology']",April 2023,,,
Transformer Scale Gate for Semantic Segmentation,"['Hengcan Shi', 'Munawar Hayat', 'Jianfei Cai']","[None, 'Monash University', None]",May 2022,Australia,38,38
AccelIR: Task-Aware Image Compression for Accelerating Neural Restoration,"['Juncheol Ye', 'Hyunho Yeo', 'Jinwoo Park', 'Dongsu Han']","['Korea Advanced Institute of Science & Technology', 'Korea Advanced Institute of Science & Technology', 'Korea Advanced Institute of Science & Technology', 'KAIST, Korea Advanced Institute of Science & Technology']",Not Found,South Korea,,8
A Unified Spatial-Angular Structured Light for Single-View Acquisition of Shape and Reflectance,"['Xianmin Xu', 'Yuxin Lin', 'Haoyang Zhou', 'Chong Zeng', 'Yaxin Yu', 'Kun Zhou', 'Hongzhi Wu']","['Zhejiang University', 'Zhejiang University', 'ETHZ - ETH Zurich', 'Zhejiang University', 'Zhejiang University', 'Zhejiang University', 'Zhejiang University']",Not Found,China; Switzerland,2,2
SCOTCH and SODA: A Transformer Video Shadow Detection Framework,"['Lihao Liu', 'Jean Prost', 'Lei Zhu', 'Nicolas Papadakis', 'Pietro Liò', 'Carola-Bibiane Schönlieb', 'Angelica I. Aviles-Rivero']","['University of Cambridge', 'University of Bordeaux', 'Hong Kong University of Science and Technology (Guangzhou) & HKUST', 'CNRS/IMB', 'University of Cambridge', 'University of Cambridge', 'University of Cambridge']","13 November, 2022",United Kingdom; Hong Kong; France,61,61
MobileVOS: Real-Time Video Object Segmentation Contrastive Learning Meets Knowledge Distillation,"['Roy Miles', 'Mehmet Kerim Yucel', 'Bruno Manganelli', 'Albert Saà-Garriga']","['Imperial College London', 'Samsung', 'Samsung Research UK', 'Samsung']",March 2023,United Kingdom; South Korea,114,
Neuralizer: General Neuroimage Analysis Without Re-Training,"['Steffen Czolbe', 'Adrian V. Dalca']","['University of Copenhagen', 'Harvard University']","4 May, 2023",Denmark; United States,88,88
MarginMatch: Improving Semi-Supervised Learning with Pseudo-Margins,"['Tiberiu Sosea', 'Cornelia Caragea']","['University of Illinois, Chicago', 'University of Illinois, Chicago']",August 2023,United States,,
Detecting Human-Object Contact in Images,"['Yixin Chen', 'Sai Kumar Dwivedi', 'Michael J. Black', 'Dimitrios Tzionas']","['BIGAI', 'Max Planck Institute for Intelligent Systems, Max-Planck Institute', 'University of Tübingen', 'University of Amsterdam']","6 March, 2023",Germany; Netherlands,,66
Efficient Verification of Neural Networks Against LVM-Based Specifications,"['Harleen Hanspal', 'Alessio Lomuscio']","['Imperial College London', 'Imperial College London Safe Intelligence']",Not Found,United Kingdom,114,114
Recurrent Vision Transformers for Object Detection With Event Cameras,"['Mathias Gehrig', 'Davide Scaramuzza']","['University of Zurich', 'University of Zurich']","11 December, 2022",Switzerland,200,200
SLACK: Stable Learning of Augmentations With Cold-Start and KL Regularization,"['Juliette Marrie', 'Michael Arbel', 'Diane Larlus', 'Julien Mairal']","['Naver Labs Europe', 'INRIA', None, 'Inria']",June 2023,France,,160
SCConv: Spatial and Channel Reconstruction Convolution for Feature Redundancy,"['Jiafeng Li', 'Ying Wen', 'Lianghua He']","['East China Normal University', 'East China Normal University', 'Tongji University']",Not Found,China,200,100
Diversity-Measurable Anomaly Detection,"['Wenrui Liu', 'Hong Chang', 'Bingpeng Ma', 'Shiguang Shan', 'Xilin Chen']","[', Chinese Academy of Sciences', 'Institute of Computing Technology, Chinese Academy of Sciences', 'University of Chinese Academy of Sciences', 'Institute of Computing Technology, Chinese Academy of Sciences', None]",March 2023,China,12,12
Visual Localization Using Imperfect 3D Models From the Internet,"['Vojtech Panek', 'Zuzana Kukelova', 'Torsten Sattler']","['CIIRC, CTU in Prague', 'Czech Technical University in Prague', 'Czech Technical University in Prague']",April 2023,Czech Republic,,185
LANA: A Language-Capable Navigator for Instruction Following and Generation,"['Xiaohan Wang', 'Wenguan Wang', 'Jiayi Shao', 'Yi Yang']","['Zhejiang University', 'Zhejiang University', 'Zhejiang University', 'Zhejiang University']",March 2023,China,2,2
"MAESTER: Masked Autoencoder Guided Segmentation at Pixel Resolution for Accurate, Self-Supervised Subcellular Structure Recognition","['Ronald Xie', 'Kuan Pang', 'Gary D. Bader', 'Bo Wang']","['', 'University of Toronto', 'University of Toronto', 'Vector Institute']",Not Found,Canada,23,
HOTNAS: Hierarchical Optimal Transport for Neural Architecture Search,"['Jiechao Yang', 'Yong Liu', 'Hongteng Xu']","['Renmin University of China', 'Renmin University of China', 'Renmin University of China']",Not Found,China,19,19
Co-Training 2L Submodels for Visual Recognition,"['Hugo Touvron', 'Matthieu Cord', 'Maxime Oquab', 'Piotr Bojanowski', 'Jakob Verbeek', 'Hervé Jégou']","['META AI', None, 'Facebook', 'Facebook', 'Meta AI', 'Meta']",Not Found,United States,,
Learning Rotation-Equivariant Features for Visual Correspondence,"['Jongmin Lee', 'Byungjin Kim', 'Seungwook Kim', 'Minsu Cho']","['POSTECH', 'POSTECH', 'POSTECH', 'POSTECH']",March 2023,South Korea,88,88
CFA: Class-Wise Calibrated Fair Adversarial Training,"['Zeming Wei', 'Yifei Wang', 'Yiwen Guo', 'Yisen Wang']","['Peking University', 'Peking University', 'ByteDance', 'Peking University']",March 2023,China,3,3
VectorFusion: Text-to-SVG by Abstracting Pixel-Based Diffusion Models,"['Ajay Jain', 'Amber Xie', 'Pieter Abbeel']","['University of California Berkeley', 'University of California, Berkeley', 'Covariant']",November 2022,United States,20,
Hint-Aug: Drawing Hints From Foundation Vision Transformers Towards Boosted Few-Shot Parameter-Efficient Tuning,"['Zhongzhi Yu', 'Shang Wu', 'Yonggan Fu', 'Shunyao Zhang', 'Yingyan (Celine) Lin']","['Georgia Institute of Technology', 'Rice University', 'Georgia Institute of Technology', 'Rice University', 'Georgia Institute of Technology']","24 April, 2023",United States,18,18
Fine-Grained Classification With Noisy Labels,"['Qi Wei', 'Lei Feng', 'Haoliang Sun', 'Ren Wang', 'Chenhui Guo', 'Yilong Yin']","[None, 'Nanyang Technological University, Singapore', 'Shandong University', None, 'Shandong University', 'Shandong University']",March 2023,Singapore; China,8,160
Learning a Practical SDR-to-HDRTV Up-Conversion Using New Dataset and Degradation Models,"['Cheng Guo', 'Leidong Fan', 'Ziyu Xue', 'Xiuhua Jiang']","[None, 'Peking University', 'Academy of broadcasting science,NRTA', 'Communication University of China']",March 2023,China,3,
BBDM: Image-to-Image Translation With Brownian Bridge Diffusion Models,"['Bo Li', 'Kaitao Xue', 'Bin Liu', 'Yu-Kun Lai']","[None, 'School of Mathematics and Information Science', 'School of Mathematics and Information Science', 'Cardiff University']","16 May, 2022",United Kingdom,,138
Regularize Implicit Neural Representation by Itself,"['Zhemin Li', 'Hongxia Wang', 'Deyu Meng']","[None, 'National University of Defense Technology', '']",March 2023,China,,
"Multivariate, Multi-Frequency and Multimodal: Rethinking Graph Neural Networks for Emotion Recognition in Conversation","['Feiyu Chen', 'Jie Shao', 'Shuyuan Zhu', 'Heng Tao Shen']","['University of Electronic Science and Technology of China', 'University of Electronic Science and Technology of China', 'University of Electronic Science and Technology of China', 'University of Electronic Science and Technology of China']",Not Found,China,,
Elastic Aggregation for Federated Optimization,"['Dengsheng Chen', 'Jie Hu', 'Vince Junkai Tan', 'Xiaoming Wei', 'Enhua Wu']","['Meituan', 'Chinese Academy of Sciences, Chinese Academy of Sciences', 'Bytedance', 'Meituan', 'University of Macau']",Not Found,China; Macau,,114
Learning a Deep Color Difference Metric for Photographic Images,"['Haoyu Chen', 'Zhihua Wang', 'Yang Yang', 'Qilin Sun', 'Kede Ma']","['City University of Hong Kong', 'City University of Hong Kong', 'transsion', 'The Chinese University of Hong Kong, Shenzhen', 'City University of Hong Kong']",March 2023,Hong Kong; China,46,46
Learning Debiased Representations via Conditional Attribute Interpolation,"['Yi-Kai Zhang', 'Qi-Wei Wang', 'De-Chuan Zhan', 'Han-Jia Ye']","[None, 'Nanjing University', 'Nanjing University', 'Nanjing University']",Not Found,China,6,6
Cooperation or Competition: Avoiding Player Domination for Multi-Target Robustness via Adaptive Budgets,"['Yimu Wang', 'Dinghuai Zhang', 'Yihan Wu', 'Heng Huang', 'Hongyang Zhang']","['University of Waterloo', 'Mila', 'University of Pittsburgh', 'University of Pittsburgh', 'School of Computer Science, University of Waterloo']",June 2023,Canada; Italy; United States,42,42
Re-GAN: Data-Efficient GANs Training via Architectural Reconfiguration,"['Divya Saxena', 'Jiannong Cao', 'Jiahao Xu', 'Tarun Kulshrestha']","['', 'Hong Kong Polytechnic University', 'Hong Kong Polytechnic University', 'Hong Kong Polytechnic University']",Not Found,Hong Kong,56,56
Patch-Mix Transformer for Unsupervised Domain Adaptation: A Game Perspective,"['Jinjing Zhu', 'Haotian Bai', 'Lin Wang']","['Hong Kong University of Science and Technology', 'Hong Kong University of Science and Technology', 'Hong Kong University of Science and Technology']","23 March, 2023",Hong Kong,,
CHMATCH: Contrastive Hierarchical Matching and Robust Adaptive Threshold Boosted Semi-Supervised Learning,"['Jianlong Wu', 'Haozhe Yang', 'Tian Gan', 'Ning Ding', 'Feijun Jiang', 'Liqiang Nie']","['Harbin Institute of Technology (Shenzhen)', 'Shandong University', 'Shandong University', 'Keio University,', 'Hong Kong University of Science and Technology', 'Harbin Institute of Technology (Shenzhen)']",Not Found,China; Japan; Hong Kong,23,23
Co-Speech Gesture Synthesis by Reinforcement Learning With Contrastive Pre-Trained Rewards,"['Mingyang Sun', 'Mengchen Zhao', 'Yaqing Hou', 'Minglei Li', 'Huang Xu', 'Songcen Xu', 'Jianye Hao']","['Dalian University of Technology', 'Huawei Technologies Ltd.', 'Dalian University of Technology', 'Huawei Cloud Computing Technologies Ltd.', 'Huawei Technologies Ltd.', ""Huawei Noah's Ark Lab"", 'Tianjin University']",Not Found,China,,100
Deformable Mesh Transformer for 3D Human Mesh Recovery,['Yusuke Yoshiyasu'],"['AIST, National Institute of Advanced Industrial Science and Technology']",November 2024,South Korea,,
WINNER: Weakly-Supervised hIerarchical decompositioN and aligNment for Spatio-tEmporal Video gRounding,"['Mengze Li', 'Han Wang', 'Wenqiao Zhang', 'Jiaxu Miao', 'Zhou Zhao', 'Shengyu Zhang', 'Wei Ji', 'Fei Wu']","['Zhejiang University, Tsinghua University', 'Zhejiang University', 'National University of Singapore', '', 'Zhejiang University, Tsinghua University', 'Zhejiang University', None, 'Zhejiang University']",Not Found,China; Singapore,1,2
Bit-Shrinking: Limiting Instantaneous Sharpness for Improving Post-Training Quantization,"['Chen Lin', 'Bo Peng', 'Zheyang Li', 'Wenming Tan', 'Ye Ren', 'Jun Xiao', 'Shiliang Pu']","['Hikvision Research Institute', 'Northwestern Polytechnical University', 'Shanghai Jiao Tong University', 'Hikvision Research Institute', 'Zhejiang University', 'Zhejiang University', 'Zhejiang University']",Not Found,China,,2
NÜWA-LIP: Language-Guided Image Inpainting With Defect-Free VQGAN,"['Minheng Ni', 'Xiaoming Li', 'Wangmeng Zuo']","['Harbin Institute of Technology', 'MMLab@NTU', 'Harbin Institute of Technology']",February 2022,China,23,23
A Practical Upper Bound for the Worst-Case Attribution Deviations,"['Fan Wang', 'Adams Wai-Kin Kong']","['Nanyang Technological University', 'Nanyang Technological University']",March 2023,Singapore,8,8
Understanding Masked Image Modeling via Learning Occlusion Invariant Feature,"['Xiangwen Kong', 'Xiangyu Zhang']","['MEGVII Technology', 'MEGVII Technology']",August 2022,,,
Robust Generalization Against Photon-Limited Corruptions via Worst-Case Sharpness Minimization,"['Zhuo Huang', 'Miaoxi Zhu', 'Xiaobo Xia', 'Li Shen', 'Jun Yu', 'Chen Gong', 'Bo Han', 'Bo Du', 'Tongliang Liu']","['University of Sydney, University of Sydney', 'Wuhan University', 'The University of Sydney', 'JD Explore Academy', 'University of Science and Technology of China', 'Nanjing University of Science and Technology', 'HKBU', 'Wuhan University', 'Mohamed bin Zayed University of Artificial Intelligence']",March 2023,Australia; China; United Arab Emirates,71,
Imitation Learning As State Matching via Differentiable Physics,"['Siwei Chen', 'Xiao Ma', 'Zhongwen Xu']","['National University of Singapore', 'SEA AI Lab', 'Sea AI Lab']",Not Found,Singapore,12,
Improving Generalization With Domain Convex Game,"['Fangrui Lv', 'Jian Liang', 'Shuang Li', 'Jinming Zhang', 'Di Liu']","['Beijing Institute of Technology, Tsinghua University', None, 'Beijing Institute of Technology', 'Beijing Institute of Technology', 'Beijing University of Aeronautics and Astronautics']",March 2023,China,1,
Learning To Generate Text-Grounded Mask for Open-World Semantic Segmentation From Only Image-Text Pairs,"['Junbum Cha', 'Jonghwan Mun', 'Byungseok Roh']","['Kakao Brain', 'KakaoBrain', 'Kakao Brain']","1 December, 2022",,,
CLIP-Sculptor: Zero-Shot Generation of High-Fidelity and Diverse Shapes From Natural Language,"['Aditya Sanghi', 'Rao Fu', 'Vivian Liu', 'Karl D.D. Willis', 'Hooman Shayani', 'Amir H. Khasahmadi', 'Srinath Sridhar', 'Daniel Ritchie']","['University of Toronto', 'Brown University', 'Columbia University', 'Autodesk', 'Autodesk AI Lab', 'Autodesk', None, 'Brown University']","2 November, 2022",Canada; United States,23,88
Enhancing Multiple Reliability Measures via Nuisance-Extended Information Bottleneck,"['Jongheon Jeong', 'Sihyun Yu', 'Hankook Lee', 'Jinwoo Shin']","['Korea Advanced Institute of Science and Technology', 'KAIST', 'LG AI Research', 'Korea Advanced Institute of Science and Technology']",March 2023,South Korea,,
Where We Are and What We’re Looking At: Query Based Worldwide Image Geo-Localization Using Hierarchies and Scenes,"['Brandon Clark', 'Alec Kerrigan', 'Parth Parag Kulkarni', 'Vicente Vivanco Cepeda', 'Mubarak Shah']","['University of Central Florida', 'University of Central Florida', 'University of Central Florida', 'University of Central Florida', 'University of Central Florida']",Not Found,United States,49,49
Boosting Transductive Few-Shot Fine-Tuning With Margin-Based Uncertainty Weighting and Probability Regularization,"['Ran Tao', 'Hao Chen', 'Marios Savvides']","[None, 'CMU, Carnegie Mellon University', 'Carnegie Mellon University']",Not Found,United States,3,3
How To Prevent the Poor Performance Clients for Personalized Federated Learning?,"['Zhe Qu', 'Xingyu Li', 'Xiao Han', 'Rui Duan', 'Chengchao Shen', 'Lixing Chen']","['Central South University', 'Mississippi State University', 'University of South Florida', 'University of South Florida', 'Central South University', '']",Not Found,China; United States,244,244
Generalist: Decoupling Natural and Robust Generalization,"['Hongjun Wang', 'Yisen Wang']","['University of Hong Kong', 'Peking University']",March 2023,Hong Kong; China,26,3
Sparsifiner: Learning Sparse Instance-Dependent Attention for Efficient Vision Transformers,"['Cong Wei', 'Brendan Duke', 'Ruowei Jiang', 'Parham Aarabi', 'Graham W. Taylor', 'Florian Shkurti']","['University of Toronto', 'University of Toronto', 'ModiFace', 'Toronto University', 'University of Guelph', 'Department of Computer Science, University of Toronto']",March 2023,Canada; Unknown,23,23
FedDM: Iterative Distribution Matching for Communication-Efficient Federated Learning,"['Yuanhao Xiong', 'Ruochen Wang', 'Minhao Cheng', 'Felix Yu', 'Cho-Jui Hsieh']","['UCLA', 'University of California, Los Angeles', 'Hong Kong University of Science and Technology', 'Google', 'University of California, Los Angeles']",July 2022,United States; Hong Kong,,35
From Images to Textual Prompts: Zero-Shot Visual Question Answering With Frozen Large Language Models,"['Jiaxian Guo', 'Junnan Li', 'Dongxu Li', 'Anthony Meng Huat Tiong', 'Boyang Li', 'Dacheng Tao', 'Steven Hoi']","['The University of Tokyo, The University of Tokyo', 'Salesforce Research', 'SalesForce.com', 'Nanyang Technological University', 'Nanyang Technological University', None, 'Salesforce Research Asia']",Not Found,Japan; Singapore,85,
Architectural Backdoors in Neural Networks,"['Mikel Bober-Irizar', 'Ilia Shumailov', 'Yiren Zhao', 'Robert Mullins', 'Nicolas Papernot']","['University of Cambridge', 'University of Oxford', 'Imperial College London', 'University of Cambridge', 'University of Toronto']",June 2022,United Kingdom; Canada,61,23
CUDA: Convolution-Based Unlearnable Datasets,"['Vinu Sankar Sadasivan', ' Soltanolkotabi', 'Soheil Feizi']","['University of Maryland College Park', 'University of Southern California', 'University of Maryland, College Park']",March 2023,United States,15,15
Simulated Annealing in Early Layers Leads to Better Generalization,"['Amir M. Sarfi', 'Zahra Karimpour', 'Muawiz Chaudhary', 'Nasir M. Khalid', 'Mirco Ravanelli', 'Sudhir Mudur', 'Eugene Belilovsky']","[None, 'Concordia University', 'Montreal Institute for Learning Algorithms, University of Montreal, University of Montreal', 'Concordia University', 'Montreal Institute for Learning Algorithms, University of Montreal, University of Montreal', 'Concordia University, Montreal', 'Concordia University, Montreal']",April 2023,Canada,200,200
Critical Learning Periods for Multisensory Integration in Deep Networks,"['Michael Kleinman', 'Alessandro Achille', 'Stefano Soatto']","['University of California, Los Angeles', 'California Institute of Technology', 'AWS']","6 October, 2022",United States,35,
Boosting Low-Data Instance Segmentation by Unsupervised Pre-Training With Saliency Prompt,"['Hao Li', 'Dingwen Zhang', 'Nian Liu', 'Lechao Cheng', 'Yalun Dai', 'Chao Zhang', 'Xinggang Wang', 'Junwei Han']","['Northwest Polytechnical University', ""Northwest Polytechnical University Xi'an"", 'Mohamed bin Zayed University of Artificial Intelligence', 'Zhejiang Lab', 'University of Chinese Academy of Sciences', 'Beijing Institute of Technology', 'Huazhong University of Science and Technology', ""Northwest Polytechnical University Xi'an""]",February 2023,China; United Arab Emirates,,
Active Exploration of Multimodal Complementarity for Few-Shot Action Recognition,"['Yuyang Wanyan', 'Xiaoshan Yang', 'Chaofan Chen', 'Changsheng Xu']","[None, 'Institute of automation, Chinese academy of science, Chinese Academy of Sciences', 'University of Science and Technology of China', None]",Not Found,China,12,
Foundation Model Drives Weakly Incremental Learning for Semantic Segmentation,"['Chaohui Yu', 'Qiang Zhou', 'Jingliang Li', 'Jianlong Yuan', 'Zhibin Wang', 'Fan Wang']","['DAMO Academy, Alibaba Group', 'Alibaba Group', 'University of the Chinese Academy of Sciences', 'Alibaba Group', 'Alibaba Group', 'Alibaba Group']","27 February, 2023",China,,
Learning Neural Volumetric Representations of Dynamic Humans in Minutes,"['Chen Geng', 'Sida Peng', 'Zhen Xu', 'Hujun Bao', 'Xiaowei Zhou']","['Zhejiang University', None, 'Zhejiang University', 'Zhejiang University', None]","23 February, 2023",China,2,2
Frame Interpolation Transformer and Uncertainty Guidance,"['Markus Plack', 'Karlis Martins Briedis', 'Abdelaziz Djelouah', 'Matthias B. Hullin', 'Markus Gross', 'Christopher Schroers']","['University of Bonn', 'Department of Computer Science, ETHZ - ETH Zurich; DisneyResearch|Studios', 'DisneyResearch|Studios', 'University of Bonn', 'Disney Research, Disney', 'Disney Research|Studios, Disney']",Not Found,Switzerland; Germany,222,
Interventional Bag Multi-Instance Learning on Whole-Slide Pathological Images,"['Tiancheng Lin', 'Zhimiao Yu', 'Hongyu Hu', 'Yi Xu', 'Chang-Wen Chen']","['Shanghai Jiao Tong University', 'Shanghai Jiaotong University', 'Shanghai Jiaotong University', 'Shanghai Jiaotong University', 'The Hong Kong Polytechnic University']",March 2023,China; Hong Kong,5,56
Enhanced Stable View Synthesis,"['Nishant Jain', 'Suryansh Kumar', 'Luc Van Gool']","['Indian Institute of Technology, Roorkee, Dhirubhai Ambani Institute Of Information and Communication Technology', 'ETH Zurich', 'ETH Zurich']",March 2023,India; Switzerland,,31
Video Event Restoration Based on Keyframes for Video Anomaly Detection,"['Zhiwei Yang', 'Jing Liu', 'Zhaoyang Wu', 'Peng Wu', 'Xiaotao Liu']","['Guangzhou Institute of Technology, Xidian University', 'Guangzhou Institute of Technology, Xidian University', 'Guangzhou Institute of Technology, Xidian University', ""Northwest Polytechnical University Xi'an"", ""Xi'an University of Electronic Science and Technology""]",April 2023,China,114,
Towards Transferable Targeted Adversarial Examples,"['Zhibo Wang', 'Hongshan Yang', 'Yunhe Feng', 'Peng Sun', 'Hengchang Guo', 'Zhifei Zhang', 'Kui Ren']","['Zhejiang University', 'Zhejiang University', 'University of North Texas', 'Hunan University', 'ByteDance Inc', 'Adobe Research', 'Zhejiang University']",Not Found,China; United States,2,2
Leverage Interactive Affinity for Affordance Learning,"['Hongchen Luo', 'Wei Zhai', 'Jing Zhang', 'Yang Cao', 'Dacheng Tao']","['University of Science and Technology of China', 'University of Science and Technology of China', 'The University of Sydney', 'University of Science and Technology of China', None]",Not Found,China; Australia,,
Interactive and Explainable Region-Guided Radiology Report Generation,"['Tim Tanida', 'Philip Müller', 'Georgios Kaissis', 'Daniel Rueckert']","['Technical University of Munich', 'Technical University of Munich', 'Technical University Munich', 'Technische Universität München']",April 2023,Germany,,
PHA: Patch-Wise High-Frequency Augmentation for Transformer-Based Person Re-Identification,"['Guiwei Zhang', 'Yongfei Zhang', 'Tianyu Zhang', 'Bo Li', 'Shiliang Pu']","['Beijing University of Aeronautics and Astronautics', 'Beihang University', 'Beihang University', 'Beihang University', 'Zhejiang University']",Not Found,China,,2
Towards Unbiased Volume Rendering of Neural Implicit Surfaces With Geometry Priors,"['Yongqiang Zhang', 'Zhipeng Hu', 'Haoqian Wu', 'Minda Zhao', 'Lincheng Li', 'Zhengxia Zou', 'Changjie Fan']","['NetEase Fuxi AI Lab', 'Leihuo Game, NetEase', 'NetEase Fuxi AI Lab', 'NetEase Fuxi AI Lab', '', 'Beihang University', 'Netease, Fuxi AI Lab']",Not Found,China,,
MixNeRF: Modeling a Ray With Mixture Density for Novel View Synthesis From Sparse Inputs,"['Seunghyeon Seo', 'Donghoon Han', 'Yeonjin Chang', 'Nojun Kwak']","['Seoul National University', 'Seoul National University', 'Seoul National University', 'Seoul National University']","17 February, 2023",South Korea,20,20
StyleGene: Crossover and Mutation of Region-Level Facial Genes for Kinship Face Synthesis,"['Hao Li', 'Xianxu Hou', 'Zepeng Huang', 'Linlin Shen']","[None, None, 'Shenzhen University', None]",Not Found,China,75,75
Fair Scratch Tickets: Finding Fair Sparse Networks Without Weight Training,"['Pengwei Tang', 'Wei Yao', 'Zhicong Li', 'Yong Liu']","['Renmin University of China', 'Renmin University of China', 'Central South University', 'Renmin University of China']",Not Found,China,19,19
PermutoSDF: Fast Multi-View Reconstruction With Implicit Surfaces Using Permutohedral Lattices,"['Radu Alexandru Rosu', 'Sven Behnke']","['University of Bonn (Germany)', 'University of Bonn']","22 November, 2022",Germany,222,222
PCR: Proxy-Based Contrastive Replay for Online Class-Incremental Continual Learning,"['Huiwei Lin', 'Baoquan Zhang', 'Shanshan Feng', 'Xutao Li', 'Yunming Ye']","['Harbin Institute of Technology', ', Harbin Institute of Technology (shenzhen)', 'Harbin Institute of Technology', 'Harbin Institute of Technology, Shenzhen', 'Harbin Institute Technology University, ShenZhen']",April 2023,China,23,
Boundary-Aware Backward-Compatible Representation via Adversarial Learning in Image Retrieval,"['Tan Pan', 'Furong Xu', 'Xudong Yang', 'Sifeng He', 'Chen Jiang', 'Qingpei Guo', 'Feng Qian', 'Xiaobo Zhang', 'Yuan Cheng', 'Lei Yang', 'Wei Chu']","[None, 'Ant Group', 'Beijing University of Aeronautics and Astronautics', 'Ant Group, AIoT team', 'Rheinisch Westfälische Technische Hochschule Aachen', 'Ant Group', 'Ant Group', 'Ant Group', 'Alipay', 'Ant Group', 'Ant Group']",May 2023,,,
PointClustering: Unsupervised Point Cloud Pre-Training Using Transformation Invariance in Clustering,"['Fuchen Long', 'Ting Yao', 'Zhaofan Qiu', 'Lusong Li', 'Tao Mei']","['JD.com', 'JD AI Research', 'University of Science and Technology of China', 'JDT', 'JD Explore Academy']",Not Found,China,,
Beyond Attentive Tokens: Incorporating Token Importance and Diversity for Efficient Vision Transformers,"['Sifan Long', 'Zhen Zhao', 'Jimin Pi', 'Shengsheng Wang', 'Jingdong Wang']","['Jilin University', 'University of Sydney', 'Google Research', 'Jilin University', 'Baidu']",November 2022,China; Australia; United States,114,
Deep Polarization Reconstruction With PDAVIS Events,"['Haiyang Mei', 'Zuowen Wang', 'Xin Yang', 'Xiaopeng Wei', 'Tobi Delbruck']","['Dalian University of Technology', 'Institute of Neuroinformatics, University of Zurich and ETH Zurich', 'Dalian University of Technology', 'Dalian University of Technology', 'University of Zurich and ETH Zurich']",Not Found,China; Switzerland,,31
NeuDA: Neural Deformable Anchor for High-Fidelity Implicit Surface Reconstruction,"['Bowen Cai', 'Jinchi Huang', 'Rongfei Jia', 'Chengfei Lv', 'Huan Fu']","['Alibaba Group', 'Alibaba Group', 'Beihang University', 'Zhejiang University', 'Alibaba Group']","4 March, 2023",China,,
PDPP:Projected Diffusion for Procedure Planning in Instructional Videos,"['Hanlin Wang', 'Yilu Wu', 'Sheng Guo', 'Limin Wang']","['Nanjing University', None, 'Ant Group', 'Nanjing University']",Not Found,China,6,6
CP3: Channel Pruning Plug-In for Point-Based Networks,"['Yaomin Huang', 'Ning Liu', 'Zhengping Che', 'Zhiyuan Xu', 'Chaomin Shen', 'Yaxin Peng', 'Guixu Zhang', 'Xinmei Liu', 'Feifei Feng', 'Jian Tang']","['East China Normal University', None, 'Midea Group', 'Midea', 'East China Normal University', 'Shanghai University', 'East China Normal University', 'East China Normal University', 'Midea Group', 'Midea Group']",Not Found,China,200,
ERM-KTP: Knowledge-Level Machine Unlearning via Knowledge Transfer,"['Shen Lin', 'Xiaoyu Zhang', 'Chenyang Chen', 'Xiaofeng Chen', 'Willy Susilo']","[None, 'Xidian University', ""Xi'an University of Electronic Science and Technology"", 'Xidian University, Tsinghua University', 'University of Wollongong']",Not Found,China; Australia,114,358
Few-Shot Semantic Image Synthesis With Class Affinity Transfer,"['Marlène Careil', 'Jakob Verbeek', 'Stéphane Lathuilière']","['Meta AI', 'Meta AI', 'Télécom ParisTech']",April 2023,,,
Differentiable Architecture Search With Random Features,"['Xuanyang Zhang', 'Yonggang Li', 'Xiangyu Zhang', 'Yongtao Wang', 'Jian Sun']","['Megvii Technology Inc.', 'Peking University', 'MEGVII Technology', 'Peking University', 'Megvii Technology']",August 2022,China,,
GKEAL: Gaussian Kernel Embedded Analytic Learning for Few-Shot Class Incremental Task,"['Huiping Zhuang', 'Zhenyu Weng', 'Run He', 'Zhiping Lin', 'Ziqian Zeng']","['South China University of Technology', 'Nanyang Technological University', 'South China University of Technology', 'University of Cambridge', 'South China University of Technology']",Not Found,China; Singapore; United Kingdom,486,486
Extracting Class Activation Maps From Non-Discriminative Features As Well,"['Zhaozheng Chen', 'Qianru Sun']","[None, None]",March 2023,,,
A Simple Framework for Text-Supervised Semantic Segmentation,"['Muyang Yi', 'Quan Cui', 'Hao Wu', 'Cheng Yang', 'Osamu Yoshie', 'Hongtao Lu']","['Shanghai Jiao Tong University', 'Waseda University', 'Fudan University', 'Shanghai Jiao Tong University', 'Waseda University', 'Shanghai Jiao Tong University']",Not Found,China; Japan,5,5
Region-Aware Pretraining for Open-Vocabulary Object Detection With Vision Transformers,"['Dahun Kim', 'Anelia Angelova', 'Weicheng Kuo']","['Google', 'Google', 'Google']","11 May, 2023",United States,,
Can’t Steal? Cont-Steal! Contrastive Stealing Attacks Against Image Encoders,"['Zeyang Sha', 'Xinlei He', 'Ning Yu', 'Michael Backes', 'Yang Zhang']","['CISPA, saarland university, saarland informatics campus', 'The CISPA Helmholtz Center for Information Security', 'Salesforce Research', 'CISPA Helmholtz Center for Information Security', 'CISPA Helmholtz Center for Information Security']",Not Found,Germany,146,126
Distilling Cross-Temporal Contexts for Continuous Sign Language Recognition,"['Leming Guo', 'Wanli Xue', 'Qing Guo', 'Bo Liu', 'Kaihua Zhang', 'Tiantian Yuan', 'Shengyong Chen']","['Tianjin University of Technology', 'Tianjin University of Technology', 'Institute of High Performance Computing, Singapore, A*STAR', 'Rutgers University', 'NUIST', 'Nankai University', 'Tianjin University of Technology']",Not Found,China; Singapore; United States,100,100
sRGB Real Noise Synthesizing With Neighboring Correlation-Aware Noise Model,"['Zixuan Fu', 'Lanqing Guo', 'Bihan Wen']","['Nanyang Technological University', 'Nanyang Technological University', 'Nanyang Technological University']",Not Found,Singapore,8,8
Streaming Video Model,"['Yucheng Zhao', 'Chong Luo', 'Chuanxin Tang', 'Dongdong Chen', 'Noel Codella', 'Zheng-Jun Zha']","['University of Science and Technology of China', 'Microsoft Research Asia', 'Microsoft Research Asia', 'Microsoft Research', 'Microsoft', 'University of Science and Technology of China']",October 2025,China; United States,,
Orthogonal Annotation Benefits Barely-Supervised Medical Image Segmentation,"['Heng Cai', 'Shumeng Li', 'Lei Qi', 'Qian Yu', 'Yinghuan Shi', 'Yang Gao']","['Nanjing University', 'National Technological University', 'Southeast University', ""Shandong Women's University"", 'Nanjing University', 'Nanjing University']",March 2023,China; United States,6,6
PanoSwin: A Pano-Style Swin Transformer for Panorama Understanding,"['Zhixin Ling', 'Zhen Xing', 'Xiangdong Zhou', 'Manliang Cao', 'Guichun Zhou']","['Fudan University', 'Fudan University', 'Fudan University', 'Fudan University', 'Fudan University']",August 2023,China,16,16
All Are Worth Words: A ViT Backbone for Diffusion Models,"['Fan Bao', 'Shen Nie', 'Kaiwen Xue', 'Yue Cao', 'Chongxuan Li', 'Hang Su', 'Jun Zhu']","['Tsinghua University', 'Renmin University of China', 'University of Electronic Science and Technology of China', 'Beijing Academy of Artificial Intelligence', 'Renmin University of China', 'Tsinghua University', 'Tsinghua University']","25 September, 2022",China,1,1
CVT-SLR: Contrastive Visual-Textual Transformation for Sign Language Recognition With Variational Alignment,"['Jiangbin Zheng', 'Yile Wang', 'Cheng Tan', 'Siyuan Li', 'Ge Wang', 'Jun Xia', 'Yidong Chen', 'Stan Z. Li']","[None, 'Tsinghua University', None, 'Westlake University, Zhejiang University', 'WESTLAKE UNIVERSITY', 'Westlake University, China', 'Xiamen University', 'Westlake University']","10 March, 2023",China,1,46
Language Adaptive Weight Generation for Multi-Task Visual Grounding,"['Wei Su', 'Peihan Miao', 'Huanzhang Dou', 'Gaoang Wang', 'Liang Qiao', 'Zheyang Li', 'Xi Li']","['Zhejiang University', 'Zhejiang University', 'Zhejiang University', 'Zhejiang University', 'Zhejiang University', 'Shanghai Jiao Tong University', 'Zhejiang University']",June 2023,China,2,2
VideoMAE V2: Scaling Video Masked Autoencoders With Dual Masking,"['Limin Wang', 'Bingkun Huang', 'Zhiyu Zhao', 'Zhan Tong', 'Yinan He', 'Yi Wang', 'Yali Wang', 'Yu Qiao']","['Nanjing University', 'Nanjing University', 'Nanjing University', 'Tencent AI Lab', 'Sensetime Research', 'Shanghai AI Laboratory', 'SIAT, Chinese Academy of Sciences', 'Shanghai Aritifcal Intelligence Laboratory']","29 March, 2023",China,6,
GeoLayoutLM: Geometric Pre-Training for Visual Information Extraction,"['Chuwei Luo', 'Changxu Cheng', 'Qi Zheng', 'Cong Yao']","['DAMO Academy, Alibaba Group', 'Alibaba Group', 'Alibaba Group', 'Alibaba DAMO Academy']",April 2023,,,
Align Your Latents: High-Resolution Video Synthesis With Latent Diffusion Models,"['Andreas Blattmann', 'Robin Rombach', 'Huan Ling', 'Tim Dockhorn', 'Seung Wook Kim', 'Sanja Fidler', 'Karsten Kreis']","['StabilityAI', 'Ludwig-Maximilians-Universität München', 'Nvidia, University of Toronto', 'University of Waterloo, Stability AI', 'NVIDIA', 'Department of Computer Science, University of Toronto', 'NVIDIA']","18 April, 2023",United States; Canada; United Kingdom; Unknown,,
Modeling Entities As Semantic Points for Visual Information Extraction in the Wild,"['Zhibo Yang', 'Rujiao Long', 'Pengfei Wang', 'Sibo Song', 'Humen Zhong', 'Wenqing Cheng', 'Xiang Bai', 'Cong Yao']","['Alibaba Group', 'Alibaba Group', 'Alibaba Group', 'Alibaba Group', 'Alibaba Group', 'Huazhong University of Science and Technology', 'Huazhong University of Science and Technology', 'Alibaba DAMO Academy']","23 March, 2023",China,,
Single Image Depth Prediction Made Better: A Multivariate Gaussian Take,"['Ce Liu', 'Suryansh Kumar', 'Shuhang Gu', 'Radu Timofte', 'Luc Van Gool']","[None, 'ETH Zurich', 'University of Electronic Science and Technology of China', 'University of Würzburg', 'ETH Zurich']","31 March, 2023",Switzerland; China; Germany,31,31
DaFKD: Domain-Aware Federated Knowledge Distillation,"['Haozhao Wang', 'Yichen Li', 'Wenchao Xu', 'Ruixuan Li', 'Yufeng Zhan', 'Zhigang Zeng']","['Huazhong University of Science and Technology', 'Suzhou University', 'The Hong Kong Polytechnic University', 'Huazhong University of Science and Technology', 'Beijing Institute of Technology', 'Huazhong University of Science and Technology']",Not Found,China; Hong Kong,,
Re-IQA: Unsupervised Learning for Image Quality Assessment in the Wild,"['Avinab Saha', 'Sandeep Mishra', 'Alan C. Bovik']","['The University of Texas at Austin', 'University of Texas at Austin', 'University of Texas at Austin']","2 April, 2023",United States,49,49
Revisiting the P3P Problem,"['Yaqing Ding', 'Jian Yang', 'Viktor Larsson', 'Carl Olsson', 'Kalle Åström']","[None, 'Nankai University', 'Lund University', 'Lund University', 'Lund University']",Not Found,China; Sweden,88,486
Shape-Erased Feature Learning for Visible-Infrared Person Re-Identification,"['Jiawei Feng', 'Ancong Wu', 'Wei-Shi Zheng']","['SUN YAT-SEN UNIVERSITY', 'SUN YAT-SEN UNIVERSITY', 'SUN YAT-SEN UNIVERSITY']",April 2023,China,29,29
DropKey for Vision Transformer,"['Bonan Li', 'Yinhan Hu', 'Xuecheng Nie', 'Congying Han', 'Xiangjian Jiang', 'Tiande Guo', 'Luoqi Liu']","[None, 'University of the Chinese Academy of Sciences', 'national university of singaore, National University of Singapore', 'University of  Chinese Academy of Sciences', 'University of Cambridge', 'University of the Chinese Academy of Sciences', None]",Not Found,China; Singapore; United Kingdom,12,12
BiCro: Noisy Correspondence Rectification for Multi-Modality Data via Bi-Directional Cross-Modal Similarity Consistency,"['Shuo Yang', 'Zhaopan Xu', 'Kai Wang', 'Yang You', 'Hongxun Yao', 'Tongliang Liu', 'Min Xu']","['University of Technology Sydney, Australia', 'Harbin Institute of Technology', '', 'National University of Singapore', 'Harbin Institute of Technology', 'Mohamed bin Zayed University of Artificial Intelligence', 'University of Technology Sydney']","22 March, 2023",Australia; China; Singapore; United Arab Emirates,138,138
DA Wand: Distortion-Aware Selection Using Neural Mesh Parameterization,"['Richard Liu', 'Noam Aigerman', 'Vladimir G. Kim', 'Rana Hanocka']","['University of Chicago', 'Adobe Systems', 'Adobe Systems', 'University of Chicago']","12 December, 2022",United States,88,88
Similarity Maps for Self-Training Weakly-Supervised Phrase Grounding,"['Tal Shaharabany', 'Lior Wolf']","['Tel Aviv University, Technion', 'Tel Aviv University']",Not Found,Israel,49,71
Unsupervised Visible-Infrared Person Re-Identification via Progressive Graph Matching and Alternate Learning,"['Zesen Wu', 'Mang Ye']","[None, 'Wuhan University']",Not Found,China,31,31
GCFAgg: Global and Cross-View Feature Aggregation for Multi-View Clustering,"['Weiqing Yan', 'Yuanyang Zhang', 'Chenlei Lv', 'Chang Tang', 'Guanghui Yue', 'Liang Liao', 'Weisi Lin']","['', 'Yantai University', 'Nanyang Technological University', 'China University of Geosciences', 'Shenzhen University', 'Nanyang Technological University', 'Nanyang Technological University']",May 2023,Singapore; China,,8
An Actor-Centric Causality Graph for Asynchronous Temporal Inference in Group Activity,"['Zhao Xie', 'Tian Gao', 'Kewei Wu', 'Jiao Chang']","['Hefei University of Technology', 'Hefei University of Technology', 'Hefei University of Technology', 'Hefei University of Technology']",Not Found,China,,
À-La-Carte Prompt Tuning (APT): Combining Distinct Data via Composable Prompting,"['Benjamin Bowman', 'Alessandro Achille', 'Luca Zancato', 'Matthew Trager', 'Pramuditha Perera', 'Giovanni Paolini', 'Stefano Soatto']","['AWS AI Labs', 'California Institute of Technology', 'AWS AI Labs', 'Amazon', 'Amazon', 'AWS AI Labs', 'AWS']",February 2023,United States,,
Equiangular Basis Vectors,"['Yang Shen', 'Xuhao Sun', 'Xiu-Shen Wei']","[None, 'NJUST', 'Nanjing University of Science and Technology']","21 March, 2023",Jordan; China,,6
Q: How To Specialize Large Vision-Language Models to Data-Scarce VQA Tasks? A: Self-Train on Unlabeled Images!,"['Zaid Khan', 'Vijay Kumar BG', 'Samuel Schulter', 'Xiang Yu', 'Yun Fu', 'Manmohan Chandraker']","['Northeastern University', 'NEC Laboratories America', '', None, 'Northeastern University', 'UC San Diego']",Not Found,United States,35,
Hybrid Active Learning via Deep Clustering for Video Action Detection,"['Aayush J. Rana', 'Yogesh S. Rawat']","['University of Central Florida', 'University of Central Florida']",Not Found,United States,49,49
Constrained Evolutionary Diffusion Filter for Monocular Endoscope Tracking,['Xiongbiao Luo'],['Xiamen University'],Not Found,China,56,56
MMVC: Learned Multi-Mode Video Compression With Block-Based Prediction Mode Selection and Density-Adaptive Entropy Coding,"['Bowen Liu', 'Yu Chen', 'Rakesh Chowdary Machineni', 'Shiyu Liu', 'Hun-Seok Kim']","['University of Michigan, Ann Arbor', 'University of Michigan - Ann Arbor', 'University of Michigan - Ann Arbor', 'University of Michigan - Ann Arbor', 'University of Michigan - Ann Arbor']",April 2023,United States,29,29
Extracting Motion and Appearance via Inter-Frame Attention for Efficient Video Frame Interpolation,"['Guozhen Zhang', 'Yuhan Zhu', 'Haonan Wang', 'Youxin Chen', 'Gangshan Wu', 'Limin Wang']","['Nanjing University', '', '', 'Nanjing University of Aeronautics and Astronautics', 'Nanjing University', 'Nanjing University']","1 March, 2023",China,6,6
Improving Commonsense in Vision-Language Models via Knowledge Graph Riddles,"['Shuquan Ye', 'Yujia Xie', 'Dongdong Chen', 'Yichong Xu', 'Lu Yuan', 'Chenguang Zhu', 'Jing Liao']","[None, 'Microsoft', 'Microsoft Research', 'Microsoft', 'Microsoft', 'Microsoft', 'City University of Hong Kong']",November 2022,United States; Hong Kong,,46
Adaptive Graph Convolutional Subspace Clustering,"['Lai Wei', 'Zhengwei Chen', 'Jun Yin', 'Changming Zhu', 'Rigui Zhou', 'Jin Liu']","['Shanghai Maritime University', 'Shanghai Maritime University', 'Shanghai Maritime University', 'Shanghai Maritime University', 'Shanghai Maritime University', 'Shanghai Maritime University']",May 2023,,,
LightedDepth: Video Depth Estimation in Light of Limited Inference View Angles,"['Shengjie Zhu', 'Xiaoming Liu']","['Michigan State University', None]",Not Found,United States,114,114
Two-Stream Networks for Weakly-Supervised Temporal Action Localization With Semantic-Aware Mechanisms,"['Yu Wang', 'Yadong Li', 'Hongbin Wang']","['AntGroup', 'Ant Group', 'Ant Group']",Not Found,,,
OpenMix: Exploring Outlier Samples for Misclassification Detection,"['Fei Zhu', 'Zhen Cheng', 'Xu-Yao Zhang', 'Cheng-Lin Liu']","['Institute of automation, Chinese academy of science, Chinese Academy of Sciences', 'Institute of automation, Chinese academy of science, Chinese Academy of Sciences', 'Institute of automation, Chinese academy of science, Chinese Academy of Sciences', 'Institute of automation, Chinese academy of science, Chinese Academy of Sciences']",March 2023,China,12,12
DyLiN: Making Light Field Networks Dynamic,"['Heng Yu', 'Joel Julin', 'Zoltán Á. Milacski', 'Koichiro Niinuma', 'László A. Jeni']","['Carnegie Mellon University', 'Carnegie Mellon University', 'Carnegie Mellon University', 'Fujitsu Research of America', 'Carnegie Mellon University']",March 2023,United States,3,3
ProphNet: Efficient Agent-Centric Motion Forecasting With Anchor-Informed Proposals,"['Xishun Wang', 'Tong Su', 'Fang Da', 'Xiaodong Yang']","['Qcraft', 'Qcraft', 'QCraft Inc', 'QCraft']","21 March, 2023",,,
Meta Architecture for Point Cloud Analysis,"['Haojia Lin', 'Xiawu Zheng', 'Lijiang Li', 'Fei Chao', 'Shanshan Wang', 'Yan Wang', 'Yonghong Tian', 'Rongrong Ji']","['Xiamen University', 'PengCheng Lab', 'Xiamen University', 'Xiamen University', 'Shenzhen Institutes of Advanced Technology, Chinese Academy of Sciences, Chinese Academy of Sciences', 'Samsara', 'Peking University', 'Xiamen University']","25 November, 2022",China,56,56
Generating Anomalies for Video Anomaly Detection With Prompt-Based Feature Mapping,"['Zuhao Liu', 'Xiao-Ming Wu', 'Dian Zheng', 'Kun-Yu Lin', 'Wei-Shi Zheng']","['Sun Yat-sen University', 'SUN YAT-SEN UNIVERSITY', 'SUN YAT-SEN UNIVERSITY', 'SUN YAT-SEN UNIVERSITY', 'SUN YAT-SEN UNIVERSITY']",Not Found,China,29,29
RWSC-Fusion: Region-Wise Style-Controlled Fusion Network for the Prohibited X-Ray Security Image Synthesis,"['Luwen Duan', 'Min Wu', 'Lijian Mao', 'Jun Yin', 'Jianping Xiong', 'Xi Li']","['ZHEJIANGDAHUATECHNOLOGYCO.,LTD.', None, 'Zhejiang Dahua Technology Co., Ltd', 'ZHEJIANGDAHUATECHNOLOGYCO.,LTD', 'University of Science and Technology of China', 'Zhejiang University']",Not Found,China,,2
Robust Outlier Rejection for 3D Registration With Variational Bayes,"['Haobo Jiang', 'Zheng Dang', 'Zhen Wei', 'Jin Xie', 'Jian Yang', 'Mathieu Salzmann']","['Nanjing University of Science and Technology', None, 'EPFL - EPF Lausanne', 'Department of Computer Science, Nanjing University of Science and Technology', 'Nanjing University of Science and Technology', 'EPFL']",April 2023,China; Switzerland; Unknown,6,49
"Architecture, Dataset and Model-Scale Agnostic Data-Free Meta-Learning","['Zixuan Hu', 'Li Shen', 'Zhenyi Wang', 'Tongliang Liu', 'Chun Yuan', 'Dacheng Tao']","['Tsinghua University', 'JD Explore Academy', 'State University of New York, Buffalo', 'Mohamed bin Zayed University of Artificial Intelligence', 'Tsinghua University, Tsinghua University', None]","20 March, 2023",China; Brazil; United Arab Emirates,1,1
BKinD-3D: Self-Supervised 3D Keypoint Discovery From Multi-View Videos,"['Jennifer J. Sun', 'Lili Karashchuk', 'Amil Dravid', 'Serim Ryou', 'Sonia Fereidooni', 'John C. Tuthill', 'Aggelos Katsaggelos', 'Bingni W. Brunton', 'Georgia Gkioxari', 'Ann Kennedy', 'Yisong Yue', 'Pietro Perona']","['Caltech', 'University of Washington', None, 'Samsung', 'University of Washington', 'University of Washington', 'Northwestern University', 'University of Washington, Seattle', 'California Institute of Technology', 'Northwestern University', 'Caltech', 'California Institute of Technology']","14 December, 2022",United States; South Korea,,185
Dual-Path Adaptation From Image to Video Transformers,"['Jungin Park', 'Jiyoung Lee', 'Kwanghoon Sohn']","['Yonsei University', 'NAVER AI Lab', 'Yonsei University']",March 2023,South Korea,61,61
RA-CLIP: Retrieval Augmented Contrastive Language-Image Pre-Training,"['Chen-Wei Xie', 'Siyang Sun', 'Xiong Xiong', 'Yun Zheng', 'Deli Zhao', 'Jingren Zhou']","['Alibaba Group', 'Institute of automation, Chinese academy of science, Chinese Academy of Sciences', 'Alibaba Group', 'SUN YAT-SEN UNIVERSITY', 'Alibaba Group', 'Alibaba Group']",Not Found,China,,
Meta-Learning With a Geometry-Adaptive Preconditioner,"['Suhyun Kang', 'Duhun Hwang', 'Moonjung Eo', 'Taesup Kim', 'Wonjong Rhee']","['Seoul National University', 'Seoul National University', 'Seoul National University', 'Seoul National University', 'Seoul National University']","4 April, 2023",South Korea,20,20
Passive Micron-Scale Time-of-Flight With Sunlight Interferometry,"['Alankar Kotwal', 'Anat Levin', 'Ioannis Gkioulekas']","['', 'Weizmann Institute of Science', 'Carnegie Mellon University']","19 November, 2022",Israel; United States,244,3
Swept-Angle Synthetic Wavelength Interferometry,"['Alankar Kotwal', 'Anat Levin', 'Ioannis Gkioulekas']","['', 'Weizmann Institute of Science', 'Carnegie Mellon University']","21 May, 2022",Israel; United States,244,3
Indescribable Multi-Modal Spatial Evaluator,"['Lingke Kong', 'X. Sharon Qi', 'Qijin Shen', 'Jiacheng Wang', 'Jingyi Zhang', 'Yanle Hu', 'Qichao Zhou']","[None, 'University of California, Los Angeles', 'Fuzhou University', 'Xiamen University', 'Xiamen University', 'Mayo Clinic Arizona', 'Manteia Tech']","1 March, 2023",United States; China,35,
Abstract Visual Reasoning: An Algebraic Approach for Solving Raven’s Progressive Matrices,"['Jingyi Xu', 'Tushar Vaidya', 'Yufei Wu', 'Saket Chandra', 'Zhangsheng Lai', 'Kai Fong Ernest Chong']","[None, 'Nanyang Technological University', 'Nanyang Technological University', 'Singapore University of Technology and Design', 'Singapore Polytechnic', 'Singapore University of Technology and Design']",March 2023,Singapore,8,
Decoupling Human and Camera Motion From Videos in the Wild,"['Vickie Ye', 'Georgios Pavlakos', 'Jitendra Malik', 'Angjoo Kanazawa']","['University of California, Berkeley', 'University of California, Berkeley', 'University of California at Berkeley', 'UC Berkeley']","24 February, 2023",United States,20,
"Unifying Vision, Text, and Layout for Universal Document Processing","['Zineng Tang', 'Ziyi Yang', 'Guoxin Wang', 'Yuwei Fang', 'Yang Liu', 'Chenguang Zhu', 'Michael Zeng', 'Cha Zhang', 'Mohit Bansal']","['University of North Carolina, Chapel Hill', 'Microsoft', 'Microsoft', 'Microsoft', 'Microsoft', 'Microsoft', 'Microsoft', 'Microsoft', 'University of North Carolina at Chapel Hill']","5 December, 2022",United States,56,56
Flow Supervision for Deformable NeRF,"['Chaoyang Wang', 'Lachlan Ewen MacDonald', 'László A. Jeni', 'Simon Lucey']","['School of Computer Science, Carnegie Mellon University', 'University of Adelaide', 'Carnegie Mellon University', 'University of Adelaide']",March 2023,United States; Australia,3,
Learning From Noisy Labels With Decoupled Meta Label Purifier,"['Yuanpeng Tu', 'Boshen Zhang', 'Yuxi Li', 'Liang Liu', 'Jian Li', 'Yabiao Wang', 'Chengjie Wang', 'Cai Rong Zhao']","['Tongji University', 'Tencent', 'Tencent Youtu Lab', 'Tencent Youtu Lab', 'NJUST', 'Tencent Youtu Lab', 'Shanghai Jiao Tong University', 'Tongji University']","13 February, 2023",China; Jordan,100,100
Multi-Sensor Large-Scale Dataset for Multi-View 3D Reconstruction,"['Oleg Voynov', 'Gleb Bobrovskikh', 'Pavel Karpyshev', 'Saveliy Galochkin', 'Andrei-Timotei Ardelean', 'Arseniy Bozhenko', 'Ekaterina Karmanova', 'Pavel Kopanev', 'Yaroslav Labutin-Rymsho', 'Ruslan Rakhimov', 'Aleksandr Safin', 'Valerii Serpiva', 'Alexey Artemov', 'Evgeny Burnaev', 'Dzmitry Tsetserukou', 'Denis Zorin']","['Skolkovo Institute of Science and Technology', 'Skolkovo Institute of Science and Technology', 'Skolkovo Institute of Science and Technology', 'Skoltech', 'Friedrich-Alexander Universität Erlangen-Nürnberg', 'Skolkovo Institute of Science and Technology', 'Skolkovo Institute of Science and Technology ', 'Skolkovo Institute of Science and Technology', 'Moscow Engineering Physics Institute', 'Skolkovo Institute of Science and Technology', 'Skolkovo Institute of Science and Technology', 'Skoltech Institute of Science and Technology', 'Technische Universität München', 'Skolkovo Institute of Science and Technology', 'Skoltech', 'New York University']","11 March, 2022",Germany; United States,,38
OmniAvatar: Geometry-Guided Controllable 3D Head Synthesis,"['Hongyi Xu', 'Guoxian Song', 'Zihang Jiang', 'Jianfeng Zhang', 'Yichun Shi', 'Jing Liu', 'Wanchun Ma', 'Jiashi Feng', 'Linjie Luo']","['Bytedance', 'Bytedance Inc', 'National University of Singapore', 'NUS', 'ByteDance', 'ByteDance Inc', 'Department of computer science and informational engineering, National Taiwan University', 'ByteDance', 'ByteDance Inc.']",March 2023,China; Singapore; Taiwan,,
Latency Matters: Real-Time Action Forecasting Transformer,"['Harshayu Girase', 'Nakul Agarwal', 'Chiho Choi', 'Karttikeya Mangalam']","['University of California, Berkeley', None, 'Samsung', 'University of California Berkeley']",Not Found,United States; South Korea,20,20
ViTs for SITS: Vision Transformers for Satellite Image Time Series,"['Michail Tarasiou', 'Erik Chavez', 'Stefanos Zafeiriou']","['Imperial College London', 'Imperial College London', 'Imperial College London']","12 January, 2023",United Kingdom,114,114
Learning Joint Latent Space EBM Prior Model for Multi-Layer Generator,"['Jiali Cui', 'Ying Nian Wu', 'Tian Han']","['Stevens Institute of Technology', 'UCLA', 'Stevens Institute of Technology']","9 June, 2023",United States,146,146
Efficient Map Sparsification Based on 2D and 3D Discretized Grids,"['Xiaoyu Zhang', 'Yun-Hui Liu']","['Chinese University of HongKong', 'The Chinese University of Hong Kong']",March 2023,Hong Kong,,26
LVQAC: Lattice Vector Quantization Coupled With Spatially Adaptive Companding for Efficient Learned Image Compression,"['Xi Zhang', 'Xiaolin Wu']","['Shanghai Jiao Tong University', 'McMaster University']",April 2023,China; Canada,5,244
Pose-Disentangled Contrastive Learning for Self-Supervised Facial Representation,"['Yuanyuan Liu', 'Wenbin Wang', 'Yibing Zhan', 'Shaoze Feng', 'Kejun Liu', 'Zhe Chen']","[None, 'China University of Geosciences Wuhan', 'JD Explore Academy', 'China University of Geosciences Wuhan', 'China University of Geosciences Wuhan', 'University of Sydney']","24 November, 2022",Australia,,71
Probabilistic Knowledge Distillation of Face Ensembles,"['Jianqing Xu', 'Shen Li', 'Ailin Deng', 'Miao Xiong', 'Jiaying Wu', 'Jiaxiang Wu', 'Shouhong Ding', 'Bryan Hooi']","['HIT', 'national university of singaore, National University of Singapore', None, 'Institute of Data Science, National University of Singapore', 'National University of Singapore', 'Shanghai Jiaotong University', 'Tencent Youtu Lab', 'National University of Singapore']",Not Found,Bangladesh; Singapore; China,358,12
Multi-Modal Gait Recognition via Effective Spatial-Temporal Feature Fusion,"['Yufeng Cui', 'Yimei Kang']","['Beihang University', 'Beihang University, Tsinghua University']",Not Found,China,49,1
DKT: Diverse Knowledge Transfer Transformer for Class Incremental Learning,"['Xinyuan Gao', 'Yuhang He', 'Songlin Dong', 'Jie Cheng', 'Xing Wei', 'Yihong Gong']","[None, ""Xi'an Jiaotong University"", ""Xi'an Jiaotong University"", 'Huazhong University of Science and Technology', None, ""Xi'an Jiaotong University""]",Not Found,China,66,66
Kernel Aware Resampler,"['Michael Bernasconi', 'Abdelaziz Djelouah', 'Farnood Salehi', 'Markus Gross', 'Christopher Schroers']","['ETH Zürich', 'DisneyResearch|Studios', 'Swiss Federal Institute of Technology Lausanne', 'Disney Research, Disney', 'Disney Research|Studios, Disney']",Not Found,Switzerland,,
Document Image Shadow Removal Guided by Color-Aware Background,"['Ling Zhang', 'Yinghao He', 'Qing Zhang', 'Zheng Liu', 'Xiaolong Zhang', 'Chunxia Xiao']","['Wuhan University of Science and Technology', 'Wuhan University of Science and Technology', 'SUN YAT-SEN UNIVERSITY', 'China University of Geosciences (Wuhan)', 'Wuhan University of Science and Technology', 'Wuhan University']",Not Found,China,31,31
Temporal Consistent 3D LiDAR Representation Learning for Semantic Perception in Autonomous Driving,"['Lucas Nunes', 'Louis Wiesmann', 'Rodrigo Marcuzzi', 'Xieyuanli Chen', 'Jens Behley', 'Cyrill Stachniss']","['University of Bonn', 'Rheinische Friedrich-Wilhelms Universität Bonn', 'University of Bonn', 'National University of Defense Technology', 'University of Bonn', 'University of Bonn']",Not Found,Germany; China,222,222
EMT-NAS:Transferring Architectural Knowledge Between Tasks From Different Datasets,"['Peng Liao', 'Yaochu Jin', 'Wenli Du']","[None, 'Universität Bielefeld', 'East China University of Science and Technology']",Not Found,,,
CompletionFormer: Depth Completion With Convolutions and Vision Transformers,"['Youmin Zhang', 'Xianda Guo', 'Matteo Poggi', 'Zheng Zhu', 'Guan Huang', 'Stefano Mattoccia']","['University of Bologna', None, 'Università di Bologna', 'Tsinghua University', 'Xforward AI Technology', 'University of Bologna']",April 2023,Italy; China,,
Discovering the Real Association: Multimodal Causal Reasoning in Video Question Answering,"['Chuanqi Zang', 'Hanqing Wang', 'Mingtao Pei', 'Wei Liang']","['Beijing Institute of Technology', 'ETH Zurich', 'Beijing Institute of Technology', 'Beijing Institute of Technology']",Not Found,China; Switzerland,126,126
Re-Thinking Federated Active Learning Based on Inter-Class Diversity,"['SangMook Kim', 'Sangmin Bae', 'Hwanjun Song', 'Se-Young Yun']","['KAIST', None, 'AWS AI Labs', 'KAIST']",March 2023,South Korea,8,8
Physical-World Optical Adversarial Attacks on 3D Face Recognition,"['Yanjie Li', 'Yiquan Li', 'Xuelong Dai', 'Songtao Guo', 'Bin Xiao']","['The Hong Kong Polytechnic University', 'Hong Kong Polytechnic University', 'The Hong Kong Polytechnic University', 'Chongqing University', 'The Hong Kong Polytechnic University']","26 May, 2022",Hong Kong; China,56,56
DATE: Domain Adaptive Product Seeker for E-Commerce,"['Haoyuan Li', 'Hao Jiang', 'Tao Jin', 'Mengyan Li', 'Yan Chen', 'Zhijie Lin', 'Yang Zhao', 'Zhou Zhao']","['Zhejiang University', 'Eindhoven University of Technology', 'Zhejiang University', 'University of Science and Technology of China', 'Beijing University of Posts and Telecommunications', 'Zhejiang University', 'Zhejiang University', 'Zhejiang University, Tsinghua University']",April 2023,China,2,1
Trap Attention: Monocular Depth Estimation With Manual Traps,"['Chao Ning', 'Hongping Gan']","[None, ""Northwest Polytechnical University Xi'an""]",Not Found,China,,
Integral Neural Networks,"['Kirill Solodskikh', 'Azim Kurbanov', 'Ruslan Aydarkhanov', 'Irina Zhelavskaya', 'Yury Parfenov', 'Dehua Song', 'Stamatios Lefkimmiatis']","['Garch Lab / Thestage.ai', 'Garch Lab', 'Huawei Technologies Ltd.', ""Huawei Technologies Ltd., Noah's Ark"", 'Tomsk State University of Control Systems and Radioelectronics', 'Huawei Technologies Ltd.', ""Huawei Noah's Ark Lab""]",October 2025,China,,
Full or Weak Annotations? An Adaptive Strategy for Budget-Constrained Annotation Campaigns,"['Javier Gamazo Tejero', 'Martin S. Zinkernagel', 'Sebastian Wolf', 'Raphael Sznitman', 'Pablo Márquez-Neila']","[None, 'Insel Gruppe', 'Universität Bern', 'University of Bern', 'University of Bern']",Not Found,Switzerland,,358
Solving Oscillation Problem in Post-Training Quantization Through a Theoretical Perspective,"['Yuexiao Ma', 'Huixia Li', 'Xiawu Zheng', 'Xuefeng Xiao', 'Rui Wang', 'Shilei Wen', 'Xin Pan', 'Fei Chao', 'Rongrong Ji']","['', 'Xiamen University', 'PengCheng Lab', 'South China University of Technology', 'TikTok', 'bytedance', 'University of Waterloo', 'Xiamen University', 'Xiamen University']","21 March, 2023",China; Canada,56,56
Switchable Representation Learning Framework With Self-Compatibility,"['Shengsen Wu', 'Yan Bai', 'Yihang Lou', 'Xiongkun Linghu', 'Jianzhong He', 'Ling-Yu Duan']","[None, 'Peking University, Tsinghua University', 'Peking University', 'Tsinghua University', 'Huawei Technologies Ltd.', 'Peking University']","16 June, 2022",China,1,3
Neural Fourier Filter Bank,"['Zhijie Wu', 'Yuhe Jin', 'Kwang Moo Yi']","[None, 'University of British Columbia', 'University Of British Columbia']","3 December, 2022",Canada,75,75
Exploring Data Geometry for Continual Learning,"['Zhi Gao', 'Chen Xu', 'Feng Li', 'Yunde Jia', 'Mehrtash Harandi', 'Yuwei Wu']","[None, 'Shenzhen MSU-BIT University', 'Software Engineering, Tsinghua University', None, 'Monash University', 'Beijing Institute of Technology']",April 2023,China; Australia,,126
QPGesture: Quantization-Based and Phase-Guided Motion Matching for Natural Speech-Driven Gesture Generation,"['Sicheng Yang', 'Zhiyong Wu', 'Minglei Li', 'Zhensong Zhang', 'Lei Hao', 'Weihong Bao', 'Haolin Zhuang']","[None, 'Tsinghua University', 'Huawei Cloud Computing Technologies Ltd.', ""Huawei Noah's Ark Lab"", ""Huawei Noah's Ark Lab"", 'Tsinghua University, Tsinghua University', 'Tsinghua University']",May 2023,China,1,1
Learning Neural Duplex Radiance Fields for Real-Time View Synthesis,"['Ziyu Wan', 'Christian Richardt', 'Aljaž Božič', 'Chao Li', 'Vijay Rengarajan', 'Seonghyeon Nam', 'Xiaoyu Xiang', 'Tuotuo Li', 'Bo Zhu', 'Rakesh Ranjan', 'Jing Liao']","['City University of Hong Kong', 'Meta Reality Labs', 'Facebook', 'Meta', 'Meta (Facebook)', 'Facebook', 'Meta', 'Facebook', 'Meta Platforms', '', 'City University of Hong Kong']",April 2023,Hong Kong; United States,46,46
FlowGrad: Controlling the Output of Generative ODEs With Gradients,"['Xingchao Liu', 'Lemeng Wu', 'Shujian Zhang', 'Chengyue Gong', 'Wei Ping', 'Qiang Liu']","['University of Texas, Austin', 'University of Texas, Austin', 'University of Texas, Austin', 'ut austin', 'NVIDIA', 'University of Texas, Austin']",Not Found,United States,,
PointVector: A Vector Representation in Point Cloud Analysis,"['Xin Deng', 'WenYu Zhang', 'Qing Ding', 'XinMing Zhang']","['University Of Science And Technology Of China', None, 'University of Science and Technology of China', 'University of Science and Technology of China, Tsinghua University']","21 May, 2022",China,,1
Data-Driven Feature Tracking for Event Cameras,"['Nico Messikommer', 'Carter Fang', 'Mathias Gehrig', 'Davide Scaramuzza']","['University of Zurich', 'ETHZ - ETH Zurich', 'University of Zurich', 'University of Zurich']","23 November, 2022",Switzerland,200,200
Deep Curvilinear Editing: Commutative and Nonlinear Image Manipulation for Pretrained Deep Generative Model,"['Takehiro Aoshima', 'Takashi Matsubara']","['Osaka University', 'Osaka Universiry']","26 November, 2022",Japan,244,
ContraNeRF: Generalizable Neural Radiance Fields for Synthetic-to-Real Novel View Synthesis via Contrastive Learning,"['Hao Yang', 'Lanqing Hong', 'Aoxue Li', 'Tianyang Hu', 'Zhenguo Li', 'Gim Hee Lee', 'Liwei Wang']","['Peking University', 'Huawei Technologies Ltd.', 'Huawei Technologies Ltd.', 'Huawei Technologies Ltd.', 'Huawei', 'National University of Singapore', 'Peking University']","20 March, 2023",China; Singapore,3,3
Multi-Agent Automated Machine Learning,"['Zhaozhi Wang', 'Kefan Su', 'Jian Zhang', 'Huizhu Jia', 'Qixiang Ye', 'Xiaodong Xie', 'Zongqing Lu']","['University of Chinese Academy of Sciences', 'Peking University, Tsinghua University', 'Huawei Technologies Ltd.', 'Peking University', 'University of Chinese Academy of Sciences', 'Peking University', 'Peking University']",May 2025,China,12,3
Inversion-Based Style Transfer With Diffusion Models,"['Yuxin Zhang', 'Nisha Huang', 'Fan Tang', 'Haibin Huang', 'Chongyang Ma', 'Weiming Dong', 'Changsheng Xu']","[None, '', 'Institute of Computing Technology, CAS', 'Kuaishou Technology', 'Kuaishou Technology', 'Institute of Automation, Chinese Academy of Sciences', None]","23 November, 2022",United States; China,,12
Computational Flash Photography Through Intrinsics,"['Sepideh Sarajian Maralan', 'Chris Careaga', 'Yağiz Aksoy']","['Simon Fraser University', 'Simon Fraser University', 'Simon Fraser University']",June 2023,Canada,106,106
Range-Nullspace Video Frame Interpolation With Focalized Motion Estimation,"['Zhiyang Yu', 'Yu Zhang', 'Dongqing Zou', 'Xijun Chen', 'Jimmy S. Ren', 'Shunqing Ren']","[None, 'Tsinghua University, Tsinghua University', 'Sensetime Research', 'Harbin Institute of Technology', 'SenseTime Research', 'Harbin Institute of Technology']",Not Found,China,1,23
Robust and Scalable Gaussian Process Regression and Its Applications,"['Yifan Lu', 'Jiayi Ma', 'Leyuan Fang', 'Xin Tian', 'Junjun Jiang']","[None, 'Wuhan University', None, 'Wuhan University', 'Harbin Institute of Technology']",Not Found,China,31,23
OmniVidar: Omnidirectional Depth Estimation From Multi-Fisheye Images,"['Sheng Xie', 'Daochuan Wang', 'Yun-Hui Liu']","['Harbin Institute of Technology, Shenzhen', 'Hong Kong Center for Logistics Robotics', 'The Chinese University of Hong Kong']",Not Found,China; South Korea; Hong Kong,23,26
Semi-Weakly Supervised Object Kinematic Motion Prediction,"['Gengxin Liu', 'Qian Sun', 'Haibin Huang', 'Chongyang Ma', 'Yulan Guo', 'Li Yi', 'Hui Huang', 'Ruizhen Hu']","[None, 'Shenzhen University', 'Kuaishou Technology', 'Kuaishou Technology', 'SUN YAT-SEN UNIVERSITY', '', 'Shenzhen University', 'Shenzhen University']","30 March, 2023",China,75,75
VNE: An Effective Method for Improving Deep Representation by Manipulating Eigenvalue Distribution,"['Jaeill Kim', 'Suhyun Kang', 'Duhun Hwang', 'Jungwook Shin', 'Wonjong Rhee']","['Seoul National University', 'Seoul National University', 'Seoul National University', 'Seoul National University', 'Seoul National University']",April 2023,South Korea,20,20
Task-Specific Fine-Tuning via Variational Information Bottleneck for Weakly-Supervised Pathology Whole Slide Image Classification,"['Honglin Li', 'Chenglu Zhu', 'Yunlong Zhang', 'Yuxuan Sun', 'Zhongyi Shui', 'Wenwei Kuang', 'Sunyi Zheng', 'Lin Yang']","['Westlake University', 'Westlake University', 'Zhejiang University', 'Westlake University', 'Westlake University', 'University of Hong Kong', 'Westlake University', 'Westlake University ']",March 2023,China; Hong Kong,46,46
DynamicDet: A Unified Dynamic Architecture for Object Detection,"['Zhihao Lin', 'Yongtao Wang', 'Jinhe Zhang', 'Xiaojie Chu']","['Peking University', 'Peking University', 'Peking University', None]",April 2023,China,3,3
"Toward Stable, Interpretable, and Lightweight Hyperspectral Super-Resolution","['Wen-jin Guo', 'Weiying Xie', 'Kai Jiang', 'Yunsong Li', 'Jie Lei', 'Leyuan Fang']","['Xidian University', None, 'Xidian University', '', ""Xi'an University of Electronic Science and Technology"", None]",Not Found,China,114,
Optimal Proposal Learning for Deployable End-to-End Pedestrian Detection,"['Xiaolin Song', 'Binghui Chen', 'Pengyu Li', 'Jun-Yan He', 'Biao Wang', 'Yifeng Geng', 'Xuansong Xie', 'Honggang Zhang']","['Beijing University of Posts and Telecommunications', 'Alibaba Group', 'Terminus Labs, Terminus Group, China.', 'DAMO Academy, Alibaba Group', 'Alibaba Group', 'Tsinghua University, Tsinghua University', 'Alibaba Group', 'Beijing University of Posts and Telecommunications']",Not Found,China,,
IDGI: A Framework To Eliminate Explanation Noise From Integrated Gradients,"['Ruo Yang', 'Binghui Wang', 'Mustafa Bilgic']","['Illinois Institute of Technology', 'Illinois Institute of Technology', 'Illinois Institute of Technology']",March 2023,United States,292,292
DPE: Disentanglement of Pose and Expression for General Video Portrait Editing,"['Youxin Pang', 'Yong Zhang', 'Weize Quan', 'Yanbo Fan', 'Xiaodong Cun', 'Ying Shan', 'Dong-Ming Yan']","['', 'Tencent AI Lab', 'Institute of automation, Chinese Academy of Sciences', 'Tencent AI Lab', 'Tencent AI Lab', 'Tencent', 'Institute of Automation, Chinese Academy of Sciences']","16 January, 2023",China,,12
Fast Monocular Scene Reconstruction With Global-Sparse Local-Dense Grids,"['Wei Dong', 'Christopher Choy', 'Charles Loop', 'Or Litany', 'Yuke Zhu', 'Anima Anandkumar']","['Carnegie Mellon University', 'Stanford University', 'NVIDIA Researxh', 'NVIDIA / Technion', 'University of Texas - Austin', 'California Institute of Technology']",May 2023,United States; Israel,3,185
Bi-Level Meta-Learning for Few-Shot Domain Generalization,"['Xiaorong Qin', 'Xinhang Song', 'Shuqiang Jiang']","[None, None, 'Institute of Computing Technology, Chinese Academy of Sciences']",Not Found,China,12,12
Class-Balancing Diffusion Models,"['Yiming Qin', 'Huangjie Zheng', 'Jiangchao Yao', 'Mingyuan Zhou', 'Ya Zhang']","['Shanghai Jiao Tong University', 'University of Texas, Austin', 'Shanghai Jiaotong University', 'The University of Texas at Austin', 'Shanghai Jiao Tong University']",May 2025,China; United States,5,5
Difficulty-Based Sampling for Debiased Contrastive Representation Learning,"['Taeuk Jang', 'Xiaoqian Wang']","['Purdue University', 'Purdue University']",Not Found,United States,75,75
The Treasure Beneath Multiple Annotations: An Uncertainty-Aware Edge Detector,"['Caixia Zhou', 'Yaping Huang', 'Mengyang Pu', 'Qingji Guan', 'Li Huang', 'Haibin Ling']","[None, 'Beijing Jiaotong University', 'North China Electric Power University', 'Beijing Jiaotong University', 'Beijing Jiaotong University', 'State University of New York, Stony Brook']",March 2023,China; United States,185,
Towards Trustable Skin Cancer Diagnosis via Rewriting Model’s Decision,"['Siyuan Yan', 'Zhen Yu', 'Xuelin Zhang', 'Dwarikanath Mahapatra', 'Shekhar S. Chandra', 'Monika Janda', 'Peter Soyer', 'Zongyuan Ge']","['Monash University', 'Monash University', 'Monash eResearch Centre', 'Inception Institute of AI, UAE', 'University of Queensland', 'University of Queensland', 'The University of Queensland', 'Monash University']",March 2023,Australia; United Arab Emirates,38,38
DCFace: Synthetic Face Generation With Dual Condition Diffusion Model,"['Minchul Kim', 'Feng Liu', 'Anil Jain', 'Xiaoming Liu']","['Michigan State University', 'Michigan State University', ', Michigan State University', None]",April 2023,United States,114,114
Uni-Perceiver v2: A Generalist Model for Large-Scale Vision and Vision-Language Tasks,"['Hao Li', 'Jinguo Zhu', 'Xiaohu Jiang', 'Xizhou Zhu', 'Hongsheng Li', 'Chun Yuan', 'Xiaohua Wang', 'Yu Qiao', 'Xiaogang Wang', 'Wenhai Wang', 'Jifeng Dai']","['The Chinese University of Hong Kong', ""Xi'an Jiaotong University"", 'Shenzhen International Graduate School, Tsinghua University', 'Shanghai AI Laboratory', 'The Chinese University of Hong Kong', 'Tsinghua University, Tsinghua University', ""Xi'an Jiaotong University"", 'Shanghai Aritifcal Intelligence Laboratory', 'The Chinese University of Hong Kong', 'Shanghai AI Laboratory', 'Tsinghua University, Tsinghua University']",November 2022,Hong Kong; China,26,1
Frame Flexible Network,"['Yitian Zhang', 'Yue Bai', 'Chang Liu', 'Huan Wang', 'Sheng Li', 'Yun Fu']","[None, 'Northeastern University', 'Northeastern University', 'Northeastern University', 'University of Virginia', 'Northeastern University']",June 2023,United States,35,35
Visual Dependency Transformers: Dependency Tree Emerges From Reversed Attention,"['Mingyu Ding', 'Yikang Shen', 'Lijie Fan', 'Zhenfang Chen', 'Zitian Chen', 'Ping Luo', 'Joshua B. Tenenbaum', 'Chuang Gan']","['UC Berkeley', 'University of Montreal', 'Massachusetts Institute of Technology', 'MIT-IBM Watson AI lab', 'University of Massachusetts, Amherst', 'The University of Hong Kong', 'MIT', 'MIT-IBM Watson AI Lab']",April 2023,United States; Canada; Hong Kong,,
Sparsely Annotated Semantic Segmentation With Adaptive Gaussian Mixtures,"['Linshan Wu', 'Zhun Zhong', 'Leyuan Fang', 'Xingxin He', 'Qiang Liu', 'Jiayi Ma', 'Hao Chen']","['Hunan University', 'University of Trento', None, None, 'Hunan University', 'Wuhan University', 'The Hong Kong University of Science and Technology']",Not Found,China; Italy,222,
Diverse 3D Hand Gesture Prediction From Body Dynamics by Bilateral Hand Disentanglement,"['Xingqun Qi', 'Chen Liu', 'Muyi Sun', 'Lincheng Li', 'Changjie Fan', 'Xin Yu']","['University of Technology Sydney', 'University of Technology Sydney', 'Institute of automation,  Chinese Academy of Sciences', '', 'Netease, Fuxi AI Lab', 'University of Queensland']","3 March, 2023",Australia; China,138,185
STAR Loss: Reducing Semantic Ambiguity in Facial Landmark Detection,"['Zhenglin Zhou', 'Huaxia Li', 'Hong Liu', 'Nanyang Wang', 'Gang Yu', 'Rongrong Ji']","['Xiamen University', 'Department of Computer Science and Engineering, The Chinese University of Hong Kong', 'National Institute of Informatics', 'Fudan University', 'Tencent', 'Xiamen University']",June 2023,China; Hong Kong; Japan,56,56
Spatial-Frequency Mutual Learning for Face Super-Resolution,"['Chenyang Wang', 'Junjun Jiang', 'Zhiwei Zhong', 'Xianming Liu']","['Harbin Institute of Technology;', 'Harbin Institute of Technology', 'Harbin Institute of Technology', 'Harbin Institute of Technology']",Not Found,China,23,23
Inverse Rendering of Translucent Objects Using Physical and Neural Renderers,"['Chenhao Li', 'Trung Thanh Ngo', 'Hajime Nagahara']","['', 'Hanoi University of Science and Technology', 'Osaka University']",May 2023,Japan,,244
Bi3D: Bi-Domain Active Learning for Cross-Domain 3D Object Detection,"['Jiakang Yuan', 'Bo Zhang', 'Xiangchao Yan', 'Tao Chen', 'Botian Shi', 'Yikang Li', 'Yu Qiao']","['Fudan University', 'Shanghai AI Laboratory', 'Shanghai AI Laboratory', None, 'Shanghai AI Lab', 'IDG Capital', 'Shanghai Aritifcal Intelligence Laboratory']",March 2023,China,16,
MOT: Masked Optimal Transport for Partial Domain Adaptation,"['You-Wei Luo', 'Chuan-Xian Ren']","['SUN YAT-SEN UNIVERSITY', 'SUN YAT-SEN UNIVERSITY']",Not Found,China,29,29
Spatio-Temporal Pixel-Level Contrastive Learning-Based Source-Free Domain Adaptation for Video Semantic Segmentation,"['Shao-Yuan Lo', 'Poojan Oza', 'Sumanth Chennupati', 'Alejandro Galindo', 'Vishal M. Patel']","['Johns Hopkins University', 'Amazon', 'Amazon', 'INRIA', 'Johns Hopkins University']",March 2023,United States; France,42,42
Rethinking Federated Learning With Domain Shift: A Prototype View,"['Wenke Huang', 'Mang Ye', 'Zekun Shi', 'He Li', 'Bo Du']","['Wuhan University', 'Wuhan University', 'Wuhan University', 'Wuhan University', 'Wuhan University']",Not Found,China,31,31
Learning Attribute and Class-Specific Representation Duet for Fine-Grained Fashion Analysis,"['Yang Jiao', 'Yan Gao', 'Jingjing Meng', 'Jin Shang', 'Yi Sun']","['Amazon', 'Amazon', 'Amazon', 'Amazon', 'State University of New York at Binghamton']",Not Found,United States,,
NaQ: Leveraging Narrations As Queries To Supervise Episodic Memory,"['Santhosh Kumar Ramakrishnan', 'Ziad Al-Halah', 'Kristen Grauman']","['University of Texas, Austin', 'University of Utah', 'University of Texas at Austin']","2 January, 2023",United States,,49
Ensemble-Based Blackbox Attacks on Dense Prediction,"['Zikui Cai', 'Yaoteng Tan', 'M. Salman Asif']","[None, 'ECE UC Riverside', 'University of California, Riverside']",March 2023,United States,,160
Implicit Neural Head Synthesis via Controllable Local Deformation Fields,"['Chuhan Chen', 'Matthew O’Toole', 'Gaurav Bharaj', 'Pablo Garrido']","['Carnegie Mellon University', 'Carnegie Mellon University', 'Flawless AI', 'Flawless AI']",April 2023,United States,3,
Realistic Saliency Guided Image Enhancement,"['S. Mahdi H. Miangoleh', 'Zoya Bylinskii', 'Eric Kee', 'Eli Shechtman', 'Yağiz Aksoy']","['Simon Fraser University', 'Adobe Systems', 'Adobe Systems', 'Adobe', 'Simon Fraser University']",June 2023,Canada,106,106
CIRCLE: Capture in Rich Contextual Environments,"['João Pedro Araújo', 'Jiaman Li', 'Karthik Vetrivel', 'Rishi Agarwal', 'Jiajun Wu', 'Deepak Gopinath', 'Alexander William Clegg', 'Karen Liu']","['Computer Science Department, Stanford University', 'Stanford University', 'Stanford University', 'Stanford University', 'Stanford University', 'Facebook', 'Meta AI', 'Computer Science Department, Stanford University']",March 2023,United States,16,16
Reducing the Label Bias for Timestamp Supervised Temporal Action Segmentation,"['Kaiyuan Liu', 'Yunheng Li', 'Shenglan Liu', 'Chenwei Tan', 'Zihang Shao']","[None, 'Dalian University of Technology', 'Dalian University of Technology', 'Dalian University of Technology', 'Dalian University of Technology']",Not Found,China,,
Modality-Agnostic Debiasing for Single Domain Generalization,"['Sanqing Qu', 'Yingwei Pan', 'Guang Chen', 'Ting Yao', 'Changjun Jiang', 'Tao Mei']","['Tongji University', None, 'Tongji University', 'JD AI Research', 'Tongji University', 'JD Explore Academy']",March 2023,China,100,
Learning Action Changes by Measuring Verb-Adverb Textual Relationships,"['Davide Moltisanti', 'Frank Keller', 'Hakan Bilen', 'Laura Sevilla-Lara']","['The University of Edinburgh', 'University of Edinburgh', 'University of Edinburgh', 'University of Edinburgh']","27 March, 2023",United Kingdom,42,42
DeGPR: Deep Guided Posterior Regularization for Multi-Class Cell Detection and Counting,"['Aayush Kumar Tyagi', 'Chirag Mohapatra', 'Prasenjit Das', 'Govind Makharia', 'Lalita Mehra', 'Prathosh AP', ' Mausam']","['Indian Institute of Technology, New Delhi', 'Indian Institute of Technology, Delhi', 'All India Institute of Medical Sciences', 'All India Institute of Medical Sciences New Delhi', 'AIIMS', 'Indian Institute of Technology Delhi', 'Indian Institute of Technology Delhi']",April 2023,India,,
Seeing What You Miss: Vision-Language Pre-Training With Semantic Completion Learning,"['Yatai Ji', 'Rongcheng Tu', 'Jie Jiang', 'Weijie Kong', 'Chengfei Cai', 'Wenzhe Zhao', 'Hongfa Wang', 'Yujiu Yang', 'Wei Liu']","[None, 'Beijing Institute of Technology', 'Tencent AI Lab', 'Peking University', 'Zhejiang University', 'South China University of Technology', 'Chinese Academy of Sciences', 'Tsinghua University', 'Tencent AI Lab']","24 November, 2022",China,126,
On the Importance of Accurate Geometry Data for Dense 3D Vision Tasks,"['HyunJun Jung', 'Patrick Ruhkamp', 'Guangyao Zhai', 'Nikolas Brasch', 'Yitong Li', 'Yannick Verdie', 'Jifei Song', 'Yiren Zhou', 'Anil Armagan', 'Slobodan Ilic', 'Aleš Leonardis', 'Nassir Navab', 'Benjamin Busam']","['Technische Universität München', 'Technical University Munich', 'Technical University of Munich', 'Technical University Munich', 'Technische Universität München', 'Huawei Technologies Ltd.', 'Huawei Technologies Ltd.', 'Huawei Technologies Ltd.', 'Huawei Technologies Ltd.', 'Technical University Munich', 'University of Birmingham', 'TU Munich', None]",March 2023,Germany; China; United Kingdom,,49
Learning To Name Classes for Vision and Language Models,"['Sarah Parisot', 'Yongxin Yang', 'Steven McDonagh']","['Huawei', 'Queen Mary University of London', 'Huawei Technologies R&D']",April 2023,United Kingdom,,
NoisyQuant: Noisy Bias-Enhanced Post-Training Activation Quantization for Vision Transformers,"['Yijiang Liu', 'Huanrui Yang', 'Zhen Dong', 'Kurt Keutzer', 'Li Du', 'Shanghang Zhang']","['Nanjing University', 'University of California, Berkeley', 'University of California Berkeley', 'EECS, UC Berkeley', 'Nanjing University', 'Peking University']","29 November, 2022",China; United States,6,3
Comprehensive and Delicate: An Efficient Transformer for Image Restoration,"['Haiyu Zhao', 'Yuanbiao Gou', 'Boyun Li', 'Dezhong Peng', 'Jiancheng Lv', 'Xi Peng']","[None, 'Sichuan University', 'Sichuan University', 'Sichuan University', 'Sichuan University', 'Sichuan University']",Not Found,China,126,126
MoStGAN-V: Video Generation With Temporal Motion Styles,"['Xiaoqian Shen', 'Xiang Li', 'Mohamed Elhoseiny']","['King Abdullah University of Science and Technology', 'King Abdullah University of Science and Technology', 'KAUST']",April 2023,Saudi Arabia,,106
Weakly Supervised Class-Agnostic Motion Prediction for Autonomous Driving,"['Ruibo Li', 'Hanyu Shi', 'Ziang Fu', 'Zhe Wang', 'Guosheng Lin']","['Nanyang Technological University', 'Nanyang Technological University', 'Sensetime Research Inc.', 'Sensetime Group Limited', 'Nanyang Technological University']",September 2025,Singapore,8,8
Avatars Grow Legs: Generating Smooth Human Motion From Sparse Tracking Inputs With Diffusion Model,"['Yuming Du', 'Robin Kips', 'Albert Pumarola', 'Sebastian Starke', 'Ali Thabet', 'Artsiom Sanakoyeu']","[None, 'Research, Facebook', 'Facebook', 'University of Edinburgh, University of Edinburgh', 'Meta', 'RL']",April 2023,Qatar; United States; United Kingdom; Canada,,42
Referring Image Matting,"['Jizhizi Li', 'Jing Zhang', 'Dacheng Tao']","['The University of Sydney', 'The University of Sydney', None]","10 June, 2022",Australia,71,71
Rethinking Image Super Resolution From Long-Tailed Distribution Learning Perspective,"['Yuanbiao Gou', 'Peng Hu', 'Jiancheng Lv', 'Hongyuan Zhu', 'Xi Peng']","['Sichuan University', 'Sichuan University', 'Sichuan University', 'Institute for Infocomm Research', 'Sichuan University']",Not Found,China,126,126
DiffusioNeRF: Regularizing Neural Radiance Fields With Denoising Diffusion Models,"['Jamie Wynn', 'Daniyar Turmukhambetov']","['Niantic', 'Niantic']","23 February, 2023",,,
Self-Supervised Super-Plane for Neural 3D Reconstruction,"['Botao Ye', 'Sifei Liu', 'Xueting Li', 'Ming-Hsuan Yang']","['Institute of Computing Technology, Chinese Academy of Sciences', 'NVIDIA', 'NVIDIA', 'University of California at Merced']",Not Found,China; United States,12,
Implicit Surface Contrastive Clustering for LiDAR Point Clouds,"['Zaiwei Zhang', 'Min Bai', 'Li Erran Li']","['Amazon', 'Amazon', 'AWS AI, Amazon']",Not Found,,,
BlendFields: Few-Shot Example-Driven Facial Modeling,"['Kacper Kania', 'Stephan J. Garbin', 'Andrea Tagliasacchi', 'Virginia Estellers', 'Kwang Moo Yi', 'Julien Valentin', 'Tomasz Trzciński', 'Marek Kowalski']","['Warsaw University of Technology', 'Microsoft', 'Simon Fraser University, Google Brain', 'Microsoft', 'University Of British Columbia', 'Microsoft', 'Jagiellonian University', 'Microsoft']",May 2023,Poland; United States; Canada,,
Fast Point Cloud Generation With Straight Flows,"['Lemeng Wu', 'Dilin Wang', 'Chengyue Gong', 'Xingchao Liu', 'Yunyang Xiong', 'Rakesh Ranjan', 'Raghuraman Krishnamoorthi', 'Vikas Chandra', 'Qiang Liu']","['University of Texas, Austin', 'Facebook', 'ut austin', 'University of Texas, Austin', 'Facebook', '', 'Facebook', 'Facebook', 'University of Texas, Austin']",December 2022,United States,,
Leveraging Hidden Positives for Unsupervised Semantic Segmentation,"['Hyun Seok Seong', 'WonJun Moon', 'SuBeen Lee', 'Jae-Pil Heo']","['Sungkyunkwan University', 'Sungkyunkwan University', 'Sungkyunkwan University', 'Sungkyunkwan University']",March 2023,South Korea,106,106
BundleSDF: Neural 6-DoF Tracking and 3D Reconstruction of Unknown Objects,"['Bowen Wen', 'Jonathan Tremblay', 'Valts Blukis', 'Stephen Tyree', 'Thomas Müller', 'Alex Evans', 'Dieter Fox', 'Jan Kautz', 'Stan Birchfield']","['NVIDIA', 'NVIDIA', 'NVIDIA', 'NVIDIA', 'NVIDIA', 'NVIDIA', 'University of Washington', None, 'NVIDIA']",March 2023,United States,,
PLIKS: A Pseudo-Linear Inverse Kinematic Solver for 3D Human Body Estimation,"['Karthik Shetty', 'Annette Birkhold', 'Srikrishna Jaganathan', 'Norbert Strobel', 'Markus Kowarschik', 'Andreas Maier', 'Bernhard Egger']","['', 'Siemens Healthineers', 'Friedrich-Alexander-Universität Erlangen-Nürnberg', 'University of Applied Sciences Würzburg-Schweinfurt', 'Siemens Healthineers GmbH', 'Pattern Recognition Lab', 'Massachusetts Institute of Technology']","21 November, 2022",Germany; United States,,27
Test of Time: Instilling Video-Language Models With a Sense of Time,"['Piyush Bagad', 'Makarand Tapaswi', 'Cees G. M. Snoek']","['University of Amsterdam', 'International Institute of Information Technology Hyderabad', 'University of Amsterdam']","5 January, 2023",Netherlands; India,66,66
Incrementer: Transformer for Class-Incremental Semantic Segmentation With Knowledge Distillation Focusing on Old Class,"['Chao Shang', 'Hongliang Li', 'Fanman Meng', 'Qingbo Wu', 'Heqian Qiu', 'Lanxiao Wang']","[None, 'University of Electronic Science and Technology of China, Tsinghua University', 'University of Electronic Science and Technology of China', 'University of Electronic Science and Technology of China', 'University of Electronic Science and Technology of China', 'University of Electronic Science and Technology of China']",Not Found,China,1,
vMAP: Vectorised Object Mapping for Neural Field SLAM,"['Xin Kong', 'Shikun Liu', 'Marwan Taher', 'Andrew J. Davison']","[None, 'Imperial College London', 'The University of Sheffield', 'Imperial College London']","3 February, 2023",United Kingdom,114,114
POEM: Reconstructing Hand in a Point Embedded Multi-View Stereo,"['Lixin Yang', 'Jian Xu', 'Licheng Zhong', 'Xinyu Zhan', 'Zhicheng Wang', 'Kejian Wu', 'Cewu Lu']","['Shanghai Jiao Tong University', 'nreal', 'Shanghai Jiaotong University', 'Shanghai Jiaotong University', 'Nreal', 'Nreal', 'Shanghai Jiao Tong University']","8 April, 2023",China,5,5
NeRF-Supervised Deep Stereo,"['Fabio Tosi', 'Alessio Tonioni', 'Daniele De Gregorio', 'Matteo Poggi']","['University of Bologna', 'Google', 'eyecan.ai', 'Università di Bologna']",March 2023,Italy; United States,,
High-Fidelity 3D Face Generation From Natural Language Descriptions,"['Menghua Wu', 'Hao Zhu', 'Linjia Huang', 'Yiyu Zhuang', 'Yuanxun Lu', 'Xun Cao']","['Nanjing University', '', 'nanjing university', None, 'Nanjing University', 'Nanjing University']",May 2023,China,6,6
Spatial-Then-Temporal Self-Supervised Learning for Video Correspondence,"['Rui Li', 'Dong Liu']","[None, 'University of Science and Technology of China']","16 September, 2022",China,,
Adaptive Plasticity Improvement for Continual Learning,"['Yan-Shuo Liang', 'Wu-Jun Li']","['nanjing university', 'Nanjing University']",Not Found,China,6,6
Query-Dependent Video Representation for Moment Retrieval and Highlight Detection,"['WonJun Moon', 'Sangeek Hyun', 'SangUk Park', 'Dongchan Park', 'Jae-Pil Heo']","['Sungkyunkwan University', 'Sungkyunkwan University', 'PYLER', 'Pyler, inc.', 'Sungkyunkwan University']",March 2023,South Korea; United States,106,106
CIGAR: Cross-Modality Graph Reasoning for Domain Adaptive Object Detection,"['Yabo Liu', 'Jinghua Wang', 'Chao Huang', 'Yaowei Wang', 'Yong Xu']","['Harbin Institute of Technology, Shenzhen', None, 'Harbin Institute of Technology', 'Pengcheng Laboratory', 'Harbin Institute of Technology']",Not Found,China,23,23
MHPL: Minimum Happy Points Learning for Active Source Free Domain Adaptation,"['Fan Wang', 'Zhongyi Han', 'Zhiyan Zhang', 'Rundong He', 'Yilong Yin']","[None, 'Shandong University', 'Shandong University', 'Shandong University', 'Shandong University']",Not Found,China,160,160
Defining and Quantifying the Emergence of Sparse Concepts in DNNs,"['Jie Ren', 'Mingjie Li', 'Qirui Chen', 'Huiqi Deng', 'Quanshi Zhang']","[None, 'Shanghai Jiao Tong University', 'Shanghai Jiao Tong University', 'Shanghai jiaotong University', 'Shanghai Jiao Tong University']","11 November, 2021",China,5,5
LiDAR-in-the-Loop Hyperparameter Optimization,"['Félix Goudreault', 'Dominik Scheuble', 'Mario Bijelic', 'Nicolas Robidoux', 'Felix Heide']","['Université de Montréal', 'Universität des Saarlandes', 'Princeton University', 'Algolux', 'Department of Computer Science, Princeton University']",Not Found,United States; Unknown,,75
Revisiting Rotation Averaging: Uncertainties and Robust Losses,"['Ganlin Zhang', 'Viktor Larsson', 'Daniel Barath']","['ETH Zurich', 'Lund University', 'ETHZ - ETH Zurich']",March 2023,Switzerland; Sweden,31,31
Mod-Squad: Designing Mixtures of Experts As Modular Multi-Task Learners,"['Zitian Chen', 'Yikang Shen', 'Mingyu Ding', 'Zhenfang Chen', 'Hengshuang Zhao', 'Erik G. Learned-Miller', 'Chuang Gan']","['University of Massachusetts, Amherst', 'University of Montreal', 'UC Berkeley', 'MIT-IBM Watson AI lab', 'The University of Hong Kong', 'Manning College of Information and Computer Sciences, University of Massachusetts, Amherst', 'MIT-IBM Watson AI Lab']",December 2022,United States; Canada; Hong Kong,66,
A Probabilistic Attention Model With Occlusion-Aware Texture Regression for 3D Hand Reconstruction From a Single RGB Image,"['Zheheng Jiang', 'Hossein Rahmani', 'Sue Black', 'Bryan M. Williams']","[None, '', 'University of Aberdeen', 'Lancaster University']",April 2023,United Kingdom,292,146
Accelerated Coordinate Encoding: Learning to Relocalize in Minutes Using RGB and Poses,"['Eric Brachmann', 'Tommaso Cavallari', 'Victor Adrian Prisacariu']","[None, 'Niantic Inc.', None]",May 2023,,,
Label Information Bottleneck for Label Enhancement,"['Qinghai Zheng', 'Jihua Zhu', 'Haoyu Tang']","[None, ""Xi'an Jiaotong University"", 'Shandong University']","12 March, 2023",China,66,160
"MOSO: Decomposing MOtion, Scene and Object for Video Prediction","['Mingzhen Sun', 'Weining Wang', 'Xinxin Zhu', 'Jing Liu']","['Institute of automation, Chinese academy of science, Chinese Academy of Sciences', 'Institute of automation, Chinese academy of science, Chinese Academy of Sciences', ', Institute of automation, Chinese academy of science', 'Institute of automation, Chinese academy of science']","7 March, 2023",China,12,
Edges to Shapes to Concepts: Adversarial Augmentation for Robust Vision,"['Aditay Tripathi', 'Rishubh Singh', 'Anirban Chakraborty', 'Pradeep Shenoy']","['Indian Institute of Science', None, 'Indian Institute of Science', 'Google']",Not Found,United States,,
EVAL: Explainable Video Anomaly Localization,"['Ashish Singh', 'Michael J. Jones', 'Erik G. Learned-Miller']","['Department of Computer Science, University of Massachusetts, Amherst', 'MERL', 'Manning College of Information and Computer Sciences, University of Massachusetts, Amherst']",December 2022,Unknown; United States,66,66
Grounding Counterfactual Explanation of Image Classifiers to Textual Concept Space,"['Siwon Kim', 'Jinoh Oh', 'Sungjin Lee', 'Seunghak Yu', 'Jaeyoung Do', 'Tara Taghavi']","['Seoul National University', 'Amazon', 'Amazon', 'Amazon', 'Department of Computer Science, University of Wisconsin - Madison', 'Texas A&M University - College Station']",Not Found,South Korea; Unknown; United States,20,61
CAPE: Camera View Position Embedding for Multi-View 3D Object Detection,"['Kaixin Xiong', 'Shi Gong', 'Xiaoqing Ye', 'Xiao Tan', 'Ji Wan', 'Errui Ding', 'Jingdong Wang', 'Xiang Bai']","['Huazhong University of Science and Technology', 'Baidu', 'Baidu Inc.', 'Baidu', 'Baidu', 'Baidu Inc.', 'Baidu', 'Huazhong University of Science and Technology']",March 2023,China,,
VLPD: Context-Aware Pedestrian Detection via Vision-Language Semantic Self-Supervision,"['Mengyin Liu', 'Jie Jiang', 'Chao Zhu', 'Xu-Cheng Yin']","['University of Science and Technology Beijing', 'Tencent AI Lab', 'University of Science and Technology Beijing', 'University of Science and Technology Beijing']",April 2023,,,
Noisy Correspondence Learning With Meta Similarity Correction,"['Haochen Han', 'Kaiyao Miao', 'Qinghua Zheng', 'Minnan Luo']","['', ""Xi'an Jiaotong University"", ""Xi'an Jiaotong University"", None]",April 2023,China,66,66
Robust Multiview Point Cloud Registration With Reliable Pose Graph Initialization and History Reweighting,"['Haiping Wang', 'Yuan Liu', 'Zhen Dong', 'Yulan Guo', 'Yu-Shen Liu', 'Wenping Wang', 'Bisheng Yang']","[None, 'The University of Hong Kong', None, 'SUN YAT-SEN UNIVERSITY', None, 'Texas A&M University - College Station', 'Wuhan University']",April 2023,Hong Kong; China; United States,26,31
MeMaHand: Exploiting Mesh-Mano Interaction for Single Image Two-Hand Reconstruction,"['Congyi Wang', 'Feida Zhu', 'Shilei Wen']","['Bytedance Inc.', 'ByteDance', 'bytedance']","28 March, 2023",China,,
Towards Effective Adversarial Textured 3D Meshes on Physical Face Recognition,"['Xiao Yang', 'Chang Liu', 'Longlong Xu', 'Yikai Wang', 'Yinpeng Dong', 'Ning Chen', 'Hang Su', 'Jun Zhu']","['Tsinghua University, Tsinghua University', None, 'Tsinghua University, Tsinghua University', 'Tsinghua University', 'Tsinghua University', 'Tsinghua University, Tsinghua University', 'Tsinghua University', 'Tsinghua University']",March 2023,China,1,1
BiFormer: Learning Bilateral Motion Estimation via Bilateral Transformer for 4K Video Frame Interpolation,"['Junheum Park', 'Jintae Kim', 'Chang-Su Kim']","['Korea University', 'Korea University', 'Korea University']",April 2023,South Korea,75,75
Memory-Friendly Scalable Super-Resolution via Rewinding Lottery Ticket Hypothesis,"['Jin Lin', 'Xiaotong Luo', 'Ming Hong', 'Yanyun Qu', 'Yuan Xie', 'Zongze Wu']","['Xiamen University', 'XMU', 'Xiamen University', 'Xiamen University', 'East China Normal University', 'Shenzhen University']",Not Found,China,56,75
SadTalker: Learning Realistic 3D Motion Coefficients for Stylized Audio-Driven Single Image Talking Face Animation,"['Wenxuan Zhang', 'Xiaodong Cun', 'Xuan Wang', 'Yong Zhang', 'Xi Shen', 'Yu Guo', 'Ying Shan', 'Fei Wang']","[""Xi'an Jiaotong University"", 'Tencent AI Lab', 'Tencent AI Lab', 'Tencent AI Lab', 'Tencent AI Lab', ""Xi'an Jiaotong University"", 'Tencent', ""Xi'an Jiaotong University""]","22 November, 2022",China,66,66
High-Fidelity and Freely Controllable Talking Head Video Generation,"['Yue Gao', 'Yuan Zhou', 'Jinglu Wang', 'Xiao Li', 'Xiang Ming', 'Yan Lu']","['Microsoft Research', 'Microsoft Research', 'Microsoft Research Asia', 'Microsoft Research Asia', 'Microsoft Research Asia', 'Microsoft Research Asia']","20 April, 2023",United States,,
On the Stability-Plasticity Dilemma of Class-Incremental Learning,"['Dongwan Kim', 'Bohyung Han']","['Seoul National University', 'Seoul National University']",April 2023,South Korea,20,20
Multilateral Semantic Relations Modeling for Image Text Retrieval,"['Zheng Wang', 'Zhenwei Gao', 'Kangshuai Guo', 'Yang Yang', 'Xiaoming Wang', 'Heng Tao Shen']","['University of Electronic Science and Technology of China', 'University of Electronic Science and Technology of China', 'University of Electronic Science and Technology of China', 'University of Electronic Science and Technology of China', 'University of Electronic Science and Technology of China', 'University of Electronic Science and Technology of China']",Not Found,China,,
Practical Network Acceleration With Tiny Sets,"['Guo-Hua Wang', 'Jianxin Wu']","[None, 'Nanjing University']",March 2023,China,6,6
Learning To Exploit the Sequence-Specific Prior Knowledge for Image Processing Pipelines Optimization,"['Haina Qin', 'Longfei Han', 'Weihua Xiong', 'Juan Wang', 'Wentao Ma', 'Bing Li', 'Weiming Hu']","['Institute of automation, Chinese academy of science, Chinese Academy of Sciences', 'Beijing Technology and Business University', ', Institute of automation, Chinese academy of science', 'Institute of automation, Chinese academy of science, Chinese Academy of Sciences', 'zeku.com', 'Institute of automation, Chinese academy of science, Chinese Academy of Sciences', 'Institute of automation, Chinese academy of science']",Not Found,China,12,
On the Pitfall of Mixup for Uncertainty Calibration,"['Deng-Bao Wang', 'Lanqing Li', 'Peilin Zhao', 'Pheng-Ann Heng', 'Min-Ling Zhang']","[None, 'Zhejiang Lab; The Chinese University of Hong Kong', 'Tencent AI Lab', 'The Chinese University of Hong Kong', 'Southeast University']",Not Found,Hong Kong,26,38
Few-Shot Non-Line-of-Sight Imaging With Signal-Surface Collaborative Regularization,"['Xintong Liu', 'Jianyu Wang', 'Leping Xiao', 'Xing Fu', 'Lingyun Qiu', 'Zuoqiang Shi']","['Yau Mathematical Sciences Center', None, 'Tsinghua University, Tsinghua University', 'Tsinghua University, Tsinghua University', 'Tsinghua University, Tsinghua University', 'Tsinghua University, Tsinghua University']",November 2022,China,,1
Differentiable Shadow Mapping for Efficient Inverse Graphics,"['Markus Worchel', 'Marc Alexa']","['Technische Universität Berlin', 'TU Berlin']",August 2023,Germany,,200
FFHQ-UV: Normalized Facial UV-Texture Dataset for 3D Face Reconstruction,"['Haoran Bai', 'Di Kang', 'Haoxian Zhang', 'Jinshan Pan', 'Linchao Bao']","['Nanjing University of Science and Technology', 'Tencent AI Lab', 'Peking University', 'Nanjing University of Science and Technology', 'Tencent AI Lab']","24 November, 2022",China,6,
Texture-Guided Saliency Distilling for Unsupervised Salient Object Detection,"['Huajun Zhou', 'Bo Qiao', 'Lingxiao Yang', 'Jianhuang Lai', 'Xiaohua Xie']","['Sun Yat-sen University', 'SUN YAT-SEN UNIVERSITY', 'SUN YAT-SEN UNIVERSITY', 'SUN YAT-SEN UNIVERSITY', 'SUN YAT-SEN UNIVERSITY']","12 July, 2022",China,29,29
PointDistiller: Structured Knowledge Distillation Towards Efficient and Compact 3D Detection,"['Linfeng Zhang', 'Runpei Dong', 'Hung-Shuo Tai', 'Kaisheng Ma']","[', Tsinghua University', ""Xi'an Jiaotong University"", 'Saint Louis University', 'Institute for Interdisciplinary Information Sciences (IIIS), Tsinghua University']",May 2022,China,1,1
Matching Is Not Enough: A Two-Stage Framework for Category-Agnostic Pose Estimation,"['Min Shi', 'Zihao Huang', 'Xianzheng Ma', 'Xiaowei Hu', 'Zhiguo Cao']","[None, None, 'Shanghai AI Lab', 'Shanghai AI Laboratory', '']",Not Found,China,,
Sphere-Guided Training of Neural Implicit Surfaces,"['Andreea Dogaru', 'Andrei-Timotei Ardelean', 'Savva Ignatyev', 'Egor Zakharov', 'Evgeny Burnaev']","['Friedrich-Alexander Universität Erlangen-Nürnberg', 'Friedrich-Alexander Universität Erlangen-Nürnberg', 'Skolkovo Institute of Science and Technology', 'Skolkovo Institute of Science and Technology', 'Skolkovo Institute of Science and Technology']","30 September, 2022",Germany,,
Color Backdoor: A Robust Poisoning Attack in Color Space,"['Wenbo Jiang', 'Hongwei Li', 'Guowen Xu', 'Tianwei Zhang']","[None, 'University of Electronic Science and Technology of China, Tsinghua University', 'Nanyang Technological University', 'Nanyang Technological University']",Not Found,China; Singapore,1,8
Explicit Visual Prompting for Low-Level Structure Segmentations,"['Weihuang Liu', 'Xi Shen', 'Chi-Man Pun', 'Xiaodong Cun']","['University of Macau', 'Tencent AI Lab', 'University of Macau', 'Tencent AI Lab']","20 March, 2023",Macau,114,
VQACL: A Novel Visual Question Answering Continual Learning Setting,"['Xi Zhang', 'Feifei Zhang', 'Changsheng Xu']","[None, 'Tianjin University of Technology', None]",Not Found,China,100,100
Non-Line-of-Sight Imaging With Signal Superresolution Network,"['Jianyu Wang', 'Xintong Liu', 'Leping Xiao', 'Zuoqiang Shi', 'Lingyun Qiu', 'Xing Fu']","[None, 'Yau Mathematical Sciences Center', 'Tsinghua University, Tsinghua University', 'Tsinghua University, Tsinghua University', 'Tsinghua University, Tsinghua University', 'Tsinghua University, Tsinghua University']",Not Found,China,,1
Unsupervised Contour Tracking of Live Cells by Mechanical and Cycle Consistency Losses,"['Junbong Jang', 'Kwonmoo Lee', 'Tae-Kyun Kim']","['Korea Advanced Institute of Science and Technology', ""Boston Children's Hospital"", 'Imperial College London']",March 2023,South Korea; United Kingdom,,114
Context-Based Trit-Plane Coding for Progressive Image Compression,"['Seungmin Jeon', 'Kwang Pyo Choi', 'Youngo Park', 'Chang-Su Kim']","['Korea University', 'Samsung', 'Samsung AI Center, Cambridge', 'Korea University']","10 March, 2023",South Korea; United Kingdom,75,75
Adaptive Sparse Convolutional Networks With Global Context Enhancement for Faster Object Detection on Drone Images,"['Bowei Du', 'Yecheng Huang', 'Jiaxin Chen', 'Di Huang']","[None, 'Alibaba Group', 'Beihang University', 'Beihang University']",March 2023,China,,49
Deep Frequency Filtering for Domain Generalization,"['Shiqi Lin', 'Zhizheng Zhang', 'Zhipeng Huang', 'Yan Lu', 'Cuiling Lan', 'Peng Chu', 'Quanzeng You', 'Jiang Wang', 'Zicheng Liu', 'Amey Parulkar', 'Viraj Navkal', 'Zhibo Chen']","['University of Science and Technology of China', 'Microsoft Research', 'University of Science and Technology of China', 'Microsoft Research Asia', 'Microsoft', 'Microsoft', 'University of Rochester', 'Microsoft', 'Microsoft', ', Texas A&M University - College Station', 'Microsoft', 'University of Science and Technology of China']","23 March, 2022",China; United States,,
Self-Supervised AutoFlow,"['Hsin-Ping Huang', 'Charles Herrmann', 'Junhwa Hur', 'Erika Lu', 'Kyle Sargent', 'Austin Stone', 'Ming-Hsuan Yang', 'Deqing Sun']","['University of California, Merced', 'Google', 'Google', 'Google', 'Computer Science Department, Stanford University', 'Google', 'University of California at Merced', 'Google']","4 December, 2022",United States,185,
ScarceNet: Animal Pose Estimation With Scarce Annotations,"['Chen Li', 'Gim Hee Lee']","['National University of Singapore', 'National University of Singapore']",March 2023,Singapore,12,12
MELTR: Meta Loss Transformer for Learning To Fine-Tune Video Foundation Models,"['Dohwan Ko', 'Joonmyung Choi', 'Hyeong Kyu Choi', 'Kyoung-Woon On', 'Byungseok Roh', 'Hyunwoo J. Kim']","['Korea University', 'Korea University', 'Korea University', 'Seoul National University', 'Kakao Brain', 'Korea University']",March 2023,South Korea,75,75
MixPHM: Redundancy-Aware Parameter-Efficient Tuning for Low-Resource Visual Question Answering,"['Jingjing Jiang', 'Nanning Zheng']","[None, ""Xi'an Jiaotong University""]","2 March, 2023",China,66,66
Crossing the Gap: Domain Generalization for Image Captioning,"['Yuchen Ren', 'Zhendong Mao', 'Shancheng Fang', 'Yan Lu', 'Tong He', 'Hao Du', 'Yongdong Zhang', 'Wanli Ouyang']","['University of Science and Technology of China', None, 'University of Science and Technology of China', 'Shanghai AI lab', 'Shanghai AI Lab', 'University of Science and Technology of China', 'University of Science and Technology of China', 'University of Sydney']",Not Found,China; Australia,,71
Semantic Ray: Learning a Generalizable Semantic Field With Cross-Reprojection Attention,"['Fangfu Liu', 'Chubin Zhang', 'Yu Zheng', 'Yueqi Duan']","['Tsinghua University', 'Department of Automation, Tsinghua University', 'Tsinghua University, Tsinghua University', None]",March 2023,China,1,1
Generalized UAV Object Detection via Frequency Domain Disentanglement,"['Kunyu Wang', 'Xueyang Fu', 'Yukun Huang', 'Chengzhi Cao', 'Gege Shi', 'Zheng-Jun Zha']","['University of Science and Technology of China', 'University of Science and Technology of China', 'University of Science and Technology of China', 'University of Science and Technology of China', 'University of Science and Technology of China', 'University of Science and Technology of China']",Not Found,China,,
Text With Knowledge Graph Augmented Transformer for Video Captioning,"['Xin Gu', 'Guang Chen', 'Yufei Wang', 'Libo Zhang', 'Tiejian Luo', 'Longyin Wen']","[None, 'ByteDance Inc.', 'Bytedance', 'Institute of Software Chinese Academy of Sciences', 'University of the Chinese Academy of Sciences', 'Bytedance Inc.']","22 March, 2023",China,,
StyleAdv: Meta Style Adversarial Training for Cross-Domain Few-Shot Learning,"['Yuqian Fu', 'Yu Xie', 'Yanwei Fu', 'Yu-Gang Jiang']","['Fudan University', 'Fudan University', None, 'Fudan University']","18 February, 2023",China,16,16
FlowFormer++: Masked Cost Volume Autoencoding for Pretraining Optical Flow Estimation,"['Xiaoyu Shi', 'Zhaoyang Huang', 'Dasong Li', 'Manyuan Zhang', 'Ka Chun Cheung', 'Simon See', 'Hongwei Qin', 'Jifeng Dai', 'Hongsheng Li']","['The Chinese University of Hong Kong', 'The Chinese University of Hong Kong', 'The Chinese University of Hong Kong', 'Chinese University of Hong Kong', 'NVIDIA', 'NVIDIA', 'SenseTime Co.', 'Tsinghua University, Tsinghua University', 'The Chinese University of Hong Kong']",March 2023,Hong Kong; United States; China,26,26
Physically Adversarial Infrared Patches With Learnable Shapes and Locations,"['Xingxing Wei', 'Jie Yu', 'Yao Huang']","[None, 'Beihang University', 'Beihang University']",March 2023,China,49,49
Multi-Level Logit Distillation,"['Ying Jin', 'Jiaqi Wang', 'Dahua Lin']","[None, 'Shanghai AI Laboratory', 'The Chinese University of Hong Kong']",Not Found,China; Hong Kong,,26
TriDet: Temporal Action Detection With Relative Boundary Modeling,"['Dingfeng Shi', 'Yujie Zhong', 'Qiong Cao', 'Lin Ma', 'Jia Li', 'Dacheng Tao']","[None, 'Meituan Inc.', 'JD Explore Academy', 'Meituan', 'Beihang University', None]","13 March, 2023",China,,49
Dimensionality-Varying Diffusion Process,"['Han Zhang', 'Ruili Feng', 'Zhantao Yang', 'Lianghua Huang', 'Yu Liu', 'Yifei Zhang', 'Yujun Shen', 'Deli Zhao', 'Jingren Zhou', 'Fan Cheng']","['Shanghai Jiaotong University', 'University of Science and Technology of China', None, 'Alibaba Group', 'Alibaba Group', 'Shanghai Jiao Tong University', 'The Chinese University of Hong Kong', 'Alibaba Group', 'Alibaba Group', 'Shanghai Jiao Tong University']",November 2022,China; Hong Kong,,5
Fast Contextual Scene Graph Generation With Unbiased Context Augmentation,"['Tianlei Jin', 'Fangtai Guo', 'Qiwei Meng', 'Shiqiang Zhu', 'Xiangming Xi', 'Wen Wang', 'Zonghao Mu', 'Wei Song']","[None, 'Zhejiang Lab', 'Zhejiang Lab', 'Zhejiangl Lab', 'Zhejiang Lab', 'Zhejiang Lab.', ""Northwestern Polytechnical University, Northwest Polytechnical University Xi'an"", 'Zhejiang Lab']",Not Found,China,,
Uni3D: A Unified Baseline for Multi-Dataset 3D Object Detection,"['Bo Zhang', 'Jiakang Yuan', 'Botian Shi', 'Tao Chen', 'Yikang Li', 'Yu Qiao']","['Shanghai AI Laboratory', 'Fudan University', 'Shanghai AI Lab', None, 'IDG Capital', 'Shanghai Aritifcal Intelligence Laboratory']","13 March, 2023",China,,
CapDet: Unifying Dense Captioning and Open-World Detection Pretraining,"['Yanxin Long', 'Youpeng Wen', 'Jianhua Han', 'Hang Xu', 'Pengzhen Ren', 'Wei Zhang', 'Shen Zhao', 'Xiaodan Liang']","['Sun Yat-sen University', 'Sun Yat-sen University', 'Huawei Technologies Ltd.', 'Huawei Noah‘s Ark Lab', 'SUN YAT-SEN UNIVERSITY', 'Huawei Technologies Ltd.', 'SUN YAT-SEN UNIVERSITY', 'Sun Yat-sen University']","4 March, 2023",China,29,29
PillarNeXt: Rethinking Network Designs for 3D Object Detection in LiDAR Point Clouds,"['Jinyu Li', 'Chenxu Luo', 'Xiaodong Yang']","['Beijing Institute of Technology', 'Qcraft', 'QCraft']",May 2023,China,126,
Conditional Text Image Generation With Diffusion Models,"['Yuanzhi Zhu', 'Zhaohai Li', 'Tianwei Wang', 'Mengchao He', 'Cong Yao']","['', 'Alibaba Group', 'Alibaba Group', 'Alibaba Group', 'Alibaba DAMO Academy']",August 2025,,,
Compacting Binary Neural Networks by Sparse Kernel Selection,"['Yikai Wang', 'Wenbing Huang', 'Yinpeng Dong', 'Fuchun Sun', 'Anbang Yao']","['Tsinghua University', 'Renmin University of China', 'Tsinghua University', 'Tsinghua University, Tsinghua University', 'Intel']",March 2023,China,1,
A General Regret Bound of Preconditioned Gradient Method for DNN Training,"['Hongwei Yong', 'Ying Sun', 'Lei Zhang']","['The Hong Kong Polytechnic University', 'The Hong Kong Polytechnic University', 'The Hong Kong Polytechnic University']",Not Found,Hong Kong,56,56
Open-Category Human-Object Interaction Pre-Training via Language Modeling Framework,"['Sipeng Zheng', 'Boshen Xu', 'Qin Jin']","['Renmin University of China', 'Renmin University of China', 'Renmin University of China']",Not Found,China,19,19
Detection Hub: Unifying Object Detection Datasets via Query Adaptation on Language Embedding,"['Lingchen Meng', 'Xiyang Dai', 'Yinpeng Chen', 'Pengchuan Zhang', 'Dongdong Chen', 'Mengchen Liu', 'Jianfeng Wang', 'Zuxuan Wu', 'Lu Yuan', 'Yu-Gang Jiang']","['Fudan University', 'Microsoft', 'Microsoft', 'Meta AI', 'Microsoft Research', 'Tsinghua University, Tsinghua University', 'Microsoft', 'Fudan University', 'Microsoft', 'Fudan University']","7 June, 2022",China; United States,16,16
Neural Video Compression With Diverse Contexts,"['Jiahao Li', 'Bin Li', 'Yan Lu']","[None, 'Microsoft', 'Microsoft Research Asia']","28 February, 2023",United States,,
Controllable Mesh Generation Through Sparse Latent Point Diffusion Models,"['Zhaoyang Lyu', 'Jinyi Wang', 'Yuwei An', 'Ya Zhang', 'Dahua Lin', 'Bo Dai']","['Shanghai AI Laboratory', 'Shanghai Jiaotong University', 'Shanghai AI Lab', 'Shanghai Jiao Tong University', 'The Chinese University of Hong Kong', 'Shanghai AI Laboratory']","14 March, 2023",China; Hong Kong,,
Balanced Energy Regularization Loss for Out-of-Distribution Detection,"['hyunjun choi', 'Hawook Jeong', 'Jin Young Choi']","['Seoul National University, ASRI', 'RideFlux Inc.', 'Seoul National University']",June 2023,South Korea,20,20
Private Image Generation With Dual-Purpose Auxiliary Classifier,"['Chen Chen', 'Daochang Liu', 'Siqi Ma', 'Surya Nepal', 'Chang Xu']","['University of Sydney', 'University of Sydney', 'University of New South Wales', ', CSIRO', 'University of Sydney']",Not Found,Australia,71,71
"Pixels, Regions, and Objects: Multiple Enhancement for Salient Object Detection","['Yi Wang', 'Ruili Wang', 'Xin Fan', 'Tianzhu Wang', 'Xiangjian He']","['Dalian University of Technology', 'Massey University', 'Dalian University of Technology', 'Jilin University', 'The University of Nottingham Ningbo China']",Not Found,China; New Zealand; United Kingdom,,292
AdaptiveMix: Improving GAN Training via Feature Space Shrinkage,"['Haozhe Liu', 'Wentian Zhang', 'Bing Li', 'Haoqian Wu', 'Nanjun He', 'Yawen Huang', 'Yuexiang Li', 'Bernard Ghanem', 'Yefeng Zheng']","['King Abdullah University of Science and Technology', 'Shenzhen University', 'King Abdullah University of Science and Technology', 'Tencent YouTu Lab', 'OPPO', 'Tencent', 'Tencent Jarvis Lab', 'KAUST', None]",Not Found,Saudi Arabia; China,,106
CiaoSR: Continuous Implicit Attention-in-Attention Network for Arbitrary-Scale Image Super-Resolution,"['Jiezhang Cao', 'Qin Wang', 'Yongqin Xian', 'Yawei Li', 'Bingbing Ni', 'Zhiming Pi', 'Kai Zhang', 'Yulun Zhang', 'Radu Timofte', 'Luc Van Gool']","['ETH Zürich', None, 'Google', 'ETH Zurich', 'Shanghai Jiao Tong University', 'Huawei Technologies Ltd.', None, 'ETH Zürich', 'University of Würzburg', 'ETH Zurich']","8 December, 2022",Switzerland; United States; China; Germany,,31
Black-Box Sparse Adversarial Attack via Multi-Objective Optimisation,"['Phoenix Neale Williams', 'Ke Li']","['University of Exeter', 'University of Exeter']",Not Found,United Kingdom,222,222
Bidirectional Cross-Modal Knowledge Exploration for Video Recognition With Pre-Trained Vision-Language Models,"['Wenhao Wu', 'Xiaohan Wang', 'Haipeng Luo', 'Jingdong Wang', 'Yi Yang', 'Wanli Ouyang']","['The University of Sydney', 'Zhejiang University', 'University of the Chinese Academy of Sciences', 'Baidu', 'Zhejiang University', 'University of Sydney']","31 December, 2022",Australia; China,71,71
Person Image Synthesis via Denoising Diffusion Model,"['Ankan Kumar Bhunia', 'Salman Khan', 'Hisham Cholakkal', 'Rao Muhammad Anwer', 'Jorma Laaksonen', 'Mubarak Shah', 'Fahad Shahbaz Khan']","['The University of Edinburgh', 'Mohamed bin Zayed University of Artificial Intelligence', 'MBZUAI', 'Mohamed bin Zayed University of Artificial Intelligence', 'Aalto University', 'University of Central Florida', 'Inception Institute of Artificial Intelligence']","22 November, 2022",United Kingdom; United Arab Emirates; Finland; United States,42,
Policy Adaptation From Foundation Model Feedback,"['Yuying Ge', 'Annabella Macaluso', 'Li Erran Li', 'Ping Luo', 'Xiaolong Wang']","['University of Hong Kong', 'University of California, San Diego', 'AWS AI, Amazon', 'The University of Hong Kong', 'UCSD']","14 December, 2022",Hong Kong; United States,26,
Augmentation Matters: A Simple-Yet-Effective Approach to Semi-Supervised Semantic Segmentation,"['Zhen Zhao', 'Lihe Yang', 'Sifan Long', 'Jimin Pi', 'Luping Zhou', 'Jingdong Wang']","['University of Sydney', None, 'Jilin University', 'Google Research', 'University of Sydney', 'Baidu']",December 2022,Australia; China; United States,71,
Neural Fields Meet Explicit Geometric Representations for Inverse Rendering of Urban Scenes,"['Zian Wang', 'Tianchang Shen', 'Jun Gao', 'Shengyu Huang', 'Jacob Munkberg', 'Jon Hasselgren', 'Zan Gojcic', 'Wenzheng Chen', 'Sanja Fidler']","['NVIDIA, University of Toronto', 'Department of Computer Science, University of Toronto', 'University of Toronto, NVIDIA', None, 'NVIDIA', 'NVIDIA', 'NVIDIA', 'University of Toronto', 'Department of Computer Science, University of Toronto']",April 2023,United States; Canada; Unknown,23,23
Masked Video Distillation: Rethinking Masked Feature Modeling for Self-Supervised Video Representation Learning,"['Rui Wang', 'Dongdong Chen', 'Zuxuan Wu', 'Yinpeng Chen', 'Xiyang Dai', 'Mengchen Liu', 'Lu Yuan', 'Yu-Gang Jiang']","['Fudan University', 'Microsoft Research', 'Fudan University', 'Microsoft', 'Microsoft', 'Tsinghua University, Tsinghua University', 'Microsoft', 'Fudan University']","8 December, 2022",China; United States,16,16
Learning Dynamic Style Kernels for Artistic Style Transfer,"['Wenju Xu', 'Chengjiang Long', 'Yongwei Nie']","['University of Kansas, Lawrence', 'Meta Reality Labs', 'South China University of Technology']","1 April, 2023",United States; China,358,486
Robust Unsupervised StyleGAN Image Restoration,"['Yohan Poirier-Ginter', 'Jean-François Lalonde']","['INRIA', 'Université Laval']","13 February, 2023",France; Canada,160,244
Localized Semantic Feature Mixers for Efficient Pedestrian Detection in Autonomous Driving,"['Abdul Hannan Khan', 'Mohammed Shariq Nawaz', 'Andreas Dengel']","['German Research Center for AI', 'Universität Kaiserslautern', 'Universität Kaiserslautern']",Not Found,,,
Conflict-Based Cross-View Consistency for Semi-Supervised Semantic Segmentation,"['Zicheng Wang', 'Zhen Zhao', 'Xiaoxia Xing', 'Dong Xu', 'Xiangyu Kong', 'Luping Zhou']","['University of Sydney, University of Sydney', 'University of Sydney', 'University of the Chinese Academy of Sciences', 'University of Hong Kong', 'Samsung Research China - Beijing (SRC-B)', 'University of Sydney']","2 March, 2023",Australia; China; Hong Kong,71,71
Learning To Detect Mirrors From Videos via Dual Correspondences,"['Jiaying Lin', 'Xin Tan', 'Rynson W.H. Lau']","['City University of Hong Kong', 'East China Normal University', 'City University of Hong Kong']",Not Found,Hong Kong; China,46,46
Cross-Domain Image Captioning With Discriminative Finetuning,"['Roberto Dessì', 'Michele Bevilacqua', 'Eleonora Gualdoni', 'Nathanaël Carraz Rakotonirina', 'Francesca Franzon', 'Marco Baroni']","['Facebook', 'Samaya AI', 'Universitat Pompeu Fabra', 'Universitat Pompeu Fabra', 'Universitat Pompeu Fabra', 'Universitat Pompeu Fabra']",April 2023,United States,,
SfM-TTR: Using Structure From Motion for Test-Time Refinement of Single-View Depth Networks,"['Sergio Izquierdo', 'Javier Civera']","[None, None]","24 November, 2022",,,
TINC: Tree-Structured Implicit Neural Compression,['Runzhao Yang'],"['Department of Automation, Tsinghua University']","12 November, 2022",China,1,1
Lite-Mono: A Lightweight CNN and Transformer Architecture for Self-Supervised Monocular Depth Estimation,"['Ning Zhang', 'Francesco Nex', 'George Vosselman', 'Norman Kerle']","[None, 'University of Twente', 'University of Twente', 'University of Twente']","23 November, 2022",Netherlands,292,292
Language in a Bottle: Language Model Guided Concept Bottlenecks for Interpretable Image Classification,"['Yue Yang', 'Artemis Panagopoulou', 'Shenghao Zhou', 'Daniel Jin', 'Chris Callison-Burch', 'Mark Yatskar']","['University of Pennsylvania', 'University of Pennsylvania', 'University of Pennsylvania', 'University of Pennsylvania', 'University of Pennsylvania', 'Department of Computer and Information Science, School of Engineering and Applied Science']","20 November, 2022",United States,61,
TBP-Former: Learning Temporal Bird’s-Eye-View Pyramid for Joint Perception and Prediction in Vision-Centric Autonomous Driving,"['Shaoheng Fang', 'Zi Wang', 'Yiqi Zhong', 'Junhao Ge', 'Siheng Chen']","[None, 'Shanghai Jiaotong University', 'University of Southern California', 'Shanghai Jiaotong University', 'Shanghai Jiao Tong University']","17 March, 2023",China; United States,,5
MAP: Multimodal Uncertainty-Aware Vision-Language Pre-Training Model,"['Yatai Ji', 'Junjie Wang', 'Yuan Gong', 'Lin Zhang', 'Yanru Zhu', 'Hongfa Wang', 'Jiaxing Zhang', 'Tetsuya Sakai', 'Yujiu Yang']","[None, 'Waseda University', 'Tsinghua University', 'International Digital Economy Academy', 'Tsinghua University', 'Chinese Academy of Sciences', 'IDEA', 'NAVER', 'Tsinghua University']","11 October, 2022",Japan; China,358,1
A Hierarchical Representation Network for Accurate and Detailed Face Reconstruction From In-the-Wild Images,"['Biwen Lei', 'Jianqiang Ren', 'Mengyang Feng', 'Miaomiao Cui', 'Xuansong Xie']","['Alibaba Group', 'Alibaba Group', 'Alibaba Group', 'Alibaba Group', 'Alibaba Group']","28 February, 2023",,,
HS-Pose: Hybrid Scope Feature Extraction for Category-Level Object Pose Estimation,"['Linfang Zheng', 'Chen Wang', 'Yinghan Sun', 'Esha Dasgupta', 'Hua Chen', 'Aleš Leonardis', 'Wei Zhang', 'Hyung Jin Chang']","['University of Birmingham', 'Department of computer science, the University of Hong Kong', 'Southern University of Science and Technology', 'University of Birmingham', 'Southern University of Science and Technology', 'University of Birmingham', 'Southern University of Science and Technology of China', '']",March 2023,United Kingdom; Unknown; Hong Kong; China,200,
PAniC-3D: Stylized Single-View 3D Reconstruction From Portraits of Anime Characters,"['Shuhong Chen', 'Kevin Zhang', 'Yichun Shi', 'Heng Wang', 'Yiheng Zhu', 'Guoxian Song', 'Sizhe An', 'Janus Kristjansson', 'Xiao Yang', 'Matthias Zwicker']","['University of Maryland - College Park', 'University of Maryland, College Park', 'ByteDance', 'Bytedance', 'ByteDance', 'Bytedance Inc', 'University of Wisconsin-Madison', 'University of Maryland, College Park', 'Bytedance', 'University of Maryland, College Park']",March 2023,United States; China,15,15
SGLoc: Scene Geometry Encoding for Outdoor LiDAR Localization,"['Wen Li', 'Shangshu Yu', 'Cheng Wang', 'Guosheng Hu', 'Siqi Shen', 'Chenglu Wen']","['schoold of informatics xiamen university', 'Xiamen University', 'Xiamen University', 'Oosto', 'Xiamen University', 'Xiamen University']",Not Found,China,56,56
SuperDisco: Super-Class Discovery Improves Visual Recognition for the Long-Tail,"['Yingjun Du', 'Jiayi Shen', 'Xiantong Zhen', 'Cees G. M. Snoek']","['University of Amsterdam', 'University of Amsterdam', 'University of Amsterdam', 'University of Amsterdam']","31 March, 2023",Netherlands,66,66
Resource-Efficient RGBD Aerial Tracking,"['Jinyu Yang', 'Shang Gao', 'Zhe Li', 'Feng Zheng', 'Aleš Leonardis']","['University of Birmingham', 'Southern University of Science and Technology', 'Southern University of Science and Technology', 'Southern University of Science and Technology', 'University of Birmingham']",Not Found,United Kingdom; China,200,200
Density-Insensitive Unsupervised Domain Adaption on 3D Object Detection,"['Qianjiang Hu', 'Daizong Liu', 'Wei Hu']","['Peking University', 'Peking University', None]",April 2023,China,3,3
Neural Transformation Fields for Arbitrary-Styled Font Generation,"['Bin Fu', 'Junjun He', 'Jianjun Wang', 'Yu Qiao']","[None, 'Shenzhen Institutes of Advanced Technology, Chinese Academy of Sciences, Chinese Academy of Sciences', 'University of the Chinese Academy of Sciences', 'Shanghai Aritifcal Intelligence Laboratory']",Not Found,China,12,
Physics-Driven Diffusion Models for Impact Sound Synthesis From Videos,"['Kun Su', 'Kaizhi Qian', 'Eli Shlizerman', 'Antonio Torralba', 'Chuang Gan']","['University of Washington, Seattle', 'MIT-IBM Watson AI Lab', 'University of Washington, University of Washington', 'MIT', 'MIT-IBM Watson AI Lab']","29 March, 2023",United States,22,
Ham2Pose: Animating Sign Language Notation Into Pose Sequences,"['Rotem Shalev Arkushin', 'Amit Moryossef', 'Ohad Fried']","['Reichman University', 'Bar-Ilan University', 'Reichman University']","24 November, 2022",Israel,,
Towards Modality-Agnostic Person Re-Identification With Descriptive Query,"['Cuiqun Chen', 'Mang Ye', 'Ding Jiang']","[None, 'Wuhan University', 'Wuhan University']",Not Found,China,31,31
Backdoor Attacks Against Deep Image Compression via Adaptive Frequency Trigger,"['Yi Yu', 'Yufei Wang', 'Wenhan Yang', 'Shijian Lu', 'Yap-peng Tan', 'Alex C. Kot']","['Nanyang Technological University, Singapore', 'Nanyang Technological University', 'Peng Cheng Lab', 'Nanyang Technological University', 'Nanyang Technological University', 'Nanyang Technological University']",February 2023,Singapore,8,8
Master: Meta Style Transformer for Controllable Zero-Shot and Few-Shot Artistic Style Transfer,"['Hao Tang', 'Songhua Liu', 'Tianwei Lin', 'Shaoli Huang', 'Fu Li', 'Dongliang He', 'Xinchao Wang']","['Peking University', None, 'Horizon Robotics', 'Tencent AI Lab', 'Dalian University of Technology', 'ByteDance Inc. ', 'National University of Singapore']",April 2023,China; Singapore,3,12
Hard Sample Matters a Lot in Zero-Shot Quantization,"['Huantong Li', 'Xiangmiao Wu', 'Fanbing Lv', 'Daihai Liao', 'Thomas H. Li', 'Yonggang Zhang', 'Bo Han', 'Mingkui Tan']","[None, 'South China University of Technology', 'Guizhou Minzu University', 'Central South University', 'AIIT, Peking University', 'Hong Kong Baptist University', 'HKBU', 'South China University of Technology']",March 2023,China; Hong Kong,486,486
Constructing Deep Spiking Neural Networks From Artificial Neural Networks With Knowledge Distillation,"['Qi Xu', 'Yaxin Li', 'Jiangrong Shen', 'Jian K. Liu', 'Huajin Tang', 'Gang Pan']","['Dalian University of Technology', 'Dalian University of Technology', 'Zhejiang University', 'University of Leeds', 'Zhejiang University', 'Zhejiang University']","12 April, 2023",China; United Kingdom,,2
Class Attention Transfer Based Knowledge Distillation,"['Ziyao Guo', 'Haonan Yan', 'Hui Li', 'Xiaodong Lin']","[None, 'Xidian University', 'xidian university', 'University of Guelph']",April 2023,China; Canada,114,358
Global and Local Mixture Consistency Cumulative Learning for Long-Tailed Visual Recognitions,"['Fei Du', 'Peng Yang', 'Qi Jia', 'Fengtao Nan', 'Xiaoting Chen', 'Yun Yang']","['Yunnan University', None, 'Yunnan University', 'Yunnan University', 'Yunnan University', 'Yunnan University']",May 2023,,,
Egocentric Video Task Translation,"['Zihui Xue', 'Yale Song', 'Kristen Grauman', 'Lorenzo Torresani']","[None, 'Meta AI', 'University of Texas at Austin', 'Facebook']",February 2023,United States,,
3D Highlighter: Localizing Regions on 3D Shapes via Text Descriptions,"['Dale Decatur', 'Itai Lang', 'Rana Hanocka']","['University of Chicago', 'University of Chicago & Tel Aviv University', 'University of Chicago']",December 2022,United States,88,88
High Fidelity 3D Hand Shape Reconstruction via Scalable Graph Frequency Decomposition,"['Tianyu Luan', 'Yuanhao Zhai', 'Jingjing Meng', 'Zhong Li', 'Zhang Chen', 'Yi Xu', 'Junsong Yuan']","['State University of New York at Buffalo', 'State University of New York at Buffalo', 'Amazon', 'InnoPeak Technology', 'OPPO US Research Center, InnoPeak Technology, Inc.', 'OPPO US Research Center', 'State University of New York at Buffalo']",July 2023,United States,,
"Look, Radiate, and Learn: Self-Supervised Localisation via Radio-Visual Correspondence","['Mohammed Alloulah', 'Maximilian Arnold']","['Nokia Bell Labs', 'Bell Labs']","13 June, 2022",,,
Instance Relation Graph Guided Source-Free Domain Adaptive Object Detection,"['Vibashan VS', 'Poojan Oza', 'Vishal M. Patel']","['Johns Hopkins University', 'Amazon', 'Johns Hopkins University']","29 March, 2022",United States,42,42
Dynamic Conceptional Contrastive Learning for Generalized Category Discovery,"['Nan Pu', 'Zhun Zhong', 'Nicu Sebe']","['University of Trento', 'University of Trento', 'University of Trento']",March 2023,Italy,185,185
Local 3D Editing via 3D Distillation of CLIP Knowledge,"['Junha Hyung', 'Sungwon Hwang', 'Daejin Kim', 'Hyunji Lee', 'Jaegul Choo']","['Korea Advanced Institute of Science & Technology', 'Graduate School of Artificial Intelligence, Korea Advanced Institute of Science and Technology', 'Scatter Lab', 'Korea Advanced Institute of Science & Technology', 'Korea Advanced Institute of Science and Technology']",June 2023,South Korea,,
EvShutter: Transforming Events for Unconstrained Rolling Shutter Correction,"['Julius Erbach', 'Stepan Tulyakov', 'Patricia Vitoria', 'Alfredo Bochicchio', 'Yuanyou Li']","['Huawei Technologies Ltd.', 'Huawei Zurich Research Center', 'Huawei Technologies Ltd. Zurich', 'Huawei Technologies Ltd.', 'Huawei Technologies Ltd.']",Not Found,China,,
Learning Personalized High Quality Volumetric Head Avatars From Monocular RGB Videos,"['Ziqian Bai', 'Feitong Tan', 'Zeng Huang', 'Kripasindhu Sarkar', 'Danhang Tang', 'Di Qiu', 'Abhimitra Meka', 'Ruofei Du', 'Mingsong Dou', 'Sergio Orts-Escolano', 'Rohit Pandey', 'Ping Tan', 'Thabo Beeler', 'Sean Fanello', 'Yinda Zhang']","['Simon Fraser University & Google', 'Google', 'University of Southern California', 'Google', 'Google Inc.', 'Google', 'Google', 'Google', 'Google', 'Google', 'Google', 'Alibaba DAMO academy', 'Google', 'Google', 'Google']",April 2023,Canada; United States,106,
"HGNet: Learning Hierarchical Geometry From Points, Edges, and Surfaces","['Ting Yao', 'Yehao Li', 'Yingwei Pan', 'Tao Mei']","['JD AI Research', 'JD AI Research', None, 'JD Explore Academy']",Not Found,,,
DINER: Depth-Aware Image-Based NEural Radiance Fields,"['Malte Prinzler', 'Otmar Hilliges', 'Justus Thies']","['Max Planck Institute for Intelligent Systems Tübingen', None, 'Max-Planck Institute for Intelligent Systems']","29 November, 2022",Germany,,
A New Comprehensive Benchmark for Semi-Supervised Video Anomaly Detection and Anticipation,"['Congqi Cao', 'Yue Lu', 'Peng Wang', 'Yanning Zhang']","[None, None, 'Northwestern Polytechnical University', 'Northwestern Polytechnical University']",May 2023,China,,
Multi-Modal Representation Learning With Text-Driven Soft Masks,"['Jaeyoo Park', 'Bohyung Han']","['Seoul National University', 'Seoul National University']",April 2023,South Korea,20,20
Visual Exemplar Driven Task-Prompting for Unified Perception in Autonomous Driving,"['Xiwen Liang', 'Minzhe Niu', 'Jianhua Han', 'Hang Xu', 'Chunjing Xu', 'Xiaodan Liang']","['Sun Yat-sen University', 'Huawei Technologies Ltd.', 'Huawei Technologies Ltd.', 'Huawei Noah‘s Ark Lab', 'The Chinese University of Hong Kong', 'Sun Yat-sen University']",March 2023,China; Hong Kong,29,29
Linking Garment With Person via Semantically Associated Landmarks for Virtual Try-On,"['Keyu Yan', 'Tingwei Gao', 'Hui Zhang', 'Chengjun Xie']","['University of Science and Technology of China', 'Alibaba Group', 'University of Science and Technology of China', 'University of Science and Technology of China']",Not Found,China,,
2PCNet: Two-Phase Consistency Training for Day-to-Night Unsupervised Domain Adaptive Object Detection,"['Mikhail Kennerley', 'Jian-Gang Wang', 'Bharadwaj Veeravalli', 'Robby T. Tan']","['National University of Singapore', 'A*STAR', 'NUS', 'National University of Singapore']",March 2023,Singapore,12,12
Discriminating Known From Unknown Objects via Structure-Enhanced Recurrent Variational AutoEncoder,"['Aming Wu', 'Cheng Deng']","['Xidian University', 'Xidian University']",Not Found,China,114,114
Generative Diffusion Prior for Unified Image Restoration and Enhancement,"['Ben Fei', 'Zhaoyang Lyu', 'Liang Pan', 'Junzhe Zhang', 'Weidong Yang', 'Tianyue Luo', 'Bo Zhang', 'Bo Dai']","['Fudan university', 'Shanghai AI Laboratory', 'Nanyang Technological University', 'Nanyang Technological University', '', 'Fudan University', 'Shanghai AI Laboratory', 'Shanghai AI Laboratory']",April 2023,China; Singapore,16,
OmniAL: A Unified CNN Framework for Unsupervised Anomaly Localization,['Ying Zhao'],"['Ricoh Software Research Center (Beijing) Co., Ltd.']",Not Found,,,
Revisiting the Stack-Based Inverse Tone Mapping,"['Ning Zhang', 'Yuyao Ye', 'Yang Zhao', 'Ronggang Wang']","[None, 'Peking University', 'Hefei University of Technology', 'Peking University Shenzhen Graduate School']",Not Found,China,3,3
Towards Realistic Long-Tailed Semi-Supervised Learning: Consistency Is All You Need,"['Tong Wei', 'Kai Gan']","[None, 'Southeast university']",Not Found,China,38,38
Lift3D: Synthesize 3D Training Data by Lifting 2D GAN to 3D Generative Radiance Field,"['Leheng Li', 'Qing Lian', 'Luozhou Wang', 'Ningning Ma', 'Ying-Cong Chen']","['HKUSTGZ', 'The Hong Kong University of Science and Technology', 'Hong Kong University of Science and Technology (GUANGZHOU)', 'NIO', 'The Hong Kong University of Science and Technology']",April 2023,Hong Kong; China; United States,10,
AeDet: Azimuth-Invariant Multi-View 3D Object Detection,"['Chengjian Feng', 'Zequn Jie', 'Yujie Zhong', 'Xiangxiang Chu', 'Lin Ma']","['Meituan Inc.', 'Meituan', 'Meituan Inc.', 'MeiTuan', 'Meituan']","22 November, 2022",,,
HyperMatch: Noise-Tolerant Semi-Supervised Learning via Relaxed Contrastive Constraint,"['Beitong Zhou', 'Jing Lu', 'Kerui Liu', 'Yunlu Xu', 'Zhanzhan Cheng', 'Yi Niu']","['Huazhong University of Science and Technology', 'Hikvision Research Institute', 'Hikvision Research Institute', 'Shanghai Jiao Tong University', 'Hikvision Research Institute', 'Hikvision Research Institute']",Not Found,China,,
Feature Alignment and Uniformity for Test Time Adaptation,"['Shuai Wang', 'Daoan Zhang', 'Zipei Yan', 'Jianguo Zhang', 'Rui Li']","['Tsinghua University, Tsinghua University', 'southern university of science and technology', 'The Hong Kong Polytechnic University', 'Southern University of Science and Technology of China', 'Tsinghua University, Tsinghua University']","20 March, 2023",China; Hong Kong,1,1
Unifying Layout Generation With a Decoupled Diffusion Model,"['Mude Hui', 'Zhizheng Zhang', 'Xiaoyi Zhang', 'Wenxuan Xie', 'Yuwang Wang', 'Yan Lu']","[""Xi'an Jiaotong University"", 'Microsoft Research', 'Research, Microsoft', 'Microsoft Research Asia', 'Tsinghua University, Tsinghua University', 'Microsoft Research Asia']",March 2023,China; United States; Qatar,66,
Good Is Bad: Causality Inspired Cloth-Debiasing for Cloth-Changing Person Re-Identification,"['Zhengwei Yang', 'Meng Lin', 'Xian Zhong', 'Yu Wu', 'Zheng Wang']","['Wuhan University', 'Wuhan University', 'Wuhan University of Technology', 'Wuhan University', 'Wuhan University']",Not Found,China,31,31
ViLEM: Visual-Language Error Modeling for Image-Text Retrieval,"['Yuxin Chen', 'Zongyang Ma', 'Ziqi Zhang', 'Zhongang Qi', 'Chunfeng Yuan', 'Ying Shan', 'Bing Li', 'Weiming Hu', 'Xiaohu Qie', 'Jianping Wu']","[None, 'Institute of automation, Chinese academy of science, Chinese Academy of Sciences', None, 'Tencent PCG ARC Lab', ', Institute of automation, Chinese academy of science', 'Tencent', 'Institute of automation, Chinese academy of science, Chinese Academy of Sciences', 'Institute of automation, Chinese academy of science', 'Tencent', 'Tsinghua University']",Not Found,China,12,1
Semi-Supervised 2D Human Pose Estimation Driven by Position Inconsistency Pseudo Label Correction Module,"['Linzhi Huang', 'Yulong Li', 'Hongbo Tian', 'Yue Yang', 'Xiangang Li', 'Weihong Deng', 'Jieping Ye']","['Beijing University of Posts and Telecommunications', 'City University of Hong Kong', 'Beijing University of Posts and Telecommunications', 'Beike', None, 'Beijing University of Post and Telecommunication', 'Alibaba Group']",March 2023,Hong Kong,,
Multiplicative Fourier Level of Detail,"['Yishun Dou', 'Zhong Zheng', 'Qiaoqiao Jin', 'Bingbing Ni']","['Huawei', 'huawei.com', 'Shanghai Jiao Tong University', 'Shanghai Jiao Tong University']",Not Found,China,,5
Temporal Attention Unit: Towards Efficient Spatiotemporal Predictive Learning,"['Cheng Tan', 'Zhangyang Gao', 'Lirong Wu', 'Yongjie Xu', 'Jun Xia', 'Siyuan Li', 'Stan Z. Li']","[None, 'Westlake University, China', 'Westlake University', 'Westlake University', 'Westlake University, China', 'Westlake University, Zhejiang University', 'Westlake University']","24 June, 2022",China,46,46
"Run, Don’t Walk: Chasing Higher FLOPS for Faster Neural Networks","['Jierun Chen', 'Shiu-hong Kao', 'Hao He', 'Weipeng Zhuo', 'Song Wen', 'Chul-Ho Lee', 'S.-H. Gary Chan']","[None, 'Hong Kong University of Science and Technology', 'Hong Kong University of Science and Technology', 'Department of Computer Science and Engineering, Hong Kong University of Science and Technology', 'Rutgers University', 'Texas State University', 'The Hong Kong University of Science and Technology']",Not Found,Hong Kong; United States,,
Open-Set Fine-Grained Retrieval via Prompting Vision-Language Evaluator,"['Shijie Wang', 'Jianlong Chang', 'Haojie Li', 'Zhihui Wang', 'Wanli Ouyang', 'Qi Tian']","['Dalian University of Techonolgy', 'Huawei Technologies Ltd.', 'Dalian University of Technology', 'Dalian University of Technology', 'University of Sydney', 'Huawei Technologies Ltd.']",Not Found,China; Australia,,
SteerNeRF: Accelerating NeRF Rendering via Smooth Viewpoint Trajectory,"['Sicheng Li', 'Hao Li', 'Yue Wang', 'Yiyi Liao', 'Lu Yu']","['Zhejiang University', 'Zhejiang University', 'Zhejiang University', 'Zhejiang University', 'Zhejiang University']",December 2022,China,2,2
Collaborative Noisy Label Cleaner: Learning Scene-Aware Trailers for Multi-Modal Highlight Detection in Movies,"['Bei Gan', 'Xiujun Shu', 'Ruizhi Qiao', 'Haoqian Wu', 'Keyu Chen', 'Hanjun Li', 'Bo Ren']","['Tencent YouTu Lab', 'Tencent Toutu Lab', 'Tencent Youtu Lab', 'Tencent YouTu Lab', 'Tencent Youtu Lab', '', 'Tencent Youtu Lab']",March 2023,China,,
FreeNeRF: Improving Few-Shot Neural Rendering With Free Frequency Regularization,"['Jiawei Yang', 'Marco Pavone', 'Yue Wang']","['University of California, Los Angeles', 'NVIDIA', 'Massachusetts Institute of Technology']",March 2023,United States,35,27
MM-Diffusion: Learning Multi-Modal Diffusion Models for Joint Audio and Video Generation,"['Ludan Ruan', 'Yiyang Ma', 'Huan Yang', 'Huiguo He', 'Bei Liu', 'Jianlong Fu', 'Nicholas Jing Yuan', 'Qin Jin', 'Baining Guo']","['Renmin University of China', 'Peking University', 'Microsoft', None, 'Microsoft Research Asia', 'Microsoft', 'Microsoft', 'Renmin University of China', 'Microsoft Research']","19 December, 2022",China; United States,19,
Hyperbolic Contrastive Learning for Visual Representations Beyond Objects,"['Songwei Ge', 'Shlok Mishra', 'Simon Kornblith', 'Chun-Liang Li', 'David Jacobs']","['University of Maryland, College Park', None, 'Google', 'Google', 'University of Maryland - College Park']",December 2022,United States,15,15
MotionTrack: Learning Robust Short-Term and Long-Term Motions for Multi-Object Tracking,"['Zheng Qin', 'Sanping Zhou', 'Le Wang', 'Jinghai Duan', 'Gang Hua', 'Wei Tang']","['', ""Xi'an Jiaotong University"", ""Xi'an Jiaotong University"", ""Xi'an Jiaotong University"", 'Wormpex AI Research', 'University of Illinois, Chicago']","18 March, 2023",China; United States,66,
CLIP Is Also an Efficient Segmenter: A Text-Driven Approach for Weakly Supervised Semantic Segmentation,"['Yuqi Lin', 'Minghao Chen', 'Wenxiao Wang', 'Boxi Wu', 'Ke Li', 'Binbin Lin', 'Haifeng Liu', 'Xiaofei He']","['Zhejiang university', 'Zhejiang University', 'Zhejiang University', 'Zhejiang University', 'Fullong Tech.', 'Zhejiang University', 'Zhejiang University', 'Zhejiang University']","16 December, 2022",China,2,2
B-Spline Texture Coefficients Estimator for Screen Content Image Super-Resolution,"['Byeonghyun Pak', 'Jaewon Lee', 'Kyong Hwan Jin']","['Daegu Gyeongbuk Institute of Science and Technology', 'Daegu Gyeongbuk Institute of Science and Technology', 'DGIST']",Not Found,South Korea,,244
Multimodal Industrial Anomaly Detection via Hybrid Fusion,"['Yue Wang', 'Jinlong Peng', 'Jiangning Zhang', 'Ran Yi', 'Yabiao Wang', 'Chengjie Wang']","[None, 'Tencent Youtu Lab', 'Tencent Youtu Lab', 'Shanghai Jiao Tong University', 'Tencent Youtu Lab', 'Shanghai Jiao Tong University']","1 March, 2023",China,,5
GD-MAE: Generative Decoder for MAE Pre-Training on LiDAR Point Clouds,"['Honghui Yang', 'Tong He', 'Jiaheng Liu', 'Hua Chen', 'Boxi Wu', 'Binbin Lin', 'Xiaofei He', 'Wanli Ouyang']","[None, 'Shanghai AI Lab', 'Beihang University', 'COMAC Beijing Aircraft Technology Research Institute', 'Zhejiang University', 'Zhejiang University', 'Zhejiang University', 'University of Sydney']","6 December, 2022",China; Australia,,71
Exploring Motion Ambiguity and Alignment for High-Quality Video Frame Interpolation,"['Kun Zhou', 'Wenbo Li', 'Xiaoguang Han', 'Jiangbo Lu']","['The Chinese University of Hong Kong (Shenzhen）', 'The Chinese University of Hong Kong', 'The Chinese University of Hong Kong, Shenzhen', 'SmartMore Corporation']",March 2022,China; Hong Kong,26,
RONO: Robust Discriminative Learning With Noisy Labels for 2D-3D Cross-Modal Retrieval,"['Yanglin Feng', 'Hongyuan Zhu', 'Dezhong Peng', 'Xi Peng', 'Peng Hu']","['Sichuan University', 'Institute for Infocomm Research', 'Sichuan University', 'Sichuan University', 'Sichuan University']",Not Found,China,126,126
ANetQA: A Large-Scale Benchmark for Fine-Grained Compositional Reasoning Over Untrimmed Videos,"['Zhou Yu', 'Lixiang Zheng', 'Zhou Zhao', 'Fei Wu', 'Jianping Fan', 'Kui Ren', 'Jun Yu']","['Hangzhou Dianzi University', 'Hangzhou Dianzi University', 'Zhejiang University, Tsinghua University', 'Zhejiang University', 'AI Lab at Lenovo Research', 'Zhejiang University', 'Hangzhou Dianzi University']",May 2023,China,,
Parts2Words: Learning Joint Embedding of Point Clouds and Texts by Bidirectional Matching Between Parts and Words,"['Chuan Tang', 'Xi Yang', 'Bojian Wu', 'Zhizhong Han', 'Yi Chang']","['Jilin University', 'Jilin University', 'Zhejiang University', 'Wayne State University', 'Jilin University, China, Tsinghua University']","5 July, 2021",China; United States,114,1
Efficient Second-Order Plane Adjustment,['Lipu Zhou'],['Meituan'],November 2022,,,
Deep Hashing With Minimal-Distance-Separated Hash Centers,"['Liangdao Wang', 'Yan Pan', 'Cong Liu', 'Hanjiang Lai', 'Jian Yin', 'Ye Liu']","['SUN YAT-SEN UNIVERSITY', 'SUN YAT-SEN UNIVERSITY', 'Sun Yat-sen University', 'SUN YAT-SEN UNIVERSITY', '', 'SUN YAT-SEN UNIVERSITY']",Not Found,China,29,29
RefCLIP: A Universal Teacher for Weakly Supervised Referring Expression Comprehension,"['Lei Jin', 'Gen Luo', 'Yiyi Zhou', 'Xiaoshuai Sun', 'Guannan Jiang', 'Annan Shu', 'Rongrong Ji']","['Xiamen University', 'Xiamen University', 'Xiamen University', 'Xiamen University', 'Contemporary Amperex Technology Co., Limited', 'Contemporary Amperex Technology Co., Limited', 'Xiamen University']",Not Found,China,56,56
Adaptive Assignment for Geometry Aware Local Feature Matching,"['Dihe Huang', 'Ying Chen', 'Yong Liu', 'Jianlin Liu', 'Shang Xu', 'Wenlong Wu', 'Yikang Ding', 'Fan Tang', 'Chengjie Wang']","['Tsinghua Shenzhen International Graduate School, Tsinghua University', None, 'Tencent Youtu Lab', 'Tencent Youtu Lab', 'Tencent YouTu Lab', 'Tencent YouTu Lab', None, 'Institute of Computing Technology, CAS', 'Shanghai Jiao Tong University']","18 July, 2022",China; United States,1,5
ConZIC: Controllable Zero-Shot Image Captioning by Sampling-Based Polishing,"['Zequn Zeng', 'Hao Zhang', 'Ruiying Lu', 'Dongsheng Wang', 'Bo Chen', 'Zhengjue Wang']","[None, ""Xidian University, Xi'an, China"", 'Xidian University', 'Xidian University', 'Xidian University', 'Xidian University']","4 March, 2023",China,114,114
Curricular Object Manipulation in LiDAR-Based Object Detection,"['Ziyue Zhu', 'Qiang Meng', 'Xiao Wang', 'Ke Wang', 'Liujiang Yan', 'Jian Yang']","['Nankai University', 'DiDi Chuxing', 'Didi Research', 'Didi Research', 'DiDi', 'Nankai University']",April 2023,China,88,88
Fully Self-Supervised Depth Estimation From Defocus Clue,"['Haozhe Si', 'Bin Zhao', 'Dong Wang', 'Yunpeng Gao', 'Mulin Chen', 'Zhigang Wang', 'Xuelong Li']","['Shanghai AI Laboratory', ""Northwest Polytechnical University Xi'an"", 'Shanghai AI Laboratory', ""Northwest Polytechnical University Xi'an"", ""Northwest Polytechnical University Xi'an"", 'Shanghai AI  Lab', 'Northwestern Polytechnical University']","19 March, 2023",China,,
Post-Training Quantization on Diffusion Models,"['Yuzhang Shang', 'Zhihang Yuan', 'Bin Xie', 'Bingzhe Wu', 'Yan Yan']","['Illinois Institute of Technology', 'Houmo AI', 'illinois institute of technology', 'Peking University', 'Illinois Institute of Technology']",October 2025,United States; China,292,292
Rebalancing Batch Normalization for Exemplar-Based Class-Incremental Learning,"['Sungmin Cha', 'Sungjun Cho', 'Dasol Hwang', 'Sunwon Hong', 'Moontae Lee', 'Taesup Moon']","['Seoul National University', 'LG AI Research', 'LG AI Research', 'DeepBrain AI', 'University of Illinois, Chicago', 'Seoul National University']","29 January, 2022",South Korea; United States,20,20
Latent-NeRF for Shape-Guided Generation of 3D Shapes and Textures,"['Gal Metzer', 'Elad Richardson', 'Or Patashnik', 'Raja Giryes', 'Daniel Cohen-Or']","[None, None, 'Tel Aviv University', 'Tel Aviv University', 'Google']",November 2022,Israel; United States,71,
HGFormer: Hierarchical Grouping Transformer for Domain Generalized Semantic Segmentation,"['Jian Ding', 'Nan Xue', 'Gui-Song Xia', 'Bernt Schiele', 'Dengxin Dai']","[None, None, 'Wuhan University', 'Max Planck Institute for Informatics', '']",May 2023,China; Germany,31,
Improving Robust Generalization by Direct PAC-Bayesian Bound Minimization,"['Zifan Wang', 'Nan Ding', 'Tomer Levinboim', 'Xi Chen', 'Radu Soricut']","['Carnegie Mellon University', None, 'Google', 'Google', 'Google']",November 2022,United States,3,
AssemblyHands: Towards Egocentric Activity Understanding via 3D Hand Pose Estimation,"['Takehiko Ohkawa', 'Kun He', 'Fadime Sener', 'Tomas Hodan', 'Luan Tran', 'Cem Keskin']","['The University of Tokyo', 'Meta Reality Labs', '', 'Meta', 'Michigan State University', 'Facebook']",April 2023,Japan; United States,85,
EXIF As Language: Learning Cross-Modal Associations Between Images and Camera Metadata,"['Chenhao Zheng', 'Ayush Shrivastava', 'Andrew Owens']","['University of Michigan', 'University of Michigan', 'University of Michigan']","11 January, 2023",United States,29,29
High-Res Facial Appearance Capture From Polarized Smartphone Images,"['Dejan Azinović', 'Olivier Maury', 'Christophe Hery', 'Matthias Nießner', 'Justus Thies']","['Technische Universität München', 'Meta', 'Meta Reality Labs Research', 'Technical University of Munich', 'Max-Planck Institute for Intelligent Systems']","2 December, 2022",United States; Germany,,
Feature Aggregated Queries for Transformer-Based Video Object Detectors,['Yiming Cui'],['University of Florida'],"14 March, 2023",United States,146,146
Ambiguous Medical Image Segmentation Using Diffusion Models,"['Aimon Rahman', 'Jeya Maria Jose Valanarasu', 'Ilker Hacihaliloglu', 'Vishal M. Patel']","[None, 'Johns Hopkins University', 'University of British Columbia', 'Johns Hopkins University']",April 2023,United States; Canada,42,42
Twin Contrastive Learning With Noisy Labels,"['Zhizhong Huang', 'Junping Zhang', 'Hongming Shan']","['Fudan University', 'Fudan University', None]",March 2023,China,16,16
Partial Network Cloning,"['Jingwen Ye', 'Songhua Liu', 'Xinchao Wang']","['National University of Singapore', None, 'National University of Singapore']",March 2023,Singapore,12,12
Zero-Shot Text-to-Parameter Translation for Game Character Auto-Creation,"['Rui Zhao', 'Wei Li', 'Zhipeng Hu', 'Lincheng Li', 'Zhengxia Zou', 'Zhenwei Shi', 'Changjie Fan']","[None, 'Nankai University', 'Leihuo Game, NetEase', '', 'Beihang University', 'Beihang University', 'Netease, Fuxi AI Lab']",March 2023,China,88,
Understanding Deep Generative Models With Generalized Empirical Likelihoods,"['Suman Ravuri', 'Mélanie Rey', 'Shakir Mohamed', 'Marc Peter Deisenroth']","['Google', 'DeepMind', 'Google', 'University College London']","16 June, 2023",United States; United Kingdom,,88
Spectral Enhanced Rectangle Transformer for Hyperspectral Image Denoising,"['Miaoyu Li', 'Ji Liu', 'Ying Fu', 'Yulun Zhang', 'Dejing Dou']","[None, 'Baidu', None, 'ETH Zürich', 'University of Oregon Eugene']",April 2023,Switzerland; United States,,244
InternImage: Exploring Large-Scale Vision Foundation Models With Deformable Convolutions,"['Wenhai Wang', 'Jifeng Dai', 'Zhe Chen', 'Zhenhang Huang', 'Zhiqi Li', 'Xizhou Zhu', 'Xiaowei Hu', 'Tong Lu', 'Lewei Lu', 'Hongsheng Li', 'Xiaogang Wang', 'Yu Qiao']","['Shanghai AI Laboratory', 'Tsinghua University, Tsinghua University', 'Nanjing University', 'Shanghai AI Lab', 'Nanjing University', 'Shanghai AI Laboratory', 'Shanghai AI Laboratory', 'Nanjing University', 'SenseTime', 'The Chinese University of Hong Kong', 'The Chinese University of Hong Kong', 'Shanghai Aritifcal Intelligence Laboratory']","10 November, 2022",China; Hong Kong,,
Adaptive Annealing for Robust Geometric Estimation,"['Chitturi Sidhartha', 'Lalit Manam', 'Venu Madhav Govindu']","['', '', 'Indian Institute of Science']",Not Found,,,
Self-Supervised 3D Scene Flow Estimation Guided by Superpoints,"['Yaqi Shen', 'Le Hui', 'Jin Xie', 'Jian Yang']","['Nanjing University Of Science and Technology', 'Nanjing University Of Science And Technology', 'Department of Computer Science, Nanjing University of Science and Technology', 'Nanjing University of Science and Technology']",May 2023,China; Unknown,6,6
Learning Optical Expansion From Scale Matching,"['Han Ling', 'Yinghui Sun', 'Quansen Sun', 'Zhenwen Ren']","['Nanjing University of Science and Technology', 'Nanjing University of Science and Technology', 'Nanjing University of Science and Technology', 'Southwest University Of Science And Technology']",Not Found,China,6,
Watch or Listen: Robust Audio-Visual Speech Recognition With Visual Corruption Modeling and Reliability Scoring,"['Joanna Hong', 'Minsu Kim', 'Jeongsoo Choi', 'Yong Man Ro']","['KAIST', None, 'Korea Advanced Institute of Science and Technology', 'Korea Advanced Institute of Science and Technology']","15 March, 2023",South Korea,8,
Grid-Guided Neural Radiance Fields for Large Urban Scenes,"['Linning Xu', 'Yuanbo Xiangli', 'Sida Peng', 'Xingang Pan', 'Nanxuan Zhao', 'Christian Theobalt', 'Bo Dai', 'Dahua Lin']","['The Chinese University of Hong Kong', '', None, 'Max-Planck Institute Informatics', 'Adobe Research', 'MPI Informatik', 'Shanghai AI Laboratory', 'The Chinese University of Hong Kong']",March 2023,Hong Kong; China,26,26
SpaText: Spatio-Textual Representation for Controllable Image Generation,"['Omri Avrahami', 'Thomas Hayes', 'Oran Gafni', 'Sonal Gupta', 'Yaniv Taigman', 'Devi Parikh', 'Dani Lischinski', 'Ohad Fried', 'Xi Yin']","['The Hebrew University of Jerusalem', 'Meta', 'Meta AI', 'Facebook', 'Facebook', 'Meta / Georgia Tech', 'The Hebrew University of Jerusalem, Israel', 'Reichman University', 'Facebook']","25 November, 2022",Israel; United States,126,
Local Implicit Ray Function for Generalizable Radiance Field Representation,"['Xin Huang', 'Qi Zhang', 'Ying Feng', 'Xiaoyu Li', 'Xuan Wang', 'Qing Wang']","[""Northwest Polytechnical University Xi'an"", 'Tencent AI Lab', 'Tencent AI Lab', 'Tencent AI Lab', 'Tencent AI Lab', 'Northwestern Polytechnical University']",April 2023,China,,
Generalized Deep 3D Shape Prior via Part-Discretized Diffusion Process,"['Yuhan Li', 'Yishun Dou', 'Xuanhong Chen', 'Bingbing Ni', 'Yilin Sun', 'Yutian Liu', 'Fuzhen Wang']","[None, 'Huawei', 'Shanghai Jiao Tong University', 'Shanghai Jiao Tong University', 'Shanghai Jiaotong University', 'Shanghai Jiaotong University', 'Shanghai Jiao Tong University']",March 2023,China,,5
Weakly Supervised Video Representation Learning With Unaligned Text for Sequential Videos,"['Sixun Dong', 'Huazhang Hu', 'Dongze Lian', 'Weixin Luo', 'Yicheng Qian', 'Shenghua Gao']","['ShanghaiTech Univercity', '', 'National University of Singapore', 'Meituan', 'ShanghaiTech University', None]","22 March, 2023",Singapore; China,,75
The Best Defense Is a Good Offense: Adversarial Augmentation Against Adversarial Attacks,"['Iuri Frosio', 'Jan Kautz']","['NVIDIA', None]",May 2023,United States,,
Handy: Towards a High Fidelity 3D Hand Shape and Appearance Model,"['Rolandos Alexandros Potamias', 'Stylianos Ploumpis', 'Stylianos Moschoglou', 'Vasileios Triantafyllou', 'Stefanos Zafeiriou']","['Imperial College London', 'Imperial College London', 'Huawei Technologies Ltd.', 'Huawei Technologies Ltd.', 'Imperial College London']",Not Found,United Kingdom; China,114,114
Learning a Depth Covariance Function,"['Eric Dexheimer', 'Andrew J. Davison']","['Imperial College London, Imperial College London', 'Imperial College London']","21 March, 2023",United Kingdom,114,114
TokenHPE: Learning Orientation Tokens for Efficient Head Pose Estimation via Transformers,"['Cheng Zhang', 'Hai Liu', 'Yongjian Deng', 'Bochen Xie', 'Youfu Li']","['Central China Normal University', 'Central China Normal University', 'Beijing University of Technology', 'City University of Hong Kong', 'City University']",Not Found,Hong Kong,,46
DiffRF: Rendering-Guided 3D Radiance Field Diffusion,"['Norman Müller', 'Yawar Siddiqui', 'Lorenzo Porzi', 'Samuel Rota Bulò', 'Peter Kontschieder', 'Matthias Nießner']","[None, 'Technical University Munich', 'Facebook', 'Meta', 'Meta', 'Technical University of Munich']","2 December, 2022",United States; Germany,,
Clothing-Change Feature Augmentation for Person Re-Identification,"['Ke Han', 'Shaogang Gong', 'Yan Huang', 'Liang Wang', 'Tieniu Tan']","['Institute of automation, Chinese academy of science, Chinese Academy of Sciences', 'Queen Mary University London', 'Institute of automation, Chinese academy of science, Chinese Academy of Sciences', 'CASIA', ' Institute of automation, Chinese academy of science']",Not Found,China,12,
Learnable Skeleton-Aware 3D Point Cloud Sampling,"['Cheng Wen', 'Baosheng Yu', 'Dacheng Tao']","['University of Sydney', 'University of Sydney', None]",Not Found,Australia,71,71
TrojDiff: Trojan Attacks on Diffusion Models With Diverse Targets,"['Weixin Chen', 'Dawn Song', 'Bo Li']","[None, 'University of California Berkeley', 'UIUC']",March 2023,United States,20,
DetCLIPv2: Scalable Open-Vocabulary Object Detection Pre-Training via Word-Region Alignment,"['Lewei Yao', 'Jianhua Han', 'Xiaodan Liang', 'Dan Xu', 'Wei Zhang', 'Zhenguo Li', 'Hang Xu']","['Harbin Institute of Technology', 'Huawei Technologies Ltd.', 'Sun Yat-sen University', 'Department of Computer Science and Engineering, The Hong Kong University of Science and Technology', 'Huawei Technologies Ltd.', 'Huawei', 'Huawei Noah‘s Ark Lab']",April 2023,China,23,
Modeling Inter-Class and Intra-Class Constraints in Novel Class Discovery,"['Wenbin Li', 'Zhichen Fan', 'Jing Huo', 'Yang Gao']","['Nanjing University', 'Nanjing University', 'Nanjing University', 'Nanjing University']","7 October, 2022",China,6,6
GarmentTracking: Category-Level Garment Pose Tracking,"['Han Xue', 'Wenqiang Xu', 'Jieyi Zhang', 'Tutian Tang', 'Yutong Li', 'Wenxin Du', 'Ruolin Ye', 'Cewu Lu']","[None, 'Shanghai Jiao Tong University', 'Shanghai Jiao Tong University', 'Shanghai Jiao Tong University', 'Shanghai Jiaotong University', 'Shanghai Jiaotong University', 'Cornell University', 'Shanghai Jiao Tong University']","24 March, 2023",China; United States,5,5
Benchmarking Robustness of 3D Object Detection to Common Corruptions,"['Yinpeng Dong', 'Caixin Kang', 'Jinlai Zhang', 'Zijian Zhu', 'Yikai Wang', 'Xiao Yang', 'Hang Su', 'Xingxing Wei', 'Jun Zhu']","['Tsinghua University', None, 'Guangxi University', 'Shanghai Jiao Tong University', 'Tsinghua University', 'Tsinghua University, Tsinghua University', 'Tsinghua University', None, 'Tsinghua University']",March 2023,China,1,1
Generic-to-Specific Distillation of Masked Autoencoders,"['Wei Huang', 'Zhiliang Peng', 'Li Dong', 'Furu Wei', 'Jianbin Jiao', 'Qixiang Ye']","[None, None, 'Microsoft Research', 'Microsoft Research', '', 'University of Chinese Academy of Sciences']",February 2023,United States; China,,12
Dynamic Focus-Aware Positional Queries for Semantic Segmentation,"['Haoyu He', 'Jianfei Cai', 'Zizheng Pan', 'Jing Liu', 'Jing Zhang', 'Dacheng Tao', 'Bohan Zhuang']","['Monash University', None, None, '', 'The University of Sydney', None, None]","4 April, 2022",Australia,38,71
Physics-Guided ISO-Dependent Sensor Noise Modeling for Extreme Low-Light Photography,"['Yue Cao', 'Ming Liu', 'Shuai Liu', 'Xiaotao Wang', 'Lei Lei', 'Wangmeng Zuo']","['Harbin Institute of Technology', 'Harbin Institute of Technology', 'North China University of Technology', 'XiaomiCamera', 'Xiaomi', 'Harbin Institute of Technology']",Not Found,China,23,23
Compositor: Bottom-Up Clustering and Compositing for Robust Part and Object Segmentation,"['Ju He', 'Jieneng Chen', 'Ming-Xian Lin', 'Qihang Yu', 'Alan L. Yuille']","['Facebook', 'Johns Hopkins University', ', Chinese Academy of Sciences', 'Johns Hopkins University', 'Johns Hopkins University']","12 June, 2023",United States; China,,42
Visual-Language Prompt Tuning With Knowledge-Guided Context Optimization,"['Hantao Yao', 'Rui Zhang', 'Changsheng Xu']","[None, None, None]",March 2023,,,
Context-Aware Pretraining for Efficient Blind Image Decomposition,"['Chao Wang', 'Zhedong Zheng', 'Ruijie Quan', 'Yifan Sun', 'Yi Yang']","['Baidu', 'National University of Singapore', 'Zhejiang University', 'Baidu Research', 'Zhejiang University']",Not Found,Singapore; China,,2
VecFontSDF: Learning To Reconstruct and Synthesize High-Quality Vector Fonts via Signed Distance Functions,"['Zeqing Xia', 'Bojun Xiong', 'Zhouhui Lian']","['Peking University', 'Peking University', 'Peking University']","22 March, 2023",China,3,3
Towards Better Gradient Consistency for Neural Signed Distance Functions via Level Set Alignment,"['Baorui Ma', 'Junsheng Zhou', 'Yu-Shen Liu', 'Zhizhong Han']","[None, 'Tsinghua University', None, 'Wayne State University']",May 2023,China; United States,1,200
PACO: Parts and Attributes of Common Objects,"['Vignesh Ramanathan', 'Anmol Kalia', 'Vladan Petrovic', 'Yi Wen', 'Baixue Zheng', 'Baishan Guo', 'Rui Wang', 'Aaron Marquez', 'Rama Kovvuri', 'Abhishek Kadian', 'Amir Mousavi', 'Yiwen Song', 'Abhimanyu Dubey', 'Dhruv Mahajan']","['Facebook', 'Facebook', 'Meta AI', 'Meta AI', 'Facebook', 'Meta AI', 'Facebook AI Research (FAIR)', 'Meta', 'Facebook', 'Facebook AI Research', 'Simon Fraser University', 'Meta', 'Facebook AI Research', 'Meta AI']",January 2023,United States; Canada,,
Are Binary Annotations Sufficient? Video Moment Retrieval via Hierarchical Uncertainty-Based Active Learning,"['Wei Ji', 'Renjie Liang', 'Zhedong Zheng', 'Wenqiao Zhang', 'Shengyu Zhang', 'Juncheng Li', 'Mengze Li', 'Tat-seng Chua']","[None, 'National University of Singapore', 'National University of Singapore', 'National University of Singapore', 'Zhejiang University', 'Zhejiang University', 'Zhejiang University, Tsinghua University', 'National University of Singapore']",Not Found,Singapore; China,12,12
MetaMix: Towards Corruption-Robust Continual Learning With Temporally Self-Adaptive Data Transformation,"['Zhenyi Wang', 'Li Shen', 'Donglin Zhan', 'Qiuling Suo', 'Yanjun Zhu', 'Tiehang Duan', 'Mingchen Gao']","['State University of New York, Buffalo', 'JD Explore Academy', 'Columbia University', 'State University of New York, Buffalo', 'State University of New York, Buffalo', 'Facebook', 'University at Buffalo, SUNY']",Not Found,Brazil; United States,,106
UniHCP: A Unified Model for Human-Centric Perceptions,"['Yuanzheng Ci', 'Yizhou Wang', 'Meilin Chen', 'Shixiang Tang', 'Lei Bai', 'Feng Zhu', 'Rui Zhao', 'Fengwei Yu', 'Donglian Qi', 'Wanli Ouyang']","[None, None, 'Zhejiang University', 'University of Sydney', 'Shanghai AI Laboratory', 'SenseTime Group LTD', 'Qing Yuan Research Institute, Shanghai Jiao Tong University', 'Beihang University', 'Zhejiang University', 'University of Sydney']","6 March, 2023",China; Australia,2,71
Learning To Zoom and Unzoom,"['Chittesh Thavamani', 'Mengtian Li', 'Francesco Ferroni', 'Deva Ramanan']","['CMU, Carnegie Mellon University', 'Waymo LLC', '', 'Carnegie Mellon University']",March 2023,United States,3,3
Improving Weakly Supervised Temporal Action Localization by Bridging Train-Test Gap in Pseudo Labels,"['Jingqiu Zhou', 'Linjiang Huang', 'Liang Wang', 'Si Liu', 'Hongsheng Li']","['Chinese University of Hong Kong', 'The Chinese University of Hong Kong', 'CASIA', 'Beihang University', 'The Chinese University of Hong Kong']",April 2023,Hong Kong; China,31,26
Implicit Identity Driven Deepfake Face Swapping Detection,"['Baojin Huang', 'Zhongyuan Wang', 'Jifan Yang', 'Jiaxin Ai', 'Qin Zou', 'Qian Wang', 'Dengpan Ye']","[None, 'Wuhan University', 'Wuhan University', 'Wuhan University', 'Wuhan University', 'Wuhan University', 'Wuhan University']",Not Found,China,31,31
Prototypical Residual Networks for Anomaly Detection and Localization,"['Hui Zhang', 'Zuxuan Wu', 'Zheng Wang', 'Zhineng Chen', 'Yu-Gang Jiang']","['Fudan University', 'Fudan University', 'Zhejiang University of Technology', 'Fudan University', 'Fudan University']","5 December, 2022",China,16,16
Bridging Search Region Interaction With Template for RGB-T Tracking,"['Tianrui Hui', 'Zizheng Xun', 'Fengguang Peng', 'Junshi Huang', 'Xiaoming Wei', 'Xiaolin Wei', 'Jiao Dai', 'Jizhong Han', 'Si Liu']","['Institute of Information Engineering, Chinese Academy of Sciences', '', 'Beijing University of Aeronautics and Astronautics', 'meituan', 'Meituan', 'Meituan', 'Institute of Information Engineering,Chinese Academy of Sciences', 'Institute of Information Engineering', 'Beihang University']",Not Found,China,12,49
COT: Unsupervised Domain Adaptation With Clustering and Optimal Transport,"['Yang Liu', 'Zhipeng Zhou', 'Baigui Sun']","['Alibaba Group', 'Alibaba Group', 'Alibaba Group']",Not Found,,,
Tangentially Elongated Gaussian Belief Propagation for Event-Based Incremental Optical Flow Estimation,"['Jun Nagata', 'Yusuke Sekikawa']","['Denso IT Laboratory', 'DENSO IT Laboratory']",Not Found,,,
HuManiFlow: Ancestor-Conditioned Normalising Flows on SO(3) Manifolds for Human Pose and Shape Distribution Estimation,"['Akash Sengupta', 'Ignas Budvytis', 'Roberto Cipolla']","['University of Cambridge', 'University of Cambridge', 'University of Cambridge']",May 2023,United Kingdom,61,61
"Photo Pre-Training, but for Sketch","['Ke Li', 'Kaiyue Pang', 'Yi-Zhe Song']","['Beijing University of Posts and Telecommunications', 'SketchX AI', None]",Not Found,,,
PREIM3D: 3D Consistent Precise Image Attribute Editing From a Single Image,"['Jianhui Li', 'Jianmin Li', 'Haoji Zhang', 'Shilong Liu', 'Zhengyi Wang', 'Zihao Xiao', 'Kaiwen Zheng', 'Jun Zhu']","['Department of computer science and technology, Tsinghua University', 'Department of computer science and technology, Tsinghua University', 'Tsinghua University, Tsinghua University', 'Tsinghua University, Tsinghua University', 'Tsinghua University, Tsinghua University', 'Tsinghua University, Tsinghua University', 'Tsinghua University', 'Tsinghua University']",April 2023,China,1,1
ConQueR: Query Contrast Voxel-DETR for 3D Object Detection,"['Benjin Zhu', 'Zhe Wang', 'Shaoshuai Shi', 'Hang Xu', 'Lanqing Hong', 'Hongsheng Li']","[None, 'Sensetime Group Limited', 'Saarland Informatics Campus, Max-Planck Institute', 'Huawei Noah‘s Ark Lab', 'Huawei Technologies Ltd.', 'The Chinese University of Hong Kong']",December 2022,China; Hong Kong,,26
OcTr: Octree-Based Transformer for 3D Object Detection,"['Chao Zhou', 'Yanan Zhang', 'Jiaxin Chen', 'Di Huang']","['Beihang University', None, 'Beihang University', 'Beihang University']",March 2023,China,49,49
RILS: Masked Visual Reconstruction in Language Semantic Space,"['Shusheng Yang', 'Yixiao Ge', 'Kun Yi', 'Dian Li', 'Ying Shan', 'Xiaohu Qie', 'Xinggang Wang']","['Huazhong University of Science and Technology', 'Tencent', 'Tencent ARC Lab', 'Tencent PCG AI', 'Tencent', 'Tencent', 'Huazhong University of Science and Technology']","17 January, 2023",China,,
Image Cropping With Spatial-Aware Feature and Rank Consistency,"['Chao Wang', 'Li Niu', 'Bo Zhang', 'Liqing Zhang']","['ShangHai JiaoTong University', '', 'Shanghai Jiao Tong University', 'Shanghai Jiao Tong University']",Not Found,China,,5
Towards Benchmarking and Assessing Visual Naturalness of Physical World Adversarial Attacks,"['Simin Li', 'Shuning Zhang', 'Gujun Chen', 'Dong Wang', 'Pu Feng', 'Jiakai Wang', 'Aishan Liu', 'Xin Yi', 'Xianglong Liu']","['Beijing University of Aeronautics and Astronautics', 'Computer Science, Tsinghua University, Tsinghua University', 'Computer Science, Tsinghua University, Tsinghua University', 'Tsinghua University, Tsinghua University', 'Beijing University of Aeronautics and Astronautics', 'Zhongguancun Laboratory', '', 'Tsinghua University, Tsinghua University', 'BUAA']",May 2023,China,,
DropMAE: Masked Autoencoders With Spatial-Attention Dropout for Tracking Tasks,"['Qiangqiang Wu', 'Tianyu Yang', 'Ziquan Liu', 'Baoyuan Wu', 'Ying Shan', 'Antoni B. Chan']","[None, 'IDEA', 'UCL', 'The Chinese University of Hong Kong, Shenzhen', 'Tencent', 'City University of Hong Kong']",Not Found,Hong Kong; China,,46
Delving Into Discrete Normalizing Flows on SO(3) Manifold for Probabilistic Rotation Modeling,"['Yulin Liu', 'Haoran Liu', 'Yingda Yin', 'Yang Wang', 'Baoquan Chen', 'He Wang']","[None, 'Peking University', None, 'Peking University', 'Peking University', None]",April 2023,China,3,3
3D-Aware Object Goal Navigation via Simultaneous Exploration and Identification,"['Jiazhao Zhang', 'Liu Dai', 'Fanpeng Meng', 'Qingnan Fan', 'Xuelin Chen', 'Kai Xu', 'He Wang']","[None, None, 'Huazhong University of Science and Technology', 'Tencent AI Lab', 'Tencent AI Lab', 'National University of Defense Technology', None]","1 December, 2022",China,,
GeoNet: Benchmarking Unsupervised Adaptation Across Geographies,"['Tarun Kalluri', 'Wangdong Xu', 'Manmohan Chandraker']","['University of California, San Diego', 'University of California, San Diego', 'UC San Diego']",March 2023,United States,12,
Joint HDR Denoising and Fusion: A Real-World Mobile HDR Image Dataset,"['Shuaizheng Liu', 'Xindong Zhang', 'Lingchen Sun', 'Zhetong Liang', 'Hui Zeng', 'Lei Zhang']","[None, 'The Hong Kong Polytechnic University, Hong Kong Polytechnic University', 'Hong Kong Polytechnic University', 'The Hong Kong Polytechnic University', 'The Hong Kong Polytechnic University', 'The Hong Kong Polytechnic University']",Not Found,Hong Kong,56,56
PATS: Patch Area Transportation With Subdivision for Local Feature Matching,"['Junjie Ni', 'Yijin Li', 'Zhaoyang Huang', 'Hongsheng Li', 'Hujun Bao', 'Zhaopeng Cui', 'Guofeng Zhang']","['Zhejiang University', 'Zhejiang University', 'The Chinese University of Hong Kong', 'The Chinese University of Hong Kong', 'Zhejiang University', None, 'Zhejiang University']","14 March, 2023",China; Hong Kong,2,2
SINE: Semantic-Driven Image-Based NeRF Editing With Prior-Guided Editing Field,"['Chong Bao', 'Yinda Zhang', 'Bangbang Yang', 'Tianxing Fan', 'Zesong Yang', 'Hujun Bao', 'Guofeng Zhang', 'Zhaopeng Cui']","['Zhejiang University', 'Google', 'ByteDance Inc', 'Zhejiang University', 'Zhejiang University', 'Zhejiang University', 'Zhejiang University', None]","23 March, 2023",China; United States,2,2
Mutual Information-Based Temporal Difference Learning for Human Pose Estimation in Video,"['Runyang Feng', 'Yixing Gao', 'Xueqing Ma', 'Tze Ho Elden Tse', 'Hyung Jin Chang']","['Jilin University', None, 'Jilin University', 'University of Birmingham', '']","15 March, 2023",China; United Kingdom,114,200
Learning To Detect and Segment for Open Vocabulary Object Detection,['Tao Wang'],[None],"22 December, 2022",,,
Hierarchical Supervision and Shuffle Data Augmentation for 3D Semi-Supervised Object Detection,"['Chuandong Liu', 'Chenqiang Gao', 'Fangcen Liu', 'Pengcheng Li', 'Deyu Meng', 'Xinbo Gao']","[None, 'School of Computer Science, Carnegie Mellon University', 'Chongqing University of Post and Telecommunications', 'Chongqing University of Post and Telecommunications', '', 'Chongqing University of Post and Telecommunications']",April 2023,United States; China,3,292
Dynamic Graph Learning With Content-Guided Spatial-Frequency Relation Reasoning for Deepfake Detection,"['Yuan Wang', 'Kun Yu', 'Chen Chen', 'Xiyuan Hu', 'Silong Peng']","[None, None, 'Institute of automation, Chinese academy of science, Chinese Academy of Sciences', 'Nanjing University of Science and Technology', 'Institute of automation, Chinese academy of science, Chinese Academy of Sciences']",Not Found,China,12,12
OSAN: A One-Stage Alignment Network To Unify Multimodal Alignment and Unsupervised Domain Adaptation,"['Ye Liu', 'Lingfeng Qiao', 'Changchong Lu', 'Di Yin', 'Chen Lin', 'Haoyuan Peng', 'Bo Ren']","[None, 'Tencent', 'Tencent Cloud', 'Tencent Youtu', 'Tencent Technology (Shanghai) CO., LTD', 'Learnable AI', 'Tencent Youtu Lab']",Not Found,China,,
Ultrahigh Resolution Image/Video Matting With Spatio-Temporal Sparsity,"['Yanan Sun', 'Chi-Keung Tang', 'Yu-Wing Tai']","['The Hong Kong University of Science and Technology', 'The Hong Kong University of Science and Technology', None]",Not Found,,,
MobileBrick: Building LEGO for 3D Reconstruction on Mobile Devices,"['Kejie Li', 'Jia-Wang Bian', 'Robert Castle', 'Philip H.S. Torr', 'Victor Adrian Prisacariu']","['University of Oxford', 'University of Oxford', 'Apple', 'University of Oxford', None]","3 March, 2023",United Kingdom,85,85
WeatherStream: Light Transport Automation of Single Image Deweathering,"['Howard Zhang', 'Yunhao Ba', 'Ethan Yang', 'Varan Mehra', 'Blake Gella', 'Akira Suzuki', 'Arnold Pfahnl', 'Chethan Chinder Chandrappa', 'Alex Wong', 'Achuta Kadambi']","['UCLA', 'UCLA', 'University of California, Los Angeles', 'University of California, Los Angeles', 'University of California, Los Angeles', 'University of California, Los Angeles', 'University of California, Los Angeles', 'University of California, Los Angeles', 'Yale University', 'UCLA']",Not Found,United States,,
Normal-Guided Garment UV Prediction for Human Re-Texturing,"['Yasamin Jafarian', 'Tuanfeng Y. Wang', 'Duygu Ceylan', 'Jimei Yang', 'Nathan Carr', 'Yi Zhou', 'Hyun Soo Park']","['University of Minnesota - Twin Cities', None, 'Adobe Systems', 'Adobe Research', 'Adobe Systems', 'Adobe Systems', 'The University of Minnesota']",March 2023,United States,126,126
Depth Estimation From Camera Image and mmWave Radar Point Cloud,"['Akash Deep Singh', 'Yunhao Ba', 'Ankur Sarker', 'Howard Zhang', 'Achuta Kadambi', 'Stefano Soatto', 'Mani Srivastava', 'Alex Wong']","['University of California, Los Angeles', 'UCLA', 'University of California, Los Angeles', 'UCLA', 'UCLA', 'UCLA', 'UCLA', 'Yale University']",Not Found,United States,35,146
RIAV-MVS: Recurrent-Indexing an Asymmetric Volume for Multi-View Stereo,"['Changjiang Cai', 'Pan Ji', 'Qingan Yan', 'Yi Xu']","[None, 'Tencent XR Vision Labs', 'OPPO US Research Center', 'OPPO US Research Center']","27 May, 2022",,,
pCON: Polarimetric Coordinate Networks for Neural Scene Representations,"['Henry Peters', 'Yunhao Ba', 'Achuta Kadambi']","['University of California, Los Angeles', 'UCLA', 'UCLA']",Not Found,United States,35,
Deep Factorized Metric Learning,"['Chengkun Wang', 'Wenzhao Zheng', 'Junlong Li', 'Jie Zhou', 'Jiwen Lu']","['Automation', 'Tsinghua University, Tsinghua University', 'Tsinghua University', None, 'Tsinghua University']",Not Found,China,,1
Improving Image Recognition by Retrieving From Web-Scale Image-Text Data,"['Ahmet Iscen', 'Alireza Fathi', 'Cordelia Schmid']","['Google', 'Google', 'Inria / Google']",April 2023,United States; France,,160
Video-Text As Game Players: Hierarchical Banzhaf Interaction for Cross-Modal Representation Learning,"['Peng Jin', 'Jinfa Huang', 'Pengfei Xiong', 'Shangxuan Tian', 'Chang Liu', 'Xiangyang Ji', 'Li Yuan', 'Jie Chen']","['Peking University', 'Peking University', 'Institute of Automation, Chinese Academy of Sciences', 'National University of Singapore', 'Tsinghua University, Tsinghua University', 'Tsinghua University', 'Peking University', 'Peking University']",March 2023,China; Singapore,3,3
Semantic Prompt for Few-Shot Image Recognition,"['Wentao Chen', 'Chenyang Si', 'Zhang Zhang', 'Liang Wang', 'Zilei Wang', 'Tieniu Tan']","['Institute of automation, Chinese academy of science', 'Sea AI Lab', 'Institute of automation, Chinese academy of science, Chinese Academy of Sciences', 'CASIA', 'University of Science and Technology of China', ' Institute of automation, Chinese academy of science']",March 2023,China; Singapore,,
SVFormer: Semi-Supervised Video Transformer for Action Recognition,"['Zhen Xing', 'Qi Dai', 'Han Hu', 'Jingjing Chen', 'Zuxuan Wu', 'Yu-Gang Jiang']","['Fudan University', 'Microsoft Research Asia', 'Microsft Research Asia', 'Fudan University', 'Fudan University', 'Fudan University']","23 November, 2022",China,16,16
Exploring the Relationship Between Architectural Design and Adversarially Robust Generalization,"['Aishan Liu', 'Shiyu Tang', 'Siyuan Liang', 'Ruihao Gong', 'Boxi Wu', 'Xianglong Liu', 'Dacheng Tao']","['', 'Beihang University', 'Institute of Information Engineering, Chinese Academy of Sciences (iie.ac.cn)', 'SenseTime', 'Zhejiang University', 'BUAA', None]",Not Found,China,49,
Self-Supervised Learning for Multimodal Non-Rigid 3D Shape Matching,"['Dongliang Cao', 'Florian Bernard']","[None, 'University of Bonn']",March 2023,Germany,222,222
Federated Incremental Semantic Segmentation,"['Jiahua Dong', 'Duzhen Zhang', 'Yang Cong', 'Wei Cong', 'Henghui Ding', 'Dengxin Dai']","[None, 'Institute of automation, Chinese academy of science, Chinese Academy of Sciences', 'Chinese Academy of Sciences', 'Chinese Academy of Sciences, Shenyang Institute of Automation', None, '']",April 2023,China,12,12
Revisiting Prototypical Network for Cross Domain Few-Shot Learning,"['Fei Zhou', 'Peng Wang', 'Lei Zhang', 'Wei Wei', 'Yanning Zhang']","['', 'University of Wollonong', 'Northwestern Polytechnical University', 'Northwestern Polytechnical University', 'Northwestern Polytechnical University']",Not Found,China,,
Task Difficulty Aware Parameter Allocation & Regularization for Lifelong Learning,"['Wenjin Wang', 'Yunqing Hu', 'Qianglong Chen', 'Yin Zhang']","['Zhejiang University', 'Zhejiang University', 'Zhejiang University', 'Zhejiang University']",April 2023,China,2,2
Two-View Geometry Scoring Without Correspondences,"['Axel Barroso-Laguna', 'Eric Brachmann', 'Victor Adrian Prisacariu', 'Gabriel J. Brostow', 'Daniyar Turmukhambetov']","[None, None, None, 'Department of Computer Science, University College London', 'Niantic']",June 2023,Unknown; United Kingdom,88,
AltFreezing for More General Video Face Forgery Detection,"['Zhendong Wang', 'Jianmin Bao', 'Wengang Zhou', 'Weilun Wang', 'Houqiang Li']","['University of Science and Technology of China', 'Microsoft', 'University of Science and Technology of China', 'University of Science and Technology of China', 'University of Science and Technology of China']",July 2023,China; United States,,
CAP-VSTNet: Content Affinity Preserved Versatile Style Transfer,"['Linfeng Wen', 'Chengying Gao', 'Changqing Zou']","['SUN YAT-SEN UNIVERSITY', 'SUN YAT-SEN UNIVERSITY', 'Zhejiang University']",March 2023,China,29,2
Uncurated Image-Text Datasets: Shedding Light on Demographic Bias,"['Noa Garcia', 'Yusuke Hirota', 'Yankun Wu', 'Yuta Nakashima']","['Osaka University', 'Osaka University', None, 'Osaka University']",April 2023,Japan,244,244
Decompose More and Aggregate Better: Two Closer Looks at Frequency Representation Learning for Human Motion Prediction,"['Xuehao Gao', 'Shaoyi Du', 'Yang Wu', 'Yang Yang']","[""Xi'an Jiaotong University"", ""Xi'an Jiaotong University"", 'Tencent AI Lab', ""Xi'an Jiaotong University""]",Not Found,China,66,66
Motion Information Propagation for Neural Video Compression,"['Linfeng Qi', 'Jiahao Li', 'Bin Li', 'Houqiang Li', 'Yan Lu']","[None, None, 'Microsoft', 'University of Science and Technology of China', 'Microsoft Research Asia']",Not Found,United States; China,,
Hierarchical Temporal Transformer for 3D Hand Pose Estimation and Action Recognition From Egocentric RGB Videos,"['Yilin Wen', 'Hao Pan', 'Lei Yang', 'Jia Pan', 'Taku Komura', 'Wenping Wang']","[None, 'Microsoft Research', 'Centre for Transformative Garment Production', 'University of Hong Kong', 'the University of Hong Kong, University of Hong Kong', 'Texas A&M University - College Station']","20 September, 2022",United States; Hong Kong,,61
Cap4Video: What Can Auxiliary Captions Do for Text-Video Retrieval?,"['Wenhao Wu', 'Haipeng Luo', 'Bo Fang', 'Jingdong Wang', 'Wanli Ouyang']","['The University of Sydney', 'University of the Chinese Academy of Sciences', 'Institute Information of Engineer, Chinese Academy of Sciences', 'Baidu', 'University of Sydney']",Not Found,Australia; China,71,71
GFIE: A Dataset and Baseline for Gaze-Following From 2D to 3D in Indoor Environments,"['Zhengxi Hu', 'Yuxue Yang', 'Xiaolin Zhai', 'Dingye Yang', 'Bohan Zhou', 'Jingtai Liu']","['Nankai University', 'Institute of automation, Chinese academy of science, Chinese Academy of Sciences', 'Nankai University', 'Nankai University', 'Nankai University', 'Nankai University']",Not Found,China,88,88
Complete-to-Partial 4D Distillation for Self-Supervised Point Cloud Sequence Representation Learning,"['Zhuoyang Zhang', 'Yuhao Dong', 'Yunze Liu', 'Li Yi']","['IIIS, Tsinghua University', 'Department of Automation, Tsinghua University, Tsinghua University', None, '']","10 December, 2022",China,1,1
NeuralPCI: Spatio-Temporal Neural Field for 3D Point Cloud Multi-Frame Non-Linear Interpolation,"['Zehan Zheng', 'Danni Wu', 'Ruisi Lu', 'Fan Lu', 'Guang Chen', 'Changjun Jiang']","['Tongji University', 'Tongji University', 'Tongji University', 'Tongji University', 'Tongji University', 'Tongji University']",March 2023,China,100,100
LayoutFormer++: Conditional Graphic Layout Generation via Constraint Serialization and Decoding Space Restriction,"['Zhaoyun Jiang', 'Jiaqi Guo', 'Shizhao Sun', 'Huayu Deng', 'Zhongkai Wu', 'Vuksan Mijovic', 'Zijiang James Yang', 'Jian-Guang Lou', 'Dongmei Zhang']","[None, 'Microsoft', 'Microsoft', 'Shanghai Jiaotong University', 'Beijing University of Aeronautics and Astronautics', 'University of St. Andrews', 'University of Science and Technology of China', 'Microsoft', 'Microsoft']","16 August, 2022",United States; China; United Kingdom,,
Model-Agnostic Gender Debiased Image Captioning,"['Yusuke Hirota', 'Yuta Nakashima', 'Noa Garcia']","['Osaka University', 'Osaka University', 'Osaka University']","7 April, 2023",Japan,244,244
Bootstrapping Objectness From Videos by Relaxed Common Fate and Visual Grouping,"['Long Lian', 'Zhirong Wu', 'Stella X. Yu']","['University of California, Berkeley', 'Microsoft Research', None]",April 2023,United States,20,
Towards a Smaller Student: Capacity Dynamic Distillation for Efficient Image Retrieval,"['Yi Xie', 'Huaidong Zhang', 'Xuemiao Xu', 'Jianqing Zhu', 'Shengfeng He']","['South China University of Technology', 'South China University of Technology', 'South China University of Technology', 'College of Engineering, Huaqiao University', 'Singapore Management University']","16 March, 2023",China; Singapore,486,27
Delving Into Shape-Aware Zero-Shot Semantic Segmentation,"['Xinyu Liu', 'Beiwen Tian', 'Zhen Wang', 'Rui Wang', 'Kehua Sheng', 'Bo Zhang', 'Hao Zhao', 'Guyue Zhou']","[""Xi'dian University"", 'Tsinghua University, Tsinghua University', 'Didi Chuxing', 'Didi Research', 'Zhejiang University', 'Tsinghua University, Tsinghua University', 'Tsinghua University, Tsinghua University', 'Tsinghua University']",April 2023,China,,1
Cascade Evidential Learning for Open-World Weakly-Supervised Temporal Action Localization,"['Mengyuan Chen', 'Junyu Gao', 'Changsheng Xu']","[None, None, None]",Not Found,,,
NeuralEditor: Editing Neural Radiance Fields via Manipulating Point Clouds,"['Jun-Kun Chen', 'Jipeng Lyu', 'Yu-Xiong Wang']","[None, 'Peking University', None]",May 2023,China,3,3
ProtoCon: Pseudo-Label Refinement via Online Clustering and Prototypical Consistency for Efficient Semi-Supervised Learning,"['Islam Nassar', 'Munawar Hayat', 'Ehsan Abbasnejad', 'Hamid Rezatofighi', 'Gholamreza Haffari']","['Monash University', 'Monash University', 'University of Adelaide', 'Monash University', 'Monash University']",March 2023,Australia,38,38
Mixed Autoencoder for Self-Supervised Visual Representation Learning,"['Kai Chen', 'Zhili Liu', 'Lanqing Hong', 'Hang Xu', 'Zhenguo Li', 'Dit-Yan Yeung']","['The Hong Kong University of Science and Technology', 'Hong Kong University of Science and Technology', 'Huawei Technologies Ltd.', 'Huawei Noah‘s Ark Lab', 'Huawei', 'Hong Kong University of Science and Technology']","30 March, 2023",Hong Kong; China,,
DPF: Learning Dense Prediction Fields With Weak Supervision,"['Xiaoxue Chen', 'Yuhang Zheng', 'Yupeng Zheng', 'Qiang Zhou', 'Hao Zhao', 'Guyue Zhou', 'Ya-Qin Zhang']","['Tsinghua University, Tsinghua University', 'Institute for AI Industry Research, Tsinghua University; School of Mechanical Engineering and Automation, Beihang University', 'Institute of Automation，Chinese Academy of Sciences', 'Tsinghua University, Tsinghua University', 'Tsinghua University, Tsinghua University', 'Tsinghua University', 'AIR, Tsinghua University']",March 2023,China,1,1
MISC210K: A Large-Scale Dataset for Multi-Instance Semantic Correspondence,"['Yixuan Sun', 'Yiwen Huang', 'Haijing Guo', 'Yuzhou Zhao', 'Runmin Wu', 'Yizhou Yu', 'Weifeng Ge', 'Wenqiang Zhang']","['Fudan University', 'Fudan University', 'Fudan University', 'Fudan University', 'The University of Hong Kong', 'The University of Hong Kong', 'Fudan University', None]",Not Found,China; Hong Kong,16,16
Similarity Metric Learning for RGB-Infrared Group Re-Identification,"['Jianghao Xiong', 'Jianhuang Lai']","['', 'SUN YAT-SEN UNIVERSITY']",Not Found,China,29,29
Exploring Discontinuity for Video Frame Interpolation,"['Sangjin Lee', 'Hyeongmin Lee', 'Chajin Shin', 'Hanbin Son', 'Sangyoun Lee']","['Yonsei University', 'Yonsei University', 'Yonsei University', 'Yonsei University', 'Yonsei University']","15 February, 2022",South Korea,61,61
GradICON: Approximate Diffeomorphisms via Gradient Inverse Consistency,"['Lin Tian', 'Hastings Greer', 'François-Xavier Vialard', 'Roland Kwitt', 'Raúl San José Estépar', 'Richard Jarrett Rushmore', 'Nikolaos Makris', 'Sylvain Bouix', 'Marc Niethammer']","['UNC at Chapel Hill', 'Department of Computer Science, University of North Carolina at Chapel Hill', 'Université Gustave Eiffel', 'University of Salzburg', 'Harvard University', 'Boston University, Boston University', 'Massachusetts General Hospital, Harvard University', 'École de technologie supérieure, Université du Québec', 'The University of North Carolina at Chapel Hill']","13 June, 2022",Unknown; United States; Austria; Canada,,56
DNeRV: Modeling Inherent Dynamics via Difference Neural Representation for Videos,"['Qi Zhao', 'M. Salman Asif', 'Zhan Ma']","[None, 'University of California, Riverside', 'Nanjing University']",April 2023,United States; China,160,6
Polynomial Implicit Neural Representations for Large Diverse Datasets,"['Rajhans Singh', 'Ankita Shukla', 'Pavan Turaga']","[None, 'Arizona State University', 'Arizona State University']",March 2023,United States,114,114
Towards Better Decision Forests: Forest Alternating Optimization,"['Miguel Á. Carreira-Perpiñán', 'Magzhan Gabidolla', 'Arman Zharmagambetov']","['University of California, Merced', 'University of California at Merced', 'Meta AI']",Not Found,United States,185,
CrOC: Cross-View Online Clustering for Dense Visual Representation Learning,"['Thomas Stegmüller', 'Tim Lebailly', 'Behzad Bozorgtabar', 'Tinne Tuytelaars', 'Jean-Philippe Thiran']","['EPFL - EPF Lausanne', None, 'CHUV - University Hospital Lausanne', 'KU Leuven', 'Swiss Federal Institute of Technology Lausanne']",March 2023,Switzerland; Belgium,49,
"Shape, Pose, and Appearance From a Single Image via Bootstrapped Radiance Field Inversion","['Dario Pavllo', 'David Joseph Tan', 'Marie-Julie Rakotosaona', 'Federico Tombari']","['Swiss Federal Institute of Technology', 'Google', 'Google', 'Google, TUM']","21 November, 2022",United States,,
Continuous Pseudo-Label Rectified Domain Adaptive Semantic Segmentation With Implicit Neural Representations,"['Rui Gong', 'Qin Wang', 'Martin Danelljan', 'Dengxin Dai', 'Luc Van Gool']","[None, None, 'ETH Zurich', '', 'ETH Zurich']",Not Found,Switzerland,31,31
Target-Referenced Reactive Grasping for Dynamic Objects,"['Jirong Liu', 'Ruo Zhang', 'Hao-Shu Fang', 'Minghao Gou', 'Hongjie Fang', 'Chenxi Wang', 'Sheng Xu', 'Hengxu Yan', 'Cewu Lu']","[None, 'University College London, University of London', 'Shanghai Jiao Tong University', 'Shanghai Jiaotong University', 'Shanghai Jiao Tong University', 'Shanghai Jiao Tong University', 'Shanghai Jiaotong University', 'Shanghai Jiaotong University', 'Shanghai Jiao Tong University']",Not Found,United Kingdom; China,88,5
ReVISE: Self-Supervised Speech Resynthesis With Visual Input for Universal and Generalized Speech Regeneration,"['Wei-Ning Hsu', 'Tal Remez', 'Bowen Shi', 'Jacob Donley', 'Yossi Adi']","['Facebook', 'Meta AI', 'Toyota Technological Institute at Chicago', 'Research, Meta', 'Hebrew University of Jerusalem']",Not Found,United States; Qatar; Israel,,126
Structured Sparsity Learning for Efficient Video Super-Resolution,"['Bin Xia', 'Jingwen He', 'Yulun Zhang', 'Yitong Wang', 'Yapeng Tian', 'Wenming Yang', 'Luc Van Gool']","['Tsinghua University, Tsinghua University', 'Shanghai ai lab', 'ETH Zürich', 'ByteDance Inc', 'University of Texas at Dallas', 'Tsinghua University,', 'ETH Zurich']","15 June, 2022",China; Switzerland; United States,1,31
Non-Contrastive Unsupervised Learning of Physiological Signals From Video,"['Jeremy Speth', 'Nathan Vance', 'Patrick Flynn', 'Adam Czajka']","['University of Notre Dame', 'University of Notre Dame', 'University of Notre Dame', 'University of Notre Dame']",March 2023,United States,88,88
Weakly-Supervised Single-View Image Relighting,"['Renjiao Yi', 'Chenyang Zhu', 'Kai Xu']","['National University of Defense Technology', 'National University of Defense Technology', 'National University of Defense Technology']",March 2023,China,,
Learning Audio-Visual Source Localization via False Negative Aware Contrastive Learning,"['Weixuan Sun', 'Jiayi Zhang', 'Jianyuan Wang', 'Zheyuan Liu', 'Yiran Zhong', 'Tianpeng Feng', 'Yandong Guo', 'Yanhao Zhang', 'Nick Barnes']","[None, None, 'Oxford VGG', 'Australian National University', 'SenseTime', 'OPPO Research Institute', 'OPPO Research Institute', 'Oppo', 'Australian National University']","20 March, 2023",Australia; China,,88
End-to-End Video Matting With Trimap Propagation,"['Wei-Lun Huang', 'Ming-Sui Lee']","['Graduate Institute of Networking and Multimedia, National Taiwan University', 'Department of computer science and informational engineering, National Taiwan University']",Not Found,Taiwan,146,146
Human Body Shape Completion With Implicit Shape and Flow Learning,"['Boyao Zhou', 'Di Meng', 'Jean-Sébastien Franco', 'Edmond Boyer']","['Inria', 'INRIA', 'Grenoble Universities', 'INRIA Grenoble Rhône-Alpes']",Not Found,France,160,160
TinyMIM: An Empirical Study of Distilling MIM Pre-Trained Models,"['Sucheng Ren', 'Fangyun Wei', 'Zheng Zhang', 'Han Hu']","['South China University of Technology, Tsinghua University', None, 'Microsoft', 'Microsft Research Asia']",January 2023,China; United States,1,
Plateau-Reduced Differentiable Path Tracing,"['Michael Fischer', 'Tobias Ritschel']","['University College London', 'University College London']","30 November, 2022",United Kingdom,88,88
Computationally Budgeted Continual Learning: What Does Matter?,"['Ameya Prabhu', 'Hasan Abed Al Kader Hammoud', 'Puneet K. Dokania', 'Philip H.S. Torr', 'Ser-Nam Lim', 'Bernard Ghanem', 'Adel Bibi']","['University of Oxford', None, 'University of Oxford', 'University of Oxford', 'Meta AI', 'KAUST', 'University of Oxford']",Not Found,United Kingdom; Saudi Arabia,85,85
Event-Based Shape From Polarization,"['Manasi Muglikar', 'Leonard Bauersfeld', 'Diederik Paul Moeys', 'Davide Scaramuzza']","['Robotics and Perception Group, UZH/ETH', 'University of Zurich', 'Sony Europe Ltd.', 'University of Zurich']",December 2023,Switzerland; United Kingdom,,200
Adversarially Robust Neural Architecture Search for Graph Neural Networks,"['Beini Xie', 'Heng Chang', 'Ziwei Zhang', 'Xin Wang', 'Daixin Wang', 'Zhiqiang Zhang', 'Rex Ying', 'Wenwu Zhu']","['Tsinghua University', 'Tsinghua-Berkeley Shenzhen Institute', 'Tsinghua University, Tsinghua University', None, 'Ant Group', 'Ant Group', 'Yale University', 'Tsinghua University, Tsinghua University']",April 2023,China; United States,1,1
An In-Depth Exploration of Person Re-Identification and Gait Recognition in Cloth-Changing Conditions,"['Weijia Li', 'Saihui Hou', 'Chunjie Zhang', 'Chunshui Cao', 'Xu Liu', 'Yongzhen Huang', 'Yao Zhao']","['Beijing Jiaotong University', 'Beijing Normal University', 'Beijing Jiaotong University', 'Watrix Technology', 'Watrix Technology Limited Co. Ltd', 'Beijing Normal University', 'Beijing Jiaotong University']",Not Found,China,185,185
From Node Interaction To Hop Interaction: New Effective and Scalable Graph Learning Paradigm,"['Jie Chen', 'Zilong Li', 'Yin Zhu', 'Junping Zhang', 'Jian Pu']","[None, 'fudan university', 'Fudan University', 'Fudan University', None]","21 November, 2022",China,16,16
Transfer4D: A Framework for Frugal Motion Capture and Deformation Transfer,"['Shubh Maheshwari', 'Rahul Narain', 'Ramya Hebbalaguppe']","['Home', 'Indian Institute of Technology Delhi', 'Indian Institute of Technology, Delhi']",Not Found,India,,
HumanBench: Towards General Human-Centric Perception With Projector Assisted Pretraining,"['Shixiang Tang', 'Cheng Chen', 'Qingsong Xie', 'Meilin Chen', 'Yizhou Wang', 'Yuanzheng Ci', 'Lei Bai', 'Feng Zhu', 'Haiyang Yang', 'Li Yi', 'Rui Zhao', 'Wanli Ouyang']","['University of Sydney', 'Beijing University of Posts and Telecommunications', 'Shanghai Jiaotong University', 'Zhejiang University', None, None, 'Shanghai AI Laboratory', 'SenseTime Group LTD', 'Nanjing University', 'Shanghai Jiaotong University', 'Qing Yuan Research Institute, Shanghai Jiao Tong University', 'University of Sydney']",March 2023,Australia; China,71,71
SECAD-Net: Self-Supervised CAD Reconstruction by Learning Sketch-Extrude Operations,"['Pu Li', 'Jianwei Guo', 'Xiaopeng Zhang', 'Dong-Ming Yan']","['Institute of automation, Chinese academy of science, Chinese Academy of Sciences', 'Institute of Automation, Chinese Academy of Sciences', 'Institute of Automation, Chinese Academy of Sciences', 'Institute of Automation, Chinese Academy of Sciences']",March 2023,China,12,12
Learning Multi-Modal Class-Specific Tokens for Weakly Supervised Dense Object Localization,"['Lian Xu', 'Wanli Ouyang', 'Mohammed Bennamoun', 'Farid Boussaid', 'Dan Xu']","['The University of Western Australia', 'University of Sydney', 'University of Western Australia', 'The University of Western Australia', 'Department of Computer Science and Engineering, The Hong Kong University of Science and Technology']",Not Found,Australia,244,
Instant Volumetric Head Avatars,"['Wojciech Zielonka', 'Timo Bolkart', 'Justus Thies']","['Max Planck Institute for Intelligent Systems', 'Google', 'Max-Planck Institute for Intelligent Systems']","22 November, 2022",Germany; United States,,
Boundary-Enhanced Co-Training for Weakly Supervised Semantic Segmentation,"['Shenghai Rong', 'Bohai Tu', 'Zilei Wang', 'Junjie Li']","['University of Science and Technology of China', 'University of Science and Technology of China', 'University of Science and Technology of China', 'University of Science and Technology of China']",Not Found,China,,
CRAFT: Concept Recursive Activation FacTorization for Explainability,"['Thomas Fel', 'Agustin Picard', 'Louis Béthune', 'Thibaut Boissin', 'David Vigouroux', 'Julien Colin', 'Rémi Cadène', 'Thomas Serre']","['Brown University', 'IRT Saint-Exupéry', 'ANITI', 'IRT Saint exupéry', 'IRT Saint Exupery', 'ELLIS Alicante       Brown University', 'LIP6', 'Brown University']","17 November, 2022",United States,88,88
Don’t Lie to Me! Robust and Efficient Explainability With Verified Perturbation Analysis,"['Thomas Fel', 'Melanie Ducoffe', 'David Vigouroux', 'Rémi Cadène', 'Mikaël Capelle', 'Claire Nicodème', 'Thomas Serre']","['Brown University', 'Airbus', 'IRT Saint Exupery', 'LIP6', 'IRT Saint-Exupery', 'SNCF', 'Brown University']",Not Found,United States,88,88
HOOD: Hierarchical Graphs for Generalized Modelling of Clothing Dynamics,"['Artur Grigorev', 'Michael J. Black', 'Otmar Hilliges']","['', 'University of Tübingen', None]","14 December, 2022",Germany,138,138
Learning To Predict Scene-Level Implicit 3D From Posed RGBD Data,"['Nilesh Kulkarni', 'Linyi Jin', 'Justin Johnson', 'David F. Fouhey']","[None, None, 'University of Michigan', 'University of Michigan']",June 2023,United States,29,29
Prompting Large Language Models With Answer Heuristics for Knowledge-Based Visual Question Answering,"['Zhenwei Shao', 'Zhou Yu', 'Meng Wang', 'Jun Yu']","['Hangzhou Dianzi University', 'Hangzhou Dianzi University', 'Hefei University of Technology', 'Hangzhou Dianzi University']","3 March, 2023",China,,
Harmonious Feature Learning for Interactive Hand-Object Pose Estimation,"['Zhifeng Lin', 'Changxing Ding', 'Huan Yao', 'Zengsheng Kuang', 'Shaoli Huang']","[None, 'South China University of Technology', 'South China University of Technology', 'South China University of Technology', 'Tencent AI Lab']",Not Found,China,486,
"Decompose, Adjust, Compose: Effective Normalization by Playing With Frequency for Domain Generalization","['Sangrok Lee', 'Jongseong Bae', 'Ha Young Kim']","['Yonsei University', 'Yonsei University, Seoul, Korea', None]","4 March, 2023",South Korea,61,61
Habitat-Matterport 3D Semantics Dataset,"['Karmesh Yadav', 'Ram Ramrakhya', 'Santhosh Kumar Ramakrishnan', 'Theo Gervet', 'John Turner', 'Aaron Gokaslan', 'Noah Maestre', 'Angel Xuan Chang', 'Dhruv Batra', 'Manolis Savva', 'Alexander William Clegg', 'Devendra Singh Chaplot']","['Meta AI', None, 'University of Texas, Austin', 'Carnegie Mellon University', 'Facebook', 'Cornell University', 'Facebook', 'Simon Fraser University', 'FAIR (Meta) and Georgia Tech', 'Simon Fraser University', 'Meta AI', 'Carnegie Mellon University']","11 October, 2022",United States; Canada,,3
Reinforcement Learning-Based Black-Box Model Inversion Attacks,"['Gyojin Han', 'Jaehyun Choi', 'Haeil Lee', 'Junmo Kim']","[None, 'Korea Advanced Institute of Science & Technology', 'Korea Advanced Institute of Science and Technology', 'Korea Advanced Institute of Science and Technology']",April 2023,South Korea,,
PIRLNav: Pretraining With Imitation and RL Finetuning for ObjectNav,"['Ram Ramrakhya', 'Dhruv Batra', 'Erik Wijmans', 'Abhishek Das']","[None, 'FAIR (Meta) and Georgia Tech', 'Apple', 'Meta FAIR']","17 January, 2023",United States,,
DC2: Dual-Camera Defocus Control by Learning To Refocus,"['Hadi Alzayer', 'Abdullah Abuolaim', 'Leung Chun Chan', 'Yang Yang', 'Ying Chen Lou', 'Jia-Bin Huang', 'Abhishek Kar']","['University of Maryland', 'Google', 'University of California, San Diego', 'Google', 'Google', 'University of Maryland, College Park', 'Google']",Not Found,United States,15,
The ObjectFolder Benchmark: Multisensory Learning With Neural and Real Objects,"['Ruohan Gao', 'Yiming Dou', 'Hao Li', 'Tanmay Agarwal', 'Jeannette Bohg', 'Yunzhu Li', 'Li Fei-Fei', 'Jiajun Wu']","['Stanford University', 'Shanghai Jiao Tong University', 'Stanford University', 'Computer Science Department, Stanford University', 'Stanford University', 'Stanford University', 'Stanford University', 'Stanford University']",June 2023,United States; China,16,16
Rethinking Domain Generalization for Face Anti-Spoofing: Separability and Alignment,"['Yiyou Sun', 'Yaojie Liu', 'Xiaoming Liu', 'Yixuan Li', 'Wen-Sheng Chu']","['University of Wisconsin, Madison', 'Google Research', None, 'University of Wisconsin Madison', 'Google Research']",March 2023,United States,66,
Grad-PU: Arbitrary-Scale Point Cloud Upsampling via Gradient Descent With Learned Distance Functions,"['Yun He', 'Danhang Tang', 'Yinda Zhang', 'Xiangyang Xue', 'Yanwei Fu']","['Fudan University', 'Google Inc.', 'Google', 'Fudan University', None]",April 2023,China; United States,16,16
Texts as Images in Prompt Tuning for Multi-Label Image Recognition,"['Zixian Guo', 'Bowen Dong', 'Zhilong Ji', 'Jinfeng Bai', 'Yiwen Guo', 'Wangmeng Zuo']","['Harbin Institute of Technology', 'Harbin Institute of Technology', 'Tomorrow Advancing Life', 'Institute of automation, Chinese academy of science, Chinese Academy of Sciences', 'ByteDance', 'Harbin Institute of Technology']","23 November, 2022",China,23,23
Unsupervised Inference of Signed Distance Functions From Single Sparse Point Clouds Without Learning Priors,"['Chao Chen', 'Yu-Shen Liu', 'Zhizhong Han']","['Tsinghua University', None, 'Wayne State University']",March 2023,China; United States,1,200
Neural Vector Fields: Implicit Representation by Explicit Learning,"['Xianghui Yang', 'Guosheng Lin', 'Zhenghao Chen', 'Luping Zhou']","['University of Sydney', 'Nanyang Technological University', 'University of Sydney', 'University of Sydney']","7 March, 2023",Australia; Singapore,71,71
Zero-Shot Pose Transfer for Unrigged Stylized 3D Characters,"['Jiashun Wang', 'Xueting Li', 'Sifei Liu', 'Shalini De Mello', 'Orazio Gallo', 'Xiaolong Wang', 'Jan Kautz']","['School of Computer Science, Carnegie Mellon University', 'NVIDIA', 'NVIDIA', 'NVIDIA Research', 'NVIDIA', 'UCSD', None]",June 2023,United States,3,
Complete 3D Human Reconstruction From a Single Incomplete Image,"['Junying Wang', 'Jae Shin Yoon', 'Tuanfeng Y. Wang', 'Krishna Kumar Singh', 'Ulrich Neumann']","[None, 'Adobe Systems', None, 'Adobe Systems', 'University of Southern California']",Not Found,United States,,42
PartDistillation: Learning Parts From Instance Segmentation,"['Jang Hyun Cho', 'Philipp Krähenbühl', 'Vignesh Ramanathan']","['University of Texas, Austin', 'University of Texas at Austin', 'Facebook']",Not Found,United States,,
EDICT: Exact Diffusion Inversion via Coupled Transformations,"['Bram Wallace', 'Akash Gokul', 'Nikhil Naik']","['SalesForce.com', 'SalesForce.com', 'MIT']",January 2025,United States,,222
PartSLIP: Low-Shot Part Segmentation for 3D Point Clouds via Pretrained Image-Language Models,"['Minghua Liu', 'Yinhao Zhu', 'Hong Cai', 'Shizhong Han', 'Zhan Ling', 'Fatih Porikli', 'Hao Su']","['University of California, San Diego', 'Qualcomm AI Research', 'Qualcomm AI Research', 'QualComm', 'University of California, San Diego', 'QualComm', 'UCSD']","3 December, 2022",United States,12,
Regularized Vector Quantization for Tokenized Image Synthesis,"['Jiahui Zhang', 'Fangneng Zhan', 'Christian Theobalt', 'Shijian Lu']","[None, None, 'MPI Informatik', 'Nanyang Technological University']","11 March, 2023",Singapore,,8
EDGE: Editable Dance Generation From Music,"['Jonathan Tseng', 'Rodrigo Castellon', 'Karen Liu']","['Stanford University', 'Stanford University', 'Computer Science Department, Stanford University']","19 November, 2022",United States,16,16
Low-Light Image Enhancement via Structure Modeling and Guidance,"['Xiaogang Xu', 'Ruixing Wang', 'Jiangbo Lu']","['Zhejiang Lab', 'Honor. Inc', 'SmartMore Corporation']",May 2023,,,
Where Is My Spot? Few-Shot Image Generation via Latent Subspace Optimization,"['Chenxi Zheng', 'Bangzhen Liu', 'Huaidong Zhang', 'Xuemiao Xu', 'Shengfeng He']","['South China University of Technology', 'South China University of Technology', 'South China University of Technology', 'South China University of Technology', 'Singapore Management University']",Not Found,China; Singapore,486,27
Bilateral Memory Consolidation for Continual Learning,"['Xing Nie', 'Shixiong Xu', 'Xiyan Liu', 'Gaofeng Meng', 'Chunlei Huo', 'Shiming Xiang']","['Institute of automation, Chinese academy of science, Chinese Academy of Sciences', 'Institute of automation, Chinese academy of science, Chinese Academy of Sciences', 'Baidu', 'Institute of automation, Chinese academy of science, Chinese Academy of Sciences', 'CASIA', 'Institute of automation, Chinese academy of science, Chinese Academy of Sciences']",Not Found,China,12,12
Structure Aggregation for Cross-Spectral Stereo Image Guided Denoising,"['Zehua Sheng', 'Zhu Yu', 'Xiongwei Liu', 'Si-Yuan Cao', 'Yuqi Liu', 'Hui-Liang Shen', 'Huaqi Zhang']","[None, 'Zhejiang University', 'Zhejiang University', None, 'Zhejiang University', None, 'Hangzhou VIVO Information Technology Co., Ltd']",Not Found,China,2,
What Happened 3 Seconds Ago? Inferring the Past With Thermal Imaging,"['Zitian Tang', 'Wenjie Ye', 'Wei-Chiu Ma', 'Hang Zhao']","['Tsinghua University', 'Institute for Interdisciplinary Information Sciences, Tsinghua University', 'Waabi AI', 'Tsinghua University']",Not Found,China,1,1
Contrastive Grouping With Transformer for Referring Image Segmentation,"['Jiajin Tang', 'Ge Zheng', 'Cheng Shi', 'Sibei Yang']","['ShanghaiTech University', 'ShanghaiTech University', 'ShanghaiTech University', None]",September 2023,China,75,75
Learning To Segment Every Referring Object Point by Point,"['Mengxue Qu', 'Yu Wu', 'Yunchao Wei', 'Wu Liu', 'Xiaodan Liang', 'Yao Zhao']","['Beijing Jiaotong University', 'Wuhan University', 'UTS', None, 'Sun Yat-sen University', 'Beijing Jiaotong University']",Not Found,China,185,185
Event-Guided Person Re-Identification via Sparse-Dense Complementary Learning,"['Chengzhi Cao', 'Xueyang Fu', 'Hongjian Liu', 'Yukun Huang', 'Kunyu Wang', 'Jiebo Luo', 'Zheng-Jun Zha']","['University of Science and Technology of China', 'University of Science and Technology of China', 'University of Science and Technology of China', 'University of Science and Technology of China', 'University of Science and Technology of China', 'University of Rochester', 'University of Science and Technology of China']",Not Found,China; United States,,
RIDCP: Revitalizing Real Image Dehazing via High-Quality Codebook Priors,"['Rui-Qi Wu', 'Zheng-Peng Duan', 'Chun-Le Guo', 'Zhi Chai', 'Chongyi Li']","['Nankai University', 'Nankai University', None, 'Huawei Technologies Ltd.', ' Nanyang Technological University']",April 2023,China; Singapore,88,8
Dynamic Graph Enhanced Contrastive Learning for Chest X-Ray Report Generation,"['Mingjie Li', 'Bingqian Lin', 'Zicong Chen', 'Haokun Lin', 'Xiaodan Liang', 'Xiaojun Chang']","['University of Technology Sydney', 'SUN YAT-SEN UNIVERSITY', 'SUN YAT-SEN UNIVERSITY', 'SUN YAT-SEN UNIVERSITY', 'Sun Yat-sen University', 'University of Technology Sydney']",March 2023,Australia; China,138,138
GlassesGAN: Eyewear Personalization Using Synthetic Appearance Discovery and Targeted Subspace Modeling,"['Richard Plesh', 'Peter Peer', 'Vitomir Struc']","['Clarkson University and University of Ljubljana', 'University of Ljubljana', 'University of Ljubljana']","24 October, 2022",Slovenia,,
Gaussian Label Distribution Learning for Spherical Image Object Detection,"['Hang Xu', 'Xinyuan Liu', 'Qiang Zhao', 'Yike Ma', 'Chenggang Yan', 'Feng Dai']","['Hangzhou Dianzi University', 'ICT, Chinese Academy of Sciences', ', Chinese Academy of Sciences', ', Chinese Academy of Sciences', 'Hangzhou Dianzi University, Tsinghua University', 'ICT, Chinese Academy of Sciences']",Not Found,China; India,,12
Long Range Pooling for 3D Large-Scale Scene Understanding,"['Xiang-Li Li', 'Meng-Hao Guo', 'Tai-Jiang Mu', 'Ralph R. Martin', 'Shi-Min Hu']","[None, 'Tsinghua University, Tsinghua University', 'Tsinghua University, Tsinghua University', 'Cardiff University', 'Tsinghua University, Tsinghua University']",January 2023,China; United Kingdom,1,1
Learning Spatial-Temporal Implicit Neural Representations for Event-Guided Video Super-Resolution,"['Yunfan Lu', 'Zipeng Wang', 'Minjie Liu', 'Hongjian Wang', 'Lin Wang']","['Hong Kong University of Science and Technology(GuangZhou)', 'Hong Kong University of Science and Technology', 'Hongkong University of Science and Technology(Guangzhou)', 'Tsinghua University', 'Hong Kong University of Science and Technology']","23 March, 2023",China; Hong Kong,,
PaletteNeRF: Palette-Based Appearance Editing of Neural Radiance Fields,"['Zhengfei Kuang', 'Fujun Luan', 'Sai Bi', 'Zhixin Shu', 'Gordon Wetzstein', 'Kalyan Sunkavalli']","['Stanford University', 'Adobe Systems', 'Adobe Systems', 'Adobe Systems', 'Stanford University', 'Adobe Research']","20 December, 2022",United States,16,
Ego-Body Pose Estimation via Ego-Head Pose Estimation,"['Jiaman Li', 'Karen Liu', 'Jiajun Wu']","['Stanford University', 'Computer Science Department, Stanford University', 'Stanford University']","8 December, 2022",United States,16,16
Towards Stable Human Pose Estimation via Cross-View Fusion and Foot Stabilization,"['Li’an Zhuo', 'Jian Cao', 'Qi Wang', 'Bang Zhang', 'Liefeng Bo']","['Alibaba Group', 'Alibaba Group', 'Alibaba Group', 'Alibaba Group', 'University of Washington']",Not Found,United States,,22
Command-Driven Articulated Object Understanding and Manipulation,"['Ruihang Chu', 'Zhengzhe Liu', 'Xiaoqing Ye', 'Xiao Tan', 'Xiaojuan Qi', 'Chi-Wing Fu', 'Jiaya Jia']","[None, 'The Chinese University of Hong Kong', 'Baidu Inc.', 'Baidu', 'University of Oxford', 'The Chinese University of Hong Kong', 'The Chinese University of Hong Kong']",Not Found,Hong Kong; United Kingdom,26,26
ReasonNet: End-to-End Driving With Temporal and Global Reasoning,"['Hao Shao', 'Letian Wang', 'Ruobing Chen', 'Steven L. Waslander', 'Hongsheng Li', 'Yu Liu']","[None, 'University of Toronto', 'Sensetime Group', 'University of Toronto', 'The Chinese University of Hong Kong', 'The Chinese University of Hong Kong']",May 2023,Canada; Hong Kong,23,26
Learning Instance-Level Representation for Large-Scale Multi-Modal Pretraining in E-Commerce,"['Yang Jin', 'Yongzhi Li', 'Zehuan Yuan', 'Yadong Mu']","[None, 'Bytedance', 'Nanjing University', 'Peking University']",April 2023,China,,3
Adaptive Sparse Pairwise Loss for Object Re-Identification,"['Xiao Zhou', 'Yujie Zhong', 'Zhen Cheng', 'Fan Liang', 'Lin Ma']","['Tsinghua University, Tsinghua University', 'Meituan Inc.', 'Tsinghua University, Tsinghua University', 'Meituan', 'Meituan']",March 2023,China,1,
FedSeg: Class-Heterogeneous Federated Learning for Semantic Segmentation,"['Jiaxu Miao', 'Zongxin Yang', 'Leilei Fan', 'Yi Yang']","['', 'Zhejiang University', 'Zhejiang University', 'Zhejiang University']",Not Found,China,2,2
UniDAformer: Unified Domain Adaptive Panoptic Segmentation Transformer via Hierarchical Mask Calibration,"['Jingyi Zhang', 'Jiaxing Huang', 'Xiaoqin Zhang', 'Shijian Lu']","[None, 'Nanyang Technological University', 'Wenzhou University', 'Nanyang Technological University']","30 June, 2022",Singapore,8,8
Iterative Next Boundary Detection for Instance Segmentation of Tree Rings in Microscopy Images of Shrub Cross Sections,"['Alexander Gillert', 'Giulia Resente', 'Alba Anadon-Rosell', 'Martin Wilmking', 'Uwe Freiherr von Lukas']","['Fraunhofer Institute for Graphics Research (IGD)', 'Ernst-Moritz-Arndt Universität Greifswald', 'CREAF', 'Ernst-Moritz-Arndt Universität Greifswald', 'Fraunhofer IGD']","6 December, 2022",,,
HyperReel: High-Fidelity 6-DoF Video With Ray-Conditioned Sampling,"['Benjamin Attal', 'Jia-Bin Huang', 'Christian Richardt', 'Michael Zollhöfer', 'Johannes Kopf', 'Matthew O’Toole', 'Changil Kim']","['CMU, Carnegie Mellon University', 'University of Maryland, College Park', 'Meta Reality Labs', 'Facebook', 'Facebook', 'Carnegie Mellon University', 'Facebook']","5 January, 2023",United States,3,
Compressing Volumetric Radiance Fields to 1 MB,"['Lingzhi Li', 'Zhen Shen', 'Zhongshu Wang', 'Li Shen', 'Liefeng Bo']","['Alibaba Group', 'Alibaba Group', 'Alibaba Group', 'Alibaba Group', 'University of Washington']",November 2022,United States,,22
EC2: Emergent Communication for Embodied Control,"['Yao Mu', 'Shunyu Yao', 'Mingyu Ding', 'Ping Luo', 'Chuang Gan']","['The University of Hong Kong', 'Princeton University', 'UC Berkeley', 'The University of Hong Kong', 'MIT-IBM Watson AI Lab']",Not Found,Hong Kong; United States,26,
Joint Visual Grounding and Tracking With Natural Language Specification,"['Li Zhou', 'Zikun Zhou', 'Kaige Mao', 'Zhenyu He']","['Harbin Institute of Technology, Shenzhen', 'Peng Cheng Laboratory', 'Harbin Institute of Technology', 'Harbin Institute of Technology, Shenzhen']",March 2023,China,23,23
TranSG: Transformer-Based Skeleton Graph Prototype Contrastive Learning With Structure-Trajectory Prompted Reconstruction for Person Re-Identification,"['Haocong Rao', 'Chunyan Miao']","[None, 'School of Computer Science and  Engineering, Nanyang Technological University']","12 March, 2023",Singapore,8,8
DAA: A Delta Age AdaIN Operation for Age Estimation via Binary Code Transformer,"['Ping Chen', 'Xingpeng Zhang', 'Ye Li', 'Ju Tao', 'Bin Xiao', 'Bing Wang', 'Zongjie Jiang']","['Great Wall Motor Company Limited', 'Southwest Petroleum University', 'Shanghai Jiayu Intelligent Technology Co., Ltd.', 'Shanghai Jiayu Intelligent Technology Co., Ltd.', 'Southwest Petroleum University', 'school of computer science', 'Alibaba Group']",March 2023,,,
Evading DeepFake Detectors via Adversarial Statistical Consistency,"['Yang Hou', 'Qing Guo', 'Yihao Huang', 'Xiaofei Xie', 'Lei Ma', 'Jianjun Zhao']","['', 'Institute of High Performance Computing, Singapore, A*STAR', 'Nanyang Technological University', 'Singapore Management University', 'University of Alberta', 'Kyushu University']",April 2023,Singapore; Canada,,
DiffTalk: Crafting Diffusion Models for Generalized Audio-Driven Portraits Animation,"['Shuai Shen', 'Wenliang Zhao', 'Zibin Meng', 'Wanhua Li', 'Zheng Zhu', 'Jie Zhou', 'Jiwen Lu']","[None, 'Automation, Tsinghua University, Tsinghua University', 'Tsinghua University, Tsinghua University', 'Harvard University', 'Tsinghua University', None, 'Tsinghua University']","10 January, 2023",China; United States,1,1
Disentangled Representation Learning for Unsupervised Neural Quantization,"['Haechan Noh', 'Sangeek Hyun', 'Woojin Jeong', 'Hanshin Lim', 'Jae-Pil Heo']","['Sungkyunkwan University', 'Sungkyunkwan University', 'Sungkyunkwan University', 'ETRI', 'Sungkyunkwan University']",Not Found,South Korea,106,106
Zero-Shot Model Diagnosis,"['Jinqi Luo', 'Zhaoning Wang', 'Chen Henry Wu', 'Dong Huang', 'Fernando De la Torre']","['Carnegie Mellon University', 'Unviersity of Central Florida', 'Carnegie Mellon University', 'Carnegie Mellon University', 'Carnegie Mellon']",April 2025,United States,3,3
Omni3D: A Large Benchmark and Model for 3D Object Detection in the Wild,"['Garrick Brazil', 'Abhinav Kumar', 'Julian Straub', 'Nikhila Ravi', 'Justin Johnson', 'Georgia Gkioxari']","['Facebook', 'Michigan State University', 'Meta Reality Labs Research', 'Facebook', 'University of Michigan', 'California Institute of Technology']","21 July, 2022",United States,,185
Learning Bottleneck Concepts in Image Classification,"['Bowen Wang', 'Liangzhi Li', 'Yuta Nakashima', 'Hajime Nagahara']","[None, 'Osaka University', 'Osaka University', 'Osaka University']",April 2023,Japan,244,244
Multi-Centroid Task Descriptor for Dynamic Class Incremental Inference,"['Tenghao Cai', 'Zhizhong Zhang', 'Xin Tan', 'Yanyun Qu', 'Guannan Jiang', 'Chengjie Wang', 'Yuan Xie']","['East China Normal University', 'East China Normal University', 'East China Normal University', 'Xiamen University', 'Contemporary Amperex Technology Co., Limited', 'Shanghai Jiao Tong University', 'East China Normal University']",Not Found,China,200,200
Explicit Boundary Guided Semi-Push-Pull Contrastive Learning for Supervised Anomaly Detection,"['Xincheng Yao', 'Ruoqi Li', 'Jing Zhang', 'Jun Sun', 'Chongyang Zhang']","[None, 'Shanghai Jiaotong University', 'Academy of Military Science', 'Shanghai Jiaotong University', 'Shanghai Jiao Tong University']","4 July, 2022",China,,5
CORA: Adapting CLIP for Open-Vocabulary Detection With Region Prompting and Anchor Pre-Matching,"['Xiaoshi Wu', 'Feng Zhu', 'Rui Zhao', 'Hongsheng Li']","['Electronic Engineering, The Chinese University of Hong Kong', 'SenseTime Group LTD', 'Qing Yuan Research Institute, Shanghai Jiao Tong University', 'The Chinese University of Hong Kong']",March 2023,Hong Kong; China,26,26
CXTrack: Improving 3D Point Cloud Tracking With Contextual Information,"['Tian-Xing Xu', 'Yuan-Chen Guo', 'Yu-Kun Lai', 'Song-Hai Zhang']","['', 'Tsinghua University', 'Cardiff University', 'Tsinghua University, Tsinghua University']","12 November, 2022",China; United Kingdom,1,1
Efficient Multimodal Fusion via Interactive Prompting,"['Yaowei Li', 'Ruijie Quan', 'Linchao Zhu', 'Yi Yang']","['University of Technology Sydney (UTS)', 'Zhejiang University', None, 'Zhejiang University']","13 April, 2023",Australia; China,138,2
MOTRv2: Bootstrapping End-to-End Multi-Object Tracking by Pretrained Object Detectors,"['Yuang Zhang', 'Tiancai Wang', 'Xiangyu Zhang']","['Shanghai Jiao Tong University', 'Megvii Technology Inc.', 'MEGVII Technology']","17 November, 2022",China,5,
AsyFOD: An Asymmetric Adaptation Paradigm for Few-Shot Domain Adaptive Object Detection,"['Yipeng Gao', 'Kun-Yu Lin', 'Junkai Yan', 'Yaowei Wang', 'Wei-Shi Zheng']","['SUN YAT-SEN UNIVERSITY', 'SUN YAT-SEN UNIVERSITY', 'SUN YAT-SEN UNIVERSITY', 'Pengcheng Laboratory', 'SUN YAT-SEN UNIVERSITY']",Not Found,China,29,29
NerVE: Neural Volumetric Edges for Parametric Curve Extraction From Point Cloud,"['Xiangyu Zhu', 'Dong Du', 'Weikai Chen', 'Zhiyou Zhao', 'Yinyu Nie', 'Xiaoguang Han']","['The Chinese University of Hong Kong, Shenzhen', 'The Chinese University of Hong Kong, Shenzhen', 'Tencent America', 'The Chinese University of Hong Kong, Shenzhen', None, 'The Chinese University of Hong Kong, Shenzhen']",March 2023,Hong Kong; China,26,26
Referring Multi-Object Tracking,"['Dongming Wu', 'Wencheng Han', 'Tiancai Wang', 'Xingping Dong', 'Xiangyu Zhang', 'Jianbing Shen']","['Beijing Institute of Technology', 'University of Macau', 'Megvii Technology Inc.', 'Inception Institute of Artificial Intelligence', 'MEGVII Technology', 'Beijing Institute of Technology']","2 September, 2025",China; Macau,126,126
Paint by Example: Exemplar-Based Image Editing With Diffusion Models,"['Binxin Yang', 'Shuyang Gu', 'Bo Zhang', 'Ting Zhang', 'Xuejin Chen', 'Xiaoyan Sun', 'Dong Chen', 'Fang Wen']","['University of Science and Technology of China', 'Research, Microsoft', 'Microsoft', 'Microsoft', 'University of Science and Technology of China', 'University of Science and Technology of China', 'Microsoft', 'Microsoft']",November 2022,China; Qatar; United States,,
Interactive Cartoonization With Controllable Perceptual Factors,"['Namhyuk Ahn', 'Patrick Kwon', 'Jihye Back', 'Kibeom Hong', 'Seungkwon Kim']","['NAVER WEBTOON Corp.', 'Naver Webtoon', 'Seoul National University', 'Yonsei University', 'NAVER WEBTOON']","19 December, 2022",South Korea,,
Rethinking the Approximation Error in 3D Surface Fitting for Point Cloud Normal Estimation,"['Hang Du', 'Xuejun Yan', 'Jingjing Wang', 'Di Xie', 'Shiliang Pu']","['Hikvision Research Institute', 'Hikvision Research Institute', 'Hikvision Research Institute', 'Hikvision Research Institute', 'Zhejiang University']",March 2023,China,,2
Weakly Supervised Monocular 3D Object Detection Using Multi-View Projection and Direction Consistency,"['Runzhou Tao', 'Wencheng Han', 'Zhongying Qiu', 'Cheng-Zhong Xu', 'Jianbing Shen']","['Beijing Institute of Technology', 'University of Macau', 'Beijing University of Aeronautics and Astronautics', 'University of Macau', 'Beijing Institute of Technology']",March 2023,China; Macau,126,126
Representing Volumetric Videos As Dynamic MLP Maps,"['Sida Peng', 'Yunzhi Yan', 'Qing Shuai', 'Hujun Bao', 'Xiaowei Zhou']","[None, 'Zhejiang University', 'Zhejiang University', 'Zhejiang University', None]",April 2023,China,2,2
3D-Aware Face Swapping,"['Yixuan Li', 'Chao Ma', 'Yichao Yan', 'Wenhan Zhu', 'Xiaokang Yang']","['None', 'Shanghai Jiao Tong University', 'Shanghai Jiao Tong University', None, 'Shanghai Jiao Tong University, China']",Not Found,China,5,5
Exploring the Effect of Primitives for Compositional Generalization in Vision-and-Language,"['Chuanhao Li', 'Zhen Li', 'Chenchen Jing', 'Yunde Jia', 'Yuwei Wu']","[None, 'Beijing Institute of Technology', 'Beijing Institute of Technology', None, 'Beijing Institute of Technology']",Not Found,China,126,126
NeuWigs: A Neural Dynamic Model for Volumetric Hair Capture and Animation,"['Ziyan Wang', 'Giljoo Nam', 'Tuur Stuyck', 'Stephen Lombardi', 'Chen Cao', 'Jason Saragih', 'Michael Zollhöfer', 'Jessica Hodgins', 'Christoph Lassner']","['Carnegie Mellon University', 'Meta', 'Meta', 'Google', 'Facebook', 'Facebook', 'Facebook', 'Boston Dynamics AI Institute', 'Epic Games']","1 December, 2022",United States,3,
Proximal Splitting Adversarial Attack for Semantic Segmentation,"['Jérôme Rony', 'Jean-Christophe Pesquet', 'Ismail Ben Ayed']","['ÉTS Montréal', 'CentraleSupelec', 'ETS Montreal']","14 June, 2022",Canada,,292
Data-Free Sketch-Based Image Retrieval,"['Abhra Chaudhuri', 'Ayan Kumar Bhunia', 'Yi-Zhe Song', 'Anjan Dutta']","['University of Exeter', 'University of Surrey, United Kingdom', None, 'University of Surrey']",March 2023,United Kingdom,222,106
CDDFuse: Correlation-Driven Dual-Branch Feature Decomposition for Multi-Modality Image Fusion,"['Zixiang Zhao', 'Haowen Bai', 'Jiangshe Zhang', 'Yulun Zhang', 'Shuang Xu', 'Zudi Lin', 'Radu Timofte', 'Luc Van Gool']","[""Xi'an Jiaotong University"", ""Xi'an Jiaotong University"", ""Xi'an Jiaotong University"", 'ETH Zürich', ""Northwest Polytechnical University Xi'an"", 'Amazon', 'University of Würzburg', 'ETH Zurich']","25 November, 2022",China; Switzerland; Germany,66,31
Spherical Transformer for LiDAR-Based 3D Recognition,"['Xin Lai', 'Yukang Chen', 'Fanbin Lu', 'Jianhui Liu', 'Jiaya Jia']","[None, None, 'The Chinese University of Hong Kong', 'University of Hong Kong', 'The Chinese University of Hong Kong']",March 2023,Hong Kong,26,26
Adaptive Global Decay Process for Event Cameras,"['Urbano Miguel Nunes', 'Ryad Benosman', 'Sio-Hoi Ieng']","['Sorbonne Université - Faculté des Sciences (Paris VI)', 'Carnegie Mellon University', 'Sorbonne Université - Faculté des Sciences (Paris VI)']",Not Found,United States,,
Adapting Shortcut With Normalizing Flow: An Efficient Tuning Framework for Visual Recognition,"['Yaoming Wang', 'Bowen Shi', 'Xiaopeng Zhang', 'Jin Li', 'Yuchen Liu', 'Wenrui Dai', 'Chenglin Li', 'Hongkai Xiong', 'Qi Tian']","[None, 'Shanghai Jiao Tong University', 'Huawei Technologies Ltd.', 'Shanghai Jiao Tong University', None, 'Shanghai Jiao Tong University', 'Shanghai Jiao Tong University', 'Shanghai Jiao Tong University', 'Huawei Technologies Ltd.']",Not Found,China,5,
IPCC-TP: Utilizing Incremental Pearson Correlation Coefficient for Joint Multi-Agent Trajectory Prediction,"['Dekai Zhu', 'Guangyao Zhai', 'Yan Di', 'Fabian Manhardt', 'Hendrik Berkemeyer', 'Tuan Tran', 'Nassir Navab', 'Federico Tombari', 'Benjamin Busam']","['Technische Universität München', 'Technical University of Munich', 'Technische Universität München', 'Google', 'Institute of Cognitive Science, University of Osnabrück', 'Bosch', 'TU Munich', 'Google, TUM', None]","1 March, 2023",Germany; United States; South Africa,,
SOOD: Towards Semi-Supervised Oriented Object Detection,"['Wei Hua', 'Dingkang Liang', 'Jingyu Li', 'Xiaolong Liu', 'Zhikang Zou', 'Xiaoqing Ye', 'Xiang Bai']","['Huazhong University of Science and Technology', None, 'Huazhong University of Science and Technology', 'Huazhong University of Science and Technology', 'Huazhong University of Science and Technology', 'Baidu Inc.', 'Huazhong University of Science and Technology']",April 2023,China,,
Towards Artistic Image Aesthetics Assessment: A Large-Scale Dataset and a New Method,"['Ran Yi', 'Haoyuan Tian', 'Zhihao Gu', 'Yu-Kun Lai', 'Paul L. Rosin']","['Shanghai Jiao Tong University', 'Shanghai Jiao Tong University', 'Shanghai Jiao Tong University', 'Cardiff University', 'Cardiff University']",March 2023,China; United Kingdom,5,138
Standing Between Past and Future: Spatio-Temporal Modeling for Multi-Camera 3D Multi-Object Tracking,"['Ziqi Pang', 'Jie Li', 'Pavel Tokmakov', 'Dian Chen', 'Sergey Zagoruyko', 'Yu-Xiong Wang']","['UIUC', 'NVIDIA', 'Toyota Research Institute', 'Toyota Research Institute', 'MTS AI', None]","7 February, 2023",United States,,
Three Guidelines You Should Know for Universally Slimmable Self-Supervised Learning,"['Yun-Hao Cao', 'Peiqin Sun', 'Shuchang Zhou']","['Nanjing University', 'Megvii Technology Inc.', 'Megvii Technology Inc.']",March 2023,China,6,
Spatially Adaptive Self-Supervised Learning for Real-World Image Denoising,"['Junyi Li', 'Zhilu Zhang', 'Xiaoyu Liu', 'Chaoyu Feng', 'Xiaotao Wang', 'Lei Lei', 'Wangmeng Zuo']","['Harbin Institute of Technology', 'Harbin Institute of Technology', 'Harbin Institute of Technology', 'Dalian University of Technology', 'XiaomiCamera', 'Xiaomi', 'Harbin Institute of Technology']",March 2023,China,23,23
IterativePFN: True Iterative Point Cloud Filtering,"['Dasith de Silva Edirimuni', 'Xuequan Lu', 'Zhiwen Shao', 'Gang Li', 'Antonio Robles-Kelly', 'Ying He']","['Deakin University', None, 'China University of Mining Technology - Xuzhou', 'Deakin University', 'Defence Science and Technology Group (DST), Deakin University', 'Nanyang Technological University']",April 2023,Singapore,,8
3D-Aware Facial Landmark Detection via Multi-View Consistent Training on Synthetic Data,"['Libing Zeng', 'Lele Chen', 'Wentao Bao', 'Zhong Li', 'Yi Xu', 'Junsong Yuan', 'Nima Khademi Kalantari']","['Texas A&M University - College Station', 'University of Rochester', 'Michigan State University', 'InnoPeak Technology', 'OPPO US Research Center', 'State University of New York at Buffalo', 'Texas A&M University']",Not Found,United States,61,61
Semi-Supervised Domain Adaptation With Source Label Adaptation,"['Yu-Chu Yu', 'Hsuan-Tien Lin']","['National Taiwan University', 'National Taiwan University']","5 February, 2023",Taiwan,146,146
"Filtering, Distillation, and Hard Negatives for Vision-Language Pre-Training","['Filip Radenovic', 'Abhimanyu Dubey', 'Abhishek Kadian', 'Todor Mihaylov', 'Simon Vandenhende', 'Yash Patel', 'Yi Wen', 'Vignesh Ramanathan', 'Dhruv Mahajan']","['Facebook', 'Facebook AI Research', 'Facebook AI Research', 'Meta', 'Meta AI', 'Czech Technical University', 'Meta AI', 'Facebook', 'Meta AI']","5 January, 2023",United States; Czech Republic,,
Self-Supervised Video Forensics by Audio-Visual Anomaly Detection,"['Chao Feng', 'Ziyang Chen', 'Andrew Owens']","['', 'University of Michigan', 'University of Michigan']","4 January, 2023",United States,29,29
Visual-Tactile Sensing for In-Hand Object Reconstruction,"['Wenqiang Xu', 'Zhenjun Yu', 'Han Xue', 'Ruolin Ye', 'Siqiong Yao', 'Cewu Lu']","['Shanghai Jiao Tong University', 'Shanghai JiaoTong University', None, 'Cornell University', 'Shanghai Jiaotong University', 'Shanghai Jiao Tong University']",March 2023,China; United States,5,5
MaLP: Manipulation Localization Using a Proactive Scheme,"['Vishal Asnani', 'Xi Yin', 'Tal Hassner', 'Xiaoming Liu']","['Michigan State University', 'Facebook', 'Meta inc.', None]","29 March, 2023",United States,114,
Logical Consistency and Greater Descriptive Power for Facial Hair Attribute Learning,"['Haiyu Wu', 'Grace Bezold', 'Aman Bhatta', 'Kevin W. Bowyer']","['University of Notre Dame', 'University of Notre Dame', 'University of Notre Dame', 'University of Notre Dame']","21 February, 2023",United States,88,88
N-Gram in Swin Transformers for Efficient Lightweight Image Super-Resolution,"['Haram Choi', 'Jeongmin Lee', 'Jihoon Yang']","['Sogang University', 'LG Innotek', 'Sogang University']","21 November, 2022",,,
Object-Aware Distillation Pyramid for Open-Vocabulary Object Detection,"['Luting Wang', 'Yi Liu', 'Penghui Du', 'Zihan Ding', 'Yue Liao', 'Qiaosong Qi', 'Biaolong Chen', 'Si Liu']","['Beihang University', 'Beijing University of Aeronautics and Astronautics', 'Beihang University', 'Beihang University', 'Beihang University', 'Alibaba Group', 'Alibaba Group', 'Beihang University']",March 2023,China,49,49
ShadowDiffusion: When Degradation Prior Meets Diffusion Model for Shadow Removal,"['Lanqing Guo', 'Chong Wang', 'Wenhan Yang', 'Siyu Huang', 'Yufei Wang', 'Hanspeter Pfister', 'Bihan Wen']","['Nanyang Technological University', 'Nanyang Technological University', 'Peng Cheng Lab', 'Harvard University', 'Nanyang Technological University', 'Harvard University', 'Nanyang Technological University']","9 December, 2022",Singapore; United States,8,8
Learning Human Mesh Recovery in 3D Scenes,"['Zehong Shen', 'Zhi Cen', 'Sida Peng', 'Qing Shuai', 'Hujun Bao', 'Xiaowei Zhou']","['Zhejiang University', 'Zhejiang University', None, 'Zhejiang University', 'Zhejiang University', None]",June 2023,China,2,2
Adaptive Zone-Aware Hierarchical Planner for Vision-Language Navigation,"['Chen Gao', 'Xingyu Peng', 'Mi Yan', 'He Wang', 'Lirong Yang', 'Haibing Ren', 'Hongsheng Li', 'Si Liu']","['Beihang University', 'Beihang University', 'Peking University', None, 'Meituan Inc.', 'Meituan Inc.', 'The Chinese University of Hong Kong', 'Beihang University']",Not Found,China; Hong Kong,49,49
Curricular Contrastive Regularization for Physics-Aware Single Image Dehazing,"['Yu Zheng', 'Jiahui Zhan', 'Shengfeng He', 'Junyu Dong', 'Yong Du']","['Ocean University of China', 'Ocean University of China', 'Singapore Management University', 'Ocean University of China', 'Ocean University of China']","24 March, 2023",China; Singapore,,
VideoFusion: Decomposed Diffusion Models for High-Quality Video Generation,"['Zhengxiong Luo', 'Dayou Chen', 'Yingya Zhang', 'Yan Huang', 'Liang Wang', 'Yujun Shen', 'Deli Zhao', 'Jingren Zhou', 'Tieniu Tan']","['University of Chinese Academy of Sciences', 'Alibaba Group', 'Alibaba Group', 'Institute of automation, Chinese academy of science, Chinese Academy of Sciences', 'CASIA', 'The Chinese University of Hong Kong', 'Alibaba Group', 'Alibaba Group', ' Institute of automation, Chinese academy of science']","14 March, 2023",China; Hong Kong,12,
Raw Image Reconstruction With Learned Compact Metadata,"['Yufei Wang', 'Yi Yu', 'Wenhan Yang', 'Lanqing Guo', 'Lap-Pui Chau', 'Alex C. Kot', 'Bihan Wen']","['Nanyang Technological University', 'Nanyang Technological University, Singapore', 'Peng Cheng Lab', 'Nanyang Technological University', 'The Hong Kong Polytechnic University', 'Nanyang Technological University', 'Nanyang Technological University']","25 February, 2023",Singapore; Hong Kong,8,8
End-to-End 3D Dense Captioning With Vote2Cap-DETR,"['Sijin Chen', 'Hongyuan Zhu', 'Xin Chen', 'Yinjie Lei', 'Gang Yu', 'Tao Chen']","['Fudan University', 'Institute for Infocomm Research', 'University of Chinese Academy of Sciences, ShanghaiTech University', None, 'Tencent', None]",September 2023,China,16,
Generating Human Motion From Textual Descriptions With Discrete Representations,"['Jianrong Zhang', 'Yangsong Zhang', 'Xiaodong Cun', 'Yong Zhang', 'Hongwei Zhao', 'Hongtao Lu', 'Xi Shen', 'Ying Shan']","['Jilin University', 'Tencent AI Lab', 'Tencent AI Lab', 'Tencent AI Lab', 'Jilin University', 'Shanghai Jiao Tong University', 'Tencent AI Lab', 'Tencent']","17 December, 2023",China,114,
RefSR-NeRF: Towards High Fidelity and Super Resolution View Synthesis,"['Xudong Huang', 'Wei Li', 'Jie Hu', 'Hanting Chen', 'Yunhe Wang']","[None, ""Huawei Noah's Ark Lab"", 'Huawei Technologies Ltd.', 'Huawei Technologies Ltd.', ""Huawei Noah's Ark Lab""]",Not Found,China,,
Towards Building Self-Aware Object Detectors via Reliable Uncertainty Quantification and Calibration,"['Kemal Oksuz', 'Tom Joy', 'Puneet K. Dokania']","['Five AI', 'Five AI', 'University of Oxford']",July 2023,United Kingdom,,85
Human Guided Ground-Truth Generation for Realistic Image Super-Resolution,"['Du Chen', 'Jie Liang', 'Xindong Zhang', 'Ming Liu', 'Hui Zeng', 'Lei Zhang']","['Hong Kong Polytechnic University', 'The Hong Kong Polytechnic University', 'The Hong Kong Polytechnic University, Hong Kong Polytechnic University', 'Harbin Institute of Technology', 'The Hong Kong Polytechnic University', 'The Hong Kong Polytechnic University']",March 2023,Hong Kong; China,56,56
DiffPose: Toward More Reliable 3D Pose Estimation,"['Jia Gong', 'Lin Geng Foo', 'Zhipeng Fan', 'Qiuhong Ke', 'Hossein Rahmani', 'Jun Liu']","['Singapore University of Technology and Design', 'Singapore University of Technology and Design', 'Facebook', 'Monash University', '', '']","30 November, 2022",Singapore; United States; Australia,,38
SQUID: Deep Feature In-Painting for Unsupervised Anomaly Detection,"['Tiange Xiang', 'Yixiao Zhang', 'Yongyi Lu', 'Alan L. Yuille', 'Chaoyi Zhang', 'Weidong Cai', 'Zongwei Zhou']","['Stanford University', 'Johns Hopkins University', 'Guangdong University of Technology', 'Johns Hopkins University', 'The University of Sydney, University of Sydney', 'The University of Sydney', 'Johns Hopkins University']","26 November, 2021",United States; Australia,16,42
DegAE: A New Pretraining Paradigm for Low-Level Vision,"['Yihao Liu', 'Jingwen He', 'Jinjin Gu', 'Xiangtao Kong', 'Yu Qiao', 'Chao Dong']","[None, 'Shanghai ai lab', 'University of Sydney', 'Shenzhen Institutes of Advanced Technology, Chinese Academy of Sciences, Chinese Academy of Sciences', 'Shanghai Aritifcal Intelligence Laboratory', 'SIAT']",Not Found,China; Australia,,
RankMix: Data Augmentation for Weakly Supervised Learning of Classifying Whole Slide Images With Diverse Sizes and Imbalanced Categories,"['Yuan-Chih Chen', 'Chun-Shien Lu']","['Academia Sinica', None]",Not Found,,,
Trajectory-Aware Body Interaction Transformer for Multi-Person Pose Forecasting,"['Xiaogang Peng', 'Siyuan Mao', 'Zizhao Wu']","[None, 'Hangzhou Dianzi University', 'Hangzhou Dianzi University']","9 March, 2023",China,,
Revisiting Self-Similarity: Structural Embedding for Image Retrieval,"['Seongwon Lee', 'Suhyeon Lee', 'Hongje Seong', 'Euntai Kim']","['Yonsei University', 'Yonsei University', 'Samsung Advanced Institute of Technology', 'Yonsei University']",Not Found,South Korea,61,61
Bringing Inputs to Shared Domains for 3D Interacting Hands Recovery in the Wild,['Gyeongsik Moon'],[None],"23 March, 2023",,,
Towards Bridging the Performance Gaps of Joint Energy-Based Models,"['Xiulong Yang', 'Qing Su', 'Shihao Ji']","['Georgia State University', 'Georgia State University', 'Georgia State University']","16 September, 2022",United States,358,358
FFF: Fragment-Guided Flexible Fitting for Building Complete Protein Structures,"['Weijie Chen', 'Xinyan Wang', 'Yuhang Wang']","[None, 'DP Technology, Ltd. ', 'DP Technology, Ltd.']",August 2023,,,
Layout-Based Causal Inference for Object Navigation,"['Sixian Zhang', 'Xinhang Song', 'Weijie Li', 'Yubing Bai', 'Xinyao Yu', 'Shuqiang Jiang']","['ICT,UCAS,China', None, 'Institute of Computing Technology, Chinese Academy of Sciences', 'Institute of Computing Technology, Chinese Academy of Sciences', 'University of the Chinese Academy of Sciences', 'Institute of Computing Technology, Chinese Academy of Sciences']",Not Found,India; China,,12
POTTER: Pooling Attention Transformer for Efficient Human Mesh Recovery,"['Ce Zheng', 'Xianpeng Liu', 'Guo-Jun Qi', 'Chen Chen']","['University of Central Florida', 'North Carolina State University', 'University of Central Florida', '']",March 2023,United States,49,49
Coaching a Teachable Student,"['Jimuyang Zhang', 'Zanming Huang', 'Eshed Ohn-Bar']","[None, 'Boston University, Boston University', 'Boston University, Boston University']",June 2023,United States,85,85
Shape-Constraint Recurrent Flow for 6D Object Pose Estimation,"['Yang Hai', 'Rui Song', 'Jiaojiao Li', 'Yinlin Hu']","['Xidian University', 'Xidian University', 'Xidian University', 'Magic Leap']",June 2023,China,114,
Catch Missing Details: Image Reconstruction With Frequency Augmented Variational Autoencoder,"['Xinmiao Lin', 'Yikang Li', 'Jenhao Hsiao', 'Chiuman Ho', 'Yu Kong']","['Rochester Institute of Technology', 'Innopeak Technology', 'OPPO US Research Center', 'Innopeak Technology', None]","4 May, 2023",United States,75,
Rigidity-Aware Detection for 6D Object Pose Estimation,"['Yang Hai', 'Rui Song', 'Jiaojiao Li', 'Mathieu Salzmann', 'Yinlin Hu']","['Xidian University', 'Xidian University', 'Xidian University', 'EPFL', 'Magic Leap']",March 2023,China; Switzerland,114,
ShadowNeuS: Neural SDF Reconstruction by Shadow Ray Supervision,"['Jingwang Ling', 'Zhibo Wang', 'Feng Xu']","[None, 'SenseTime Research', 'Tsinghua University, Tsinghua University']","25 November, 2022",China,,1
ALOFT: A Lightweight MLP-Like Architecture With Dynamic Low-Frequency Transform for Domain Generalization,"['Jintao Guo', 'Na Wang', 'Lei Qi', 'Yinghuan Shi']","['Nanjing University', 'Nanjing University', 'Southeast University', 'Nanjing University']","21 March, 2023",China,6,6
The Enemy of My Enemy Is My Friend: Exploring Inverse Adversaries for Improving Adversarial Training,"['Junhao Dong', 'Seyed-Mohsen Moosavi-Dezfooli', 'Jianhuang Lai', 'Xiaohua Xie']","['Sun Yat-sen University', 'Imperial College London', 'SUN YAT-SEN UNIVERSITY', 'SUN YAT-SEN UNIVERSITY']",November 2022,China; United Kingdom,29,29
Specialist Diffusion: Plug-and-Play Sample-Efficient Fine-Tuning of Text-to-Image Diffusion Models To Learn Any Unseen Style,"['Haoming Lu', 'Hazarapet Tunanyan', 'Kai Wang', 'Shant Navasardyan', 'Zhangyang Wang', 'Humphrey Shi']","['Picsart AI Research', 'Picsart Inc', None, 'Picsart AI Research', 'University of Texas at Austin', 'U of Oregon | UIUC | PAIR']",Not Found,United States,,
Primitive Generation and Semantic-Related Alignment for Universal Zero-Shot Segmentation,"['Shuting He', 'Henghui Ding', 'Wei Jiang']","[None, None, 'Zhejiang University']",June 2023,China,2,2
Semi-Supervised Hand Appearance Recovery via Structure Disentanglement and Dual Adversarial Discrimination,"['Zimeng Zhao', 'Binghui Zuo', 'Zhiyu Long', 'Yangang Wang']","['Southeast University', None, 'Southeast University', 'Southeast University']",March 2023,China,38,38
TryOnDiffusion: A Tale of Two UNets,"['Luyang Zhu', 'Dawei Yang', 'Tyler Zhu', 'Fitsum Reda', 'William Chan', 'Chitwan Saharia', 'Mohammad Norouzi', 'Ira Kemelmacher-Shlizerman']","['Department of Computer Science, University of Washington', 'Google Inc.', 'Google Research', 'NVIDIA', 'Google Brain', 'Google', 'Google Brain', 'Department of Computer Science, University of Washington']",June 2023,Unknown; United States,22,22
Breaking the “Object” in Video Object Segmentation,"['Pavel Tokmakov', 'Jie Li', 'Adrien Gaidon']","['Toyota Research Institute', 'NVIDIA', 'Toyota Research Institute (TRI)']","12 December, 2022",United States,,
SunStage: Portrait Reconstruction and Relighting Using the Sun as a Light Stage,"['Yifan Wang', 'Aleksander Holynski', 'Xiuming Zhang', 'Xuaner Zhang']","['University of Washington', 'UC Berkeley & Google Research', 'Tesla', 'Adobe']","7 April, 2022",United States,22,
Object Discovery From Motion-Guided Tokens,"['Zhipeng Bao', 'Pavel Tokmakov', 'Yu-Xiong Wang', 'Adrien Gaidon', 'Martial Hebert']","['Carnegie Mellon University', 'Toyota Research Institute', None, 'Toyota Research Institute (TRI)', 'Carnegie Mellon University']",March 2023,United States,3,3
Batch Model Consolidation: A Multi-Task Model Consolidation Framework,"['Iordanis Fostiropoulos', 'Jiaye Zhu', 'Laurent Itti']","['University of Southern California', 'University of Southern California', 'USC']",May 2023,United States,42,
Dense Network Expansion for Class Incremental Learning,"['Zhiyuan Hu', 'Yunsheng Li', 'Jiancheng Lyu', 'Dashan Gao', 'Nuno Vasconcelos']","[None, 'University of California, San Diego', None, 'Qualcomm', 'University of California San Diego']",March 2023,United States,12,12
IMP: Iterative Matching and Pose Estimation With Adaptive Pooling,"['Fei Xue', 'Ignas Budvytis', 'Roberto Cipolla']","[None, 'University of Cambridge', 'University of Cambridge']","28 April, 2023",United Kingdom,61,61
LightPainter: Interactive Portrait Relighting With Freehand Scribble,"['Yiqun Mei', 'He Zhang', 'Xuaner Zhang', 'Jianming Zhang', 'Zhixin Shu', 'Yilin Wang', 'Zijun Wei', 'Shi Yan', 'HyunJoon Jung', 'Vishal M. Patel']","[None, 'Adobe Systems', 'Adobe', 'Adobe Systems', 'Adobe Systems', 'Adobe Systems', 'Adobe Systems', 'Adobe Systems', 'Adobe Systems', 'Johns Hopkins University']",March 2023,United States,,42
Unified Pose Sequence Modeling,"['Lin Geng Foo', 'Tianjiao Li', 'Hossein Rahmani', 'Qiuhong Ke', 'Jun Liu']","['Singapore University of Technology and Design', 'Singapore University of Technology and Design', '', 'Monash University', '']",Not Found,Singapore; Australia,,38
VindLU: A Recipe for Effective Video-and-Language Pretraining,"['Feng Cheng', 'Xizi Wang', 'Jie Lei', 'David Crandall', 'Mohit Bansal', 'Gedas Bertasius']","['University of North Carolina at Chapel Hill', 'Indiana University, Bloomington', 'Meta', 'Indiana University', 'University of North Carolina at Chapel Hill', 'UNC Chapel Hill']","9 December, 2022",United States,56,
MAGE: MAsked Generative Encoder To Unify Representation Learning and Image Synthesis,"['Tianhong Li', 'Huiwen Chang', 'Shlok Mishra', 'Han Zhang', 'Dina Katabi', 'Dilip Krishnan']","['Massachusetts Institute of Technology', 'Google', None, 'Rutgers University', 'Massachusetts Institute of Technology', 'Google']","16 November, 2022",United States,27,
I2MVFormer: Large Language Model Generated Multi-View Document Supervision for Zero-Shot Image Classification,"['Muhammad Ferjad Naeem', 'Muhammad Gul Zain Ali Khan', 'Yongqin Xian', 'Muhammad Zeshan Afzal', 'Didier Stricker', 'Luc Van Gool', 'Federico Tombari']","['', 'Universität Kaiserslautern', 'Google', 'German Research Center for AI', 'Universität Kaiserslautern', 'ETH Zurich', 'Google, TUM']",December 2022,United States; Switzerland,,
"FreeSeg: Unified, Universal and Open-Vocabulary Image Segmentation","['Jie Qin', 'Jie Wu', 'Pengxiang Yan', 'Ming Li', 'Ren Yuxi', 'Xuefeng Xiao', 'Yitong Wang', 'Rui Wang', 'Shilei Wen', 'Xin Pan', 'Xingang Wang']","['Institute of Automation, Chinese Academy of Sciences', 'ByteDance Inc.', 'ByteDance Inc.', 'Xiamen University', 'ByteDance Inc.', 'South China University of Technology', 'ByteDance Inc', 'TikTok', 'bytedance', 'University of Waterloo', 'Institute of automation, Chinese academy of science, Chinese Academy of Sciences']",March 2023,China; Canada,12,12
Continual Semantic Segmentation With Automatic Memory Sample Selection,"['Lanyun Zhu', 'Tianrun Chen', 'Jianxiong Yin', 'Simon See', 'Jun Liu']","['Singapore University of Technology and Design', 'Zhejiang University', 'NVIDIA', 'NVIDIA', '']",April 2023,Singapore; China; United States,,
Regularizing Second-Order Influences for Continual Learning,"['Zhicheng Sun', 'Yadong Mu', 'Gang Hua']","['Peking University', 'Peking University', 'Wormpex AI Research']",April 2023,China,3,
Boost Vision Transformer With GPU-Friendly Sparsity and Quantization,"['Chong Yu', 'Tao Chen', 'Zhongxue Gan', 'Jiayuan Fan']","['Fudan University    NVIDIA Corporation', None, 'Fudan University', 'Fudan University']",May 2023,China,16,16
Progressive Semantic-Visual Mutual Adaption for Generalized Zero-Shot Learning,"['Man Liu', 'Feng Li', 'Chunjie Zhang', 'Yunchao Wei', 'Huihui Bai', 'Yao Zhao']","['Beijing Jiaotong University,', 'Hefei University of Technology', 'Beijing Jiaotong University', 'UTS', 'Beijing jiaotong univercity', 'Beijing Jiaotong University']",March 2023,China,185,185
NeRFInvertor: High Fidelity NeRF-GAN Inversion for Single-Shot Real Image Animation,"['Yu Yin', 'Kamran Ghasedi', 'HsiangTao Wu', 'Jiaolong Yang', 'Xin Tong', 'Yun Fu']","[None, 'Microsoft', 'Microsoft', 'Microsoft', 'Microsoft', 'Northeastern University']",November 2022,United States,,35
HairStep: Transfer Synthetic to Real Using Strand and Depth Maps for Single-View 3D Hair Modeling,"['Yujian Zheng', 'Zirong Jin', 'Moran Li', 'Haibin Huang', 'Chongyang Ma', 'Shuguang Cui', 'Xiaoguang Han']","[' The Chinese University of Hong Kong, Shenzhen', '', 'Kuaishou Technology', 'Kuaishou Technology', 'Kuaishou Technology', 'The Chinese University of Hong Kong, Shenzhen', 'The Chinese University of Hong Kong, Shenzhen']","5 March, 2023",Hong Kong; China,26,26
VL-SAT: Visual-Linguistic Semantics Assisted Training for 3D Semantic Scene Graph Prediction in Point Cloud,"['Ziqin Wang', 'Bowen Cheng', 'Lichen Zhao', 'Dong Xu', 'Yang Tang', 'Lu Sheng']","['Beijing University of Aeronautics and Astronautics', 'Beihang University', 'Beijing University of Aeronautics and Astronautics', 'University of Hong Kong', 'East China University of Science and Technology', 'Beihang University']",March 2023,China; Hong Kong,,49
F2-NeRF: Fast Neural Radiance Field Training With Free Camera Trajectories,"['Peng Wang', 'Yuan Liu', 'Zhaoxi Chen', 'Lingjie Liu', 'Ziwei Liu', 'Taku Komura', 'Christian Theobalt', 'Wenping Wang']","['The University of Hong Kong', 'The University of Hong Kong', 'Nanyang Technological University', 'Saarland Informatics Campus, Max-Planck Institute', 'Nanyang Technological University', 'the University of Hong Kong, University of Hong Kong', 'MPI Informatik', 'Texas A&M University - College Station']",Not Found,Hong Kong; Singapore; United States,26,61
Frustratingly Easy Regularization on Representation Can Boost Deep Reinforcement Learning,"['Qiang He', 'Huangyuan Su', 'Jieyu Zhang', 'Xinwen Hou']","['Institute of Automation, Chinese Academy of Sciences', 'Carnegie Mellon University', 'Department of Computer Science, University of Washington', None]","28 May, 2022",China; United States; Unknown,12,22
Context-Aware Alignment and Mutual Masking for 3D-Language Pre-Training,"['Zhao Jin', 'Munawar Hayat', 'Yuwei Yang', 'Yulan Guo', 'Yinjie Lei']","[None, 'Monash University', None, 'SUN YAT-SEN UNIVERSITY', None]",Not Found,Australia; China,38,29
Geometry and Uncertainty-Aware 3D Point Cloud Class-Incremental Semantic Segmentation,"['Yuwei Yang', 'Munawar Hayat', 'Zhao Jin', 'Chao Ren', 'Yinjie Lei']","[None, 'Monash University', None, 'Sichuan University', None]",Not Found,Australia; China,38,126
UniDistill: A Universal Cross-Modality Knowledge Distillation Framework for 3D Object Detection in Bird’s-Eye View,"['Shengchao Zhou', 'Weizhou Liu', 'Chen Hu', 'Shuchang Zhou', 'Chao Ma']","['Megvii Technology Inc.', 'Megvii', 'Tsinghua University, Tsinghua University', 'Megvii Technology Inc.', 'Shanghai Jiao Tong University']",March 2023,China,,5
ImageNet-E: Benchmarking Neural Network Robustness via Attribute Editing,"['Xiaodan Li', 'Yuefeng Chen', 'Yao Zhu', 'Shuhui Wang', 'Rong Zhang', 'Hui Xue']","['Alibaba Group, China', 'Alibaba Group', 'Zhejiang University', 'Institute of Computing Technology, Chinese Academy of Sciences', 'Huazhong University of Science and Technology', 'Zhejiang University, Tsinghua University']",March 2023,China,,1
Image Super-Resolution Using T-Tetromino Pixels,"['Simon Grosche', 'Andy Regensky', 'Jürgen Seiler', 'André Kaup']","['Friedrich-Alexander Universität Erlangen-Nürnberg', 'Friedrich-Alexander Universität Erlangen-Nürnberg', 'Friedrich-Alexander Universität Erlangen-Nürnberg', 'Friedrich-Alexander Universität Erlangen-Nürnberg']","17 November, 2021",Germany,,
Highly Confident Local Structure Based Consensus Graph Learning for Incomplete Multi-View Clustering,"['Jie Wen', 'Chengliang Liu', 'Gehui Xu', 'Zhihao Wu', 'Chao Huang', 'Lunke Fei', 'Yong Xu']","['Harbin Institute of Technology, Shenzhen', 'Harbin institute of technology, Shenzhen', 'Harbin Institute of Technology', 'Harbin Institute of Technology, Shenzhen', 'Harbin Institute of Technology', 'Guangdong University of Technology', 'Harbin Institute of Technology']",Not Found,China,23,23
Non-Contrastive Learning Meets Language-Image Pre-Training,"['Jinghao Zhou', 'Li Dong', 'Zhe Gan', 'Lijuan Wang', 'Furu Wei']","['University of Oxford, University of Oxford', 'Microsoft Research', 'Apple', 'Microsoft', 'Microsoft Research']",October 2022,United Kingdom; United States,85,
Dynamic Inference With Grounding Based Vision and Language Models,"['Burak Uzkent', 'Amanmeet Garg', 'Wentao Zhu', 'Keval Doshi', 'Jingru Yi', 'Xiaolong Wang', 'Mohamed Omar']","['Stanford University', 'Amazon', 'Amazon', 'Amazon', 'Rutgers University', 'Amazon Prime Video', 'Amazon']",Not Found,United States,16,
A Simple Baseline for Video Restoration With Grouped Spatial-Temporal Shift,"['Dasong Li', 'Xiaoyu Shi', 'Yi Zhang', 'Ka Chun Cheung', 'Simon See', 'Xiaogang Wang', 'Hongwei Qin', 'Hongsheng Li']","['The Chinese University of Hong Kong', 'The Chinese University of Hong Kong', 'The Chinese University of Hong Kong', 'NVIDIA', 'NVIDIA', 'The Chinese University of Hong Kong', 'SenseTime Co.', 'The Chinese University of Hong Kong']","21 June, 2022",Hong Kong; United States,26,26
Cross-GAN Auditing: Unsupervised Identification of Attribute Level Similarities and Differences Between Pretrained Generative Models,"['Matthew L. Olson', 'Shusen Liu', 'Rushil Anirudh', 'Jayaraman J. Thiagarajan', 'Peer-Timo Bremer', 'Weng-Keen Wong']","['Oregon State University', 'Lawrence Livermore National Labs', 'Lawrence Livermore National Laboratory', 'Lawrence Livermore National Labs', 'University of Utah', 'Oregon State University']","19 March, 2023",United States,160,160
Analyzing Physical Impacts Using Transient Surface Wave Imaging,"['Tianyuan Zhang', 'Mark Sheinin', 'Dorian Chan', 'Mark Rau', 'Matthew O’Toole', 'Srinivasa G. Narasimhan']","['Carnegie Mellon University', 'Carnegie Mellon University', 'Carnegie Mellon University', 'Stanford University', 'Carnegie Mellon University', 'Carnegie Mellon University']",Not Found,United States,3,3
Deep Learning of Partial Graph Matching via Differentiable Top-K,"['Runzhong Wang', 'Ziao Guo', 'Shaofei Jiang', 'Xiaokang Yang', 'Junchi Yan']","['Shanghai Jiao Tong University', 'Shanghai Jiao Tong University', 'Shanghai Jiaotong University', 'Shanghai Jiao Tong University, China', 'Shanghai Jiao Tong University']",Not Found,China,5,5
LargeKernel3D: Scaling Up Kernels in 3D Sparse CNNs,"['Yukang Chen', 'Jianhui Liu', 'Xiangyu Zhang', 'Xiaojuan Qi', 'Jiaya Jia']","[None, 'University of Hong Kong', 'MEGVII Technology', 'University of Oxford', 'The Chinese University of Hong Kong']","21 June, 2022",Hong Kong; United Kingdom,26,26
Collecting Cross-Modal Presence-Absence Evidence for Weakly-Supervised Audio-Visual Event Perception,"['Junyu Gao', 'Mengyuan Chen', 'Changsheng Xu']","[None, None, None]",Not Found,,,
Binarizing Sparse Convolutional Networks for Efficient Point Cloud Analysis,"['Xiuwei Xu', 'Ziwei Wang', 'Jie Zhou', 'Jiwen Lu']","['Tsinghua University, Tsinghua University', 'Tsinghua University, Tsinghua University', None, 'Tsinghua University']",March 2023,China,1,1
Hunting Sparsity: Density-Guided Contrastive Learning for Semi-Supervised Semantic Segmentation,"['Xiaoyang Wang', 'Bingfeng Zhang', 'Limin Yu', 'Jimin Xiao']","[None, 'China University of Petroleum (East China)', ""Xi'an Jiaotong-Liverpool University"", ""Xi'an Jiaotong-Liverpool University""]",Not Found,China,,
Autoregressive Visual Tracking,"['Xing Wei', 'Yifan Bai', 'Yongchao Zheng', 'Dahu Shi', 'Yihong Gong']","[None, 'Xi’an Jiaotong University', 'Xi&#x27;an Jiaotong University', 'Zhejiang University', ""Xi'an Jiaotong University""]",Not Found,China,66,66
LinK: Linear Kernel for LiDAR-Based 3D Perception,"['Tao Lu', 'Xiang Ding', 'Haisong Liu', 'Gangshan Wu', 'Limin Wang']","['Nanjing University', '', 'Nanjing University', 'Nanjing University', 'Nanjing University']",March 2023,China,6,6
Weakly Supervised Segmentation With Point Annotations for Histopathology Images via Contrast-Based Variational Model,"['Hongrun Zhang', 'Liam Burrows', 'Yanda Meng', 'Declan Sculthorpe', 'Abhik Mukherjee', 'Sarah E. Coupland', 'Ke Chen', 'Yalin Zheng']","['Department of Eye and Vision Science, University of Liverpool', 'University of Liverpool', 'University of Liverpool', 'University of Nottingham', 'University of Nottingham', 'University of Liverpool', 'University of Liverpool', 'University of Liverpool']",April 2023,United Kingdom,185,185
KiUT: Knowledge-Injected U-Transformer for Radiology Report Generation,"['Zhongzhen Huang', 'Xiaofan Zhang', 'Shaoting Zhang']","[None, 'Shanghai Jiao Tong University', 'University of North Carolina at Charlotte']",June 2023,China; United States,5,56
DARE-GRAM: Unsupervised Domain Adaptation Regression by Aligning Inverse Gram Matrices,"['Ismail Nejjar', 'Qin Wang', 'Olga Fink']","[None, None, None]",March 2023,,,
FCC: Feature Clusters Compression for Long-Tailed Visual Recognition,"['Jian Li', 'Ziyao Meng', 'Daqian Shi', 'Rui Song', 'Xiaolei Diao', 'Jingwen Wang', 'Hao Xu']","['Jilin University', '', 'University of Trento', 'Jilin University', None, None, 'Jilin University']",Not Found,China; Italy,114,114
DartBlur: Privacy Preservation With Detection Artifact Suppression,"['Baowei Jiang', 'Bing Bai', 'Haozhe Lin', 'Yu Wang', 'Yuchen Guo', 'Lu Fang']","['QiYuan Lab', 'Qiyuan Lab', None, 'Qiyuan Lab', 'Tsinghua University, Tsinghua University', 'Tsinghua University, Tsinghua University']",Not Found,China,,1
Efficient Frequency Domain-Based Transformers for High-Quality Image Deblurring,"['Lingshun Kong', 'Jiangxin Dong', 'Jianjun Ge', 'Mingqiang Li', 'Jinshan Pan']","['Nanjing University of Science and Technology', 'Nanjing University of Science and Technology', 'Information Science Academy, China Electronics Technology Group Corporation', 'Information Science Academy, China Electronics Technology Group Corporation', 'Nanjing University of Science and Technology']",November 2022,China,6,6
Focus on Details: Online Multi-Object Tracking With Diverse Fine-Grained Representation,"['Hao Ren', 'Shoudong Han', 'Huilin Ding', 'Ziwen Zhang', 'Hongwei Wang', 'Faquan Wang']","['Huazhong University of Science and Technology', 'Huazhong University of Science and Technology', '', 'Huazhong University of Science and Technology', 'Huazhong University of Science and Technology', 'Huazhong University of Science and Technology']","28 February, 2023",China,,
Transfer Knowledge From Head to Tail: Uncertainty Calibration Under Long-Tailed Distribution,"['Jiahao Chen', 'Bing Su']","[None, None]",April 2023,,,
Deep Stereo Video Inpainting,"['Zhiliang Wu', 'Changchang Sun', 'Hanyu Xuan', 'Yan Yan']","['Nanjing University of Technology', 'Illinois Institute of Technology', 'Anhui University', 'Illinois Institute of Technology']",Not Found,China; United States,6,292
Open-Set Semantic Segmentation for Point Clouds via Adversarial Prototype Framework,"['Jianan Li', 'Qiulei Dong']","['', None]",Not Found,,,
CLAMP: Prompt-Based Contrastive Learning for Connecting Language and Animal Pose,"['Xu Zhang', 'Wen Wang', 'Zhe Chen', 'Yufei Xu', 'Jing Zhang', 'Dacheng Tao']","[None, 'Zhejiang University', 'University of Sydney', 'The University of Sydney, University of Sydney', 'The University of Sydney', None]","23 June, 2022",China; Australia,2,71
Video Dehazing via a Multi-Range Temporal Alignment Network With Physical Prior,"['Jiaqi Xu', 'Xiaowei Hu', 'Lei Zhu', 'Qi Dou', 'Jifeng Dai', 'Yu Qiao', 'Pheng-Ann Heng']","[None, 'Shanghai AI Laboratory', 'Hong Kong University of Science and Technology (Guangzhou) & HKUST', 'The Chinese University of Hong Kong', 'Tsinghua University, Tsinghua University', 'Shanghai Aritifcal Intelligence Laboratory', 'The Chinese University of Hong Kong']",March 2023,China; Hong Kong,,26
RGBD2: Generative Scene Synthesis via Incremental View Inpainting Using RGBD Diffusion Models,"['Jiabao Lei', 'Jiapeng Tang', 'Kui Jia']","['South China University of Technology', 'Technische Universität München', 'South China University of Technology']","12 December, 2022",China,486,486
Prototype-Based Embedding Network for Scene Graph Generation,"['Chaofan Zheng', 'Xinyu Lyu', 'Lianli Gao', 'Bo Dai', 'Jingkuan Song']","['Henan Univeristy', 'University of Electronic Science and Technology of China', 'University of Electronic Science and Technology of China, Tsinghua University', 'University of Electronic Science and Technology of China', 'University of Electronic Science and Technology of China,']",March 2023,China,,
Backdoor Defense via Adaptively Splitting Poisoned Dataset,"['Kuofeng Gao', 'Yang Bai', 'Jindong Gu', 'Yong Yang', 'Shu-Tao Xia']","['Tsinghua University, Tsinghua University', 'Tencent Zhuque Lab', 'University of Oxford', 'Tencent Security Platform Dpt.', 'Shenzhen International Graduate School, Tsinghua University']",March 2023,China; United Kingdom,1,1
GaitGCI: Generative Counterfactual Intervention for Gait Recognition,"['Huanzhang Dou', 'Pengyi Zhang', 'Wei Su', 'Yunlong Yu', 'Yining Lin', 'Xi Li']","['Zhejiang University', 'Zhejiang University', 'Zhejiang University', 'Zhejiang University', 'Zhejiang University', 'Zhejiang University']",June 2023,China,2,2
Bi-Directional Feature Fusion Generative Adversarial Network for Ultra-High Resolution Pathological Image Virtual Re-Staining,"['Kexin Sun', 'Zhineng Chen', 'Gongwei Wang', 'Jun Liu', 'Xiongjun Ye', 'Yu-Gang Jiang']","['', 'Fudan University', ""Peking University People's Hospital"", ""Peking University People's Hospital"", 'Cancer Hospital, Chinese Academy of Medical Sciences and Peking Union Medical College', 'Fudan University']",Not Found,China,16,16
Vector Quantization With Self-Attention for Quality-Independent Representation Learning,"['Zhou Yang', 'Weisheng Dong', 'Xin Li', 'Mengluan Huang', 'Yulin Sun', 'Guangming Shi']","['Xidian University', 'Xidian University', 'West Virginia University', ""Xi'an University of Electronic Science and Technology"", 'Xidian University', 'Xidian University']",Not Found,China; United States,114,114
Fine-Grained Face Swapping via Regional GAN Inversion,"['Zhian Liu', 'Maomao Li', 'Yong Zhang', 'Cairong Wang', 'Qi Zhang', 'Jue Wang', 'Yongwei Nie']","['South China University of Technology', 'Tencent AI Lab', 'Tencent AI Lab', 'Tsinghua University, Tsinghua University', 'Tencent AI Lab', 'Tencent AI Lab', 'South China University of Technology']","23 October, 2023",China,486,486
VoxelNeXt: Fully Sparse VoxelNet for 3D Object Detection and Tracking,"['Yukang Chen', 'Jianhui Liu', 'Xiangyu Zhang', 'Xiaojuan Qi', 'Jiaya Jia']","[None, 'University of Hong Kong', 'MEGVII Technology', 'University of Oxford', 'The Chinese University of Hong Kong']",March 2023,Hong Kong; United Kingdom,26,26
Frequency-Modulated Point Cloud Rendering With Easy Editing,"['Yi Zhang', 'Xiaoyang Huang', 'Bingbing Ni', 'Teng Li', 'Wenjun Zhang']","[None, 'Shanghai Jiao Tong University', 'Shanghai Jiao Tong University', 'Anhui University', 'Shanghai Jiaotong University']","13 March, 2023",China,5,
TAPS3D: Text-Guided 3D Textured Shape Generation From Pseudo Supervision,"['Jiacheng Wei', 'Hao Wang', 'Jiashi Feng', 'Guosheng Lin', 'Kim-Hui Yap']","['Nanyang Technological University', 'Nanyang Technological University', 'ByteDance', 'Nanyang Technological University', 'Nanyang Technological University']",March 2023,Singapore; China,8,8
Semantic Human Parsing via Scalable Semantic Transfer Over Multiple Label Domains,"['Jie Yang', 'Chaoqun Wang', 'Zhen Li', 'Junle Wang', 'Ruimao Zhang']","['The Chinese University of Hong Kong, Shenzhen', 'The Chinese University of Hong Kong, Shenzhen', 'The Chinese University of Hong Kong, Shenzhen', 'Tencent', 'The Chinese University of Hong Kong (Shenzhen)']",April 2023,Hong Kong; China,26,26
Enhancing the Self-Universality for Transferable Targeted Attacks,"['Zhipeng Wei', 'Jingjing Chen', 'Zuxuan Wu', 'Yu-Gang Jiang']","['Fudan University', 'Fudan University', 'Fudan University', 'Fudan University']","8 September, 2022",China,16,16
Multi-View Inverse Rendering for Large-Scale Real-World Indoor Scenes,"['Zhen Li', 'Lingli Wang', 'Mofang Cheng', 'Cihui Pan', 'Jiaqi Yang']","['Realsee', 'realsee', 'Realsee', 'INRIA', 'Northwestern Polytechnical University']","18 November, 2022",France; China,,
A Unified Pyramid Recurrent Network for Video Frame Interpolation,"['Xin Jin', 'Longhai Wu', 'Jie Chen', 'Youxin Chen', 'Jayoon Koo', 'Cheul-hee Hahm']","['Samsung Electronics (China) R&amp;amp;D Center', 'University of Science and Technology of China', 'SRCN', 'Nanjing University of Aeronautics and Astronautics', 'Samsung', 'Samsung']","7 November, 2022",Finland; China,,
SemiCVT: Semi-Supervised Convolutional Vision Transformer for Semantic Segmentation,"['Huimin Huang', 'Shiao Xie', 'Lanfen Lin', 'Ruofeng Tong', 'Yen-Wei Chen', 'Yuexiang Li', 'Hong Wang', 'Yawen Huang', 'Yefeng Zheng']","['Zhejiang University', '', 'Zhejiang University', None, 'Ritsumeikan University', 'Tencent Jarvis Lab', None, 'Tencent', None]",Not Found,China,2,
Images Speak in Images: A Generalist Painter for In-Context Visual Learning,"['Xinlong Wang', 'Wen Wang', 'Yue Cao', 'Chunhua Shen', 'Tiejun Huang']","['Beijing Academy of Artificial Intelligence', 'Zhejiang University', 'Beijing Academy of Artificial Intelligence', 'Zhejiang University', 'Peking University']","5 December, 2022",China,,3
FastInst: A Simple Query-Based Model for Real-Time Instance Segmentation,"['Junjie He', 'Pengyu Li', 'Yifeng Geng', 'Xuansong Xie']","[None, 'Terminus Labs, Terminus Group, China.', 'Tsinghua University, Tsinghua University', 'Alibaba Group']","15 March, 2023",China,,
Rethinking Optical Flow From Geometric Matching Consistent Perspective,"['Qiaole Dong', 'Chenjie Cao', 'Yanwei Fu']","['Fudan University', None, None]",March 2023,China,16,16
MMANet: Margin-Aware Distillation and Modality-Aware Regularization for Incomplete Multimodal Learning,"['Shicai Wei', 'Chunbo Luo', 'Yang Luo']","['University of Electronic Science and Technology of China', 'University of Electronic Science and Technology of China', 'University of Electronic Science and Technology of China']",April 2023,China,,
Self-Supervised Implicit Glyph Attention for Text Recognition,"['Tongkun Guan', 'Chaochen Gu', 'Jingzheng Tu', 'Xue Yang', 'Qi Feng', 'Yudi Zhao', 'Wei Shen']","['Shanghai Jiaotong University', 'Shanghai Jiaotong University', None, 'Shanghai Jiao Tong University', 'Shanghai Jiaotong University', 'Shanghai Jiaotong University', None]","7 March, 2022",China,,
Semi-Supervised Video Inpainting With Cycle Consistency Constraints,"['Zhiliang Wu', 'Hanyu Xuan', 'Changchang Sun', 'Weili Guan', 'Kang Zhang', 'Yan Yan']","['Nanjing University of Technology', 'Anhui University', 'Illinois Institute of Technology', 'Monash University', 'Nanjing University of Science and Technology', 'Illinois Institute of Technology']","14 August, 2022",China; United States; Australia,6,292
Patch-Based 3D Natural Scene Generation From a Single Example,"['Weiyu Li', 'Xuelin Chen', 'Jue Wang', 'Baoquan Chen']","['Shandong University', 'Tencent AI Lab', 'Tencent AI Lab', 'Peking University']","25 April, 2023",China,160,3
Listening Human Behavior: 3D Human Pose Estimation With Acoustic Signals,"['Yuto Shibata', 'Yutaka Kawashima', 'Mariko Isogawa', 'Go Irie', 'Akisato Kimura', 'Yoshimitsu Aoki']","['Keio University', 'Keio University', 'Keio University', 'Tokyo University of Science', 'NTT Corporation', 'Keio University']",Not Found,Japan,292,292
Mobile User Interface Element Detection via Adaptively Prompt Tuning,"['Zhangxuan Gu', 'Zhuoer Xu', 'Haoxing Chen', 'Jun Lan', 'Changhua Meng', 'Weiqiang Wang']","[None, 'Nanjing University', 'Nanjing University', 'Shanghai Jiaotong University', 'Nanjing University', 'University of Southern California']",May 2023,China; United States,6,42
High-Fidelity Facial Avatar Reconstruction From Monocular Video With Generative Priors,"['Yunpeng Bai', 'Yanbo Fan', 'Xuan Wang', 'Yong Zhang', 'Jingxiang Sun', 'Chun Yuan', 'Ying Shan']","['Tsinghua University', 'Tencent AI Lab', 'Tencent AI Lab', 'Tencent AI Lab', None, 'Tsinghua University, Tsinghua University', 'Tencent']","27 November, 2022",China,1,
Anchor3DLane: Learning To Regress 3D Anchors for Monocular 3D Lane Detection,"['Shaofei Huang', 'Zhenwei Shen', 'Zehao Huang', 'Zi-han Ding', 'Jiao Dai', 'Jizhong Han', 'Naiyan Wang', 'Si Liu']","['Institute of Information Engineering, Chinese Academy of Sciences', 'Tusimple', 'TuSimple', 'Beihang University', 'Institute of Information Engineering,Chinese Academy of Sciences', 'Institute of Information Engineering', 'The Hong Kong University of Science and Technology', 'Beihang University']","5 January, 2023",China,12,49
BioNet: A Biologically-Inspired Network for Face Recognition,['Pengyu Li'],"['Terminus Labs, Terminus Group, China.']",Not Found,China,,
PyramidFlow: High-Resolution Defect Contrastive Localization Using Pyramid Normalizing Flow,"['Jiarui Lei', 'Xiaobo Hu', 'Yue Wang', 'Dong Liu']","['Zhejiang University', 'Zhejiang University', 'Zhejiang University', 'Zhejiang University']",March 2023,China,2,2
Neural Kaleidoscopic Space Sculpting,"['Byeongjoo Ahn', 'Michael De Zeeuw', 'Ioannis Gkioulekas', 'Aswin C. Sankaranarayanan']","['Carnegie Mellon University', 'Carnegie Mellon University', 'Carnegie Mellon University', 'Carnegie Mellon University']",Not Found,United States,3,3
Accelerating Dataset Distillation via Model Augmentation,"['Lei Zhang', 'Jie Zhang', 'Bowen Lei', 'Subhabrata Mukherjee', 'Xiang Pan', 'Bo Zhao', 'Caiwen Ding', 'Yao Li', 'Dongkuan Xu']","['Zhejiang University', 'Zhejiang University', 'Texas A&M University - College Station', 'Microsoft', 'New York University', 'University of Edinburgh', 'University of Connecticut', 'University of North Carolina, Chapel Hill', 'North Carolina State University']","12 December, 2022",China; United States; United Kingdom,2,138
ProD: Prompting-To-Disentangle Domain Knowledge for Cross-Domain Few-Shot Image Classification,"['Tianyi Ma', 'Yifan Sun', 'Zongxin Yang', 'Yi Yang']","['University of Technology Sydney', 'Baidu Research', 'Zhejiang University', 'Zhejiang University']",Not Found,Australia; China,138,2
Diverse Embedding Expansion Network and Low-Light Cross-Modality Benchmark for Visible-Infrared Person Re-Identification,"['Yukang Zhang', 'Hanzi Wang']","['Xiamen University', 'Xiamen University']",March 2023,China,56,56
Neural Dependencies Emerging From Learning Massive Categories,"['Ruili Feng', 'Kecheng Zheng', 'Kai Zhu', 'Yujun Shen', 'Jian Zhao', 'Yukun Huang', 'Deli Zhao', 'Jingren Zhou', 'Michael Jordan', 'Zheng-Jun Zha']","['University of Science and Technology of China', 'Ant Group', 'University of Science and Technology of China', 'The Chinese University of Hong Kong', 'University of Science and Technology of China', 'University of Science and Technology of China', 'Alibaba Group', 'Alibaba Group', 'University of California, Berkeley', 'University of Science and Technology of China']",November 2022,China; Hong Kong; United States,,
DeFeeNet: Consecutive 3D Human Motion Prediction With Deviation Feedback,"['Xiaoning Sun', 'Huaijiang Sun', 'Bin Li', 'Dong Wei', 'Weiqing Li', 'Jianfeng Lu']","['Nanjing University of Science and Technology', 'Nanjing University of Science and Technology', 'Nanjing University of Science and Technology', 'Nanjing University of Science and Technology', 'Nanjing University of Science and Technology', 'Nanjing University of Science and Technology']","10 April, 2023",China,6,6
LP-DIF: Learning Local Pattern-Specific Deep Implicit Function for 3D Objects and Scenes,"['Meng Wang', 'Yu-Shen Liu', 'Yue Gao', 'Kanle Shi', 'Yi Fang', 'Zhizhong Han']","['Tsinghua University, Tsinghua University', None, 'Tsinghua University, Tsinghua University', 'Kuaishou Technology', 'New York University', 'Wayne State University']",Not Found,China; United States,1,200
A Dynamic Multi-Scale Voxel Flow Network for Video Prediction,"['Xiaotao Hu', 'Zhewei Huang', 'Ailin Huang', 'Jun Xu', 'Shuchang Zhou']","['Nankai University', 'Megvii Technology Inc.', 'Megvii Technology Inc.', 'Nankai University', 'Megvii Technology Inc.']","17 March, 2023",China,88,
Dionysus: Recovering Scene Structures by Dividing Into Semantic Pieces,"['Likang Wang', 'Lei Chen']","['Hong Kong University of Science and Technology', 'Hong Kong University of Science and Technology']",Not Found,Hong Kong,,
Being Comes From Not-Being: Open-Vocabulary Text-to-Motion Generation With Wordless Training,"['Junfan Lin', 'Jianlong Chang', 'Lingbo Liu', 'Guanbin Li', 'Liang Lin', 'Qi Tian', 'Chang-Wen Chen']","['Sun Yat-sen University', 'Huawei Technologies Ltd.', 'Hong Kong Polytechnic University', 'Sun Yat-sen University', 'Sun Yat-sen University', 'Huawei Technologies Ltd.', 'The Hong Kong Polytechnic University']","28 October, 2022",China; Hong Kong,29,56
Unsupervised Cumulative Domain Adaptation for Foggy Scene Optical Flow,"['Hanyu Zhou', 'Yi Chang', 'Wending Yan', 'Luxin Yan']","['Huazhong University of Science and Technology', 'Huazhong University of Science and Technology', 'Huawei Technologies Ltd.', 'Huazhong University of Science and Technology']","13 March, 2023",China,,
DynaMask: Dynamic Mask Selection for Instance Segmentation,"['Ruihuang Li', 'Chenhang He', 'Shuai Li', 'Yabin Zhang', 'Lei Zhang']","[None, None, None, 'The Hong Kong Polytechnic University', 'The Hong Kong Polytechnic University']",March 2023,Hong Kong,56,56
HandNeRF: Neural Radiance Fields for Animatable Interacting Hands,"['Zhiyang Guo', 'Wengang Zhou', 'Min Wang', 'Li Li', 'Houqiang Li']","['University of Science and Technology of China', 'University of Science and Technology of China', 'Institute of Artificial Intelligence, Hefei Comprehensive National Science Center', 'University of Science and Technology of China', 'University of Science and Technology of China']",March 2023,China,,
Simultaneously Short- and Long-Term Temporal Modeling for Semi-Supervised Video Semantic Segmentation,"['Jiangwei Lao', 'Weixiang Hong', 'Xin Guo', 'Yingying Zhang', 'Jian Wang', 'Jingdong Chen', 'Wei Chu']","['Ant Group', 'Facebook', 'Ant Group', 'Hikvision Research Institute', ', Institute of automation, Chinese academy of science', 'Ant Group', 'Ant Group']",Not Found,United States; China,,
Devil Is in the Queries: Advancing Mask Transformers for Real-World Medical Image Segmentation and Out-of-Distribution Localization,"['Mingze Yuan', 'Yingda Xia', 'Hexin Dong', 'Zifan Chen', 'Jiawen Yao', 'Mingyan Qiu', 'Ke Yan', 'Xiaoli Yin', 'Yu Shi', 'Xin Chen', 'Zaiyi Liu', 'Bin Dong', 'Jingren Zhou', 'Le Lu', 'Ling Zhang', 'Li Zhang']","['Peking University', 'Alibaba Group', 'Peking University', 'Peking University', 'Alibaba Group', 'Alibaba Group', 'Alibaba DAMO Academy', 'China Medical University Shenyang', 'China Medical University Shenyang', ""Guangzhou First People's Hospital"", 'Guangdong General Hospital', 'Peking University', 'Alibaba Group', 'Alibaba Group', 'Alibaba Group', 'Peking University']",April 2023,China,3,3
Rethinking the Learning Paradigm for Dynamic Facial Expression Recognition,"['Hanyang Wang', 'Bo Li', 'Shuang Wu', 'Siyuan Shen', 'Feng Liu', 'Shouhong Ding', 'Aimin Zhou']","[None, 'Tencent Youtu Lab', 'Tencent YouTu Lab', None, 'East China Normal University', 'Tencent Youtu Lab', 'East China Normal University, Tsinghua University']",Not Found,China,,1
PLA: Language-Driven Open-Vocabulary 3D Scene Understanding,"['Runyu Ding', 'Jihan Yang', 'Chuhui Xue', 'Wenqing Zhang', 'Song Bai', 'Xiaojuan Qi']","['Electrical and Electronic Engineering, University of Hong Kong', 'The University of Hong Kong', 'ByteDance Inc.', 'Huazhong University of Science and Technology', 'ByteDance', 'University of Oxford']","29 November, 2022",Hong Kong; China; United Kingdom,26,85
Learning With Fantasy: Semantic-Aware Virtual Contrastive Constraint for Few-Shot Class-Incremental Learning,"['Zeyin Song', 'Yifan Zhao', 'Yujun Shi', 'Peixi Peng', 'Li Yuan', 'Yonghong Tian']","[None, 'Peking University', 'national university of singaore, National University of Singapore', 'Peking University', 'Peking University', 'Peking University']",April 2023,China; Singapore,3,3
Towards Accurate Image Coding: Improved Autoregressive Image Generation With Dynamic Vector Quantization,"['Mengqi Huang', 'Zhendong Mao', 'Zhuowei Chen', 'Yongdong Zhang']","['University of Science and Technology of China', None, 'University of Science and Technology of China', 'University of Science and Technology of China']",May 2023,China,,
MSMDFusion: Fusing LiDAR and Camera at Multiple Scales With Multi-Depth Seeds for 3D Object Detection,"['Yang Jiao', 'Zequn Jie', 'Shaoxiang Chen', 'Jingjing Chen', 'Lin Ma', 'Yu-Gang Jiang']","[None, 'Meituan', 'Fudan University', 'Fudan University', 'Meituan', 'Fudan University']","7 September, 2022",China,,16
Learning Anchor Transformations for 3D Garment Animation,"['Fang Zhao', 'Zekun Li', 'Shaoli Huang', 'Junwu Weng', 'Tianfei Zhou', 'Guo-Sen Xie', 'Jue Wang', 'Ying Shan']","['Tencent AI Lab', 'Tencent AI Lab', 'Tencent AI Lab', None, 'Swiss Federal Institute of Technology', 'inception institute of artificial intelligence (iiai)', 'Tencent AI Lab', 'Tencent']",April 2023,China,,
LaserMix for Semi-Supervised LiDAR Semantic Segmentation,"['Lingdong Kong', 'Jiawei Ren', 'Liang Pan', 'Ziwei Liu']","['National University of Singapore', 'Nanyang Technological University', 'Nanyang Technological University', 'Nanyang Technological University']","30 June, 2022",Singapore,12,8
Enhanced Training of Query-Based Object Detection via Selective Query Recollection,"['Fangyi Chen', 'Han Zhang', 'Kai Hu', 'Yu-Kai Huang', 'Chenchen Zhu', 'Marios Savvides']","['Carnegie Mellon University', 'Carnegie Mellon University', 'Carnegie Mellon University', 'CMU, Carnegie Mellon University', 'Meta AI', 'Carnegie Mellon University']","14 December, 2022",United States,3,3
SCoDA: Domain Adaptive Shape Completion for Real Scans,"['Yushuang Wu', 'Zizheng Yan', 'Ce Chen', 'Lai Wei', 'Xiao Li', 'Guanbin Li', 'Yihao Li', 'Shuguang Cui', 'Xiaoguang Han']","['The Chinese University of Hong Kong (Shenzhen)', 'CUHKSZ', 'Computer and Information Engineering, School of Science and Technology, The Chinese University of Hong Kong (Shenzhen)', 'The Chinese University of Hong Kong, Shenzhen', 'Microsoft Research Asia', 'Sun Yat-sen University', 'University of Science and Technology of China', 'The Chinese University of Hong Kong, Shenzhen', 'The Chinese University of Hong Kong, Shenzhen']","20 April, 2023",China; Hong Kong,26,26
VideoTrack: Learning To Track Objects via Video Transformer,"['Fei Xie', 'Lei Chu', 'Jiahao Li', 'Yan Lu', 'Chao Ma']","[None, 'Microsoft Research Asia', None, 'Microsoft Research Asia', 'Shanghai Jiao Tong University']",Not Found,China,,5
Probing Sentiment-Oriented Pre-Training Inspired by Human Sentiment Perception Mechanism,"['Tinglei Feng', 'Jiaxuan Liu', 'Jufeng Yang']","['Nankai University', 'Nankai University', None]",Not Found,China,88,88
Towards Professional Level Crowd Annotation of Expert Domain Data,"['Pei Wang', 'Nuno Vasconcelos']","['University of California, San Diego', 'University of California San Diego']",Not Found,United States,12,12
MoDAR: Using Motion Forecasting for 3D Object Detection in Point Cloud Sequences,"['Yingwei Li', 'Charles R. Qi', 'Yin Zhou', 'Chenxi Liu', 'Dragomir Anguelov']","['Waymo', 'Waymo', 'Waymo', 'Waymo', 'Waymo']",June 2023,,,
iQuery: Instruments As Queries for Audio-Visual Sound Separation,"['Jiaben Chen', 'Renrui Zhang', 'Dongze Lian', 'Jiaqi Yang', 'Ziyao Zeng', 'Jianbo Shi']","['University of California, San Diego', 'MMLab of CUHK &amp;amp;amp; Shanghai AI Laboratory', 'National University of Singapore', 'ShanghaiTech University', 'ShanghaiTech University', None]","7 December, 2022",United States; Finland; Singapore,12,75
RGB No More: Minimally-Decoded JPEG Vision Transformers,"['Jeongsoo Park', 'Justin Johnson']","['University of Michigan', 'University of Michigan']","29 November, 2022",United States,29,29
Label-Free Liver Tumor Segmentation,"['Qixin Hu', 'Yixiong Chen', 'Junfei Xiao', 'Shuwen Sun', 'Jieneng Chen', 'Alan L. Yuille', 'Zongwei Zhou']","['Huazhong University of Science and Technology', 'Chinese University of Hong Kong', 'Johns Hopkins University', 'Nanjing Medical University', 'Johns Hopkins University', 'Johns Hopkins University', 'Johns Hopkins University']",March 2023,China; Hong Kong; United States,,42
Zero-Shot Object Counting,"['Jingyi Xu', 'Hieu Le', 'Vu Nguyen', 'Viresh Ranjan', 'Dimitris Samaras']","['State University of New York at Stony Brook', 'EPFL', 'State University of New York, Stony Brook', 'State University of New York, Stony Brook', 'Stony Brook University']","21 May, 2025",United States; Switzerland,,56
Exploring Incompatible Knowledge Transfer in Few-Shot Image Generation,"['Yunqing Zhao', 'Chao Du', 'Milad Abdollahzadeh', 'Tianyu Pang', 'Min Lin', 'Shuicheng Yan', 'Ngai-Man Cheung']","['Singapore University of Technology and Design', 'Sea AI Lab', 'Singapore University of Technology and Design', 'Sea AI Lab', 'Sea AI Lab', 'Sea Ltd.', 'Singapore University of Technology and Design']",April 2023,Singapore,,
DepGraph: Towards Any Structural Pruning,"['Gongfan Fang', 'Xinyin Ma', 'Mingli Song', 'Michael Bi Mi', 'Xinchao Wang']","[None, 'National University of Singapore', 'Zhejiang University', 'Huawei Technologies Ltd.', 'National University of Singapore']","30 January, 2023",Singapore; China,12,12
GRES: Generalized Referring Expression Segmentation,"['Chang Liu', 'Henghui Ding', 'Xudong Jiang']","[None, None, 'Nanyang Technological University']","30 July, 2024",Singapore,8,8
Tracking Through Containers and Occluders in the Wild,"['Basile Van Hoorick', 'Pavel Tokmakov', 'Simon Stent', 'Jie Li', 'Carl Vondrick']","['Columbia University / Meta', 'Toyota Research Institute', 'Woven Planet', 'NVIDIA', 'Columbia University']",May 2023,United States,66,66
Ambiguity-Resistant Semi-Supervised Learning for Dense Object Detection,"['Chang Liu', 'Weiming Zhang', 'Xiangru Lin', 'Wei Zhang', 'Xiao Tan', 'Junyu Han', 'Xiaomao Li', 'Errui Ding', 'Jingdong Wang']","['Shanghai University', 'Baidu', 'Baidu', 'Baidu', 'Baidu', 'Baidu', 'Shanghai University', 'Baidu Inc.', 'Baidu']",March 2023,,,
Neural Preset for Color Style Transfer,"['Zhanghan Ke', 'Yuhao Liu', 'Lei Zhu', 'Nanxuan Zhao', 'Rynson W.H. Lau']","['City University of Hong Kong', 'City University of Hong Kong', 'City University of Hong Kong', 'Adobe Research', 'City University of Hong Kong']","23 March, 2023",Hong Kong,46,46
Vid2Avatar: 3D Avatar Reconstruction From Videos in the Wild via Self-Supervised Scene Decomposition,"['Chen Guo', 'Tianjian Jiang', 'Xu Chen', 'Jie Song', 'Otmar Hilliges']","['ETH Zurich', None, 'Swiss Federal Institute of Technology', 'ETHZ - ETH Zurich', None]",February 2023,Switzerland,31,31
"CNVid-3.5M: Build, Filter, and Pre-Train the Large-Scale Public Chinese Video-Text Dataset","['Tian Gan', 'Qing Wang', 'Xingning Dong', 'Xiangyuan Ren', 'Liqiang Nie', 'Qingpei Guo']","['Shandong University', 'University of the Chinese Academy of Sciences', 'Shandong University', 'Ant Group', 'Harbin Institute of Technology (Shenzhen)', 'Ant Group']",Not Found,China,160,
NeRF-RPN: A General Framework for Object Detection in NeRFs,"['Benran Hu', 'Junkai Huang', 'Yichen Liu', 'Yu-Wing Tai', 'Chi-Keung Tang']","['The Hong Kong University of Science and Technology', None, 'HKUST', None, 'The Hong Kong University of Science and Technology']","21 November, 2022",Hong Kong,,
Diffusion-SDF: Text-To-Shape via Voxelized Diffusion,"['Muheng Li', 'Yueqi Duan', 'Jie Zhou', 'Jiwen Lu']","['Department of Automation, Tsinghua University', None, None, 'Tsinghua University']","6 December, 2022",China,1,1
PointAvatar: Deformable Point-Based Head Avatars From Videos,"['Yufeng Zheng', 'Wang Yifan', 'Gordon Wetzstein', 'Michael J. Black', 'Otmar Hilliges']","['ETH Zurich, MPI-IS', 'Stanford University', 'Stanford University', 'University of Tübingen', None]","16 December, 2022",Switzerland; United States; Germany,31,138
Connecting the Dots: Floorplan Reconstruction Using Two-Level Queries,"['Yuanwen Yue', 'Theodora Kontogianni', 'Konrad Schindler', 'Francis Engelmann']","['', 'ETHZ - ETH Zurich', 'ETH Zurich', 'Department of Computer Science, ETHZ - ETH Zurich']","28 November, 2022",Switzerland; Unknown,31,31
DLBD: A Self-Supervised Direct-Learned Binary Descriptor,"['Bin Xiao', 'Yang Hu', 'Bo Liu', 'Xiuli Bi', 'Weisheng Li', 'Xinbo Gao']","['Chongqing University of Posts and Tel.', None, 'Chongqing University of Posts and Telecommunications', 'Chongqing University of Posts and Telecommunications', 'Chongqing University of Posts and Telecommunications', 'Chongqing University of Post and Telecommunications']",Not Found,China,292,292
MSF: Motion-Guided Sequential Fusion for Efficient 3D Object Detection From Point Cloud Sequences,"['Chenhang He', 'Ruihuang Li', 'Yabin Zhang', 'Shuai Li', 'Lei Zhang']","[None, None, 'The Hong Kong Polytechnic University', None, 'The Hong Kong Polytechnic University']",March 2023,Hong Kong,56,56
Multi-Space Neural Radiance Fields,"['Ze-Xin Yin', 'Jiaxiong Qiu', 'Ming-Ming Cheng', 'Bo Ren']","['Nankai University', 'Nankai University', 'Nankai University, Tsinghua University', 'Nankai University']","7 May, 2023",China,88,88
HelixSurf: A Robust and Efficient Neural Implicit Surface Learning of Indoor Scenes With Iterative Intertwined Regularization,"['Zhihao Liang', 'Zhangjin Huang', 'Changxing Ding', 'Kui Jia']","[None, 'South China University of Technology', 'South China University of Technology', 'South China University of Technology']","28 February, 2023",China,486,486
Learning With Noisy Labels via Self-Supervised Adversarial Noisy Masking,"['Yuanpeng Tu', 'Boshen Zhang', 'Yuxi Li', 'Liang Liu', 'Jian Li', 'Jiangning Zhang', 'Yabiao Wang', 'Chengjie Wang', 'Cai Rong Zhao']","['Tongji University', 'Tencent', 'Tencent Youtu Lab', 'Tencent Youtu Lab', 'NJUST', 'Tencent Youtu Lab', 'Tencent Youtu Lab', 'Shanghai Jiao Tong University', 'Tongji University']","13 February, 2023",China; Jordan,100,100
Toward Accurate Post-Training Quantization for Image Super Resolution,"['Zhijun Tu', 'Jie Hu', 'Hanting Chen', 'Yunhe Wang']","['Huawei Noah&amp;amp;#x27;s Ark Lab', 'Huawei Technologies Ltd.', 'Huawei Technologies Ltd.', ""Huawei Noah's Ark Lab""]",Not Found,Finland,,
Generating Holistic 3D Human Motion From Speech,"['Hongwei Yi', 'Hualin Liang', 'Yifei Liu', 'Qiong Cao', 'Yandong Wen', 'Timo Bolkart', 'Dacheng Tao', 'Michael J. Black']","['Max Planck Institute for Intelligent Systems, Max-Planck Institute', 'South China University of Technology', 'South China University of Technology', 'JD Explore Academy', 'Max Planck Institute for Intelligent Systems', 'Google', None, 'University of Tübingen']","8 December, 2022",Germany; China; United States,,138
TexPose: Neural Texture Learning for Self-Supervised 6D Object Pose Estimation,"['Hanzhi Chen', 'Fabian Manhardt', 'Nassir Navab', 'Benjamin Busam']","['', 'Google', 'TU Munich', None]","25 December, 2022",United States; Germany,,49
End-to-End Vectorized HD-Map Construction With Piecewise Bezier Curve,"['Limeng Qiao', 'Wenjie Ding', 'Xi Qiu', 'Chi Zhang']","['Peking University', ""Xi'an Jiaotong University"", ""Xi'an Jiaotong University, Tsinghua University"", 'Columbia University']",June 2023,China; United States,3,66
Accelerating Vision-Language Pretraining With Free Language Modeling,"['Teng Wang', 'Yixiao Ge', 'Feng Zheng', 'Ran Cheng', 'Ying Shan', 'Xiaohu Qie', 'Ping Luo']","[None, 'Tencent', 'Southern University of Science and Technology', 'Southern Unviersity of Science and Technology', 'Tencent', 'Tencent', 'The University of Hong Kong']",March 2023,China; Hong Kong,,26
OSRT: Omnidirectional Image Super-Resolution With Distortion-Aware Transformer,"['Fanghua Yu', 'Xintao Wang', 'Mingdeng Cao', 'Gen Li', 'Ying Shan', 'Chao Dong']","['Shenzhen Institute of Advanced Technology, Chinese Academy of Sciences', 'Tencent', 'The University of Tokyo', 'Tencent Oline Video', 'Tencent', 'SIAT']","7 February, 2023",China; Japan,12,
Interactive Segmentation As Gaussion Process Classification,"['Minghao Zhou', 'Hong Wang', 'Qian Zhao', 'Yuexiang Li', 'Yawen Huang', 'Deyu Meng', 'Yefeng Zheng']","[""Xi'an Jiaotong University"", None, ""Xi'an Jiaotong University"", 'Tencent Jarvis Lab', 'Tencent', '', None]",Not Found,China,66,
Probability-Based Global Cross-Modal Upsampling for Pansharpening,"['Zeyu Zhu', 'Xiangyong Cao', 'Man Zhou', 'Junhao Huang', 'Deyu Meng']","['Xi&amp;amp;#x27;an Jiaotong University', ""Xi'an Jiaotong University"", 'University of Science and Technology of China', 'Artificial Intelligence', '']",March 2023,Finland; China,,
Boosting Verified Training for Robust Image Classifications via Abstraction,"['Zhaodi Zhang', 'Zhiyi Xue', 'Yang Chen', 'Si Liu', 'Yueling Zhang', 'Jing Liu', 'Min Zhang']","[None, 'East China Normal University', 'East China Normal University', 'Department of Computer Science', 'East China Normal University', 'East China Normal University', 'East China Normal University']",March 2023,China; Unknown,200,200
PVT-SSD: Single-Stage 3D Object Detector With Point-Voxel Transformer,"['Honghui Yang', 'Wenxiao Wang', 'Minghao Chen', 'Binbin Lin', 'Tong He', 'Hua Chen', 'Xiaofei He', 'Wanli Ouyang']","[None, 'Zhejiang University', 'Zhejiang University', 'Zhejiang University', 'Shanghai AI Lab', 'COMAC Beijing Aircraft Technology Research Institute', 'Zhejiang University', 'University of Sydney']",May 2023,China; Australia,2,71
StyleRes: Transforming the Residuals for Real Image Editing With StyleGAN,"['Hamza Pehlivan', 'Yusuf Dalva', 'Aysegul Dundar']","['Bilkent University, Bilkent University', 'Bilkent University', 'Bilkent University, Bilkent University']",December 2022,Turkey,358,358
Breaching FedMD: Image Recovery via Paired-Logits Inversion Attack,"['Hideaki Takahashi', 'Jingjing Liu', 'Yang Liu']","['The University of Tokyo', 'Tsinghua University, Tsinghua University', 'Tsinghua University, Tsinghua University']","22 April, 2023",Japan; China,85,1
FrustumFormer: Adaptive Instance-Aware Resampling for Multi-View 3D Detection,"['Yuqi Wang', 'Yuntao Chen', 'Zhaoxiang Zhang']","['Institute of automation, Chinese academy of science, Chinese Academy of Sciences', 'CAIR, HKISI, CAS', 'Institute of automation, Chinese academy of science, Chinese Academy of Sciences']","10 January, 2023",China; Egypt; United States,12,12
Edge-Aware Regional Message Passing Controller for Image Forgery Localization,"['Dong Li', 'Jiaying Zhu', 'Menglu Wang', 'Jiawei Liu', 'Xueyang Fu', 'Zheng-Jun Zha']","['University of Science and Technology of China', 'University of Science and Technology of China', 'University of Science and Technology of China', 'University of Science and Technology of China', 'University of Science and Technology of China', 'University of Science and Technology of China']",Not Found,China,,
PD-Quant: Post-Training Quantization Based on Prediction Difference Metric,"['Jiawei Liu', 'Lin Niu', 'Zhihang Yuan', 'Dawei Yang', 'Xinggang Wang', 'Wenyu Liu']","['Huazhong University of Science and Technology', 'Huazhong University of Science and Technology', 'Houmo AI', 'University of York', 'Huazhong University of Science and Technology', 'Huazhong University of Science and Technology']","14 December, 2022",China; United Kingdom,,
"Learning Geometric-Aware Properties in 2D Representation Using Lightweight CAD Models, or Zero Real 3D Pairs","['Pattaramanee Arsomngern', 'Sarana Nutanong', 'Supasorn Suwajanakorn']","[None, 'VISTEC', 'Vidyasirimedhi Institute of Science and Technology']",Not Found,Thailand,244,
Learning To Dub Movies via Hierarchical Prosody Models,"['Gaoxiang Cong', 'Liang Li', 'Yuankai Qi', 'Zheng-Jun Zha', 'Qi Wu', 'Wenyu Wang', 'Bin Jiang', 'Ming-Hsuan Yang', 'Qingming Huang']","['Shandong University', None, 'The University of Adelaide', 'University of Science and Technology of China', 'University of Adelaide', None, 'Shandong University', 'University of California at Merced', 'University of Chinese Academy of Sciences']","7 December, 2022",China; Australia,160,12
Binary Latent Diffusion,"['Ze Wang', 'Jiang Wang', 'Zicheng Liu', 'Qiang Qiu']","['Purdue University', 'Microsoft', 'Microsoft', 'Purdue University']",March 2025,United States,75,75
NeRFVS: Neural Radiance Fields for Free View Synthesis via Geometry Scaffolds,"['Chen Yang', 'Peihao Li', 'Zanwei Zhou', 'Shanxin Yuan', 'Bingbing Liu', 'Xiaokang Yang', 'Weichao Qiu', 'Wei Shen']","['SJTU; HUAWEI', 'Tsinghua University, Huawei', 'Shanghai Jiao Tong University', None, 'Huawei Technologies Ltd.', 'Shanghai Jiao Tong University, China', 'Huawei Technologies Ltd.', None]","13 April, 2023",China,,
Neural Kernel Surface Reconstruction,"['Jiahui Huang', 'Zan Gojcic', 'Matan Atzmon', 'Or Litany', 'Sanja Fidler', 'Francis Williams']","[None, 'NVIDIA', 'NVIDIA', 'NVIDIA / Technion', 'Department of Computer Science, University of Toronto', 'NVIDIA']","17 February, 2025",United States; Israel; Unknown; Canada,,
You Can Ground Earlier Than See: An Effective and Efficient Pipeline for Temporal Sentence Grounding in Compressed Videos,"['Xiang Fang', 'Daizong Liu', 'Pan Zhou', 'Guoshun Nan']","[None, 'Peking University', 'Huazhong University of Science and Technology', 'Beijing University of Posts and Telecommunications']","14 March, 2023",China,3,
Hybrid Neural Rendering for Large-Scale Scenes With Motion Blur,"['Peng Dai', 'Yinda Zhang', 'Xin Yu', 'Xiaoyang Lyu', 'Xiaojuan Qi']","[None, 'Google', 'The University of Hong Kong', 'University of Hong Kong', 'University of Oxford']","25 April, 2023",United States; Hong Kong; United Kingdom,,85
Self-Supervised Non-Uniform Kernel Estimation With Flow-Based Motion Prior for Blind Image Deblurring,"['Zhenxuan Fang', 'Fangfang Wu', 'Weisheng Dong', 'Xin Li', 'Jinjian Wu', 'Guangming Shi']","['Xidian University', 'Xidian University', 'Xidian University', 'West Virginia University', 'Xidian University', 'Xidian University']",Not Found,China; United States,114,114
Are We Ready for Vision-Centric Driving Streaming Perception? The ASAP Benchmark,"['Xiaofeng Wang', 'Zheng Zhu', 'Yunpeng Zhang', 'Guan Huang', 'Yun Ye', 'Wenbo Xu', 'Ziwei Chen', 'Xingang Wang']","['Institute of Automation, Chinese Academy of Sciences', 'Tsinghua University', 'PhiGent Robotics', 'Xforward AI Technology', 'Institute of automation, Chinese academy of science, Chinese Academy of Sciences', 'University of the Chinese Academy of Sciences', 'Southeast University', 'Institute of automation, Chinese academy of science, Chinese Academy of Sciences']",Not Found,China,12,12
The Devil Is in the Points: Weakly Semi-Supervised Instance Segmentation via Point-Guided Mask Representation,"['Beomyoung Kim', 'Joonhyun Jeong', 'Dongyoon Han', 'Sung Ju Hwang']","['NAVER Cloud / KAIST', 'NAVER CLOUD', 'NAVER Corp, CLOVA AI.', 'Korea Advanced Institute of Science and Technology']",March 2023,South Korea,8,
Unified Mask Embedding and Correspondence Learning for Self-Supervised Video Segmentation,"['Liulei Li', 'Wenguan Wang', 'Tianfei Zhou', 'Jianwu Li', 'Yi Yang']","['Zhejiang University', 'Zhejiang University', 'Swiss Federal Institute of Technology', 'Beijing Institute of Technology, China', 'Zhejiang University']",March 2023,China,2,2
"OmniObject3D: Large-Vocabulary 3D Object Dataset for Realistic Perception, Reconstruction and Generation","['Tong Wu', 'Jiarui Zhang', 'Xiao Fu', 'Yuxin Wang', 'Jiawei Ren', 'Liang Pan', 'Wayne Wu', 'Lei Yang', 'Jiaqi Wang', 'Chen Qian', 'Dahua Lin', 'Ziwei Liu']","[None, 'Peking University', 'Shanghai AI Laboratory', 'Hong Kong University of Science and Technology', 'Nanyang Technological University', 'Nanyang Technological University', None, 'The Chinese University of Hong Kong', 'Shanghai AI Laboratory', 'The SenseTime Research', 'The Chinese University of Hong Kong', 'Nanyang Technological University']","18 January, 2023",China; Hong Kong; Singapore,3,8
Skinned Motion Retargeting With Residual Perception of Motion Semantics & Geometry,"['Jiaxu Zhang', 'Junwu Weng', 'Di Kang', 'Fang Zhao', 'Shaoli Huang', 'Xuefei Zhe', 'Linchao Bao', 'Ying Shan', 'Jue Wang', 'Zhigang Tu']","['Wuhan University', None, 'Tencent AI Lab', 'Tencent AI Lab', 'Tencent AI Lab', 'City University of Hong Kong', 'Tencent AI Lab', 'Tencent', 'Tencent AI Lab', 'Wuhan University']",March 2023,China; Hong Kong,31,31
Multispectral Video Semantic Segmentation: A Benchmark Dataset and Baseline,"['Wei Ji', 'Jingjing Li', 'Cheng Bian', 'Zongwei Zhou', 'Jiaying Zhao', 'Alan L. Yuille', 'Li Cheng']","['University of Alberta', 'University of Alberta', 'Shenzhen University', 'Johns Hopkins University', 'University of Electronic Science and Technology of China', 'Johns Hopkins University', 'University of Alberta']",Not Found,Canada; China; United States,114,114
3D Registration With Maximal Cliques,"['Xiyu Zhang', 'Jiaqi Yang', 'Shikun Zhang', 'Yanning Zhang']","[""Northwest Polytechnical University Xi'an"", 'Northwestern Polytechnical University', ""Northwest Polytechnical University Xi'an"", 'Northwestern Polytechnical University']",May 2023,China,,
Inferring and Leveraging Parts From Object Shape for Improving Semantic Image Synthesis,"['Yuxiang Wei', 'Zhilong Ji', 'Xiaohe Wu', 'Jinfeng Bai', 'Lei Zhang', 'Wangmeng Zuo']","['The Hong Kong Polytechnic University, Hong Kong Polytechnic University', 'Tomorrow Advancing Life', 'Harbin Institute of Technology', 'Institute of automation, Chinese academy of science, Chinese Academy of Sciences', 'The Hong Kong Polytechnic University', 'Harbin Institute of Technology']",May 2023,Hong Kong; China,56,23
LoGoNet: Towards Accurate 3D Object Detection With Local-to-Global Cross-Modal Fusion,"['Xin Li', 'Tao Ma', 'Yuenan Hou', 'Botian Shi', 'Yuchen Yang', 'Youquan Liu', 'Xingjiao Wu', 'Qin Chen', 'Yikang Li', 'Yu Qiao', 'Liang He']","['East China Normal University', 'The Chinese University of Hong Kong', 'Shanghai AI Laboratory', 'Shanghai AI Lab', 'Fudan University', 'Hochschule Bremerhaven', 'Fudan University', 'East China Normal University', 'IDG Capital', 'Shanghai Aritifcal Intelligence Laboratory', 'East China Normal University']","6 March, 2023",China; Hong Kong,200,200
Modeling Video As Stochastic Processes for Fine-Grained Video Representation Learning,"['Heng Zhang', 'Daqing Liu', 'Qi Zheng', 'Bing Su']","['Gaoling School of Artificial Intelligence, Renmin University of China', 'JD.com', 'University of Sydney', None]",Not Found,China; Australia,19,71
A2J-Transformer: Anchor-to-Joint Transformer Network for 3D Interacting Hand Pose Estimation From a Single RGB Image,"['Changlong Jiang', 'Yang Xiao', 'Cunlin Wu', 'Mingyang Zhang', 'Jinghong Zheng', 'Zhiguo Cao', 'Joey Tianyi Zhou']","[None, 'Huazhong University of Science and Technology', 'Huazhong University of Science and Technology', 'Huazhong University of Science and Technology', 'Huazhong University of Science and Technology', '', 'National University of Singapore ']",April 2023,China; Singapore,,12
Distilling Vision-Language Pre-Training To Collaborate With Weakly-Supervised Temporal Action Localization,"['Chen Ju', 'Kunhao Zheng', 'Jinxiang Liu', 'Peisen Zhao', 'Ya Zhang', 'Jianlong Chang', 'Qi Tian', 'Yanfeng Wang']","['', 'Sea AI Lab', 'Shanghai Jiao Tong University', 'Huawei Technologies Ltd.', 'Shanghai Jiao Tong University', 'Huawei Technologies Ltd.', 'Huawei Technologies Ltd.', None]",December 2022,Singapore; China,,
Discriminator-Cooperated Feature Map Distillation for GAN Compression,"['Tie Hu', 'Mingbao Lin', 'Lizhou You', 'Fei Chao', 'Rongrong Ji']","['Xiamen University', 'Xiamen University', None, 'Xiamen University', 'Xiamen University']",December 2022,China,56,56
Balancing Logit Variation for Long-Tailed Semantic Segmentation,"['Yuchao Wang', 'Jingjing Fei', 'Haochen Wang', 'Wei Li', 'Tianpeng Bao', 'Liwei Wu', 'Rui Zhao', 'Yujun Shen']","['Shanghai Jiaotong University', '', 'Institute of Automation, Chinese Academy of Sciences', 'National Chiao Tung University', 'SenseTime Research', 'SenseTime', 'Qing Yuan Research Institute, Shanghai Jiao Tong University', 'The Chinese University of Hong Kong']",June 2023,China; Taiwan; Hong Kong,,26
Efficient Mask Correction for Click-Based Interactive Image Segmentation,"['Fei Du', 'Jianlong Yuan', 'Zhibin Wang', 'Fan Wang']","[None, 'Alibaba Group', 'Alibaba Group', 'Alibaba Group']",Not Found,,,
Dual Alignment Unsupervised Domain Adaptation for Video-Text Retrieval,"['Xiaoshuai Hao', 'Wanqian Zhang', 'Dayan Wu', 'Fei Zhu', 'Bo Li']","['Chinese Academy of Sciences', 'IIE, CAS', 'iie,cas', 'Institute of Information Engineering，Chinese Academy of Sciences', 'Chinese Academy of Sciences']",Not Found,China; United States,12,12
Simple Cues Lead to a Strong Multi-Object Tracker,"['Jenny Seidenschwarz', 'Guillem Brasó', 'Víctor Castro Serrano', 'Ismail Elezi', 'Laura Leal-Taixé']","['Department of Informatics, Technische Universität München', 'Technical University Munich', 'Technische Universität München', 'Technische Universität München', 'TUM']","9 June, 2022",,,
MixTeacher: Mining Promising Labels With Mixed Scale Teacher for Semi-Supervised Object Detection,"['Liang Liu', 'Boshen Zhang', 'Jiangning Zhang', 'Wuhao Zhang', 'Zhenye Gan', 'Guanzhong Tian', 'Wenbing Zhu', 'Yabiao Wang', 'Chengjie Wang']","['Tencent Youtu Lab', 'Tencent', 'Tencent Youtu Lab', 'Tencent Youtu Lab', 'Tencent Youtu Lab', ' Ningbo Innovation Center, Zhejiang University.', ""Xi'an Jiaotong-Liverpool University"", 'Tencent Youtu Lab', 'Shanghai Jiao Tong University']",March 2023,China,,5
Masked Auto-Encoders Meet Generative Adversarial Networks and Beyond,"['Zhengcong Fei', 'Mingyuan Fan', 'Li Zhu', 'Junshi Huang', 'Xiaoming Wei', 'Xiaolin Wei']","['Meituan Inc.', 'Meituan', 'Meituan', 'meituan', 'Meituan', 'Meituan']",Not Found,,,
Unifying Short and Long-Term Tracking With Graph Hierarchies,"['Orcun Cetintas', 'Guillem Brasó', 'Laura Leal-Taixé']","['', 'Technical University Munich', 'TUM']","6 December, 2022",,,
"Spring: A High-Resolution High-Detail Dataset and Benchmark for Scene Flow, Optical Flow and Stereo","['Lukas Mehl', 'Jenny Schmalfuss', 'Azin Jahedi', 'Yaroslava Nalivayko', 'Andrés Bruhn']","['Universität Stuttgart', 'Universität Stuttgart', 'Universität Stuttgart', 'Universität Stuttgart', 'University of Stuttgart']",March 2023,Germany,,160
Unsupervised 3D Point Cloud Representation Learning by Triangle Constrained Contrast for Autonomous Driving,"['Bo Pang', 'Hongchi Xia', 'Cewu Lu']","[None, 'Shanghai Jiaotong University', 'Shanghai Jiao Tong University']",Not Found,China,,5
NeRF-DS: Neural Radiance Fields for Dynamic Specular Objects,"['Zhiwen Yan', 'Chen Li', 'Gim Hee Lee']","['National University of Singapore', 'National University of Singapore', 'National University of Singapore']",March 2023,Singapore,12,12
CABM: Content-Aware Bit Mapping for Single Image Super-Resolution Network With Large Input,"['Senmao Tian', 'Ming Lu', 'Jiaming Liu', 'Yandong Guo', 'Yurong Chen', 'Shunli Zhang']","['Beijing Jiaotong University', 'Intel Labs China', 'Peking University', 'OPPO Research Institute', 'Intel Labs China', 'Beijing Jiaotong University']",April 2023,China,185,185
System-Status-Aware Adaptive Network for Online Streaming Video Understanding,"['Lin Geng Foo', 'Jia Gong', 'Zhipeng Fan', 'Jun Liu']","['Singapore University of Technology and Design', 'Singapore University of Technology and Design', 'Facebook', '']","28 March, 2023",Singapore; United States,,
On the Difficulty of Unpaired Infrared-to-Visible Video Translation: Fine-Grained Content-Rich Patches Transfer,"['Zhenjie Yu', 'Shuang Li', 'Yirui Shen', 'Chi Harold Liu', 'Shuigen Wang']","[None, 'Beijing Institute of Technology', 'Beijing Institute of Technology', 'Beijing Institute of Technology', 'Beijing Institute of Technology']",Not Found,China,126,126
Gloss Attention for Gloss-Free Sign Language Translation,"['Aoxiong Yin', 'Tianyun Zhong', 'Li Tang', 'Weike Jin', 'Tao Jin', 'Zhou Zhao']","[None, 'Zhejiang University', 'Zhejiang University', 'Zhejiang University', 'Zhejiang University', 'Zhejiang University, Tsinghua University']",July 2023,China,2,1
FAC: 3D Representation Learning via Foreground Aware Feature Contrast,"['Kangcheng Liu', 'Aoran Xiao', 'Xiaoqin Zhang', 'Shijian Lu', 'Ling Shao']","['Nanyang Technological University', 'Nanyang Technological University', 'Wenzhou University', 'Nanyang Technological University', 'Inception Institute of Artificial Intelligence']",Not Found,Singapore,8,
InstMove: Instance Motion for Object-Centric Video Segmentation,"['Qihao Liu', 'Junfeng Wu', 'Yi Jiang', 'Xiang Bai', 'Alan L. Yuille', 'Song Bai']","['Johns Hopkins University', 'Huazhong University of Science and Technology', 'bytedance', 'Huazhong University of Science and Technology', 'Johns Hopkins University', 'ByteDance']","14 March, 2023",United States; China,42,
Less Is More: Reducing Task and Model Complexity for 3D Point Cloud Semantic Segmentation,"['Li Li', 'Hubert P. H. Shum', 'Toby P. Breckon']","['Durham University', None, 'Durham University']","20 March, 2023",United Kingdom,244,244
ResFormer: Scaling ViTs With Multi-Resolution Training,"['Rui Tian', 'Zuxuan Wu', 'Qi Dai', 'Han Hu', 'Yu Qiao', 'Yu-Gang Jiang']","[None, 'Fudan University', 'Microsoft Research Asia', 'Microsft Research Asia', 'Shanghai Aritifcal Intelligence Laboratory', 'Fudan University']","1 December, 2022",China,16,16
CrowdCLIP: Unsupervised Crowd Counting via Vision-Language Model,"['Dingkang Liang', 'Jiahao Xie', 'Zhikang Zou', 'Xiaoqing Ye', 'Wei Xu', 'Xiang Bai']","[None, 'Beijing University of Posts and Telecommunications', 'Huazhong University of Science and Technology', 'Baidu Inc.', 'Beijing University of Posts and Telecommunications', 'Huazhong University of Science and Technology']",April 2023,China,,
Sibling-Attack: Rethinking Transferable Adversarial Attacks Against Face Recognition,"['Zexin Li', 'Bangjie Yin', 'Taiping Yao', 'Junfeng Guo', 'Shouhong Ding', 'Simin Chen', 'Cong Liu']","['University of California, Riverside', 'Tencent Youtu Lab', 'Tencent Youtu Lab', 'University of Texas, Dallas', 'Tencent Youtu Lab', 'University of Texas at Dallas ', 'University of California, Riverside']",March 2023,United States; China,160,160
Identity-Preserving Talking Face Generation With Landmark and Appearance Priors,"['Weizhi Zhong', 'Chaowei Fang', 'Yinqi Cai', 'Pengxu Wei', 'Gangming Zhao', 'Liang Lin', 'Guanbin Li']","['Sun Yat-sen University', 'Xidian University', 'SUN YAT-SEN UNIVERSITY', None, 'The University of Hong Kong', 'Sun Yat-sen University', 'Sun Yat-sen University']",May 2023,China; Hong Kong,29,29
Divide and Adapt: Active Domain Adaptation via Customized Learning,"['Duojun Huang', 'Jichang Li', 'Weikai Chen', 'Junshi Huang', 'Zhenhua Chai', 'Guanbin Li']","['SUN YAT-SEN UNIVERSITY', 'The University of Hong Kong', 'Tencent America', 'meituan', 'Meituan', 'Sun Yat-sen University']",July 2023,China; Hong Kong,29,29
Putting People in Their Place: Affordance-Aware Human Insertion Into Scenes,"['Sumith Kulal', 'Tim Brooks', 'Alex Aiken', 'Jiajun Wu', 'Jimei Yang', 'Jingwan Lu', 'Alexei A. Efros', 'Krishna Kumar Singh']","['Stability AI / Stanford', 'OpenAI', 'NVIDIA', 'Stanford University', 'Adobe Research', 'Adobe Research', 'UC Berkeley', 'Adobe Systems']",April 2023,United States,,
Advancing Visual Grounding With Scene Knowledge: Benchmark and Method,"['Zhihong Chen', 'Ruifei Zhang', 'Yibing Song', 'Xiang Wan', 'Guanbin Li']","[None, 'SUN YAT-SEN UNIVERSITY', 'Fudan University', 'Shenzhen Research Institiute of Big Data', 'Sun Yat-sen University']",July 2023,China,29,29
Parametric Implicit Face Representation for Audio-Driven Facial Reenactment,"['Ricong Huang', 'Peiwen Lai', 'Yipeng Qin', 'Guanbin Li']","['', 'SUN YAT-SEN UNIVERSITY', 'Cardiff University', 'Sun Yat-sen University']",June 2023,China; United Kingdom,29,29
Improved Distribution Matching for Dataset Condensation,"['Ganlong Zhao', 'Guanbin Li', 'Yipeng Qin', 'Yizhou Yu']","['University of Hong Kong', 'Sun Yat-sen University', 'Cardiff University', 'The University of Hong Kong']",July 2023,Hong Kong; China; United Kingdom,26,26
Semi-DETR: Semi-Supervised Object Detection With Detection Transformers,"['Jiacheng Zhang', 'Xiangru Lin', 'Wei Zhang', 'Kuo Wang', 'Xiao Tan', 'Junyu Han', 'Errui Ding', 'Jingdong Wang', 'Guanbin Li']","['SUN YAT-SEN UNIVERSITY', 'Baidu', 'Baidu', 'Sun Yat-sen University', 'Baidu', 'Baidu', 'Baidu Inc.', 'Baidu', 'Sun Yat-sen University']",July 2023,China,29,29
SHS-Net: Learning Signed Hyper Surfaces for Oriented Normal Estimation of Point Clouds,"['Qing Li', 'Huifang Feng', 'Kanle Shi', 'Yue Gao', 'Yi Fang', 'Yu-Shen Liu', 'Zhizhong Han']","['Tsinghua University', 'Xiamen University', 'Kuaishou Technology', 'Tsinghua University, Tsinghua University', 'New York University', None, 'Wayne State University']",Not Found,China; United States,1,200
DBARF: Deep Bundle-Adjusting Generalizable Neural Radiance Fields,"['Yu Chen', 'Gim Hee Lee']","['National University of Singapore', 'National University of Singapore']",March 2023,Singapore,12,12
Stitchable Neural Networks,"['Zizheng Pan', 'Jianfei Cai', 'Bohan Zhuang']","[None, None, None]","13 February, 2023",,,
Equivalent Transformation and Dual Stream Network Construction for Mobile Image Super-Resolution,"['Jiahao Chao', 'Zhou Zhou', 'Hongfan Gao', 'Jiali Gong', 'Zhengfeng Yang', 'Zhenbing Zeng', 'Lydia Dehbi']","['East China Normal University', 'East China Normal University', 'East China Normal University', 'East China Normal University', 'East China Normal University', 'Bielefeld University', 'East China Normal University']",Not Found,China; Germany,200,200
Dynamic Aggregated Network for Gait Recognition,"['Kang Ma', 'Ying Fu', 'Dezhi Zheng', 'Chunshui Cao', 'Xuecai Hu', 'Yongzhen Huang']","['', None, None, 'Watrix Technology', 'Beijing Normal University', 'Beijing Normal University']",Not Found,China,,200
MoLo: Motion-Augmented Long-Short Contrastive Learning for Few-Shot Action Recognition,"['Xiang Wang', 'Shiwei Zhang', 'Zhiwu Qing', 'Changxin Gao', 'Yingya Zhang', 'Deli Zhao', 'Nong Sang']","['Huazhong University of Science and Technology', 'Alibaba Group', 'Huazhong University of Science and Technology, Tsinghua University', 'Huazhong University of Science and Technology', 'Alibaba Group', 'Alibaba Group', 'Huazhong University of Science and Technology']",April 2023,China,,
Omni Aggregation Networks for Lightweight Image Super-Resolution,"['Hang Wang', 'Xuanhong Chen', 'Bingbing Ni', 'Yutian Liu', 'Jinfan Liu']","['Huawei Technologies Ltd.', 'Shanghai Jiao Tong University', 'Shanghai Jiao Tong University', 'Shanghai Jiaotong University', None]","20 April, 2023",China,,
Masked Image Modeling With Local Multi-Scale Reconstruction,"['Haoqing Wang', 'Yehui Tang', 'Yunhe Wang', 'Jianyuan Guo', 'Zhi-Hong Deng', 'Kai Han']","['Peking University', 'Peking University', ""Huawei Noah's Ark Lab"", 'University of Sydney', 'Peking University', ""Huawei Noah's Ark Lab""]",March 2023,China; Australia,3,
RaBit: Parametric Modeling of 3D Biped Cartoon Characters With a Topological-Consistent Dataset,"['Zhongjin Luo', 'Shengcai Cai', 'Jinguo Dong', 'Ruibo Ming', 'Liangdong Qiu', 'Xiaohang Zhan', 'Xiaoguang Han']","['the chinese university of hong kong, shenzhen', '', 'The Chinese University of Hong Kong (Shenzhen)', 'Tsinghua University', 'The Chinese University of Hong Kong, Shenzhen', 'The Chinese University of Hong Kong', 'The Chinese University of Hong Kong, Shenzhen']","22 March, 2023",Hong Kong; China,26,26
Disentangling Orthogonal Planes for Indoor Panoramic Room Layout Estimation With Cross-Scale Distortion Awareness,"['Zhijie Shen', 'Zishuo Zheng', 'Chunyu Lin', 'Lang Nie', 'Kang Liao', 'Shuai Zheng', 'Yao Zhao']","['Beijing Jiaotong University', 'Beijing Jiaotong University', 'Beijing Jiaotong University', 'Beijing Jiaotong University', 'Beijing Jiaotong Univercity', 'Beijing Jiaotong University', 'Beijing Jiaotong University']","2 March, 2023",China,185,185
Global-to-Local Modeling for Video-Based 3D Human Pose and Shape Estimation,"['Xiaolong Shen', 'Zongxin Yang', 'Xiaohan Wang', 'Jianxin Ma', 'Chang Zhou', 'Yi Yang']","['', 'Zhejiang University', 'Zhejiang University', 'Alibaba Group', 'Alibaba Group', 'Zhejiang University']",March 2023,China,2,2
Top-Down Visual Attention From Analysis by Synthesis,"['Baifeng Shi', 'Trevor Darrell', 'Xin Wang']","[None, 'Electrical Engineering & Computer Science Department', 'Microsoft']","23 March, 2023",United States,,
Taming Diffusion Models for Audio-Driven Co-Speech Gesture Generation,"['Lingting Zhu', 'Xian Liu', 'Xuanyu Liu', 'Rui Qian', 'Ziwei Liu', 'Lequan Yu']","[None, 'The Chinese University of Hong Kong', 'The University of Hong Kong', 'The Chinese University of Hong Kong', 'Nanyang Technological University', 'The University of Hong Kong']","16 March, 2023",Hong Kong; Singapore,26,26
SimpleNet: A Simple Network for Image Anomaly Detection and Localization,"['Zhikang Liu', 'Yiming Zhou', 'Yuansheng Xu', 'Zilei Wang']","['Meka Technlogy Co.,Ltd', 'Meka Technlogy Co.,Ltd', 'Meka Technlogy Co.,Ltd', 'University of Science and Technology of China']","27 March, 2023",China,,
DisCoScene: Spatially Disentangled Generative Radiance Fields for Controllable 3D-Aware Scene Synthesis,"['Yinghao Xu', 'Menglei Chai', 'Zifan Shi', 'Sida Peng', 'Ivan Skorokhodov', 'Aliaksandr Siarohin', 'Ceyuan Yang', 'Yujun Shen', 'Hsin-Ying Lee', 'Bolei Zhou', 'Sergey Tulyakov']","['Chinese University of Hong Kong', 'Google', 'HKUST', None, 'KAUST', 'Snap Inc.', 'The Chinese University of Hong Kong', 'The Chinese University of Hong Kong', 'Snap Inc.', 'University of California, Los Angeles', 'Snap Inc.']",December 2022,Hong Kong; United States; Saudi Arabia,31,
IS-GGT: Iterative Scene Graph Generation With Generative Transformers,"['Sanjoy Kundu', 'Sathyanarayanan N. Aakur']","['', 'Oklahoma State University']",Not Found,United States,,
MSINet: Twins Contrastive Search of Multi-Scale Interaction for Object ReID,"['Jianyang Gu', 'Kai Wang', 'Hao Luo', 'Chen Chen', 'Wei Jiang', 'Yuqiang Fang', 'Shanghang Zhang', 'Yang You', 'Jian Zhao']","['', '', 'Alibaba Group', 'Shanghai Jiao Tong University', 'Zhejiang University', 'Space Engineering University', 'Peking University', 'National University of Singapore', '']",March 2023,China; Singapore,,12
Executing Your Commands via Motion Diffusion in Latent Space,"['Xin Chen', 'Biao Jiang', 'Wen Liu', 'Zilong Huang', 'Bin Fu', 'Tao Chen', 'Gang Yu']","['University of Chinese Academy of Sciences, ShanghaiTech University', 'Fudan University', 'Tencent PCG', 'Tencent GY Lab', 'Tencent', None, 'Tencent']","7 December, 2022",China,12,
NEF: Neural Edge Fields for 3D Parametric Curve Reconstruction From Multi-View Images,"['Yunfan Ye', 'Renjiao Yi', 'Zhirui Gao', 'Chenyang Zhu', 'Zhiping Cai', 'Kai Xu']","['National University of Defense Technology', 'National University of Defense Technology', 'National University of Defense Technology', 'National University of Defense Technology', 'National University of Defense Technology', 'National University of Defense Technology']","14 March, 2023",China,,
FLAG3D: A 3D Fitness Activity Dataset With Language Instruction,"['Yansong Tang', 'Jinpeng Liu', 'Aoyang Liu', 'Bin Yang', 'Wenxun Dai', 'Yongming Rao', 'Jiwen Lu', 'Jie Zhou', 'Xiu Li']","['', None, 'Tsinghua University, Tsinghua University', 'Tsinghua University', 'Tsinghua University, Tsinghua University', 'Tsinghua University', 'Tsinghua University', None, 'Tsinghua University']","8 December, 2022",China,1,1
Towards Universal Fake Image Detectors That Generalize Across Generative Models,"['Utkarsh Ojha', 'Yuheng Li', 'Yong Jae Lee']","['University of Wisconsin - Madison', 'University of Wisconsin - Madison', 'Department of Computer Sciences, University of Wisconsin - Madison']","20 February, 2023",United States,66,66
NeuralUDF: Learning Unsigned Distance Fields for Multi-View Reconstruction of Surfaces With Arbitrary Topologies,"['Xiaoxiao Long', 'Cheng Lin', 'Lingjie Liu', 'Yuan Liu', 'Peng Wang', 'Christian Theobalt', 'Taku Komura', 'Wenping Wang']","['The University of Hong Kong', 'Tencent', 'Saarland Informatics Campus, Max-Planck Institute', 'The University of Hong Kong', 'The University of Hong Kong', 'MPI Informatik', 'the University of Hong Kong, University of Hong Kong', 'Texas A&M University - College Station']",November 2022,Hong Kong; China; United States,26,61
Context De-Confounded Emotion Recognition,"['Dingkang Yang', 'Zhaoyu Chen', 'Yuzheng Wang', 'Shunli Wang', 'Mingcheng Li', 'Siao Liu', 'Xiao Zhao', 'Shuai Huang', 'Zhiyan Dong', 'Peng Zhai', 'Lihua Zhang']","['Fudan University', 'Fudan University', 'Fudan University', 'Fudan University', 'Fudan University', 'Fudan University', None, 'Fudan University', 'Fudan University,', 'Fudan University', 'Fudan University']",July 2024,China,16,16
PA&DA: Jointly Sampling Path and Data for Consistent NAS,"['Shun Lu', 'Yu Hu', 'Longxing Yang', 'Zihao Sun', 'Jilin Mei', 'Jianchao Tan', 'Chengru Song']","[None, None, 'Institute of Computing Technology, Chinese Academy of Sciences', 'Institute of Computing Technology, Chinese Academy of Sciences', 'Institute of Computing Technology, Chinese Academy of Sciences', 'Kuaishou Technology', 'Tsinghua University, Tsinghua University']",October 2025,China,12,1
You Only Segment Once: Towards Real-Time Panoptic Segmentation,"['Jie Hu', 'Linyan Huang', 'Tianhe Ren', 'Shengchuan Zhang', 'Rongrong Ji', 'Liujuan Cao']","['Xiamen University', 'Xiamen University', 'The International Digital Economy Academy', None, 'Xiamen University', 'Xiamen University']",March 2023,China,56,56
Activating More Pixels in Image Super-Resolution Transformer,"['Xiangyu Chen', 'Xintao Wang', 'Jiantao Zhou', 'Yu Qiao', 'Chao Dong']","['University of Macau', 'Tencent', 'University of Macau', 'Shanghai Aritifcal Intelligence Laboratory', 'SIAT']","9 May, 2022",Macau; China,114,
DisWOT: Student Architecture Search for Distillation WithOut Training,"['Peijie Dong', 'Lujun Li', 'Zimian Wei']","[None, 'The Hong Kong University of Science and Technology', 'National University of Defense Technology']",March 2023,China,,
Effective Ambiguity Attack Against Passport-Based DNN Intellectual Property Protection Schemes Through Fully Connected Layer Substitution,"['Yiming Chen', 'Jinyu Tian', 'Xiangyu Chen', 'Jiantao Zhou']","[None, 'Macau University of Science and Technology', 'University of Macau', 'University of Macau']",March 2023,Macau,,114
Efficient Semantic Segmentation by Altering Resolutions for Compressed Videos,"['Yubin Hu', 'Yuze He', 'Yanghao Li', 'Jisheng Li', 'Yuxing Han', 'Jiangtao Wen', 'Yong-Jin Liu']","['Tsinghua University', None, 'Tsinghua University, Tsinghua University', 'Tsinghua University, Tsinghua University', 'Research Institute of Tsinghua University in Shenzhen', 'Eastern Institute for Advanced Studies', 'Tsinghua University, Tsinghua University']",March 2023,China,1,1
Object Pose Estimation With Statistical Guarantees: Conformal Keypoint Detection and Geometric Uncertainty Propagation,"['Heng Yang', 'Marco Pavone']","['NVIDIA', 'NVIDIA']",March 2023,United States,,
Dynamically Instance-Guided Adaptation: A Backward-Free Approach for Test-Time Domain Adaptive Semantic Segmentation,"['Wei Wang', 'Zhun Zhong', 'Weijie Wang', 'Xi Chen', 'Charles Ling', 'Boyu Wang', 'Nicu Sebe']","['University of Western Ontario', 'University of Trento', 'University of Trento', 'Huawei Technologies Ltd.', 'University of Western Ontario', 'University of Western Ontario', 'University of Trento']",Not Found,Italy; China,,185
Pose Synchronization Under Multiple Pair-Wise Relative Poses,"['Yifan Sun', 'Qixing Huang']","['University of Texas, Austin', 'University of Texas at Austin']",Not Found,United States,,49
Open Set Action Recognition via Multi-Label Evidential Learning,"['Chen Zhao', 'Dawei Du', 'Anthony Hoogs', 'Christopher Funk']","['Kitware Inc.', 'Kitware, Inc.', 'Kitware, Inc.', 'Kitware, Inc']",March 2023,United States,,
Micron-BERT: BERT-Based Facial Micro-Expression Recognition,"['Xuan-Bac Nguyen', 'Chi Nhan Duong', 'Xin Li', 'Susan Gauch', 'Han-Seok Seo', 'Khoa Luu']","[None, 'pdActive, Inc.', 'West Virginia University', 'University of Arkansas - Fayetteville', 'University of Arkansas - Fayetteville', 'University of Arkansas']",April 2023,United States,,486
Genie: Show Me the Data for Quantization,"['Yongkweon Jeon', 'Chungman Lee', 'Ho-young Kim']","['Samsung Research', 'Samsung Research', 'Samsung Electronics']","9 December, 2022",,,
Deep Graph Reprogramming,"['Yongcheng Jing', 'Chongbin Yuan', 'Li Ju', 'Yiding Yang', 'Xinchao Wang', 'Dacheng Tao']","['University of Sydney', 'national university of singaore, National University of Singapore', 'national university of singaore, National University of Singapore', 'Wormpex AI Research', 'National University of Singapore', None]",April 2023,Australia; Singapore,71,12
Generalizable Local Feature Pre-Training for Deformable Shape Analysis,"['Souhaib Attaiki', 'Lei Li', 'Maks Ovsjanikov']","[None, 'Technische Universität München', 'Ecole Polytechnique, France']",March 2023,,,
Collaborative Diffusion for Multi-Modal Face Generation and Editing,"['Ziqi Huang', 'Kelvin C.K. Chan', 'Yuming Jiang', 'Ziwei Liu']","['Nanyang Technological University', 'Nanyang Technological University', 'Nanyang Technological University', 'Nanyang Technological University']",April 2023,Singapore,8,8
Diffusion Probabilistic Model Made Slim,"['Xingyi Yang', 'Daquan Zhou', 'Jiashi Feng', 'Xinchao Wang']","['National University of Singapore', 'National University of Singapore', 'ByteDance', 'National University of Singapore']",November 2022,Singapore; China,12,12
Unsupervised Domain Adaption With Pixel-Level Discriminator for Image-Aware Layout Generation,"['Chenchen Xu', 'Min Zhou', 'Tiezheng Ge', 'Yuning Jiang', 'Weiwei Xu']","[None, 'Beijing University of Aeronautics and Astronautics', 'Alibaba Group', 'University of Science and Technology of China, Tsinghua University', 'Zhejiang University']",March 2023,China,,2
Token Contrast for Weakly-Supervised Semantic Segmentation,"['Lixiang Ru', 'Heliang Zheng', 'Yibing Zhan', 'Bo Du']","['Wuhan University', 'USTC', 'JD Explore Academy', 'Wuhan University']",March 2023,China,31,31
VoP: Text-Video Co-Operative Prompt Tuning for Cross-Modal Retrieval,"['Siteng Huang', 'Biao Gong', 'Yulin Pan', 'Jianwen Jiang', 'Yiliang Lv', 'Yuyuan Li', 'Donglin Wang']","['Zhejiang University & Westlake University', 'Alibaba Group', 'Alibaba Group, China', 'Alibaba DAMO Academy', 'Alibaba DAMO Academy', 'Zhejiang University', 'Westlake University']","23 November, 2022",China,2,46
BAD-NeRF: Bundle Adjusted Deblur Neural Radiance Fields,"['Peng Wang', 'Lingzhe Zhao', 'Ruijie Ma', 'Peidong Liu']","['Westlake University & Zhejiang University', 'Westlake University', 'Westlake University', None]","23 November, 2022",China,2,46
Class-Conditional Sharpness-Aware Minimization for Deep Long-Tailed Recognition,"['Zhipeng Zhou', 'Lanqing Li', 'Peilin Zhao', 'Pheng-Ann Heng', 'Wei Gong']","['University of Science and Technology of China', 'Zhejiang Lab; The Chinese University of Hong Kong', 'Tencent AI Lab', 'The Chinese University of Hong Kong', 'University of Science and Technology of China']",Not Found,Hong Kong,,
Local Implicit Normalizing Flow for Arbitrary-Scale Image Super-Resolution,"['Jie-En Yao', 'Li-Yuan Tsao', 'Yi-Chen Lo', 'Roy Tseng', 'Chia-Che Chang', 'Chun-Yi Lee']","['National Tsing Hua University', 'National Tsing Hua University', 'National Tsing Hua University', 'MediaTek', 'MediaTek', 'National Tsing Hua University']","9 March, 2023",Taiwan,358,358
Think Twice Before Driving: Towards Scalable Decoders for End-to-End Autonomous Driving,"['Xiaosong Jia', 'Penghao Wu', 'Li Chen', 'Jiangwei Xie', 'Conghui He', 'Junchi Yan', 'Hongyang Li']","['Shanghai Jiao Tong University', 'University of California, San Diego', 'Shanghai AI Laboratory', 'ShanghaiTech University', None, 'Shanghai Jiao Tong University', None]",May 2023,China; United States,5,5
DoNet: Deep De-Overlapping Network for Cytology Instance Segmentation,"['Hao Jiang', 'Rushan Zhang', 'Yanning Zhou', 'Yumeng Wang', 'Hao Chen']","[None, '', 'Tencent', 'the Hong Kong University of Science and Technology', 'The Hong Kong University of Science and Technology']",March 2023,China,,
PointListNet: Deep Learning on 3D Point Lists,"['Hehe Fan', 'Linchao Zhu', 'Yi Yang', 'Mohan Kankanhalli']","[None, None, 'Zhejiang University', 'National University of Singapore']",Not Found,China; Singapore,2,12
NeuralLift-360: Lifting an In-the-Wild 2D Photo to a 3D Object With 360° Views,"['Dejia Xu', 'Yifan Jiang', 'Peihao Wang', 'Zhiwen Fan', 'Yi Wang', 'Zhangyang Wang']","['University of Texas at Austin', 'University of Texas at Austin', 'University of Texas, Austin', 'University of Texas, Austin', 'University of Texas, Austin', 'University of Texas at Austin']","29 November, 2022",United States,49,49
Representation Learning for Visual Object Tracking by Masked Appearance Transfer,"['Haojie Zhao', 'Dong Wang', 'Huchuan Lu']","[None, 'Dalian University of Technology', 'Dalian University of Technology']",Not Found,China,,
Boosting Detection in Crowd Analysis via Underutilized Output Features,"['Shaokai Wu', 'Fengyu Yang']","['Jilin University', 'University of Michigan - Ann Arbor']",August 2023,China; United States,114,29
Endpoints Weight Fusion for Class Incremental Semantic Segmentation,"['Jia-Wen Xiao', 'Chang-Bin Zhang', 'Jiekang Feng', 'Xialei Liu', 'Joost van de Weijer', 'Ming-Ming Cheng']","['Nankai University', 'Nankai University', 'Nankai University', 'Nankai University', 'Computer Vision Center Barcelona', 'Nankai University, Tsinghua University']",Not Found,China,88,1
Symmetric Shape-Preserving Autoencoder for Unsupervised Real Scene Point Cloud Completion,"['Changfeng Ma', 'Yinuo Chen', 'Pengxiao Guo', 'Jie Guo', 'Chongjun Wang', 'Yanwen Guo']","['Nanjing University', 'Nanjing University', 'Nanjing University', 'Nanjing University', 'Nanjing University', 'Nanjing University']",Not Found,China,6,6
LiDAR2Map: In Defense of LiDAR-Based Semantic Map Construction Using Online Camera Distillation,"['Song Wang', 'Wentong Li', 'Wenyu Liu', 'Xiaolu Liu', 'Jianke Zhu']","['Zhejiang University', 'College of Computer Science and Technology, Zhejiang University', 'Zhejiang University', 'Zhejiang University', 'Zhejiang University']","22 April, 2023",China,2,2
StyleSync: High-Fidelity Generalized and Personalized Lip Sync in Style-Based Generator,"['Jiazhi Guan', 'Zhanwang Zhang', 'Hang Zhou', 'Tianshu Hu', 'Kaisiyuan Wang', 'Dongliang He', 'Haocheng Feng', 'Jingtuo Liu', 'Errui Ding', 'Ziwei Liu', 'Jingdong Wang']","['Tsinghua University, China', 'Department of Computer Vision Technology (VIS), Baidu Inc', 'Baidu', 'Baidu', 'University of Sydney', 'ByteDance Inc. ', 'Baidu', 'Baidu', 'Baidu Inc.', 'Nanyang Technological University', 'Baidu']",May 2023,China; Australia; Singapore,1,
Masked Motion Encoding for Self-Supervised Video Representation Learning,"['Xinyu Sun', 'Peihao Chen', 'Liangwei Chen', 'Changhao Li', 'Thomas H. Li', 'Mingkui Tan', 'Chuang Gan']","[None, 'South China University of Technology', 'South China University of Technology', 'South China University of Technology', 'AIIT, Peking University', 'South China University of Technology', 'MIT-IBM Watson AI Lab']","12 October, 2022",China,486,
In-Hand 3D Object Scanning From an RGB Sequence,"['Shreyas Hampali', 'Tomas Hodan', 'Luan Tran', 'Lingni Ma', 'Cem Keskin', 'Vincent Lepetit']","['Meta', 'Meta', 'Michigan State University', 'Facebook', 'Facebook', 'Ecole des Ponts ParisTech']","28 November, 2022",United States; France,,
SceneComposer: Any-Level Semantic Image Synthesis,"['Yu Zeng', 'Zhe Lin', 'Jianming Zhang', 'Qing Liu', 'John Collomosse', 'Jason Kuen', 'Vishal M. Patel']","[None, 'Adobe Research', 'Adobe Systems', 'Adobe Systems', 'University of Surrey', 'Adobe Research', 'Johns Hopkins University']",November 2022,United Kingdom; United States,,42
QuantArt: Quantizing Image Style Transfer Towards High Visual Fidelity,"['Siyu Huang', 'Jie An', 'Donglai Wei', 'Jiebo Luo', 'Hanspeter Pfister']","['Harvard University', 'University of Rochester', 'Boston College', 'University of Rochester', 'Harvard University']","20 December, 2022",United States,88,88
Magic3D: High-Resolution Text-to-3D Content Creation,"['Chen-Hsuan Lin', 'Jun Gao', 'Luming Tang', 'Towaki Takikawa', 'Xiaohui Zeng', 'Xun Huang', 'Karsten Kreis', 'Sanja Fidler', 'Ming-Yu Liu', 'Tsung-Yi Lin']","[None, 'University of Toronto, NVIDIA', 'Cornell University', 'NVIDIA', 'Department of Computer Science, University of Toronto', 'NVIDIA', 'NVIDIA', 'Department of Computer Science, University of Toronto', 'NVIDIA', 'NVIDIA']","18 November, 2022",Canada; United States; Unknown,23,
Uncovering the Missing Pattern: Unified Framework Towards Trajectory Imputation and Prediction,"['Yi Xu', 'Armin Bazarjani', 'Hyung-gun Chi', 'Chiho Choi', 'Yun Fu']","['Northeastern University', 'Honda Research Institute', 'Purdue University', 'Samsung', 'Northeastern University']",March 2023,United States; South Korea,35,35
3D-Aware Conditional Image Synthesis,"['Kangle Deng', 'Gengshan Yang', 'Deva Ramanan', 'Jun-Yan Zhu']","[None, 'School of Computer Science, Carnegie Mellon University', 'Carnegie Mellon University', 'Carnegie Mellon University']","16 February, 2023",United States,3,3
GeneCIS: A Benchmark for General Conditional Image Similarity,"['Sagar Vaze', 'Nicolas Carion', 'Ishan Misra']","['VGG, University of Oxford', 'New York University', 'Facebook']",June 2023,United Kingdom; United States,85,
Neighborhood Attention Transformer,"['Ali Hassani', 'Steven Walton', 'Jiachen Li', 'Shen Li', 'Humphrey Shi']","['University of Oregon', 'University of Oregon', 'University of Illinois, Urbana-Champaign', 'Facebook AI', 'U of Oregon | UIUC | PAIR']",September 2025,United States,244,
DreamBooth: Fine Tuning Text-to-Image Diffusion Models for Subject-Driven Generation,"['Nataniel Ruiz', 'Yuanzhen Li', 'Varun Jampani', 'Yael Pritch', 'Michael Rubinstein', 'Kfir Aberman']","['Boston University', 'Massachusetts Institute of Technology', 'Google Research', 'Google Research', 'Google', 'Google']","25 August, 2022",United States,85,
LOCATE: Localize and Transfer Object Parts for Weakly Supervised Affordance Grounding,"['Gen Li', 'Varun Jampani', 'Deqing Sun', 'Laura Sevilla-Lara']","['University of Edinburgh', 'Google Research', 'Google', 'University of Edinburgh']",March 2023,United Kingdom; United States,42,42
Camouflaged Object Detection With Feature Decomposition and Edge Reconstruction,"['Chunming He', 'Kai Li', 'Yachao Zhang', 'Longxiang Tang', 'Yulun Zhang', 'Zhenhua Guo', 'Xiu Li']","[None, 'NEC Labs, America', 'Tsinghua University', 'Tsinghua University, Tsinghua University', 'ETH Zürich', 'Tianyi Traffic Technology', 'Tsinghua University']",Not Found,Egypt; China; Switzerland,,1
Iterative Proposal Refinement for Weakly-Supervised Video Grounding,"['Meng Cao', 'Fangyun Wei', 'Can Xu', 'Xiubo Geng', 'Long Chen', 'Can Zhang', 'Yuexian Zou', 'Tao Shen', 'Daxin Jiang']","['Peking University', None, 'Microsoft', 'Microsoft', 'HKUST', 'Peking University', 'Peking University', 'Microsoft', 'Microsoft']",Not Found,China; United States; Hong Kong,3,
SIM: Semantic-Aware Instance Mask Generation for Box-Supervised Instance Segmentation,"['Ruihuang Li', 'Chenhang He', 'Yabin Zhang', 'Shuai Li', 'Liyi Chen', 'Lei Zhang']","[None, None, 'The Hong Kong Polytechnic University', None, 'The Hong Kong Polytechnic University', 'The Hong Kong Polytechnic University']",March 2023,Hong Kong,56,56
Deep Discriminative Spatial and Temporal Network for Efficient Video Deblurring,"['Jinshan Pan', 'Boming Xu', 'Jiangxin Dong', 'Jianjun Ge', 'Jinhui Tang']","['Nanjing University of Science and Technology', 'Nanjing University of Science and Technology', 'Nanjing University of Science and Technology', 'Information Science Academy, China Electronics Technology Group Corporation', 'Nanjing University of Science and Technology']",Not Found,China,6,6
Continuous Sign Language Recognition With Correlation Network,"['Lianyu Hu', 'Liqing Gao', 'Zekang Liu', 'Wei Feng']","['university  of tianjin of china, Tianjin University', 'Tianjin University', 'Tianjin University', 'Tianjin University']","6 March, 2023",China,100,100
Learning a Sparse Transformer Network for Effective Image Deraining,"['Xiang Chen', 'Hao Li', 'Mingqiang Li', 'Jinshan Pan']","['Nanjing University of Science and Technology', 'Nanjing University of Science and Technology', 'Information Science Academy, China Electronics Technology Group Corporation', 'Nanjing University of Science and Technology']",March 2023,China,6,6
Iterative Geometry Encoding Volume for Stereo Matching,"['Gangwei Xu', 'Xianqi Wang', 'Xiaohuan Ding', 'Xin Yang']","[None, 'Huazhong University of Science and Technology', None, 'Huazhong University of Science and Technology']","1 September, 2024",China,,
Look Before You Match: Instance Understanding Matters in Video Object Segmentation,"['Junke Wang', 'Dongdong Chen', 'Zuxuan Wu', 'Chong Luo', 'Chuanxin Tang', 'Xiyang Dai', 'Yucheng Zhao', 'Yujia Xie', 'Lu Yuan', 'Yu-Gang Jiang']","[None, 'Microsoft Research', 'Fudan University', 'Microsoft Research Asia', 'Microsoft Research Asia', 'Microsoft', 'University of Science and Technology of China', 'Microsoft', 'Microsoft', 'Fudan University']",December 2022,United States; China,,16
Decoupled Semantic Prototypes Enable Learning From Diverse Annotation Types for Semi-Weakly Segmentation in Expert-Driven Domains,"['Simon Reiß', 'Constantin Seibold', 'Alexander Freytag', 'Erik Rodner', 'Rainer Stiefelhagen']","[None, 'Karlsruhe Institute of Technology', 'ZEISS', 'Hochschule für Technik und Wirtschaft Berlin', 'Karlsruhe Institute of Technology']",Not Found,Germany,200,200
Neuron Structure Modeling for Generalizable Remote Physiological Measurement,"['Hao Lu', 'Zitong Yu', 'Xuesong Niu', 'Ying-Cong Chen']","['HKUST (GZ)', 'Nanyang Technological University', 'Kuaishou Technology', 'The Hong Kong University of Science and Technology']",March 2023,China; Singapore,10,
Long-Tailed Visual Recognition via Self-Heterogeneous Integration With Knowledge Excavation,"['Yan Jin', 'Mengke Li', 'Yang Lu', 'Yiu-ming Cheung', 'Hanzi Wang']","[None, 'Guangdong Laboratory of Artificial Intelligence and Digital Economy (SZ)', 'Xiamen University', 'Hong Kong Baptist University', 'Xiamen University']","3 April, 2023",China; Hong Kong,,56
MDQE: Mining Discriminative Query Embeddings To Segment Occluded Instances on Challenging Videos,"['Minghan Li', 'Shuai Li', 'Wangmeng Xiang', 'Lei Zhang']","['The Hong Kong Polytechnic University ', None, 'DAMO Academy, Alibaba Group', 'The Hong Kong Polytechnic University']",March 2023,Hong Kong,56,56
One-to-Few Label Assignment for End-to-End Dense Detection,"['Shuai Li', 'Minghan Li', 'Ruihuang Li', 'Chenhang He', 'Lei Zhang']","[None, 'The Hong Kong Polytechnic University ', None, None, 'The Hong Kong Polytechnic University']",March 2023,Hong Kong,56,56
Intrinsic Physical Concepts Discovery With Object-Centric Predictive Models,"['Qu Tang', 'Xiangyu Zhu', 'Zhen Lei', 'Zhaoxiang Zhang']","[None, None, 'Institute of Automation,  Chinese Academy of Sciences', 'Institute of automation, Chinese academy of science, Chinese Academy of Sciences']","3 March, 2023",China,12,12
Uncertainty-Aware Unsupervised Image Deblurring With Deep Residual Prior,"['Xiaole Tang', 'Xile Zhao', 'Jun Liu', 'Jianli Wang', 'Yuchun Miao', 'Tieyong Zeng']","[""Xi'an Jiaotong University"", 'University of Electronic Science and Technology of China', 'Northeast Normal University', 'Southwest Jiaotong University', 'Wuhan University of Technology', 'The Chinese University of Hong Kong']","9 October, 2022",China; Hong Kong,66,26
EditableNeRF: Editing Topologically Varying Neural Radiance Fields by Key Points,"['Chengwei Zheng', 'Wenbin Lin', 'Feng Xu']","[None, 'Tsinghua University, Tsinghua University', 'Tsinghua University, Tsinghua University']","7 December, 2022",China,1,1
Progressive Open Space Expansion for Open-Set Model Attribution,"['Tianyun Yang', 'Danding Wang', 'Fan Tang', 'Xinying Zhao', 'Juan Cao', 'Sheng Tang']","['Chinese Academy of Sciences, Institute of Computing Technology', None, 'Institute of Computing Technology, CAS', 'Institute of Computing Technology, Chinese Academy of Sciences', 'Institute of Computing Technology, Chinese Academy of Sciences', 'Institute of Computing Technology, Chinese Academy of Sciences']",March 2023,China; United States,12,12
Seeing a Rose in Five Thousand Ways,"['Yunzhi Zhang', 'Shangzhe Wu', 'Noah Snavely', 'Jiajun Wu']","['Stanford University', 'Stanford University', 'Google / Cornell', 'Stanford University']","9 December, 2022",United States,16,16
Unsupervised Sampling Promoting for Stochastic Human Trajectory Prediction,"['Guangyi Chen', 'Zhenhao Chen', 'Shunxing Fan', 'Kun Zhang']","['MBZUAI, CMU', None, 'MBZUAI', 'Carnegie Mellon University']",April 2023,United Arab Emirates; United States,31,3
Object-Goal Visual Navigation via Effective Exploration of Relations Among Historical Navigation States,"['Heming Du', 'Lincheng Li', 'Zi Huang', 'Xin Yu']","['Australian National University', '', 'University of Queensland', 'University of Queensland']",Not Found,Australia,88,185
Large-Scale Training Data Search for Object Re-Identification,"['Yue Yao', 'Tom Gedeon', 'Liang Zheng']","[None, 'Curtin University of Technology', 'Australian National University']",March 2023,Australia,,88
AttentionShift: Iteratively Estimated Part-Based Attention Map for Pointly Supervised Instance Segmentation,"['Mingxiang Liao', 'Zonghao Guo', 'Yuze Wang', 'Peng Yuan', 'Bailan Feng', 'Fang Wan']","[None, None, 'Shanghai Jiaotong University', ""Huawei Noah' Ark Lab"", 'Institute of automation, Chinese academy of science, Chinese Academy of Sciences', ', Chinese Academy of Sciences']",Not Found,China,,12
Use Your Head: Improving Long-Tail Video Recognition,"['Toby Perrett', 'Saptarshi Sinha', 'Tilo Burghardt', 'Majid Mirmehdi', 'Dima Damen']","[None, 'University of Bristol', 'University of Bristol', 'University of Bristol', '']",April 2023,United Kingdom,185,185
The Wisdom of Crowds: Temporal Progressive Attention for Early Action Prediction,"['Alexandros Stergiou', 'Dima Damen']","['Vrije Universiteit Brussel & University of Bristol', '']","28 April, 2022",United Kingdom,185,185
Looking Through the Glass: Neural Surface Reconstruction Against High Specular Reflections,"['Jiaxiong Qiu', 'Peng-Tao Jiang', 'Yifan Zhu', 'Ze-Xin Yin', 'Ming-Ming Cheng', 'Bo Ren']","['Nankai University', 'Zhejiang University', 'Nankai University', 'Nankai University', 'Nankai University, Tsinghua University', 'Nankai University']",April 2023,China,88,88
MaskCLIP: Masked Self-Distillation Advances Contrastive Language-Image Pretraining,"['Xiaoyi Dong', 'Jianmin Bao', 'Yinglin Zheng', 'Ting Zhang', 'Dongdong Chen', 'Hao Yang', 'Ming Zeng', 'Weiming Zhang', 'Lu Yuan', 'Dong Chen', 'Fang Wen', 'Nenghai Yu']","['Microsoft', 'Microsoft', 'Xiamen University', 'Microsoft', 'Microsoft Research', 'ByteDance', 'Xiamen University', 'University of Science and Technology of China', 'Microsoft', 'Microsoft', 'Microsoft', 'University of Science and Technology of China']","25 August, 2022",United States; China,,
Deep Arbitrary-Scale Image Super-Resolution via Scale-Equivariance Pursuit,"['Xiaohang Wang', 'Xuanhong Chen', 'Bingbing Ni', 'Hang Wang', 'Zhengyan Tong', 'Yutian Liu']","[None, 'Shanghai Jiao Tong University', 'Shanghai Jiao Tong University', 'Huawei Technologies Ltd.', 'Shanghai Jiao Tong University', 'Shanghai Jiaotong University']",Not Found,China,5,
Phase-Shifting Coder: Predicting Accurate Orientation in Oriented Object Detection,"['Yi Yu', 'Feipeng Da']","[None, 'Southeast University']","11 November, 2022",China,38,38
HexPlane: A Fast Representation for Dynamic Scenes,"['Ang Cao', 'Justin Johnson']","['University of Michigan - Ann Arbor', 'University of Michigan']","23 January, 2023",United States,29,29
AdamsFormer for Spatial Action Localization in the Future,"['Hyung-gun Chi', 'Kwonjoon Lee', 'Nakul Agarwal', 'Yi Xu', 'Karthik Ramani', 'Chiho Choi']","['Purdue University', 'Honda Research Institute', None, 'Northeastern University', 'Purdue University', 'Samsung']",Not Found,United States; South Korea,75,
HIER: Metric Learning Beyond Class Labels via Hierarchical Regularization,"['Sungyeon Kim', 'Boseung Jeong', 'Suha Kwak']","['POSTECH', 'POSTECH', 'POSTECH']","29 December, 2022",South Korea,88,88
Content-Aware Token Sharing for Efficient Semantic Segmentation With Vision Transformers,"['Chenyang Lu', 'Daan de Geus', 'Gijs Dubbelman']","['Eindhoven University of Technology', 'Eindhoven University of Technology', 'Eindhoven University of Technology']",June 2023,,,
Revisiting Weak-to-Strong Consistency in Semi-Supervised Semantic Segmentation,"['Lihe Yang', 'Lei Qi', 'Litong Feng', 'Wayne Zhang', 'Yinghuan Shi']","[None, 'Southeast University', 'SenseTime Research', 'SenseTime Research', 'Nanjing University']",October 2024,China,38,6
Multiview Compressive Coding for 3D Reconstruction,"['Chao-Yuan Wu', 'Justin Johnson', 'Jitendra Malik', 'Christoph Feichtenhofer', 'Georgia Gkioxari']","['Meta', 'University of Michigan', 'University of California at Berkeley', 'Facebook', 'California Institute of Technology']",January 2023,United States,,185
"Prompt, Generate, Then Cache: Cascade of Foundation Models Makes Strong Few-Shot Learners","['Renrui Zhang', 'Xiangfei Hu', 'Bohao Li', 'Siyuan Huang', 'Hanqiu Deng', 'Yu Qiao', 'Peng Gao', 'Hongsheng Li']","['MMLab of CUHK &amp;amp;amp; Shanghai AI Laboratory', 'Shanghai Jiaotong University', 'University of the Chinese Academy of Sciences', 'Shanghai Jiaotong University', 'University of Alberta', 'Shanghai Aritifcal Intelligence Laboratory', 'The Chinese University of Hong Kong', 'The Chinese University of Hong Kong']",March 2023,Finland; China,,26
Fake It Till You Make It: Learning Transferable Representations From Synthetic ImageNet Clones,"['Mert Bülent Sarıyıldız', 'Karteek Alahari', 'Diane Larlus', 'Yannis Kalantidis']","['Naver Labs Europe', 'Inria', None, 'NAVER LABS Europe']","16 December, 2022",France,,
How Can Objects Help Action Recognition?,"['Xingyi Zhou', 'Anurag Arnab', 'Chen Sun', 'Cordelia Schmid']","['Google', 'Google', 'Brown University', 'Inria / Google']",Not Found,United States; France,,160
Understanding and Improving Features Learned in Deep Functional Maps,"['Souhaib Attaiki', 'Maks Ovsjanikov']","[None, 'Ecole Polytechnique, France']",March 2023,,,
Soft Augmentation for Image Classification,"['Yang Liu', 'Shen Yan', 'Laura Leal-Taixé', 'James Hays', 'Deva Ramanan']","['NeuroSmart', 'Google Research', 'TUM', 'Georgia Institute of Technology', 'Carnegie Mellon University']","8 November, 2022",United States,,3
GraVoS: Voxel Selection for 3D Point-Cloud Detection,"['Oren Shrout', 'Yizhak Ben-Shabat', 'Ayellet Tal']","['Faculty of Electrical And Computer Engineering - Technion, Israel', 'Technion, Israel Institute of Technology', 'Technion']","18 August, 2022",Israel,49,49
"RenderDiffusion: Image Diffusion for 3D Reconstruction, Inpainting and Generation","['Titas Anciukevičius', 'Zexiang Xu', 'Matthew Fisher', 'Paul Henderson', 'Hakan Bilen', 'Niloy J. Mitra', 'Paul Guerrero']","[None, 'Adobe Research', 'Adobe Research', 'University of Glasgow', 'University of Edinburgh', 'University College London', 'Adobe Systems']","17 November, 2022",United Kingdom,,
Learned Two-Plane Perspective Prior Based Image Resampling for Efficient Object Detection,"['Anurag Ghosh', 'N. Dinesh Reddy', 'Christoph Mertz', 'Srinivasa G. Narasimhan']","['Carnegie Mellon University', 'Carnegie Mellon University', 'Carnegie Mellon University', 'Carnegie Mellon University']",March 2023,United States,3,3
Adversarial Counterfactual Visual Explanations,"['Guillaume Jeanneret', 'Loïc Simon', 'Frédéric Jurie']","['Université de Caen Basse Normandie', 'ENSICAEN', 'Université de Caen Normandie']","13 July, 2025",,,
Tracking Multiple Deformable Objects in Egocentric Videos,"['Mingzhen Huang', 'Xiaoxing Li', 'Jun Hu', 'Honghong Peng', 'Siwei Lyu']","['State University of New York, Buffalo', 'Facebook', 'Facebook', 'Meta', 'State University of New York, Buffalo']",Not Found,Brazil; United States,,
CUF: Continuous Upsampling Filters,"['Cristina N. Vasconcelos', 'Cengiz Oztireli', 'Mark Matthews', 'Milad Hashemi', 'Kevin Swersky', 'Andrea Tagliasacchi']","['Research, Google', 'University of Cambridge', 'Google', 'Google', 'Google Brain', 'Simon Fraser University, Google Brain']","13 October, 2022",Qatar; United States; United Kingdom; Canada,,106
Curvature-Balanced Feature Manifold Learning for Long-Tailed Classification,"['Yanbiao Ma', 'Licheng Jiao', 'Fang Liu', 'Shuyuan Yang', 'Xu Liu', 'Lingling Li']","['Xidian University', 'Xidian University', 'Xidian University', 'Xidian University', 'Xidian University', 'Xidian University']",Not Found,China,114,114
DIP: Dual Incongruity Perceiving Network for Sarcasm Detection,"['Changsong Wen', 'Guoli Jia', 'Jufeng Yang']","['Nankai University', None, None]",Not Found,China,88,88
LipFormer: High-Fidelity and Generalizable Talking Face Generation With a Pre-Learned Facial Codebook,"['Jiayu Wang', 'Kang Zhao', 'Shiwei Zhang', 'Yingya Zhang', 'Yujun Shen', 'Deli Zhao', 'Jingren Zhou']","[None, 'Shanghai Jiaotong University', 'Alibaba Group', 'Alibaba Group', 'The Chinese University of Hong Kong', 'Alibaba Group', 'Alibaba Group']",Not Found,China; Hong Kong,,
Meta-Causal Learning for Single Domain Generalization,"['Jin Chen', 'Zhi Gao', 'Xinxiao Wu', 'Jiebo Luo']","[None, None, 'Beijing Institute of Technology', 'University of Rochester']",April 2023,China; United States,126,160
Mind the Label Shift of Augmentation-Based Graph OOD Generalization,"['Junchi Yu', 'Jian Liang', 'Ran He']","['Institute of automation, Chinese academy of science, Chinese Academy of Sciences', 'Institute of automation, Chinese academy of science, Chinese Academy of Sciences', None]",March 2023,China,12,12
BAEFormer: Bi-Directional and Early Interaction Transformers for Bird’s Eye View Semantic Segmentation,"['Cong Pan', 'Yonghao He', 'Junran Peng', 'Qian Zhang', 'Wei Sui', 'Zhaoxiang Zhang']","['Institute of automation, Chinese Academy of Sciences', 'Institute of automation, Chinese academy of science, Chinese Academy of Sciences', 'Institute of automation, Chinese academy of science', 'Horizon Robotics', 'Horizon Robotis', 'Institute of automation, Chinese academy of science, Chinese Academy of Sciences']",Not Found,China,12,12
Learning a Simple Low-Light Image Enhancer From Paired Low-Light Instances,"['Zhenqi Fu', 'Yan Yang', 'Xiaotong Tu', 'Yue Huang', 'Xinghao Ding', 'Kai-Kuang Ma']","['Xiamen University', 'Hangzhou Dianzi University', 'Xiamen University', 'Xiamen University', 'Xiamen University', 'Nanyang Technological University']",Not Found,China; Singapore,56,8
MSeg3D: Multi-Modal 3D Semantic Segmentation for Autonomous Driving,"['Jiale Li', 'Hang Dai', 'Hao Han', 'Yong Ding']","['Zhejiang University', 'University of Glasgow', 'Zhejiang University', 'Zhejiang University']",March 2023,China; United Kingdom,2,2
Weakly Supervised Posture Mining for Fine-Grained Classification,"['Zhenchao Tang', 'Hualin Yang', 'Calvin Yu-Chian Chen']","[None, None, 'Artificial Intelligence Medical Center，School of Intelligent Systems Engineering,Shenzhen ,510275，SUN YAT-SEN UNIVERSITY']",Not Found,China,29,29
A Light Weight Model for Active Speaker Detection,"['Junhua Liao', 'Haihan Duan', 'Kanghui Feng', 'Wanbing Zhao', 'Yanbing Yang', 'Liangyin Chen']","['', 'The Chinese University of Hong Kong, Shenzhen', 'Sichuan University', 'Sichuan University', 'Sichuan University', 'Sichuan University']",March 2023,Hong Kong; China,26,126
Graphics Capsule: Learning Hierarchical 3D Face Representations From 2D Images,"['Chang Yu', 'Xiangyu Zhu', 'Xiaomei Zhang', 'Zhaoxiang Zhang', 'Zhen Lei']","[None, None, None, 'Institute of automation, Chinese academy of science, Chinese Academy of Sciences', 'Institute of Automation,  Chinese Academy of Sciences']",March 2023,China,12,12
Network Expansion for Practical Training Acceleration,"['Ning Ding', 'Yehui Tang', 'Kai Han', 'Chao Xu', 'Yunhe Wang']","['Peking University', 'Peking University', ""Huawei Noah's Ark Lab"", 'Peking University', ""Huawei Noah's Ark Lab""]",Not Found,China,3,
Upcycling Models Under Domain and Category Shift,"['Sanqing Qu', 'Tianpei Zou', 'Florian Röhrbein', 'Cewu Lu', 'Guang Chen', 'Dacheng Tao', 'Changjun Jiang']","['Tongji University', 'Tongji University', 'Chemnitz University of Technology', 'Shanghai Jiao Tong University', 'Tongji University', None, 'Tongji University']",March 2023,China,100,100
CAT: LoCalization and IdentificAtion Cascade Detection Transformer for Open-World Object Detection,"['Shuailei Ma', 'Yuefeng Wang', 'Ying Wei', 'Jiaqi Fan', 'Thomas H. Li', 'Hongli Liu', 'Fanbing Lv']","['', None, '', 'Northeastern University', 'AIIT, Peking University', 'Beijing Normal University', 'Guizhou Minzu University']","5 January, 2023",United States; China,35,
TIPI: Test Time Adaptation With Transformation Invariance,"['A. Tuan Nguyen', 'Thanh Nguyen-Tang', 'Ser-Nam Lim', 'Philip H.S. Torr']","['University of Oxford', 'Johns Hopkins University', 'Meta AI', 'University of Oxford']",Not Found,United Kingdom; United States,85,85
BEV-SAN: Accurate BEV 3D Object Detection via Slice Attention Networks,"['Xiaowei Chi', 'Jiaming Liu', 'Ming Lu', 'Rongyu Zhang', 'Zhaoqing Wang', 'Yandong Guo', 'Shanghang Zhang']","['Chinese University of Hong Kong', 'Peking University', 'Intel Labs China', 'The Chinese University of Hong Kong, Shenzhen', 'The University of Sydney, University of Sydney', 'OPPO Research Institute', 'Peking University']",December 2022,Hong Kong; China; Australia,31,3
Joint Video Multi-Frame Interpolation and Deblurring Under Unknown Exposure Time,"['Wei Shang', 'Dongwei Ren', 'Yi Yang', 'Hongzhi Zhang', 'Kede Ma', 'Wangmeng Zuo']","[None, 'Harbin Institute of Technology', 'Harbin Institute of Technology', 'School of Computer Science and Technology, Harbin Institute of Technology', 'City University of Hong Kong', 'Harbin Institute of Technology']",March 2023,China; Hong Kong,23,23
CLOTH4D: A Dataset for Clothed Human Reconstruction,"['Xingxing Zou', 'Xintong Han', 'Waikeung Wong']","[None, 'Huya Inc', 'Laboratory for Artificial Intelligence in Design']",Not Found,,,
Deep Incomplete Multi-View Clustering With Cross-View Partial Sample and Prototype Alignment,"['Jiaqi Jin', 'Siwei Wang', 'Zhibin Dong', 'Xinwang Liu', 'En Zhu']","['National University of Defense Technology', 'National University of Defense Technology', 'National University of Defense Technology', 'National University of Defense Technology', 'National University of Defense Technology']","27 March, 2023",China,,
Rethinking Out-of-Distribution (OOD) Detection: Masked Image Modeling Is All You Need,"['Jingyao Li', 'Pengguang Chen', 'Zexin He', 'Shaozuo Yu', 'Shu Liu', 'Jiaya Jia']","['Chinese University of Hong Kong', 'Department of Computer Science and Engineering, The Chinese University of Hong Kong', 'The Chinese University of Hong Kong', 'Department of Computer Science and Engineering, The Chinese University of Hong Kong', 'The Chinese University of Hong Kong', 'The Chinese University of Hong Kong']","6 February, 2023",Hong Kong,31,26
DETR With Additional Global Aggregation for Cross-Domain Weakly Supervised Object Detection,"['Zongheng Tang', 'Yifan Sun', 'Si Liu', 'Yi Yang']","['Beihang University', 'Baidu Research', 'Beihang University', 'Zhejiang University']",April 2023,China,49,2
Learning Imbalanced Data With Vision Transformers,"['Zhengzhuo Xu', 'Ruikang Liu', 'Shuo Yang', 'Zenghao Chai', 'Chun Yuan']","['Tsinghua University, Tsinghua University', 'Tsinghua University, Tsinghua University', 'Electronic Engineering, Tsinghua University, Tsinghua University', 'Tsinghua University, Tsinghua University', 'Tsinghua University, Tsinghua University']","4 December, 2022",China,1,1
StructVPR: Distill Structural Knowledge With Weighting Samples for Visual Place Recognition,"['Yanqing Shen', 'Sanping Zhou', 'Jingwen Fu', 'Ruotong Wang', 'Shitao Chen', 'Nanning Zheng']","[""Xi'an Jiaotong University"", ""Xi'an Jiaotong University"", ""Xi'an Jiaotong University"", ""Xi'an Jiaotong University"", ""Xi'an Jiaotong University"", ""Xi'an Jiaotong University""]","9 March, 2025",China,66,66
Asymmetric Feature Fusion for Image Retrieval,"['Hui Wu', 'Min Wang', 'Wengang Zhou', 'Zhenbo Lu', 'Houqiang Li']","['', 'Institute of Artificial Intelligence, Hefei Comprehensive National Science Center', 'University of Science and Technology of China', 'University of Science and Technology of China', 'University of Science and Technology of China']",March 2024,China,,
DiffSwap: High-Fidelity and Controllable Face Swapping via 3D-Aware Masked Diffusion,"['Wenliang Zhao', 'Yongming Rao', 'Weikang Shi', 'Zuyan Liu', 'Jie Zhou', 'Jiwen Lu']","['Automation, Tsinghua University, Tsinghua University', 'Tsinghua University', 'Tsinghua University', 'Department of Automation, Tsinghua University, Tsinghua University', None, 'Tsinghua University']",Not Found,China,1,1
1% VS 100%: Parameter-Efficient Low Rank Adapter for Dense Predictions,"['Dongshuo Yin', 'Yiran Yang', 'Zhechao Wang', 'Hongfeng Yu', 'Kaiwen Wei', 'Xian Sun']","['University of Chinese Academy of Sciences', 'University of the Chinese Academy of Sciences', 'University of the Chinese Academy of Sciences', 'Peking University', 'University of Chinese Academy of Sciences', ', Chinese Academy of Sciences']",Not Found,China,12,12
LASP: Text-to-Text Optimization for Language-Aware Soft Prompting of Vision & Language Models,"['Adrian Bulat', 'Georgios Tzimiropoulos']","[None, 'Queen Mary University London']","3 October, 2022",,,
OT-Filter: An Optimal Transport Filter for Learning With Noisy Labels,"['Chuanwen Feng', 'Yilong Ren', 'Xike Xie']","[None, 'University of Science and Technology of China', 'University of Science and Technology']",Not Found,China; Bangladesh,,
Learning Adaptive Dense Event Stereo From the Image Domain,"['Hoonhee Cho', 'Jegyeong Cho', 'Kuk-Jin Yoon']","[None, 'Korea Advanced Institute of Science & Technology', None]",Not Found,South Korea,,
Progressive Neighbor Consistency Mining for Correspondence Pruning,"['Xin Liu', 'Jufeng Yang']","[None, None]",Not Found,,,
Adversarial Robustness via Random Projection Filters,"['Minjing Dong', 'Chang Xu']","['University of Sydney', 'University of Sydney']",Not Found,Australia,71,71
