Title,Submission Date
Quantifying and Mitigating the Impact of Label Errors on Model Disparity Metrics,October 2023
Factorized Fourier Neural Operators,June 2025
DFPC: Data flow driven pruning of coupled channels without data.,Not Found
TVSPrune - Pruning Non-discriminative filters via Total Variation separability of intermediate representations without fine tuning,Not Found
Finding Actual Descent Directions for Adversarial Training,Not Found
Learning Continuous Normalizing Flows For Faster Convergence To Target Distribution via Ascent Regularizations,Not Found
Softened Symbol Grounding for Neuro-symbolic Systems,March 2024
Mini-batch $k$-means terminates within $O(d/\epsilon)$ iterations,Not Found
Learning Uncertainty for Unknown Domains with Zero-Target-Assumption,Not Found
Transformer-based model for symbolic regression via joint supervised learning,Not Found
QAID: Question Answering Inspired Few-shot Intent Detection,"2 March, 2023"
Solving stochastic weak Minty variational inequalities without increasing batch size,February 2023
Curriculum-based Co-design of Morphology and Control of Voxel-based Soft Robots,Not Found
WiNeRT: Towards Neural Ray Tracing for Wireless Channel Modelling and Differentiable Simulations,Not Found
LS-IQ: Implicit Reward Regularization for Inverse Reinforcement Learning,March 2023
Share Your Representation Only: Guaranteed Improvement of the Privacy-Utility Tradeoff in Federated Learning,September 2023
EquiMod: An Equivariance Module to Improve Visual Instance Discrimination,Not Found
Task-Aware Information Routing from Common Representation Space in Lifelong Learning,February 2023
CodeBPE: Investigating Subtokenization Options for Large Language Model Pretraining on Source Code,August 2023
FairGBM: Gradient Boosting with Fairness Constraints,"16 September, 2022"
Online Bias Correction for Task-Free Continual Learning,Not Found
Don’t fear the unlabelled: safe semi-supervised learning via debiasing,Not Found
Making Substitute Models More Bayesian Can Enhance Transferability of Adversarial Examples,"10 February, 2023"
Cross-Layer Retrospective Retrieving via Layer Attention,"8 February, 2023"
Decision S4: Efficient Sequence-Based RL via State Spaces Layers,June 2023
Unveiling the sampling density in non-uniform geometric graphs,"15 October, 2022"
Boosting Causal Discovery via Adaptive Sample Reweighting,March 2023
Iterative Circuit Repair Against Formal Specifications,March 2023
Can BERT Refrain from Forgetting on Sequential Tasks? A Probing Study,Not Found
Behavior Proximal Policy Optimization ,"8 September, 2024"
Actionable Neural Representations: Grid Cells from Minimal Constraints,"30 September, 2022"
Mole-BERT: Rethinking Pre-training Graph Neural Networks for Molecules,Not Found
Geometrically regularized autoencoders for non-Euclidean data,Not Found
A Message Passing Perspective on Learning Dynamics of Contrastive Learning,March 2023
Zeroth-Order Optimization with Trajectory-Informed Derivative Estimation,Not Found
Uniform-in-time propagation of chaos for the mean-field gradient Langevin dynamics,Not Found
Asynchronous Distributed Bilevel Optimization,"20 December, 2022"
Confidence-Based Feature Imputation for Graphs with Partially Known Features,"26 May, 2023"
LiftedCL: Lifting Contrastive Learning for Human-Centric Perception,Not Found
Individual Privacy Accounting with Gaussian Differential Privacy,"30 September, 2022"
Evolving Populations of Diverse RL Agents with MAP-Elites,"9 March, 2023"
Gray-Box Gaussian Processes for Automated Reinforcement Learning,Not Found
Protein Sequence and Structure Co-Design with Equivariant Translation,"17 October, 2022"
Learning in temporally structured environments,Not Found
RandProx: Primal-Dual Optimization Algorithms with Randomized Proximal Updates,"26 July, 2022"
Preserving Pre-trained Features Helps Calibrate Fine-tuned Language Models,May 2023
Fast Nonlinear Vector Quantile Regression,"30 May, 2022"
Leveraging Large Language Models for Multiple Choice Question Answering,"22 October, 2022"
Regression with Label Differential Privacy,December 2023
Hierarchical Abstraction for Combinatorial Generalization in Object Rearrangement,March 2023
Selective Frequency Network for Image Restoration,Not Found
Improving Differentiable Neural Architecture Search by Encouraging Transferability,Not Found
MA-BERT: Towards Matrix Arithmetic-only BERT Inference by Eliminating Complex Non-Linear Functions,Not Found
Efficient Certified Training and Robustness Verification of Neural ODEs,March 2023
Arbitrary Virtual Try-on Network: Characteristics Representation and Trade-off between Body and Clothing,Not Found
UL2: Unifying Language Learning Paradigms,"10 May, 2022"
CASR: Generating Complex Sequences with Autoregressive Self-Boost Refinement,Not Found
Bitrate-Constrained DRO: Beyond Worst Case Robustness To Unknown Group Shifts,"6 February, 2023"
Feature selection and low test error in shallow low-rotation ReLU networks,Not Found
Backpropagation through Combinatorial Algorithms: Identity with Projection Works,"30 May, 2022"
Coupled Multiwavelet Operator Learning for Coupled Differential Equations,"3 March, 2023"
Mid-Vision Feedback,Not Found
Safe Reinforcement Learning From Pixels Using a Stochastic Latent Representation,October 2022
TrojText: Test-time Invisible Textual Trojan Insertion,"3 March, 2023"
Improved Training of Physics-Informed Neural Networks Using Energy-Based Priors: a Study on Electrical Impedance Tomography,Not Found
Ordered GNN: Ordering Message Passing to Deal with Heterophily and Over-smoothing,February 2023
Sparse Distributed Memory is a Continual Learner,March 2023
FLIP: A Provable Defense Framework for Backdoor Mitigation in Federated Learning,"23 October, 2022"
UniMax: Fairer and More Effective Language Sampling for Large-Scale Multilingual Pretraining,April 2023
GNNInterpreter: A Probabilistic Generative Model-Level Explanation for Graph Neural Networks,"15 September, 2022"
Rethinking Symbolic Regression: Morphology and Adaptability in the Context of Evolutionary Algorithms,Not Found
On Pre-training Language Model for Antibody,November 2024
Learning to reason over visual objects,"3 March, 2023"
Imitating Graph-Based Planning with Goal-Conditioned Policies,March 2023
A theoretical study of inductive biases in contrastive learning,"26 November, 2022"
Combinatorial Pure Exploration of Causal Bandits,"15 June, 2022"
Computational Language Acquisition with Theory of Mind,March 2023
Pareto Invariant Risk Minimization: Towards Mitigating the Optimization Dilemma in Out-of-Distribution Generalization,"15 June, 2022"
What Makes Convolutional Models Great on Long Sequence Modeling?,Not Found
Editing models with task arithmetic,"22 May, 2023"
Neural Systematic Binder,"2 November, 2022"
Training-Free Structured Diffusion Guidance for Compositional Text-to-Image Synthesis,"9 December, 2022"
Can Agents Run Relay Race with Strangers? Generalization of RL to Out-of-Distribution Trajectories,Not Found
CktGNN:  Circuit Graph Neural Network for Electronic Design Automation,"30 August, 2023"
Specformer: Spectral Graph Neural Networks Meet Transformers,March 2023
Language Models Are Greedy Reasoners: A Systematic Formal Analysis of Chain-of-Thought,"3 October, 2022"
Recursive Time Series Data Augmentation,"6 July, 2022"
Auto-Encoding Goodness of Fit,"12 October, 2022"
Understanding the Covariance Structure of Convolutional Filters,October 2022
Masked Distillation with Receptive Tokens,"29 May, 2022"
Robust Multivariate Time-Series Forecasting: Adversarial Attacks and Defense Mechanisms,"19 July, 2022"
TextShield: Beyond Successfully Detecting Adversarial Sentences in text classification,February 2023
Efficient Deep Reinforcement Learning Requires Regulating Overfitting,April 2023
Offline Reinforcement Learning with Differentiable Function Approximation is Provably Efficient,"3 October, 2022"
Proto-Value Networks: Scaling Representation Learning with Auxiliary Tasks,April 2023
Robust Algorithms on Adaptive Inputs from Bounded Adversaries,April 2023
"Chasing All-Round Graph Representation Robustness: Model, Training, and Optimization",Not Found
On Representing Mixed-Integer Linear Programs by Graph Neural Networks,"19 October, 2022"
On the Importance and Applicability of Pre-Training for Federated Learning,"23 June, 2022"
Simple initialization and parametrization of sinusoidal networks via their kernel bandwidth,November 2022
The Best of Both Worlds: Accurate Global and Personalized Models through Federated Learning with Data-Free Hyper-Knowledge Distillation,"21 January, 2023"
Over-Training with Mixup May Hurt Generalization,March 2023
HiCLIP: Contrastive Language-Image Pretraining with Hierarchy-aware Attention,March 2023
Quantile Risk Control: A Flexible Framework for Bounding the Probability of High-Loss Predictions,December 2022
The Tilted Variational Autoencoder: Improving Out-of-Distribution Detection,Not Found
Stateful Active Facilitator: Coordination and Environmental Heterogeneity in Cooperative Multi-Agent Reinforcement Learning,"4 October, 2022"
Learning Achievement Structure for Structured Exploration in Domains with Sparse Reward,May 2023
PINTO: Faithful Language Reasoning Using Prompt-Generated Rationales,"2 November, 2022"
Excess Risk of Two-Layer ReLU Neural Networks in Teacher-Student Settings and its Superiority to Kernel Methods,"29 May, 2022"
Linearly Mapping from Image to Text Space,"29 September, 2022"
Characterizing intrinsic compositionality in transformers with Tree Projections,"2 November, 2022"
Augmentation Component Analysis: Modeling Similarity via the Augmentation Overlaps,"1 June, 2022"
Replicable Bandits,"22 July, 2024"
Neural Bregman Divergences for Distance Learning,"9 June, 2022"
Bias Propagation in Federated Learning,September 2023
Causal Confusion and Reward Misidentification in Preference-Based Reward Learning,"13 April, 2022"
UniKGQA: Unified Retrieval and Reasoning for Solving Multi-hop Question Answering Over Knowledge Graph,"1 December, 2022"
Faster Last-iterate Convergence of Policy Optimization in Zero-Sum Markov Games,"3 October, 2022"
Memorization Capacity of Neural Networks with Conditional Computation,March 2023
Weighted Clock Logic Point Process,Not Found
Simple Emergent Action Representations from Multi-Task Policy Training,"17 October, 2022"
Interaction-Based Disentanglement of Entities for Object-Centric World Models,Not Found
Neural Image-based Avatars: Generalizable Radiance Fields for Human Avatar Modeling,April 2023
Federated Neural Bandits,"27 May, 2022"
Compositional Task Representations for Large Language Models,Not Found
REPAIR: REnormalizing Permuted Activations for Interpolation Repair,"15 November, 2022"
Diffusion-GAN: Training GANs with Diffusion,"5 June, 2022"
Mind the Pool: Convolutional Neural Networks Can Overfit Input Size,Not Found
Reparameterization through Spatial Gradient Scaling,"5 March, 2023"
Unsupervised Learning for Combinatorial Optimization Needs Meta Learning,"8 January, 2023"
Decepticons: Corrupted Transformers Breach Privacy in Federated Learning for Language Models,"29 January, 2022"
Adaptive Optimization in the $\infty$-Width Limit,Not Found
Broken Neural Scaling Laws,"26 October, 2022"
Avoiding spurious correlations via logit correction,"2 December, 2022"
Safe Exploration Incurs Nearly No Additional Sample Complexity for Reward-Free RL,"28 June, 2022"
Diffusion-based Image Translation using disentangled style and content representation,"30 September, 2022"
Implicit Regularization for Group Sparsity,January 2023
Large Language Models are Human-Level Prompt Engineers,"3 November, 2022"
Pruning Deep Neural Networks from a Sparsity Perspective,"10 February, 2023"
Enhancing Meta Learning via Multi-Objective Soft Improvement Functions,Not Found
Discrete Predictor-Corrector Diffusion Models for Image Synthesis,Not Found
OPTQ: Accurate Quantization for Generative Pre-trained Transformers,Not Found
A new characterization of the edge of stability based on a sharpness measure aware of batch gradient distribution,Not Found
$\mathrm{SE}(3)$-Equivariant Attention Networks for Shape Reconstruction in Function Space,July 2020
Continual Pre-training of Language Models,"7 October, 2025"
Min-Max Multi-objective Bilevel Optimization with Applications in Robust Machine Learning,Not Found
Forward Super-Resolution: How Can GANs Learn Hierarchical Generative Models for Real-World Distributions,"4 June, 2021"
Spotlight: Mobile UI Understanding using Vision-Language Models with a Focus,"29 September, 2022"
A Control-Centric Benchmark for Video Prediction,April 2023
A Stable and Scalable Method for Solving Initial Value PDEs with Neural Networks,"28 April, 2023"
"Noise Is Not the Main Factor Behind the Gap Between Sgd and Adam on Transformers, But Sign Descent Might Be",April 2023
Building Normalizing Flows with Stochastic Interpolants,"30 September, 2022"
Dual Student Networks for Data-Free Model Stealing,September 2023
Composite Slice Transformer: An Efficient Transformer with Composition of Multi-Scale Multi-Range Attentions,Not Found
Equal Improvability: A New Fairness Notion Considering the Long-term Impact,"13 October, 2022"
Competitive Physics Informed Networks ,"7 May, 2024"
Decomposed Prompting: A Modular Approach for Solving Complex Tasks,"5 October, 2022"
Self-Ensemble Protection: Training Checkpoints Are Good Data Protectors,"21 November, 2022"
Effectively Modeling Time Series with Simple Discrete State Spaces,March 2023
A Time Series is Worth 64 Words:  Long-term Forecasting with Transformers,"27 November, 2022"
Fantastic Rewards and How to Tame Them: A Case Study on Reward Learning for Task-oriented Dialogue Systems,February 2023
Supervision Complexity and its Role in Knowledge Distillation,January 2023
Transferable Unlearnable Examples,May 2023
Random Laplacian Features for Learning with Hyperbolic Space,"14 February, 2022"
Replay Memory as An Empirical MDP: Combining Conservative Estimation with Experience Replay,Not Found
Neural Causal Models for Counterfactual Identification and Estimation,October 2022
"Momentum Stiefel Optimizer, with Applications to Suitably-Orthogonal Attention, and Optimal Transport","27 May, 2022"
Information-Theoretic Diffusion,October 2025
SIMPLE: A Gradient Estimator for k-Subset Sampling,"4 October, 2022"
Learning Iterative Neural Optimizers for Image Steganography,March 2023
"How Much Data Are Augmentations Worth?  An Investigation into Scaling Laws, Invariance, and Implicit Regularization",Not Found
Robust Graph Dictionary Learning,Not Found
Fundamental limits on the robustness of image classifiers,Not Found
Understanding Influence Functions and Datamodels via Harmonic Analysis,October 2022
TextGrad: Advancing Robustness Evaluation in NLP by Gradient-Driven Optimization,December 2022
Information Plane Analysis for Dropout Neural Networks,March 2023
Learning Harmonic Molecular Representations on Riemannian Manifold,March 2023
Greedy Actor-Critic: A New Conditional Cross-Entropy Method for Policy Improvement,"22 October, 2018"
Efficiently Controlling Multiple Risks with Pareto Testing,October 2022
Characteristic Neural Ordinary Differential Equation,"25 November, 2021"
Fast Sampling of Diffusion Models with Exponential Integrator,"29 April, 2022"
Panning for Gold in Federated Learning: Targeted Text Extraction under Arbitrarily Large-Scale Aggregation,Not Found
Artificial Neuronal Ensembles with Learned Context Dependent Gating,"17 January, 2023"
Learning Language Representations with Logical Inductive Bias,February 2023
How Does Semi-supervised Learning with Pseudo-labelers Work? A Case Study,Not Found
Empowering Graph Representation Learning with Test-Time Graph Transformation,"7 October, 2022"
Provable Robustness against Wasserstein Distribution Shifts via Input Randomization,Not Found
Interpretations of Domain Adaptations via Layer Variational Analysis,"3 February, 2023"
Denoising Diffusion Samplers,"9 February, 2024"
How I Learned to Stop Worrying and Love Retraining,"1 November, 2021"
Interpretable Geometric Deep Learning via Learnable Randomness Injection,"30 October, 2022"
GOGGLE: Generative Modelling for Tabular Data by Learning Relational Structure,Not Found
Progressive Prompts: Continual Learning for Language Models,January 2023
"Deep Learning From Crowdsourced Labels: Coupled Cross-Entropy Minimization, Identifiability, and Regularization",June 2023
Projective Proximal Gradient Descent for Nonconvex Nonsmooth Optimization: Fast Convergence Without Kurdyka-Lojasiewicz (KL) Property,"20 April, 2023"
First Steps Toward Understanding the Extrapolation of Nonlinear Models to Unseen Domains,"21 November, 2022"
Compositionality with Variation Reliably Emerges in Neural Networks,Not Found
Systematic Rectification of Language Models via Dead-end Analysis,February 2023
Multiple sequence alignment as a sequence-to-sequence learning problem,Not Found
A Mixture-of-Expert Approach to RL-based Dialogue Management,June 2022
f-DM: A Multi-stage Diffusion Model via Progressive Signal Transformation,October 2022
"Backpropagation at the Infinitesimal Inference Limit of Energy-Based Models: Unifying Predictive Coding, Equilibrium Propagation, and Contrastive Hebbian Learning","31 May, 2022"
A Theoretical Framework for Inference and Learning in Predictive Coding Networks,"21 July, 2022"
The Onset of Variance-Limited Behavior for Networks in the Lazy and Rich Regimes,December 2022
A Simple Approach for Visual Room Rearrangement: 3D Mapping and Semantic Search,Not Found
Progressive Mix-Up for Few-Shot Supervised Multi-Source Domain Transfer,Not Found
Neural Compositional Rule Learning for Knowledge Graph Reasoning,March 2023
Efficient approximation of neural population structure and correlations with probabilistic circuits,Not Found
Exploring perceptual straightness in learned visual representations,Not Found
Is Forgetting Less a Good Inductive Bias for Forward Transfer?,Not Found
Learning Structured Representations by Embedding Class Hierarchy,"3 October, 2024"
Promptagator: Few-shot Dense Retrieval From 8 Examples,September 2022
Brain-like representational straightening of natural movies in robust feedforward neural networks,August 2023
FunkNN: Neural Interpolation for Functional Generation,"20 December, 2022"
Label Propagation with Weak Supervision,"7 October, 2022"
TypeT5: Seq2seq Type Inference using Static Analysis,March 2023
AGRO: Adversarial discovery of error-prone Groups for Robust Optimization,"1 December, 2022"
LogicDP: Creating Labels for Graph Data via Inductive Logic Programming,Not Found
Revisiting Intrinsic Reward for Exploration in Procedurally Generated Environments,Not Found
Transformer-based World Models Are Happy With 100k Interactions,March 2023
Can Neural Networks Learn Implicit Logic from Physical Reasoning?,Not Found
ESCHER: Eschewing Importance Sampling in Games by Computing a History Value Function to Estimate Regret,"8 June, 2022"
On Achieving Optimal Adversarial Test Error,"13 June, 2023"
Towards Understanding GD with Hard and Conjugate Pseudo-labels for Test-Time Adaptation,"18 October, 2022"
A VAE for Transformers with Nonparametric Variational Information Bottleneck,Not Found
On The Specialization of Neural Modules,September 2024
HomoDistil: Homotopic Task-Agnostic Distillation of Pre-trained Transformers,February 2023
Using Both Demonstrations and Language Instructions to Efficiently Learn Robotic Tasks,"10 October, 2022"
FIGARO: Controllable Music Generation using Learned and Expert Features,Not Found
Language models are multilingual chain-of-thought reasoners,October 2025
Recitation-Augmented Language Models,November 2023
KwikBucks: Correlation Clustering with Cheap-Weak and Expensive-Strong Signals,Not Found
Reward Design with Language Models,April 2025
Calibrating the Rigged Lottery: Making All Tickets Reliable,"18 February, 2023"
"A Statistical Framework for Personalized Federated Learning and Estimation: Theory, Algorithms, and Privacy",Not Found
Subsampling in Large Graphs Using Ricci Curvature,Not Found
Conservative Bayesian Model-Based Value Expansion for Offline Policy Optimization,"7 October, 2022"
Scaling up and Stabilizing Differentiable Planning with Implicit Differentiation,"24 October, 2022"
Score-based Continuous-time Discrete Diffusion Models,"30 November, 2022"
Decision Transformer under Random Frame Dropping,March 2023
Adversarial Imitation Learning with Preferences,Not Found
Is Model Ensemble Necessary? Model-based RL via a Single Model with Lipschitz Regularized Value Function,Not Found
Synthetic Data Generation of Many-to-Many Datasets via Random Graph Generation,Not Found
Learning Low Dimensional State Spaces with Overparameterized Recurrent Neural Nets,"25 October, 2022"
Images as Weight Matrices: Sequential Image Generation Through Synaptic Learning Rules,"7 October, 2022"
Why (and When) does Local SGD Generalize Better than SGD?,Not Found
Function-space regularized Rényi divergences,"10 October, 2022"
Analogy-Forming Transformers for Few-Shot 3D Parsing,"27 April, 2023"
Fake It Until You Make It : Towards Accurate Near-Distribution Novelty Detection,Not Found
DySR: Adaptive Super-Resolution via Algorithm and System Co-design,Not Found
Integrating Symmetry into Differentiable Planning with Steerable Convolutions,"8 June, 2022"
Causal Reasoning in the Presence of Latent Confounders via Neural ADMG Learning,March 2023
$O(T^{-1})$ Convergence of Optimistic-Follow-the-Regularized-Leader in Two-Player Zero-Sum Markov Games ,"26 September, 2022"
Bispectral Neural Networks,"7 September, 2022"
Beyond Lipschitz: Sharp Generalization and Excess Risk Bounds for Full-Batch GD,"26 April, 2022"
Hyper-Decision Transformer for Efficient Online Policy Adaptation,April 2023
Solving Continuous Control via Q-learning,"22 October, 2022"
Make-A-Video: Text-to-Video Generation without Text-Video Data,September 2022
Personalized Reward Learning with Interaction-Grounded Learning (IGL),"28 November, 2022"
Towards convergence to Nash equilibria in two-team zero-sum games,"7 November, 2021"
Discovering Evolution Strategies via Meta-Black-Box Optimization,"21 November, 2022"
DensePure: Understanding Diffusion Models for Adversarial Robustness,November 2022
Grounding Graph Network Simulators using Physical Sensor Observations,"23 February, 2023"
"Where to Diffuse, How to Diffuse, and How to Get Back: Automated Learning for Multivariate Diffusions","14 February, 2023"
Contrastive Corpus Attribution for Explaining Representations,"30 September, 2022"
Spatio-temporal point processes with deep non-stationary kernels,November 2022
Federated Learning from Small Datasets,"7 October, 2021"
Relative Behavioral Attributes: Filling the Gap between Symbolic Goal Specification and Reward Learning from Human Preferences,"28 October, 2022"
Scalable Batch-Mode Deep Bayesian Active Learning via Equivalence Class Annealing,"27 December, 2021"
Semi-Parametric Inducing Point Networks and Neural Processes,"23 May, 2022"
DAG Learning on the Permutahedron,"27 January, 2023"
Explicitly Minimizing the Blur Error of Variational Autoencoders,April 2023
3D Equivariant Diffusion for Target-Aware Molecule Generation and Affinity Prediction,March 2023
How gradient estimator variance and bias impact learning in neural networks,Not Found
Evaluating Representations with Readout Model Switching,"19 February, 2023"
Augmentation with Projection: Towards an Effective and Efficient Data Augmentation Paradigm for Distillation,"21 October, 2022"
Pseudoinverse-Guided Diffusion Models for Inverse Problems,Not Found
Planning with Sequence Models through Iterative Energy Minimization,March 2023
Verifying the Union of Manifolds Hypothesis for Image Data,"6 July, 2022"
Error Sensitivity Modulation based Experience Replay: Mitigating Abrupt Representation Drift in Continual Learning,February 2023
Don’t forget the nullspace! Nullspace occupancy as a mechanism for out of distribution failure,Not Found
ContraNorm: A Contrastive Learning Perspective on Oversmoothing and Beyond,"11 March, 2023"
Accelerated Single-Call Methods for Constrained Min-Max Optimization,"6 October, 2022"
Distributed Extra-gradient with Optimal Complexity and Communication Guarantees,August 2023
Performance Bounds for Model and Policy Transfer in Hidden-parameter MDPs,Not Found
Composing Task Knowledge With Modular Successor Feature Approximators,"28 January, 2023"
DexDeform: Dexterous Deformable Object Manipulation with Human Demonstrations and Differentiable Physics,April 2023
Effective passive membership inference attacks in federated learning against overparameterized models,Not Found
Optimizing Bi-Encoder for Named Entity Recognition via Contrastive Learning,"30 August, 2022"
Taking a Step Back with KCal: Multi-Class Kernel-Based Calibration for Deep Neural Networks,"15 February, 2022"
SemPPL: Predicting Pseudo-Labels for Better Contrastive Representations,"12 January, 2023"
Differentially Private Adaptive Optimization with Delayed Preconditioners,"1 December, 2022"
Phenaki: Variable Length Video Generation from Open Domain Textual Descriptions,October 2022
Long Range Language Modeling via Gated State Spaces,"26 June, 2022"
Bayes-MIL: A New Probabilistic Perspective on Attention-based Multiple Instance Learning for Whole Slide Images,Not Found
Investigating Multi-task Pretraining and Generalization in Reinforcement Learning,Not Found
FIT: A Metric for Model Sensitivity,October 2022
Transfer Learning with Deep Tabular Models,"30 June, 2022"
CrAM: A Compression-Aware Minimizer,"28 July, 2022"
Understanding Train-Validation Split in Meta-Learning with Neural Networks,Not Found
Revisiting Robustness in Graph Machine Learning,"1 May, 2023"
Variational Information Pursuit for Interpretable Predictions,August 2023
Sparse Upcycling: Training Mixture-of-Experts from Dense Checkpoints,"9 December, 2022"
Lossless Adaptation of Pretrained Vision Models For Robotic Manipulation,April 2023
Logical Message Passing Networks with One-hop Inference on Atomic Formulas,"20 January, 2023"
Noise-Robust De-Duplication at Scale,"9 October, 2022"
Few-shot Backdoor Attacks via Neural Tangent Kernels,October 2022
Hyperparameter Optimization through Neural Network Partitioning,April 2023
"Symmetries, Flat Minima, and the Conserved Quantities of Gradient Flow","31 October, 2022"
Summarization Programs: Interpretable Abstractive Summarization with Neural Modular Trees,"21 September, 2022"
Planning with Large Language Models for Code Generation,"12 March, 2023"
Equivariance-aware Architectural Optimization of Neural Networks,"11 October, 2022"
Accelerating Hamiltonian Monte Carlo via Chebyshev Integration Time,"5 July, 2022"
Order Matters: Agent-by-agent Policy Optimization,"13 February, 2023"
"On the Convergence of AdaGrad(Norm) on $\mathbb{R}^d$: Beyond Convexity, Non-Asymptotic Rate and Acceleration",Not Found
SP2 : A Second Order Stochastic Polyak Method,July 2022
Making Better Decision by Directly Planning in Continuous Control,Not Found
HiT-MDP: Learning the SMDP option framework on MDPs with Hidden Temporal Embeddings,Not Found
(Certified!!) Adversarial Robustness for Free!,"21 June, 2022"
Heterogeneous Neuronal and Synaptic Dynamics for Spike-Efficient Unsupervised Learning: Theory and Design Principles,"22 February, 2023"
MMVAE+: Enhancing the Generative Quality of Multimodal VAEs without Compromises,Not Found
In-Situ Text-Only Adaptation of Speech Models with Low-Overhead Speech Imputations,Not Found
Scaling Laws For Deep Learning Based Image Reconstruction,"27 September, 2022"
Meta Learning to Bridge Vision and Language Models for Multimodal Few-Shot Learning,February 2023
SoftZoo: A Soft Robot Co-design Benchmark For Locomotion In Diverse Environments,March 2023
Improved Learning-augmented Algorithms for k-means and k-medians Clustering,"30 October, 2022"
Neural Implicit Shape Editing using Boundary Sensitivity,April 2023
Amortised Invariance Learning for Contrastive Self-Supervision,"24 February, 2023"
Revisiting Populations in multi-agent Communication,Not Found
Sequential Gradient Coding For Straggler Mitigation,"24 November, 2022"
TTN: A Domain-Shift Aware Batch Normalization in Test-Time Adaptation,"10 February, 2023"
Disentanglement of Correlated Factors via Hausdorff Factorized Support,"13 October, 2022"
Generating Sequences by Learning to Self-Correct,November 2022
Interneurons accelerate learning dynamics in recurrent neural networks for statistical adaptation,"21 September, 2022"
Understanding DDPM Latent Codes Through Optimal Transport,"14 February, 2022"
Latent Neural ODEs with Sparse Bayesian Multiple Shooting,"7 October, 2022"
$\mathcal{O}$-GNN: incorporating ring priors into molecular modeling,October 2025
MACTA: A Multi-agent Reinforcement Learning Approach for Cache Timing Attacks and Detection,Not Found
PAC Reinforcement Learning for Predictive State Representations,"12 July, 2022"
Decentralized Optimistic Hyperpolicy Mirror Descent: Provably No-Regret Learning in Markov Games,June 2022
Robust Scheduling with GFlowNets,"17 January, 2023"
Autoregressive Conditional Neural Processes,March 2023
$k$NN Prompting: Beyond-Context Learning with Calibration-Free Nearest Neighbor Inference,October 2025
FIFA: Making Fairness More Generalizable in Classifiers Trained on Imbalanced Data,June 2022
Understanding The Robustness of Self-supervised Learning Through Topic Modeling,"2 February, 2022"
Temporal Disentanglement of Representations for Improved Generalisation in Reinforcement Learning,"12 July, 2022"
Exploring the Limits of Differentially Private Deep Learning with Group-wise Clipping,December 2022
Strong inductive biases provably prevent harmless interpolation,"18 January, 2023"
Bridging the Gap to Real-World Object-Centric Learning,"29 September, 2022"
Towards a Unified Theoretical Understanding of Non-contrastive Learning via Rank Differential Mechanism,March 2023
Stay Moral and Explore: Learn to Behave Morally in Text-based Games,Not Found
Optimistic Exploration with Learned Features Provably Solves Markov Decision Processes with Neural Dynamics,Not Found
Learning to Induce Causal Structure ,January 2023
Diffusion Policies as an Expressive Policy Class for Offline Reinforcement Learning,"12 August, 2022"
Achieving Near-Optimal Individual Regret & Low Communications in Multi-Agent Bandits,Not Found
Online Boundary-Free Continual Learning by Scheduled Data Prior,Not Found
HypeR: Multitask Hyper-Prompted Training Enables Large-Scale Retrieval Generalization,Not Found
Learning Rationalizable Equilibria in Multiplayer Games,October 2022
Energy-Based Test Sample Adaptation for Domain Generalization,February 2023
Bidirectional Language Models Are Also Few-shot Learners,"28 September, 2022"
EPISODE: Episodic Gradient Clipping with Periodic Resampled Corrections for Federated Learning with Heterogeneous Data,February 2023
A Theory of Dynamic Benchmarks,"6 October, 2022"
On the Trade-Off between Actionable Explanations and the Right to be Forgotten,"30 August, 2022"
Learning What and Where: Disentangling Location and Identity Tracking Without Supervision,"26 May, 2022"
BALTO: fast tensor program optimization with diversity-based active learning,Not Found
Computing all Optimal Partial Transports,Not Found
AE-FLOW: Autoencoders with Normalizing Flows  for  Medical Images Anomaly Detection ,Not Found
A Self-Attention Ansatz for Ab-initio Quantum Chemistry,"24 November, 2022"
Probabilistically Robust Recourse: Navigating the Trade-offs between Costs and Robustness in Algorithmic Recourse,"13 March, 2022"
How robust is unsupervised representation learning to distribution shift?,Not Found
Pseudo-label Training and Model Inertia in Neural Machine Translation,May 2023
HyperDeepONet: learning operator with complex target function space using the limited resources via hypernetwork,December 2023
Edge Guided GANs with Contrastive Learning for Semantic Image Synthesis,July 2023
CANIFE: Crafting Canaries for Empirical Privacy Measurement in Federated Learning,"6 October, 2022"
A View From Somewhere: Human-Centric Face Representations,March 2023
Identifiability Results for Multimodal Contrastive Learning,March 2023
Federated Learning as Variational Inference: A Scalable Expectation Propagation Approach,February 2023
Latent Graph Inference using Product Manifolds,"26 November, 2022"
This Looks Like It Rather Than That: ProtoKNN For Similarity-Based Classifiers,Not Found
Understanding weight-magnitude hyperparameters in training binary networks,March 2023
Imitating Human Behaviour with Diffusion Models,"25 January, 2023"
Contrastive Meta-Learning for Partially Observable Few-Shot Learning,January 2023
Enhancing the Inductive Biases of Graph Neural ODE for Modeling Physical Systems,Not Found
Efficient Planning in a Compact Latent Action Space,"22 August, 2022"
Correlative Information Maximization Based Biologically Plausible Neural Networks for Correlated Source Separation,"9 October, 2022"
Leveraging Importance Weights in Subset Selection,January 2023
Copy is All You Need,July 2023
Why adversarial training can hurt robust accuracy,March 2022
Representational Dissimilarity Metric Spaces for Stochastic Neural Networks,"21 November, 2022"
Sequential Learning of Neural Networks for Prequential MDL,October 2022
Learning topology-preserving data representations,"31 January, 2023"
The Curious Case of Benign Memorization,"25 October, 2022"
Unbiased Supervised Contrastive Learning,January 2023
Compositional Prompt Tuning with Motion Cues for Open-vocabulary Video Relation Detection,February 2023
Multi-objective optimization via equivariant deep hypervolume approximation,"5 October, 2022"
DiffusER: Diffusion via Edit-based Reconstruction,October 2022
DynaMS: Dyanmic Margin Selection for Efficient Deep Learning,Not Found
TANGOS: Regularizing Tabular Neural Networks through Gradient Orthogonalization and Specialization,March 2023
Learning to Solve Constraint Satisfaction Problems with Recurrent Transformer,July 2023
Improving the imputation of missing data with Markov Blanket discovery,Not Found
Boosting the Cycle Counting Power of Graph Neural Networks with I$^2$-GNNs,"22 October, 2022"
Fundamental Limits in Formal Verification of Message-Passing Neural Networks,"10 June, 2022"
Short-Term Memory Convolutions,June 2025
LexMAE: Lexicon-Bottlenecked Pretraining for Large-Scale Retrieval,"31 August, 2022"
A GNN-Guided Predict-and-Search Framework for Mixed-Integer Linear Programming,"11 February, 2023"
On Explaining Neural Network Robustness with Activation Path,Not Found
Structure by Architecture: Structured Representations without Regularization,"14 June, 2020"
Understanding Neural Coding on Latent Manifolds by Sharing Features and Dividing Ensembles,"6 October, 2022"
Learning Fast and Slow for Online Time Series Forecasting,"23 February, 2022"
Guess the Instruction! Flipped Learning Makes Language Models Stronger Zero-Shot Learners,"6 October, 2022"
Timing is Everything: Learning to Act Selectively with Costly Actions and Budgetary Constraints,"31 May, 2022"
DeCap: Decoding CLIP Latents for Zero-Shot Captioning via Text-Only Training,March 2023
That Label's got Style: Handling Label Style Bias for Uncertain Image Segmentation,March 2023
Holistic Adversarially Robust Pruning,December 2024
PASHA: Efficient HPO and NAS with Progressive Resource Allocation,"14 July, 2022"
StableDR: Stabilized Doubly Robust Learning for Recommendation on Data Missing Not at Random,"10 May, 2022"
"Sampling-based inference for large linear models, with application to linearised Laplace","10 October, 2022"
Defending against Adversarial Audio  via Diffusion Model,March 2023
Theoretical Characterization of the Generalization Performance of Overfitted Meta-Learning,April 2023
Robust Explanation Constraints for Neural Networks,December 2022
Offline Reinforcement Learning via High-Fidelity Generative Behavior Modeling,"29 September, 2022"
CogVideo: Large-scale Pretraining for Text-to-Video Generation via Transformers,May 2022
Revisit Finetuning strategy for Few-Shot Learning to Transfer the Emdeddings,Not Found
Optimizing Spca-based Continual Learning: A Theoretical Approach,Not Found
Value Memory Graph: A Graph-Structured World Model for Offline Reinforcement Learning,"9 June, 2022"
Sampling-free Inference for Ab-Initio Potential Energy Surface Networks,"30 May, 2022"
$\mathscr{N}$-WL: A New Hierarchy of Expressivity for Graph Neural Networks,Not Found
Learning Input-agnostic Manipulation Directions in StyleGAN with Text Guidance,February 2023
DAVA: Disentangling Adversarial Variational Autoencoder,March 2023
TDR-CL: Targeted Doubly Robust Collaborative Learning for Debiased Recommendations,"19 March, 2022"
Domain Generalisation via Domain Adaptation: An Adversarial Fourier Amplitude Approach,February 2023
Consolidator: Mergable Adapter with Group Connections for Visual Adaptation,Not Found
Statistical Theory of Differentially Private Marginal-based Data Synthesis Algorithms,"20 January, 2023"
Anti-Symmetric DGN: a stable architecture for Deep Graph Networks,"18 October, 2022"
Contrastive Learning for Unsupervised Domain Adaptation of Time Series,"13 June, 2022"
Online Low Rank Matrix Completion,"8 September, 2022"
Explaining RL Decisions with Trajectories,November 2024
FastFill: Efficient Compatible Model Update,March 2023
Learnable Graph Convolutional Attention Networks,"17 October, 2024"
Scaffolding a Student to Instill Knowledge,Not Found
User-Interactive Offline Reinforcement Learning,"21 May, 2022"
SLTUNET: A Simple Unified Model for Sign Language Translation,May 2023
Understanding the Generalization of Adam in Learning Neural Networks with Proper Regularization,August 2021
"A law of adversarial risk, interpolation, and label noise","8 July, 2022"
Learning ReLU networks to high uniform accuracy is intractable,"26 May, 2022"
Active Learning for Object Detection with Evidential Deep Learning and Hierarchical Uncertainty Aggregation,Not Found
How Sharpness-Aware Minimization Minimizes Sharpness?,Not Found
The Implicit Bias of Minima Stability in Multivariate Shallow ReLU Networks,June 2023
MAST: Masked Augmentation Subspace Training for Generalizable Self-Supervised Priors,March 2023
Graph-based Deterministic Policy Gradient for Repetitive Combinatorial Optimization Problems,Not Found
Lower Bounds on the Depth of Integral ReLU Neural Networks via Lattice Polytopes,February 2023
Wasserstein Auto-encoded MDPs: Formal Verification of Efficiently Distilled RL Policies with Many-sided Guarantees,"22 March, 2023"
Global Explainability of GNNs via Logic Combination of Learned Concepts,"13 October, 2022"
Gradient Gating for Deep Multi-Rate Learning on Graphs,"2 October, 2022"
MAESTRO: Open-Ended Environment Design for Multi-Agent Reinforcement Learning,March 2023
Almost Linear Constant-Factor Sketching for $\ell_1$ and Logistic Regression,April 2023
Neural-based classification rule learning for sequential data,February 2023
Leveraging Unlabeled Data to Track Memorization,December 2022
Policy-Based Self-Competition for Planning Problems,June 2023
Out-of-Distribution Detection based on In-Distribution Data Patterns Memorization with Modern Hopfield Energy,Not Found
Scaling Pareto-Efficient Decision Making via Offline Multi-Objective RL,May 2023
NAGphormer: A Tokenized Graph Transformer for Node Classification in Large Graphs,"10 June, 2022"
Bayesian Oracle for bounding information gain in neural encoding models,Not Found
$\Lambda$-DARTS: Mitigating Performance Collapse by Harmonizing Operation Selection among Cells,Not Found
Learning Vortex Dynamics for Fluid Inference and Prediction,"26 January, 2023"
Discovering Generalizable Multi-agent Coordination Skills from Multi-task Offline Data,Not Found
Quality-Similar Diversity via Population Based Reinforcement Learning,Not Found
Better Teacher Better Student: Dynamic Prior Knowledge for Knowledge Distillation,"13 June, 2022"
Tensor-Based Sketching Method for the Low-Rank Approximation of Data Streams.,September 2022
Language Models are Realistic Tabular Data Generators,October 2024
Data augmentation alone can improve adversarial training,January 2023
CUTS: Neural Causal Discovery from Irregular Time-Series Data,February 2023
Quantized Compressed Sensing with Score-Based Generative Models,"2 February, 2023"
Valid P-Value for Deep Learning-driven Salient Region,January 2023
Complexity-Based Prompting for Multi-step Reasoning,"3 October, 2022"
Unsupervised 3D Object Learning through Neuron Activity aware Plasticity,February 2023
Visually-Augmented Language Modeling,September 2025
Incremental Learning of Structured Memory via Closed-Loop Transcription,"10 February, 2022"
When Data Geometry Meets Deep Function: Generalizing Offline Reinforcement Learning,"23 May, 2022"
Budgeted Training for Vision Transformer,Not Found
Mind's Eye: Grounded Language Model Reasoning through Simulation,October 2022
What Do Self-Supervised Vision Transformers Learn?,Not Found
Population-size-Aware Policy Optimization for Mean-Field Games,February 2023
On The Relative Error of Random Fourier Features for Preserving Kernel Distance,"1 October, 2022"
DeBERTaV3: Improving DeBERTa using ELECTRA-Style Pre-Training with Gradient-Disentangled Embedding Sharing,"18 November, 2021"
Squeeze Training for Adversarial Robustness,"23 May, 2022"
Pushing the Accuracy-Group Robustness Frontier with Introspective Self-play,February 2023
Max-Margin Works while Large Margin Fails: Generalization without Uniform Convergence,"15 June, 2022"
Asymptotic Instance-Optimal Algorithms for Interactive Decision Making,"5 June, 2022"
Near-Optimal Deployment Efficiency in Reward-Free Reinforcement Learning with Linear Function Approximation,"2 October, 2022"
An Equal-Size Hard EM Algorithm for Diverse Dialogue Generation,"29 September, 2022"
The hidden uniform cluster prior in self-supervised learning,October 2022
Long-Tailed Partial Label Learning via Dynamic Rebalancing,February 2023
Task Ambiguity in Humans and Language Models,December 2022
Winning Both the Accuracy of Floating Point Activation and the Simplicity of Integer Arithmetic,Not Found
Preference Transformer: Modeling Human Preferences using Transformers for RL,March 2023
"More Centralized Training, Still Decentralized Execution: Multi-Agent Conditional Policy Factorization","26 September, 2022"
Edgeformers: Graph-Empowered Transformers for Representation Learning on Textual-Edge Networks,February 2023
Any-scale Balanced Samplers for Discrete Space,Not Found
Equivariant Shape-Conditioned Generation of 3D Molecules for Ligand-Based Drug Design,October 2022
Imbalanced Semi-supervised Learning with Bias Adaptive Classifier,"27 July, 2022"
On Compositional Uncertainty Quantification for Seq2seq Graph Parsing,Not Found
Free Lunch for Domain Adversarial Training: Environment Label Smoothing,February 2023
Scaling Forward Gradient With Local Losses,"6 October, 2022"
Understanding Embodied Reference with Touch-Line Transformer,"11 October, 2022"
Calibration Matters: Tackling Maximization Bias in Large-scale Advertising Recommendation Systems,"19 May, 2022"
Memorization-Dilation: Modeling Neural Collapse Under Noise,"11 June, 2022"
Spacetime Representation Learning,"25 August, 2024"
Learning to Extrapolate: A Transductive Approach,April 2023
Label-free Concept Bottleneck Models,"12 April, 2023"
Multi-level Protein Structure Pre-training via Prompt Learning,Not Found
GLM-130B: An Open Bilingual Pre-trained Model,"5 October, 2022"
Causal Estimation for Text Data with (Apparent) Overlap Violations,"30 September, 2022"
MoDem: Accelerating Visual Model-Based Reinforcement Learning with Demonstrations,December 2022
PD-MORL: Preference-Driven Multi-Objective Reinforcement Learning Algorithm,"16 August, 2022"
Understanding the Role of Nonlinearity in Training Dynamics of Contrastive Learning,"2 June, 2022"
M-L2O: Towards Generalizable Learning-to-Optimize by Test-Time Fast Self-Adaptation,March 2023
3D UX-Net: A Large Kernel Volumetric ConvNet Modernizing Hierarchical Transformer for Medical Image Segmentation,"29 September, 2022"
Interpretability in the Wild: a Circuit for Indirect Object Identification in GPT-2 Small,November 2022
Equivariant Descriptor Fields: SE(3)-Equivariant Energy-Based Models for End-to-End Visual Robotic Manipulation Learning,"16 June, 2022"
Explaining Temporal Graph Models through an Explorer-Navigator Framework,Not Found
Soft Neighbors are Positive Supporters in Contrastive Visual Representation Learning,March 2023
Offline RL for Natural Language Generation with Implicit Language Q Learning,"5 June, 2022"
CLIPSep: Learning Text-queried Sound Separation with Noisy Unlabeled Videos,"14 December, 2022"
On the Soft-Subnetwork for Few-Shot Class Incremental Learning,"15 September, 2022"
An Adaptive Policy to Employ Sharpness-Aware Minimization,April 2023
Fairness and Accuracy under Domain Generalization,January 2023
Language Models Can Teach Themselves to Program Better,"29 July, 2022"
Latent Bottlenecked Attentive Neural Processes,"15 November, 2022"
Represent to Control Partially Observed Systems: Representation Learning with Provable Sample Efficiency,Not Found
Towards Better Selective Classification,"17 June, 2022"
Learning Kernelized Contextual Bandits in a Distributed and Asynchronous Environment,Not Found
Graph Signal Sampling for Inductive One-Bit Matrix Completion: a Closed-form Solution,February 2023
LipsFormer: Introducing Lipschitz Continuity to Vision Transformers,April 2023
Automatic Chain of Thought Prompting in Large Language Models,October 2022
An efficient encoder-decoder architecture with top-down attention for speech separation,"29 September, 2022"
Machine Unlearning of Federated Clusters,"28 October, 2022"
Moderate Coreset: A Universal Method of Data Selection for Real-world Data-efficient Deep Learning,Not Found
Federated Nearest Neighbor Machine Translation,February 2023
Latent Variable Representation for Reinforcement Learning,"16 December, 2022"
ROCO: A General Framework for Evaluating Robustness of Combinatorial Optimization Solvers on Graphs,Not Found
Words are all you need? Language as an approximation for human similarity judgments,Not Found
FreeMatch: Self-adaptive Thresholding for Semi-supervised Learning,"15 May, 2022"
Confidence Estimation Using Unlabeled Data,July 2023
Spectral Decomposition Representation for Reinforcement Learning,"19 August, 2022"
On Accelerated Perceptrons and Beyond,October 2022
SoftMatch: Addressing the Quantity-Quality Tradeoff in Semi-supervised Learning,Not Found
Certifiably Robust Policy Learning against Adversarial Multi-Agent Communication,"21 June, 2022"
Disentangling the Mechanisms Behind Implicit Regularization in SGD,November 2022
Sequential Attention for Feature Selection,"29 September, 2022"
Improved Sample Complexity for Reward-free Reinforcement Learning under Low-rank MDPs,March 2023
Re-Imagen: Retrieval-Augmented Text-to-Image Generator,"28 September, 2022"
Provably Efficient Lifelong Reinforcement Learning with Linear Representation,Not Found
Link Prediction with Non-Contrastive Learning,"25 November, 2022"
Distributed Differential Privacy in Multi-Armed Bandits,June 2022
"A Theoretical Understanding of Shallow Vision Transformers: Learning, Generalization, and Sample Complexity","12 February, 2023"
Contrastive Learning Can Find An Optimal Basis For Approximately View-Invariant Functions,"4 October, 2022"
Provably Auditing Ordinary Least Squares in Low Dimensions,"27 May, 2022"
Direct Embedding of Temporal Network Edges via Time-Decayed Line Graphs,October 2022
Neural DAG Scheduling via One-Shot Priority Sampling,Not Found
Meta Temporal Point Processes,January 2024
Graph Neural Network-Inspired Kernels for Gaussian Processes in Semi-Supervised Learning,February 2023
Deconstructing Distributions: A Pointwise Framework of Learning,"20 February, 2022"
Diffusion Models for Causal Discovery via Topological Ordering,"12 October, 2022"
Scalable and Equivariant Spherical CNNs by Discrete-Continuous (DISCO) Convolutions,"27 September, 2022"
Weakly Supervised Explainable Phrasal Reasoning with Neural Fuzzy Logic,"18 September, 2021"
DCI-ES: An Extended Disentanglement Framework with Connections to Identifiability,"1 October, 2022"
Faster federated optimization under second-order similarity,"6 September, 2022"
Mutual Partial Label Learning with Competitive Label Noise,Not Found
Partial Label Unsupervised Domain Adaptation with Class-Prototype Alignment,Not Found
simpleKT: A Simple But Tough-to-Beat Baseline for Knowledge Tracing,"14 February, 2023"
Weighted Ensemble Self-Supervised Learning,"17 November, 2022"
Guiding Safe Exploration with Weakest Preconditions,"28 September, 2022"
Is a Caption Worth a Thousand Images? A Study on Representation Learning,Not Found
Parameter-Efficient Fine-Tuning Design Spaces,January 2023
Concept Gradient: Concept-based Interpretation Without Linear Assumption,"31 August, 2022"
Constraining Representations Yields Models That Know What They Don't Know,"30 August, 2022"
An Extensible Multi-modal Multi-task Object Dataset with Materials,Not Found
Sampling with Mollified Interaction Energy Descent,"24 October, 2022"
Self-Stabilization: The Implicit Bias of Gradient Descent at the Edge of Stability,"30 September, 2022"
TILP: Differentiable Learning of Temporal Logical Rules on Knowledge Graphs,"19 February, 2024"
Open-Vocabulary Object Detection upon Frozen Vision and Language Models,"30 September, 2022"
Revisiting the Assumption of Latent Separability for Backdoor Defenses,Not Found
Restricted Strong Convexity of Deep Learning Models with Smooth Activations,September 2022
Koopman Neural Operator Forecaster for Time-series with Temporal Distributional Shifts,Not Found
MetaGL: Evaluation-Free Selection of Graph Learning Models via Meta-Learning,"18 June, 2022"
Minimum Description Length Control,"17 July, 2022"
PerFedMask: Personalized Federated Learning with Optimized Masking Vectors,Not Found
Variational Latent Branching Model for Off-Policy Evaluation,"27 January, 2023"
Tuning Frequency Bias in Neural Network Training with Nonuniform Data,"27 May, 2022"
Learning Multimodal Data Augmentation in Feature Space,"29 December, 2022"
BigVGAN: A Universal Neural Vocoder with Large-Scale Training,"9 June, 2022"
Achieving Sub-linear Regret in Infinite Horizon Average Reward Constrained MDP with Linear Function Approximation,Not Found
Causal Imitation Learning via Inverse Reinforcement Learning,Not Found
The Surprising Computational Power of Nondeterministic Stack RNNs,"3 October, 2022"
Agnostic Learning of General ReLU Activation Using Gradient Descent,"4 August, 2022"
Learning Hyper Label Model for Programmatic Weak Supervision,"27 July, 2022"
FedFA:  Federated Feature Augmentation,January 2023
Offline Congestion Games: How Feedback Type Affects Data Coverage Requirement,"24 October, 2022"
Does Learning from Decentralized Non-IID Unlabeled Data Benefit from Self Supervision?,Not Found
Malign Overfitting: Interpolation and Invariance are Fundamentally at Odds,Not Found
Exploring and Exploiting Decision Boundary Dynamics for Adversarial Robustness,"6 February, 2023"
SMART: Sentences as Basic Units for Text Evaluation,August 2022
Tier Balancing: Towards Dynamic Fairness over Underlying Causal Factors,"21 January, 2023"
Anamnesic Neural Differential Equations with Orthogonal Polynomial Projections,March 2023
AutoTransfer: AutoML with Knowledge Transfer - An Application to Graph Neural Networks,March 2023
Temporal Dependencies in Feature Importance for Time Series Prediction,"29 July, 2021"
Characterizing the spectrum of the NTK via a power series expansion,"14 November, 2022"
A critical look at the evaluation of GNNs under heterophily: Are we really making progress?,Not Found
A Non-monotonic Self-terminating Language Model,"2 October, 2022"
Learning to Segment from Noisy Annotations: A Spatial Correction Approach,August 2023
Measuring Forgetting of Memorized Training Examples,"30 June, 2022"
MaskViT: Masked Visual Pre-Training for Video Prediction,"23 June, 2022"
Text Summarization with Oracle Expectation,September 2022
Continuous-time identification of dynamic state-space models by deep subspace encoding,"20 April, 2022"
How to Train your HIPPO: State Space Models with Generalized Orthogonal Basis Projections,"23 June, 2022"
Interpretable Debiasing of Vectorized Language Representations with Iterative Orthogonalization,Not Found
Layer Grafted Pre-training: Bridging Contrastive Learning And Masked Image Modeling For Label-Efficient Representations,February 2023
Discovering Latent Knowledge in Language Models Without Supervision,"7 December, 2022"
Diffusion Adversarial Representation Learning for Self-supervised Vessel Segmentation,"29 September, 2022"
Noise Injection Node Regularization for Robust Learning,October 2022
Efficient Edge Inference by Selective Query,Not Found
Human-level Atari 200x faster,September 2022
Incompatibility Clustering as a Defense Against Backdoor Poisoning Attacks,"8 May, 2021"
"A Unified Approach to Reinforcement Learning, Quantal Response Equilibria, and Two-Player Zero-Sum Games","12 June, 2022"
Pitfalls of Gaussians as a noise distribution in NCE,"1 October, 2022"
Scaling Laws for a Multi-Agent Reinforcement Learning Model,"29 September, 2022"
Perfectly Secure Steganography Using Minimum Entropy Coupling,"24 October, 2022"
Calibrating Transformers via Sparse Gaussian Processes,"4 March, 2023"
Red PANDA: Disambiguating Image Anomaly Detection by Removing Nuisance Factors,Not Found
Is Attention All That NeRF Needs?,Not Found
Stochastic No-regret Learning for General Games with Variance Reduction,Not Found
The Dark Side of AutoML: Towards Architectural Backdoor Search,Not Found
Generalization and Estimation Error Bounds for Model-based Neural Networks,April 2023
ChordMixer: A Scalable Neural Attention Model for Sequences with Different Length,"12 June, 2022"
Boosting Adversarial Transferability using Dynamic Cues,"23 February, 2023"
Static Prediction of Runtime Errors by Learning to Execute Programs with External Resource Descriptions,March 2022
Matching receptor to odorant with protein language and graph neural networks,Not Found
SGDA with shuffling: faster convergence for nonconvex-PŁ minimax optimization,"12 October, 2022"
MOAT: Alternating Mobile Convolution and Attention Brings Strong Vision Models,"4 October, 2022"
Part-Based Models Improve Adversarial Robustness,"15 September, 2022"
PGrad: Learning Principal Gradients For Domain Generalization,May 2023
Extremely Simple Activation Shaping for Out-of-Distribution Detection,"20 September, 2022"
Statistical Guarantees for Consensus Clustering,Not Found
Expressive Monotonic Neural Networks,July 2023
Active Image Indexing,October 2022
Learning Simultaneous Navigation and Construction in Grid Worlds ,Not Found
Learning to CROSS exchange to solve min-max vehicle routing problems,Not Found
PandA: Unsupervised Learning of Parts and Appearances in the Feature Maps of GANs,"31 May, 2022"
Compositional Law Parsing with Latent Random Functions,"15 September, 2022"
LilNetX: Lightweight Networks with EXtreme Model Compression and Structured Sparsification,April 2022
Mitigating Dataset Bias by Using Per-Sample Gradient,"31 May, 2022"
Efficient Model Updates for Approximate Unlearning of Graph-Structured Data,Not Found
AudioGen: Textually Guided Audio Generation,"30 September, 2022"
Hebbian and Gradient-based Plasticity Enables Robust Memory and Rapid Learning in RNNs,February 2023
Towards Minimax Optimal Reward-free Reinforcement Learning in Linear MDPs,Not Found
On the Data-Efficiency with Contrastive Image Transformation in Reinforcement Learning,Not Found
Energy-based Out-of-Distribution Detection for Graph Neural Networks,"6 February, 2023"
Quasi-optimal Reinforcement Learning with Continuous Actions,"21 January, 2023"
"Generalization Bounds for Federated Learning: Fast Rates, Unparticipating Clients and Unbounded Losses",Not Found
More ConvNets in the 2020s: Scaling up Kernels Beyond 51x51 using Sparsity,"7 July, 2022"
Which Layer is Learning Faster? A Systematic Exploration of Layer-wise Convergence Rate for Deep Neural Networks,Not Found
A Non-Asymptotic Analysis of Oversmoothing in Graph Neural Networks,"20 December, 2022"
Scaleformer: Iterative Multi-scale Refining Transformers for Time Series Forecasting,"8 June, 2022"
Liquid Structural State-Space Models,September 2022
Equivariant Hypergraph Diffusion Neural Operators,"14 July, 2022"
Ollivier-Ricci Curvature for Hypergraphs: A Unified Framework,"21 October, 2022"
Hard-Meta-Dataset++: Towards Understanding Few-Shot Performance on Difficult Tasks,Not Found
Compositional Semantic Parsing with Large Language Models,"29 September, 2022"
TiAda: A Time-scale Adaptive Algorithm for Nonconvex Minimax Optimization,"31 October, 2022"
FaiREE: fair classification with finite-sample and distribution-free guarantee,"28 November, 2022"
Exponential Generalization Bounds with Near-Optimal Rates for $L_q$-Stable Algorithms,Not Found
Disentangling Learning Representations with Density Estimation,February 2023
Teacher Guided Training: An Efficient Framework for Knowledge Transfer,August 2022
Neural Agents Struggle to Take Turns in Bidirectional Emergent Communication,Not Found
Prompting GPT-3 To Be Reliable,June 2023
Human alignment of neural network representations,"27 June, 2024"
Unbiased Stochastic Proximal Solver for Graph Neural Networks with Equilibrium States,Not Found
DiGress: Discrete Denoising diffusion for graph generation,"29 September, 2022"
How to prepare your task head for finetuning,February 2023
DiffuSeq: Sequence to Sequence Text Generation with Diffusion Models,"17 October, 2022"
Policy Expansion for Bridging Offline-to-Online Reinforcement Learning,"2 February, 2023"
Mitigating Memorization of Noisy Labels via Regularization between Representations,"18 October, 2021"
Graph Neural Networks are Inherently Good Generalizers: Insights by Bridging GNNs and MLPs,"18 December, 2022"
Learning Cut Selection for Mixed-Integer Linear Programming via Hierarchical Sequence Model,February 2023
BSTT: A Bayesian Spatial-Temporal Transformer for Sleep Staging,Not Found
Improving Deep Policy Gradients with Value Function Search,February 2023
MEDICAL IMAGE UNDERSTANDING WITH PRETRAINED VISION LANGUAGE MODELS: A COMPREHENSIVE STUDY,"30 September, 2022"
Temporal Coherent Test Time Optimization for Robust Video Classification,February 2023
A Learning Based Hypothesis Test for Harmful Covariate Shift,"5 December, 2022"
Deep Transformers without Shortcuts: Modifying Self-attention for Faithful Signal Propagation,February 2023
Self-Supervised Geometric Correspondence for Category-Level 6D Object Pose Estimation in the Wild,"13 October, 2022"
Non-parametric Outlier Synthesis,March 2023
Approximation and non-parametric estimation of functions over high-dimensional spheres via deep ReLU networks,Not Found
Learning Adversarial Linear Mixture Markov Decision Processes with Bandit Feedback and Unknown Transition,Not Found
Weakly Supervised Knowledge Transfer with Probabilistic Logical Reasoning for Object Detection,March 2023
A Neural Mean Embedding Approach for Back-door and Front-door Adjustment,October 2022
TranSpeech: Speech-to-Speech Translation With Bilateral Perturbation,"25 May, 2022"
Over-parameterized Model Optimization with Polyak-{\L}ojasiewicz Condition,Not Found
Jointly Learning Visual and Auditory Speech Representations from Raw Data,"12 December, 2022"
Diminishing Return of Value Expansion Methods in Model-Based Reinforcement Learning,March 2023
CLIP-ViP: Adapting Pre-trained Image-Text Model to Video-Language Alignment,"14 September, 2022"
Equivariant Energy-Guided SDE for Inverse Molecular Design,"30 September, 2022"
On the Feasibility of Cross-Task Transfer with Model-Based Reinforcement Learning,"19 October, 2022"
A Simple Yet Powerful Deep Active Learning With Snapshots Ensembles,Not Found
Decoupled Training for Long-Tailed  Classification With Stochastic Representations,April 2023
ViewCo: Discovering Text-Supervised Segmentation Masks via Multi-View Semantic Consistency,February 2023
Benchmarking Constraint Inference in Inverse Reinforcement Learning,"20 June, 2022"
Memory Gym: Partially Observable Challenges to Memory-Based Agents,Not Found
Discovering Policies with DOMiNO: Diversity Optimization Maintaining Near Optimality,"26 May, 2022"
SpeedyZero: Mastering Atari with Limited Data and Time,Not Found
Neural Architecture Design and Robustness: A Dataset,June 2023
Does Deep Learning Learn to Abstract? A Systematic Probing Framework,Not Found
Improving Out-of-distribution Generalization with Indirection Representations,Not Found
Accelerating Guided Diffusion Sampling with Splitting Numerical Methods,January 2023
Batch Multivalid Conformal Prediction,September 2022
Accurate Bayesian Meta-Learning by Accurate Task Posterior Inference,Not Found
Learning to Decompose Visual Features with Latent Textual Prompts,October 2022
Context-enriched molecule representations improve few-shot drug discovery,May 2023
Test-Time Adaptation via Self-Training with Nearest Neighbor Information,"8 July, 2022"
Accurate Neural Training with 4-bit Matrix Multiplications at Standard Formats,"19 December, 2021"
Unsupervised Manifold Alignment with Joint Multidimensional Scaling,"6 July, 2022"
Simple and Scalable Nearest Neighbor Machine Translation,February 2023
On the Effectiveness of Out-of-Distribution Data in Self-Supervised Long-Tail Learning.,"8 June, 2023"
Dynamic Update-to-Data Ratio: Minimizing World Model Overfitting,March 2023
Uni-Mol: A Universal 3D Molecular Representation Learning Framework,Not Found
Learning with Auxiliary Activation for Memory-Efficient Training,Not Found
Massively Scaling Heteroscedastic Classifiers,January 2023
KnowDA: All-in-One Knowledge Mixture Model for Data Augmentation in Low-Resource NLP,"21 June, 2022"
Finding the Global Semantic Representation in GAN through Fréchet Mean,Not Found
MultiViz: Towards Visualizing and Understanding Multimodal Models,"30 June, 2022"
How Informative is the Approximation Error from Tensor Decomposition for Neural Network Compression?,Not Found
Blurring Diffusion Models,"20 June, 2025"
Hyperbolic Self-paced Learning for Self-supervised Skeleton-based Action Representations,March 2023
Efficient Offline Policy Optimization with a Learned Model,"12 October, 2022"
New Insights for the Stability-Plasticity Dilemma in Online Continual Learning,February 2023
MixPro: Data Augmentation with MaskMix and Progressive Attention Labeling for Vision Transformer,"24 April, 2023"
StyleMorph: Disentangled 3D-Aware Image Synthesis with a 3D Morphable StyleGAN,Not Found
Searching Lottery Tickets in Graph Neural Networks: A Dual Perspective,Not Found
Video Scene Graph Generation from Single-Frame Weak Supervision,Not Found
Unsupervised visualization of image datasets using contrastive learning,"18 October, 2022"
PowerQuant: Automorphism Search for Non-Uniform Quantization,January 2023
BAYES RISK CTC: CONTROLLABLE CTC ALIGNMENT IN SEQUENCE-TO-SEQUENCE TASKS,"13 October, 2022"
A Convergent Single-Loop Algorithm for Relaxation of Gromov-Wasserstein in Graph Data ,March 2023
Semi-supervised learning with a principled likelihood from a generative model of data curation,Not Found
E3Bind: An End-to-End Equivariant Network for Protein-Ligand Docking,"12 October, 2022"
Re-weighting Based Group Fairness Regularization via Classwise Robust Optimization,March 2023
Are More Layers Beneficial to Graph Transformers?,Not Found
Simplicial Hopfield networks,May 2023
Versatile Neural Processes for Learning Implicit Neural Representations,"20 January, 2023"
Classically Approximating Variational Quantum Machine Learning with Random Fourier Features,October 2022
Distributional Meta-Gradient Reinforcement Learning,Not Found
A Differential Geometric View and Explainability of GNN on Evolving Graphs,March 2024
$\rm A^2Q$: Aggregation-Aware Quantization for Graph Neural Networks,February 2023
"Variance Reduction is an Antidote to Byzantines: Better Rates, Weaker Assumptions and Communication Compression as a Cherry on the Top","1 June, 2022"
Multitask Prompt Tuning Enables Parameter-Efficient Transfer Learning,March 2023
Better Generative Replay for Continual Federated Learning,February 2023
Generative Modelling with Inverse Heat Dissipation,"21 June, 2022"
Self-supervision through Random Segments with Autoregressive Coding (RandSAC),"22 March, 2022"
Transformer-Patcher: One Mistake Worth One Neuron,January 2023
Sharper Bounds for Uniformly Stable Algorithms with Stationary Mixing Process,Not Found
Benign Overfitting in Classification: Provably Counter Label Noise with Larger Models,"1 June, 2022"
Predictive Inference with Feature Conformal Prediction,December 2024
Recon: Reducing Conflicting Gradients From the Root For Multi-Task Learning,February 2023
Measure the Predictive Heterogeneity,April 2023
Time to augment self-supervised visual representation learning,"27 July, 2022"
"Towards Lightweight, Model-Agnostic and Diversity-Aware Active Anomaly Detection",Not Found
Q-Pensieve: Boosting Sample Efficiency of Multi-Objective RL Through Memory Sharing of Q-Snapshots,"6 December, 2022"
Variance-Aware Sparse Linear Bandits,"26 May, 2022"
CircNet: Meshing 3D Point Clouds with Circumcenter Detection,"22 January, 2023"
In-sample Actor Critic for Offline Reinforcement Learning,Not Found
Leveraging Future Relationship Reasoning for Vehicle Trajectory Prediction,May 2023
LMSeg: Language-guided Multi-dataset Segmentation,February 2023
RoPAWS: Robust Semi-supervised Representation Learning from Uncurated Data,February 2023
Treeformer: Dense Gradient Trees for Efficient Attention Computation,"18 August, 2022"
ODAM: Gradient-based Instance-Specific Visual Explanations for Object Detection,April 2023
Toward Adversarial Training on Contextualized Language Representation,May 2023
Gromov-Wasserstein Autoencoders,"14 September, 2022"
Optimal Activation Functions for the Random Features Regression Model,"31 May, 2022"
Improving Object-centric Learning with Query Optimization,"17 October, 2022"
Feature Reconstruction From Outputs Can Mitigate Simplicity Bias in Neural Networks,Not Found
EUCLID: Towards Efficient Unsupervised Reinforcement Learning with Multi-choice Dynamics Model,"2 October, 2022"
Maximizing Spatio-Temporal Entropy of Deep 3D CNNs for Efficient Video Recognition,March 2023
Cycle to Clique (Cy2C) Graph Neural Network: A Sight to See beyond Neighborhood Aggregation,Not Found
Latent State Marginalization as a Low-cost Approach for Improving Exploration,"3 October, 2022"
Generalizing and Decoupling Neural Collapse via Hyperspherical Uniformity Gap,"11 March, 2023"
MaskFusion: Feature Augmentation for Click-Through Rate Prediction via Input-adaptive Mask Fusion,Not Found
Rethinking Self-Supervised Visual Representation Learning in Pre-training for 3D Human Pose and Shape Estimation,March 2023
Learned Index with Dynamic $\epsilon$,Not Found
Boosting Multiagent Reinforcement Learning via Permutation Invariant and Permutation Equivariant Networks,Not Found
wav2tok: Deep Sequence Tokenizer for Audio Retrieval,Not Found
PV3D: A 3D Generative Model for Portrait Video Generation,"13 December, 2022"
Characterizing the Influence of Graph Elements,"13 October, 2022"
SWIFT: Rapid Decentralized Federated Learning via Wait-Free Model Communication,October 2022
Hierarchical Sliced Wasserstein Distance,"27 September, 2022"
Prototypical Calibration for Few-shot Learning of Language Models,"20 May, 2022"
NERDS: A General Framework to Train Camera Denoisers from Raw-RGB Noisy Image Pairs,Not Found
Learning Hierarchical Protein Representations via Complete 3D Graph Networks,"25 July, 2022"
RGI: robust GAN-inversion for mask-free image inpainting and unsupervised pixel-wise anomaly detection,February 2023
Coverage-centric Coreset Selection for High Pruning Rates,"27 October, 2022"
ILA-DA: Improving Transferability of Intermediate Level Attack with Data Augmentation,Not Found
Contrastive Alignment of Vision to Language Through Parameter-Efficient Transfer Learning ,March 2023
 BEEF: Bi-Compatible Class-Incremental Learning via Energy-Based Expansion and Fusion,Not Found
Out-of-distribution Representation Learning for Time Series Classification,"14 September, 2022"
Schema Inference for Interpretable Image Classification,"12 March, 2023"
Your Contrastive Learning Is Secretly Doing Stochastic Neighbor Embedding,"29 May, 2022"
Harnessing Mixed Offline Reinforcement Learning Datasets via Trajectory Weighting,June 2023
Self-Consistency Improves Chain of Thought Reasoning in Language Models,"21 March, 2022"
Spiking Convolutional Neural Networks for Text Classification,June 2024
Distributionally Robust Recourse Action,February 2023
Write and Paint: Generative Vision-Language Models are Unified Modal Learners,"15 June, 2022"
Progressive Voronoi Diagram Subdivision Enables Accurate Data-free Class-Incremental Learning,Not Found
Data Valuation Without Training of a Model,"2 January, 2023"
HotProtein: A Novel Framework for Protein Thermostability Prediction and Editing,Not Found
RPM: Generalizable Multi-Agent Policies for Multi-Agent Reinforcement Learning,Not Found
Behavior Prior Representation learning for Offline Reinforcement Learning,"2 November, 2022"
SCALE-UP: An Efficient Black-box Input-level Backdoor Detection via Analyzing Scaled Prediction Consistency,"6 February, 2023"
On the Perils of Cascading Robust Classifiers,"1 June, 2022"
Learning Math Reasoning from Self-Sampled Correct and Partially-Correct Solutions,"27 May, 2022"
Adaptive Robust Evidential Optimization For Open Set Detection from Imbalanced Data,Not Found
Dual Diffusion Implicit Bridges for Image-to-Image Translation,"16 March, 2022"
Average Sensitivity of Decision Tree Learning,Not Found
Stable Target Field for Reduced Variance Score Estimation in Diffusion Models,"1 February, 2023"
Continuous pseudo-labeling from the start,"16 October, 2022"
GNNDelete: A General Strategy for Unlearning in Graph Neural Networks,February 2023
Meta-Learning in Games,September 2025
"DiffDock: Diffusion Steps, Twists, and Turns for Molecular Docking","4 October, 2022"
Constructive TT-representation of the tensors given as index interaction functions with applications,"8 June, 2022"
Sparse tree-based Initialization for Neural Networks,September 2022
VoGE: A Differentiable Volume Renderer using Gaussian Ellipsoids for Analysis-by-Synthesis,"30 May, 2022"
The Lazy Neuron Phenomenon: On Emergence of Activation Sparsity in Transformers,"12 October, 2022"
FoSR: First-order spectral rewiring for addressing oversquashing in GNNs,"21 October, 2022"
Generative Modeling Helps Weak Supervision (and Vice Versa),"22 March, 2022"
Provable Memorization Capacity of Transformers,Not Found
Bridge the Inference Gaps of Neural Processes via Expectation Maximization,January 2025
Masked Vision and Language Modeling for Multi-modal Representation Learning,"3 August, 2022"
Agent-based Graph Neural Networks,March 2025
On the Performance of Temporal Difference Learning With Neural Networks,December 2023
Certified Defences Against Adversarial Patch Attacks on Semantic Segmentation,"13 September, 2022"
Markup-to-Image Diffusion Models with Scheduled Sampling,October 2022
How Much Space Has Been Explored? Measuring the Chemical Space Covered by Databases and Machine-Generated Molecules,Not Found
Understanding new tasks through the lens of training data via exponential tilting,"26 May, 2022"
Calibrating Sequence likelihood Improves Conditional Language Generation,October 2022
Learning differentiable solvers for systems with hard constraints,"18 July, 2022"
FedDAR: Federated Domain-Aware Representation Learning,September 2022
SlotFormer: Unsupervised Visual Dynamics Simulation with Object-Centric Models,"11 October, 2022"
"Simplifying Model-based RL: Learning Representations, Latent-space Models, and Policies with One Objective","17 September, 2022"
Deep Generative Symbolic Regression,January 2024
What Can we Learn From The Selective Prediction And Uncertainty Estimation Performance Of 523 Imagenet Classifiers?,Not Found
Predictor-corrector algorithms for stochastic optimization under gradual distribution shift,"26 May, 2022"
AIM: Adapting Image Models for Efficient Video Action Recognition,February 2023
Impossibly Good Experts and How to Follow Them,Not Found
Distributionally Robust Post-hoc Classifiers under Prior Shifts,September 2023
Transformer Meets Boundary Value Inverse Problems,"29 September, 2022"
Unicom: Universal and Compact Representation Learning for Image Retrieval,April 2023
Diffusion Probabilistic Fields,"6 December, 2024"
Beyond calibration: estimating the grouping loss of modern neural networks,"28 October, 2022"
Hybrid RL: Using both offline and online data can make RL efficient,"13 October, 2022"
Model ensemble instead of prompt fusion: a sample-specific knowledge transfer method for few-shot prompt tuning,"22 October, 2022"
GAIN: On the Generalization of Instructional Action Understanding,Not Found
ManyDG: Many-domain Generalization for Healthcare Applications,"20 January, 2023"
DecAF: Joint Decoding of Answers and Logical Forms for Question Answering over Knowledge Bases,"30 September, 2022"
NANSY++: Unified Voice Synthesis with Neural Analysis and Synthesis,November 2022
Causality Compensated Attention for Contextual Biased Visual Recognition,Not Found
"Multi-Objective Reinforcement Learning: Convexity, Stationarity and Pareto Optimality",Not Found
Fooling SHAP with Stealthily Biased Sampling,"30 May, 2022"
Asynchronous Gradient Play in Zero-Sum Multi-agent Games,November 2022
Novel View Synthesis with Diffusion Models,July 2025
DM-NeRF: 3D Scene Geometry Decomposition and Manipulation from 2D Images,"15 August, 2022"
Trading Information between Latents in Hierarchical Variational Autoencoders,February 2023
ISAAC Newton: Input-based Approximate Curvature for Newton's Method,May 2023
Learning Human-Compatible Representations for Case-Based Decision Support,March 2023
Long-Tailed Learning Requires Feature Learning,"28 May, 2022"
How to Exploit Hyperspherical Embeddings for Out-of-Distribution Detection?,Not Found
AnyDA: Anytime Domain Adaptation,Not Found
Improving Deep Regression with Ordinal Entropy,"21 January, 2023"
Unified Discrete Diffusion for Simultaneous Vision-Language Generation,November 2022
Iterative Patch Selection for High-Resolution Image Recognition,"24 October, 2022"
Fuzzy Alignments in Directed Acyclic Graph for Non-Autoregressive Machine Translation,"12 March, 2023"
Efficient Federated Domain Translation ,Not Found
3D Segmenter: 3D Transformer based Semantic Segmentation via 2D Panoramic Distillation,Not Found
Clifford Neural Layers for PDE Modeling,"8 September, 2022"
GOOD: Exploring geometric cues for detecting objects in an open world,"22 December, 2022"
TabCaps: A Capsule Neural Network for Tabular Data Classification with BoW Routing,Not Found
An Exact Poly-Time Membership-Queries Algorithm for Extracting a Three-Layer ReLU Network,"20 May, 2021"
Towards Understanding and Mitigating Dimensional Collapse in Heterogeneous Federated Learning,"1 October, 2022"
Evidential Uncertainty and Diversity Guided Active Learning for Scene Graph Generation,Not Found
Anisotropic Message Passing: Graph Neural Networks with Directional and Long-Range Interactions,Not Found
SYNC: SAFETY-AWARE NEURAL CONTROL FOR STABILIZING STOCHASTIC DELAY-DIFFERENTIAL EQUATIONS,Not Found
Differentiable Mathematical Programming for Object-Centric Representation Learning,October 2022
Scalable Subset Sampling with Neural Conditional Poisson Networks,Not Found
Improved Convergence of Differential Private SGD with Gradient Clipping,Not Found
Learning to Estimate Single-View Volumetric Flow Motions without 3D Supervision,February 2023
ArCL: Enhancing Contrastive Learning with Augmentation-Robust Representations,"2 March, 2023"
Temperature Schedules for self-supervised contrastive methods on long-tail data,March 2023
Deep Learning on Implicit Neural Representations of Shapes,February 2023
ImaginaryNet: Learning Object Detectors without Real Images and Annotations,October 2022
"Contextual bandits with concave rewards, and an application to fair ranking","18 October, 2022"
Gradient Boosting Performs Gaussian Process Inference,"11 June, 2022"
"Learning Zero-Shot Cooperation with Humans, Assuming Humans Are Biased",February 2023
Modelling Long Range Dependencies in $N$D: From Task-Specific to a General Purpose CNN,"25 January, 2023"
Planckian Jitter: countering the color-crippling effects of color jitter on self-supervised training,"16 February, 2022"
GAMR: A Guided Attention Model for (visual) Reasoning,"10 June, 2022"
Voint Cloud: Multi-View Point Cloud Representation for 3D Understanding ,"30 November, 2021"
Approximate Nearest Neighbor Search through Modern Error-Correcting Codes,Not Found
When to Make and Break Commitments?,Not Found
DENSE RGB SLAM WITH NEURAL IMPLICIT MAPS,"21 January, 2023"
Monocular Scene Reconstruction with 3D SDF Transformers,"31 January, 2023"
Learning Heterogeneous Interaction Strengths by Trajectory Prediction with Graph Neural Network,"28 August, 2022"
From $t$-SNE to UMAP with contrastive learning,"3 June, 2022"
D4AM: A General Denoising Framework for Downstream Acoustic Models,November 2023
Adaptive Budget Allocation for Parameter-Efficient Fine-Tuning ,"18 March, 2023"
Generalize Learned Heuristics to Solve Large-scale Vehicle Routing Problems in Real-time,Not Found
Towards the Generalization of Contrastive Self-Supervised Learning,"1 November, 2021"
CO3: Cooperative Unsupervised 3D Representation Learning for Autonomous Driving,Not Found
Bag of Tricks for Unsupervised Text-to-Speech,Not Found
"FedSpeed: Larger Local Interval, Less Communication Round, and Higher Generalization Accuracy","20 February, 2023"
Advancing Radiograph Representation Learning with Masked Record Modeling,"30 January, 2023"
Instance-wise Batch Label Restoration via Gradients in Federated Learning,Not Found
Re-parameterizing Your Optimizers rather than Architectures,"30 May, 2022"
Protein Representation Learning via Knowledge Enhanced Primary Structure Reasoning,Not Found
The Provable Benefit of Unsupervised Data Sharing for Offline Reinforcement Learning,February 2023
Modeling Sequential Sentence Relation to Improve Cross-lingual Dense Retrieval,"3 February, 2023"
DepthFL : Depthwise Federated Learning for Heterogeneous Clients,Not Found
Masked Image Modeling with Denoising Contrast,"19 May, 2022"
GoBigger: A Scalable Platform for Cooperative-Competitive Multi-Agent Interactive Simulation,Not Found
Masked Unsupervised Self-training for Label-free Image Classification ,"6 June, 2022"
GeneFace: Generalized and High-Fidelity Audio-Driven 3D Talking Face Synthesis,January 2023
DINO: DETR with Improved DeNoising Anchor Boxes for End-to-End Object Detection,"7 March, 2022"
Revisiting Graph Adversarial Attack and Defense From a Data Distribution Perspective,Not Found
Provable Sim-to-real Transfer in Continuous Domain with Partial Observations,"27 October, 2022"
Globally Optimal Training of Neural Networks with Threshold Activation Functions,March 2023
Molecule Generation For Target Protein Binding with Structural Motifs,Not Found
Towards Robustness Certification Against Universal Perturbations,Not Found
Deep Generative Modeling on Limited Data with Regularization by Nontransferable Pre-trained Models,"30 August, 2022"
Basic Binary Convolution Unit for Binarized Image Restoration Network,"1 October, 2022"
Multimodal Federated Learning via Contrastive Representation Ensemble,"17 February, 2023"
Eva: Practical Second-order Optimization with Kronecker-vectorized Approximation,Not Found
Can CNNs Be More Robust Than Transformers?,Not Found
Risk-Aware Reinforcement Learning with Coherent Risk Measures and Non-linear Function Approximation,Not Found
Bi-level Physics-Informed Neural Networks for PDE Constrained Optimization using Broyden's Hypergradients,"15 September, 2022"
On the Saturation Effect of Kernel Ridge Regression,"15 May, 2024"
Protein Representation Learning by Geometric Structure Pretraining,"11 March, 2022"
Trainable Weight Averaging: Efficient Training by Optimizing Historical Solutions,Not Found
Deep Declarative Dynamic Time Warping for End-to-End Learning of Alignment Paths,March 2023
Analog Bits: Generating Discrete Data using Diffusion Models with Self-Conditioning,"8 August, 2022"
Understanding Edge-of-Stability Training Dynamics with a Minimalist Example,"6 October, 2022"
Learning Proximal Operators to Discover Multiple Optima,"28 January, 2022"
Guiding continuous operator learning through Physics-based boundary constraints,"14 December, 2022"
Neural Radiance Field Codebooks,February 2025
Generalized Precision Matrix for Scalable Estimation of Nonparametric Markov Networks,May 2023
FiT: Parameter Efficient Few-shot Transfer Learning for Personalized and Federated Image Classification,"17 June, 2022"
Discrete Contrastive Diffusion for Cross-Modal Music and Image Generation,"15 June, 2022"
Diffusion Probabilistic Modeling of Protein Backbones in 3D for the motif-scaffolding problem,"8 June, 2022"
NeRF-SOS: Any-View Self-supervised Object Segmentation on Complex Scenes,"19 September, 2022"
Rethinking Graph Lottery Tickets: Graph Sparsity Matters,May 2023
Private Federated Learning Without a Trusted Server: Optimal Algorithms for Convex Losses,"12 July, 2024"
Cheap Talk Discovery and Utilization in Multi-Agent Reinforcement Learning,March 2023
Reversible Column Networks,"22 December, 2022"
Modeling Multimodal Aleatoric Uncertainty in Segmentation with Mixture of Stochastic Experts,"14 December, 2022"
On the Robustness of Safe Reinforcement Learning under Observational Perturbations,"29 May, 2022"
Behind the Scenes of Gradient Descent: A Trajectory Analysis via Basis Function Decomposition,"1 October, 2022"
What Is Missing in IRM Training and Evaluation? Challenges and Solutions,Not Found
Multi-task Self-supervised Graph Neural Networks Enable Stronger Task Generalization,"5 October, 2022"
Analyzing Tree Architectures in Ensembles via Neural Tangent Kernel,"25 May, 2022"
Exploring The Role of Mean Teachers in Self-supervised Masked Auto-Encoders,October 2022
Sub-Task Decomposition Enables Learning in Sequence to Sequence Tasks,"6 April, 2022"
Evaluating Long-Term Memory in 3D Mazes,October 2022
Proactive Multi-Camera Collaboration for 3D Human Pose Estimation,March 2023
Become a Proficient Player with Limited Data through Watching Pure Videos,Not Found
Human MotionFormer: Transferring Human Motions with Vision Transformers,"22 February, 2023"
Backstepping Temporal Difference Learning,"20 February, 2023"
A General Rank Preserving Framework for Asymmetric Image Retrieval,Not Found
Mega: Moving Average Equipped Gated Attention,"21 September, 2022"
Parallel Deep Neural Networks Have Zero Duality Gap,"13 October, 2021"
Information-Theoretic Analysis of Unsupervised Domain Adaptation,"3 October, 2022"
Pessimism in the Face of Confounders: Provably Efficient Offline Reinforcement Learning in Partially Observable Markov Decision Processes,"26 May, 2022"
Understanding Zero-shot Adversarial Robustness for Large-Scale Models,"13 December, 2022"
Can We Faithfully Represent Absence States to Compute Shapley Values on a DNN?,Not Found
Dataless Knowledge Fusion by Merging Weights of Language Models,"19 December, 2022"
Universal Vision-Language Dense Retrieval: Learning A Unified Representation Space for Multi-Modal Retrieval,"31 August, 2022"
DFlow: Learning to Synthesize Better Optical Flow Datasets via a Differentiable Pipeline,Not Found
Sparse Random Networks for Communication-Efficient Federated Learning,"19 September, 2023"
A General Framework For Proving The Equivariant Strong Lottery Ticket Hypothesis,"9 June, 2022"
Robust Fair Clustering: A Novel Fairness Attack and Defense Framework,"4 October, 2022"
Learning to Jointly Share and Prune Weights for Grounding Based Vision and Language Models,Not Found
Spatial Attention Kinetic Networks with E(n)-Equivariance,"21 January, 2023"
Graph Domain Adaptation via Theory-Grounded Spectral Regularization,Not Found
CLARE: Conservative Model-Based Reward Learning for Offline Inverse Reinforcement Learning,"9 February, 2023"
Data-Free One-Shot Federated Learning Under Very High Statistical Heterogeneity,Not Found
GReTo: Remedying dynamic graph topology-task discordance via target homophily,Not Found
Deep Reinforcement Learning for Cost-Effective Medical Diagnosis,"20 February, 2023"
POPGym: Benchmarking Partially Observable Reinforcement Learning,March 2023
Everybody Needs Good Neighbours: An Unsupervised Locality-based Method for Bias Mitigation,Not Found
Particle-based Variational Inference with Preconditioned Functional Gradient Flow,"25 November, 2022"
Learning Locality and Isotropy in Dialogue Modeling,"29 May, 2022"
Combating Exacerbated Heterogeneity for Robust Models in Federated Learning,March 2023
Towards Robust Object Detection Invariant to Real-World Domain Shifts,Not Found
Light Sampling Field and BRDF Representation for Physically-based Neural Rendering,April 2023
Policy Pre-training for Autonomous Driving via Self-supervised Geometric Modeling,"3 January, 2023"
TimesNet: Temporal 2D-Variation Modeling for General Time Series Analysis,"5 October, 2022"
Learning without Prejudices: Continual Unbiased Learning via Benign and Malignant Forgetting,Not Found
FINDE: Neural Differential Equations for Finding and Preserving Invariant Quantities,"1 October, 2022"
Approximate Vanishing Ideal Computations at Scale,"4 July, 2022"
Selective Annotation Makes Language Models Better Few-Shot Learners,September 2022
Switch-NeRF: Learning Scene Decomposition with Mixture of Experts for Large-scale Neural Radiance Fields,Not Found
NORM: Knowledge Distillation via N-to-One Representation Matching,May 2023
Critic Sequential Monte Carlo,"30 May, 2022"
Autoencoders as Cross-Modal Teachers: Can Pretrained 2D Image Transformers Help 3D Representation Learning?,Not Found
Deep Learning meets Nonparametric Regression: Are Weight-Decayed DNNs Locally Adaptive?,Not Found
Sparse Token Transformer with Attention Back Tracking,Not Found
Robust Active Distillation,"3 October, 2022"
Kernel Neural Optimal Transport,"30 May, 2022"
SeaFormer: Squeeze-enhanced Axial Transformer for Mobile Semantic Segmentation,Not Found
Joint Edge-Model Sparse Learning is Provably Efficient for Graph Neural Networks,February 2023
Learning Sparse and Low-Rank Priors for Image Recovery via Iterative Reweighted Least Squares Minimization,April 2023
Spherical Sliced-Wasserstein,July 2025
InPL: Pseudo-labeling the Inliers First for Imbalanced Semi-supervised Learning,March 2023
Maximizing Communication Efficiency for Large-scale Training via 0/1 Adam,"12 February, 2022"
Truthful Self-Play,"5 June, 2021"
Strategic Classification with Graph Neural Networks,"31 May, 2022"
Continual Transformers: Redundancy-Free Attention for Online Inference,"17 January, 2022"
Learning Symbolic Models for Graph-structured Physical Mechanism,Not Found
"Priors, Hierarchy, and Information Asymmetry for Skill Transfer in Reinforcement Learning","20 January, 2022"
Self-Supervised Set Representation Learning for Unsupervised Meta-Learning,Not Found
Causal Representation Learning for Instantaneous and Temporal Effects in Interactive Systems,"13 June, 2022"
Visual Imitation Learning with Patch Rewards,"2 February, 2023"
CodeT:  Code Generation with Generated Tests,"21 July, 2022"
Learning to Generate Columns with Application to Vertex Coloring,Not Found
EVC: Towards Real-Time Neural Image Compression with Mask Decay,February 2023
Predicting Cellular Responses with Variational Causal Inference and Refined Relational Information,"30 September, 2022"
ResAct: Reinforcing Long-term Engagement in Sequential Recommendation with Residual Actor,"31 May, 2022"
Dataset Pruning: Reducing Training Data by Examining Generalization Influence,"19 May, 2022"
StrucTexTv2: Masked Visual-Textual Prediction for Document Image Pre-training,March 2023
"Plateau in Monotonic Linear Interpolation --- A ""Biased"" View of Loss Landscape for Deep Networks","3 October, 2022"
The KFIoU Loss for Rotated Object Detection,"29 January, 2022"
BrainBERT: Self-supervised representation learning for intracranial recordings,February 2023
General Neural Gauge Fields,"5 May, 2023"
Generate rather than Retrieve: Large Language Models are Strong Context Generators,"20 September, 2022"
Discovering Informative and Robust Positives for Video Domain Adaptation,Not Found
Understanding Why Generalized Reweighting Does Not Improve Over ERM,"28 January, 2022"
Linear Connectivity Reveals Generalization Strategies,"24 May, 2022"
Gradient-Guided Importance Sampling for Learning Binary Energy-Based Models,"11 October, 2022"
Composing Ensembles of Pre-trained Models via Iterative Consensus,October 2022
Automated Data Augmentations for Graph Classification,"26 February, 2022"
Riemannian Metric Learning via Optimal Transport,"18 May, 2022"
Reliability of CKA as a Similarity Measure in Deep Learning,"28 October, 2022"
Fair Attribute Completion on Graph with Missing Attributes,"24 February, 2023"
Deep Ranking Ensembles for Hyperparameter Optimization,"27 March, 2023"
Robustness to corruption in pre-trained Bayesian neural networks,"24 June, 2022"
Weakly-supervised HOI Detection via Prior-guided Bi-level Representation Learning,March 2023
Meta-learning Adaptive Deep Kernel Gaussian Processes for Molecular Property Prediction,"5 May, 2022"
ERL-Re$^2$: Efficient Evolutionary Reinforcement Learning with Shared State Representation and Individual Policy Representation ,"26 October, 2022"
Least-to-Most Prompting Enables Complex Reasoning in Large Language Models,"21 May, 2022"
Deep Ensembles for Graphs with Higher-order Dependencies,"27 May, 2022"
Towards Understanding Why Mask Reconstruction Pretraining Helps in Downstream Tasks,"8 June, 2022"
Self-Supervised Category-Level Articulated Object Pose Estimation with Part-Level SE(3) Equivariance,February 2023
Thalamus: a brain-inspired algorithm for biologically-plausible continual learning and disentangled representations,"23 May, 2022"
Deep Variational Implicit Processes,"14 June, 2022"
Denoising Masked Autoencoders Help Robust Classification,"10 October, 2022"
Estimating individual treatment effects under unobserved confounding using binary instruments,"17 August, 2022"
Approximate Bayesian Inference with Stein Functional Variational Gradient Descent,Not Found
SCoMoE: Efficient Mixtures of Experts with Structured Communication,Not Found
An Additive Instance-Wise Approach to Multi-class Model Interpretation,"7 July, 2022"
LDMIC: Learning-based Distributed Multi-view Image Coding,"23 January, 2023"
Sound Randomized Smoothing in Floating-Point Arithmetic,"14 July, 2022"
Collaborative Pure Exploration in Kernel Bandit,"29 October, 2021"
Provably Efficient Risk-Sensitive Reinforcement Learning: Iterated CVaR and Worst Path,"6 June, 2022"
Test-Time Robust Personalization for Federated Learning,"22 May, 2022"
Learning to Linearize Deep Neural Networks  for Secure and Efficient Private Inference,January 2023
Meta Knowledge Condensation for Federated Learning,September 2022
Masked Frequency Modeling for Self-Supervised Visual Pre-Training,"15 June, 2022"
Dynamic Prompt Learning via Policy Gradient for Semi-structured Mathematical Reasoning,"29 September, 2022"
Learning Object-Language Alignments for Open-Vocabulary Object Detection,November 2022
Phase transition for detecting a small community in a large network,March 2023
On the Word Boundaries of Emergent Languages Based on Harris's Articulation Scheme,Not Found
TempCLR: Temporal Alignment Representation with Contrastive Learning,"28 December, 2022"
Bort: Towards Explainable Neural Networks with Bounded Orthogonal Constraint,"18 December, 2022"
The Power of Regularization in Solving Extensive-Form Games,"19 June, 2022"
MLPInit: Embarrassingly Simple GNN Training Acceleration with MLP Initialization,"30 September, 2022"
Progressively Compressed Auto-Encoder for Self-supervised Representation Learning,Not Found
S-NeRF: Neural Radiance Fields for Street Views,March 2023
 Cycle-consistent Masked AutoEncoder for Unsupervised Domain Generalization,Not Found
CFlowNets: Continuous Control with Generative Flow Networks,March 2023
Differentiable Gaussianization Layers for Inverse Problems Regularized by Deep Generative Models,"7 December, 2021"
DBQ-SSD: Dynamic Ball Query for Efficient 3D Object Detection,"22 July, 2022"
Exploring Low-Rank Property in Multiple Instance Learning for Whole Slide Image Classification,Not Found
Causal Balancing for Domain Generalization,"10 June, 2022"
Towards Addressing Label Skews in One-Shot Federated Learning,Not Found
Breaking Correlation Shift via Conditional Invariant Regularizer,"14 July, 2022"
Towards One-shot Neural Combinatorial Solvers: Theoretical and Empirical Notes on the Cardinality-Constrained Case,Not Found
Block and Subword-Scaling Floating-Point (BSFP) : An Efficient Non-Uniform Quantization For Low Precision Inference,Not Found
Rethinking the Effect of Data Augmentation in Adversarial Contrastive Learning,"2 March, 2023"
Semi-supervised Community Detection via Structural Similarity Metrics,June 2023
DDM$^2$: Self-Supervised Diffusion MRI Denoising with Generative Diffusion Models,February 2023
Multivariate Time-series Imputation with Disentangled Temporal Representations,Not Found
Unified Detoxifying and Debiasing in Language Generation via Inference-time Adaptive Optimization,"10 October, 2022"
Automating Nearest Neighbor Search Configuration with Constrained Optimization,"4 January, 2023"
Truncated Diffusion Probabilistic Models and Diffusion-based Adversarial Auto-Encoders,"19 February, 2022"
NTK-SAP: Improving neural network pruning by aligning training dynamics,April 2023
Effective Self-supervised Pre-training on Low-compute Networks without Distillation,"6 October, 2022"
CoRTX: Contrastive Framework for Real-time Explanation,March 2023
"OTOv2: Automatic, Generic, User-Friendly","13 March, 2023"
Filter-Recovery Network for Multi-Speaker Audio-Visual Speech Separation,Not Found
Can discrete information extraction prompts generalize across language models?,Not Found
"A view of mini-batch SGD via generating functions: conditions of convergence, phase transitions,  benefit from negative momenta.","22 June, 2022"
Bridging the Gap between ANNs and SNNs by Calibrating Offset Spikes,February 2023
ESD: Expected Squared Difference as a Tuning-Free Trainable Calibration Measure,"4 March, 2023"
Interactive Portrait Harmonization,March 2022
Self-Distillation for Further Pre-training of Transformers,"29 September, 2022"
Contextual Convolutional Networks,October 2023
Statistical Inference for Fisher Market Equilibrium,"29 September, 2022"
Scenario-based Question Answering with Interacting Contextual Properties,Not Found
Easy Differentially Private Linear Regression,"15 August, 2022"
LPT: Long-tailed Prompt Tuning  for Image Classification,"3 October, 2022"
DamoFD: Digging into Backbone Design on Face Detection,Not Found
Towards Smooth Video Composition,December 2022
DiffMimic: Efficient Motion Mimicking with Differentiable Physics,"6 April, 2023"
Towards Inferential Reproducibility of Machine Learning Research,"8 February, 2023"
Knowledge Distillation based Degradation Estimation for Blind Super-Resolution,"30 November, 2022"
Graph Contrastive Learning for Skeleton-based Action Recognition,"25 January, 2023"
Explicit Box Detection Unifies End-to-End Multi-Person Pose Estimation,February 2023
Spikformer: When Spiking Neural Network Meets Transformer ,"29 September, 2022"
Multimodal Analogical Reasoning over Knowledge Graphs,"1 October, 2022"
MECTA: Memory-Economic Continual Test-Time Model Adaptation,Not Found
Interpretability with full complexity by constraining feature information,November 2022
What shapes the loss landscape of self supervised learning?,Not Found
Linear Convergence of Natural Policy Gradient Methods with Log-Linear Policies,"4 October, 2022"
Nearly Minimax Optimal Offline Reinforcement Learning with Linear Function Approximation: Single-Agent MDP and Markov Game,"30 May, 2022"
Conditional Positional Encodings for Vision Transformers,"22 February, 2021"
ManiSkill2: A Unified Benchmark for Generalizable Manipulation Skills,February 2023
Deja Vu: Continual Model Generalization for Unseen Domains,"25 January, 2023"
A Graph Neural Network Approach to Automated Model Building in Cryo-EM Maps,"30 September, 2022"
Distilling Cognitive Backdoor Patterns within an Image,"25 January, 2023"
Revocable Deep Reinforcement Learning with Affinity Regularization for Outlier-Robust Graph Matching,"16 December, 2020"
One Transformer Can Understand Both 2D & 3D Molecular Data,"4 October, 2022"
Mind the Gap: Offline Policy Optimization for Imperfect Rewards,February 2023
Learning to Compose Soft Prompts for Compositional Zero-Shot Learning,"7 April, 2022"
SQA3D: Situated Question Answering in 3D Scenes,"13 October, 2022"
Empowering Networks With Scale and Rotation Equivariance Using A Similarity Convolution,March 2023
Robust and Controllable Object-Centric Learning through Energy-based Models,October 2022
Topology-aware Robust Optimization for Out-of-Distribution Generalization,July 2023
EAGLE: Large-scale Learning of Turbulent Fluid Dynamics with Mesh Transformers,"16 February, 2023"
Limitless Stability for Graph Convolutional Networks ,"26 January, 2023"
De Novo Molecular Generation via Connection-aware Motif Mining,"2 February, 2023"
Revisiting the Entropy Semiring for Neural Speech Recognition,"13 December, 2023"
Rethinking skip connection model as a learnable Markov chain,"30 September, 2022"
Measuring axiomatic soundness of counterfactual image models,March 2023
Alternating Differentiation for Optimization Layers,"3 October, 2022"
Out-of-distribution Detection with Implicit Outlier Transformation,March 2023
Extracting Robust Models with Uncertain Examples,Not Found
Neural Groundplans: Persistent Neural Scene Representations from a Single Image,"22 July, 2022"
E-CRF: Embedded Conditional Random Field for Boundary-caused Class Weights Confusion in Semantic Segmentation,"13 December, 2021"
Sample Complexity of Nonparametric Off-Policy Evaluation on Low-Dimensional Manifolds using Deep Networks,"6 June, 2022"
Stochastic Differentially Private and Fair Learning,"17 October, 2022"
On The Inadequacy of Optimizing Alignment and Uniformity in Contrastive Learning of Sentence Representations,Not Found
Volumetric Optimal Transportation by Fast Fourier Transform,Not Found
GFlowNets and variational inference,"2 October, 2022"
Hierarchical Relational Learning for Few-Shot Knowledge Graph Completion,"2 September, 2022"
Function-Consistent Feature Distillation,April 2023
The Devil is in the Wrongly-classified Samples: Towards Unified Open-set Recognition,February 2023
MCAL: Minimum Cost Human-Machine Active Labeling,"24 June, 2020"
Learnable Topological Features For Phylogenetic Inference via Graph Neural Networks,February 2023
Fairness-aware Contrastive Learning with Partially Annotated Sensitive Attributes,Not Found
Rotamer Density Estimator is an Unsupervised Learner of the Effect of Mutations on Protein-Protein Interaction,Not Found
Dilated convolution with learnable spacings,August 2024
PatchDCT: Patch Refinement for High Quality Instance Segmentation,"6 February, 2023"
ChiroDiff: Modelling chirographic data with Diffusion Models,April 2023
Real-Time Image Demoir$\acute{e}$ing on Mobile Devices,Not Found
Cross-Level Distillation and Feature Denoising for Cross-Domain Few-Shot Classification,November 2023
DELTA: DEGRADATION-FREE FULLY TEST-TIME ADAPTATION,January 2023
Bit-Pruning: A Sparse Multiplication-Less Dot-Product,Not Found
kNN-Diffusion: Image Generation via Large-Scale Retrieval,"6 April, 2022"
 Decompose to Generalize: Species-Generalized Animal Pose Estimation,Not Found
IDEAL: Query-Efficient Data-Free Learning from Black-Box Models,"23 May, 2022"
Trainability Preserving Neural Pruning,"25 July, 2022"
Diagnosing and Rectifying Vision Models using Language,February 2023
Harnessing Out-Of-Distribution Examples via Augmenting Content and Style,"7 July, 2022"
DropIT: Dropping Intermediate Tensors for Memory-Efficient DNN Training,"28 February, 2022"
A Unified Framework for Soft Threshold Pruning,February 2023
TaskPrompter: Spatial-Channel Multi-Task Prompting for Dense Scene Understanding,Not Found
Learning Domain-Agnostic Representation for Disease Diagnosis,Not Found
Logical Entity Representation in Knowledge-Graphs for Differentiable Rule Learning,May 2023
BEVDistill: Cross-Modal BEV Distillation for Multi-View 3D Object Detection,November 2022
A Multi-Grained Self-Interpretable Symbolic-Neural Model For Single/Multi-Labeled Text Classification,March 2023
Suppressing the Heterogeneity: A Strong Feature Extractor for Few-shot Segmentation,Not Found
Achieve the Minimum Width of Neural Networks for Universal Approximation,"23 September, 2022"
H2RBox: Horizontal Box Annotation is All You Need for Oriented Object Detection,"13 October, 2022"
Pushing the Limits of Fewshot Anomaly Detection in Industry Vision: Graphcore,"27 January, 2023"
Representation Learning for Low-rank General-sum Markov Games,October 2022
Surgical Fine-Tuning Improves Adaptation to Distribution Shifts,"20 October, 2022"
Diversify and Disambiguate: Out-of-Distribution Robustness via Disagreement,Not Found
On amortizing convex conjugates for optimal transport,"21 October, 2022"
DualAfford: Learning Collaborative Visual Affordance for Dual-gripper Manipulation,"5 July, 2022"
Molecular Geometry Pretraining with SE(3)-Invariant Denoising Distance Matching,"27 June, 2022"
SIMPLE: Specialized Model-Sample Matching for Domain Generalization,Not Found
The Augmented Image Prior: Distilling 1000 Classes by Extrapolating from a Single Image,"1 December, 2021"
Delving into Semantic Scale Imbalance,"30 December, 2022"
DAG Matters! GFlowNets Enhanced Explainer for Graph Neural Networks,March 2023
Contextual Image Masking Modeling via Synergized Contrasting without View Augmentation for Faster and Better Visual Pretraining,Not Found
Patch-Level Contrasting without Patch Correspondence for Accurate and Dense Contrastive Representation Learning,June 2023
Continuous-Discrete Convolution for Geometry-Sequence Modeling in Proteins,Not Found
